instruction,rcr,input_tokens,output_tokens,times,time_task_decomposition,time_widget_retrieval,time_operation_sequence_generation,time_data_retrieval,workflow,requirements,wgf1
"Run data analysis on Iris example dataset, include a plot",0.3333,2003,305,20.230585300014354,16.911990129039623,0.0,3.3185951709747314,0.0,"{""edges"": [], ""nodes"": [{""node_id"": ""424"", ""widget_name"": ""File"", ""node_name"": ""加载Iris示例数据集"", ""node_params"": {""type"": ""sample"", ""filename"": ""iris.csv""}}]}","{""dependency_requirements"": [{""edge_id"": ""257"", ""source_node_id"": ""356"", ""target_node_id"": ""355""}, {""edge_id"": ""258"", ""source_node_id"": ""353"", ""target_node_id"": ""356""}], ""step_requirements"": [{""node_id"": ""353"", ""algorithm_step_name"": ""Tabular Dataset Loading"", ""node_name"": ""文件加载节点"", ""node_params"": {""type"": ""sample"", ""filename"": ""iris.csv""}, ""contrast_level"": 1, ""node_type"": ""io""}, {""node_id"": ""356"", ""algorithm_step_name"": ""Select Columns"", ""node_name"": ""Select Columns after loader 353"", ""node_params"": {}, ""contrast_level"": 1, ""node_type"": ""preprocess""}, {""node_id"": ""355"", ""algorithm_step_name"": ""Scatter Plot"", ""node_name"": ""散点图"", ""node_params"": {}, ""contrast_level"": 0, ""node_type"": ""visualize""}]}",0.5
"Run data analysis on Wine recognition example dataset, include a plot, and train a model to predict wine class with 20% as test set, and save predictions.",0.1667,6094,459,31.489296399988234,24.415116989053786,0.005607128143310547,7.068572282791138,0.0,"{""edges"": [], ""nodes"": [{""node_id"": ""425"", ""widget_name"": ""File"", ""node_name"": ""文件加载节点"", ""node_params"": {""type"": ""sample"", ""filename"": ""iris.csv""}}]}","{""dependency_requirements"": [{""edge_id"": ""277"", ""source_node_id"": ""383"", ""target_node_id"": ""374""}, {""edge_id"": ""283"", ""source_node_id"": ""378"", ""target_node_id"": ""379""}, {""edge_id"": ""286"", ""source_node_id"": ""383"", ""target_node_id"": ""382""}, {""edge_id"": ""287"", ""source_node_id"": ""374"", ""target_node_id"": ""378""}, {""edge_id"": ""289"", ""source_node_id"": ""373"", ""target_node_id"": ""383""}], ""step_requirements"": [{""node_id"": ""373"", ""algorithm_step_name"": ""Tabular Dataset Loading"", ""node_name"": ""文件加载节点"", ""node_params"": {""type"": ""sample"", ""filename"": ""wine.csv""}, ""contrast_level"": 1, ""node_type"": ""io""}, {""node_id"": ""383"", ""algorithm_step_name"": ""Select Columns"", ""node_name"": ""Select Columns after loader 373"", ""node_params"": {}, ""contrast_level"": 1, ""node_type"": ""preprocess""}, {""node_id"": ""374"", ""algorithm_step_name"": ""Dataset Division"", ""node_name"": ""数据划分"", ""node_params"": {""sampling_type"": 0, ""percentage"": 20}, ""contrast_level"": 1, ""node_type"": ""preprocess""}, {""node_id"": ""378"", ""algorithm_step_name"": ""Test Dataset Predictions"", ""node_name"": ""预测"", ""node_params"": {""output_probabilities"": true}, ""contrast_level"": 1, ""node_type"": ""predict""}, {""node_id"": ""379"", ""algorithm_step_name"": ""Save Data"", ""node_name"": ""保存预测结果"", ""node_params"": {}, ""contrast_level"": 1, ""node_type"": ""io""}, {""node_id"": ""382"", ""algorithm_step_name"": ""Line Chart"", ""node_name"": ""折线图"", ""node_params"": {}, ""contrast_level"": 0, ""node_type"": ""visualize""}]}",0.2857
"Run data analysis on sklearn Wisconsin Breast Cancer example dataset, include a plot, train a model to predict targets (20% as validation), and save predictions.",0.1667,8631,529,36.70956970000407,25.093738086463418,0.0,11.61583161354065,0.0,"{""edges"": [], ""nodes"": [{""node_id"": ""428"", ""widget_name"": ""File"", ""node_name"": ""威斯康星乳腺癌数据集"", ""node_params"": {""type"": ""sample"", ""filename"": ""iris.csv""}}]}","{""dependency_requirements"": [{""edge_id"": ""299"", ""source_node_id"": ""392"", ""target_node_id"": ""394""}, {""edge_id"": ""301"", ""source_node_id"": ""394"", ""target_node_id"": ""395""}, {""edge_id"": ""304"", ""source_node_id"": ""2783"", ""target_node_id"": ""396""}, {""edge_id"": ""305"", ""source_node_id"": ""2783"", ""target_node_id"": ""392""}, {""edge_id"": ""306"", ""source_node_id"": ""390"", ""target_node_id"": ""2783""}], ""step_requirements"": [{""node_id"": ""390"", ""algorithm_step_name"": ""Tabular Dataset Loading"", ""node_name"": ""威斯康星乳腺癌数据集"", ""node_params"": {""type"": ""sample"", ""filename"": ""breast_cancer.csv""}, ""contrast_level"": 1, ""node_type"": ""io""}, {""node_id"": ""2783"", ""algorithm_step_name"": ""Select Columns"", ""node_name"": ""Select Columns after loader 390"", ""node_params"": {}, ""contrast_level"": 1, ""node_type"": ""preprocess""}, {""node_id"": ""392"", ""algorithm_step_name"": ""Dataset Division"", ""node_name"": ""数据划分"", ""node_params"": {""percentage"": 20}, ""contrast_level"": 1, ""node_type"": ""preprocess""}, {""node_id"": ""394"", ""algorithm_step_name"": ""Test Dataset Predictions"", ""node_name"": ""预测"", ""node_params"": {""output_probabilities"": true}, ""contrast_level"": 1, ""node_type"": ""predict""}, {""node_id"": ""395"", ""algorithm_step_name"": ""Save Data"", ""node_name"": ""保存预测结果"", ""node_params"": {}, ""contrast_level"": 1, ""node_type"": ""io""}, {""node_id"": ""396"", ""algorithm_step_name"": ""Correlogram"", ""node_name"": ""相关性热图"", ""node_params"": {}, ""contrast_level"": 0, ""node_type"": ""visualize""}]}",0.2857
"This is a titanic passenger survival dataset, your goal is to predict passenger survival outcome. The target column is Survived. Perform data analysis, data preprocessing, feature engineering, and modeling to predict the target. save predictions. Train data: titanic_train, Eval data: titanic_test.",0.8667,21639,2430,172.0603702000226,29.638591997965705,62.74828219413757,38.40657840791391,41.2669176000054,"{""edges"": [{""edge_id"": ""3144910959961085815"", ""source_node_id"": ""429"", ""target_node_id"": ""430""}, {""edge_id"": ""3999887041783288072"", ""source_node_id"": ""431"", ""target_node_id"": ""432""}, {""edge_id"": ""10698086982455934115"", ""source_node_id"": ""430"", ""target_node_id"": ""433""}, {""edge_id"": ""1304355819040913572"", ""source_node_id"": ""432"", ""target_node_id"": ""434""}, {""edge_id"": ""3050394588355394831"", ""source_node_id"": ""433"", ""target_node_id"": ""435""}, {""edge_id"": ""294580228785319469"", ""source_node_id"": ""434"", ""target_node_id"": ""436""}, {""edge_id"": ""1880361599838669502"", ""source_node_id"": ""435"", ""target_node_id"": ""436""}, {""edge_id"": ""9247587298132261176"", ""source_node_id"": ""436"", ""target_node_id"": ""437""}], ""nodes"": [{""node_id"": ""429"", ""widget_name"": ""SQL Table"", ""node_name"": ""泰坦尼克号训练数据"", ""node_params"": {""data_description"": ""数据集名可能为：titanic_train，数据集的列可能包括：Pclass, Sex, Age, SibSp, Parch, Fare"", ""table_name"": ""titanic_train""}}, {""node_id"": ""430"", ""widget_name"": ""Select Columns"", ""node_name"": ""泰坦尼克号训练数据列配置"", ""node_params"": {""ignores"": [""PassengerId"", ""Name"", ""Ticket"", ""Cabin""], ""features"": [""Pclass"", ""Sex"", ""Age"", ""SibSp"", ""Parch"", ""Fare"", ""Embarked""], ""targets"": ""Survived""}}, {""node_id"": ""431"", ""widget_name"": ""SQL Table"", ""node_name"": ""泰坦尼克号测试数据"", ""node_params"": {""data_description"": ""数据集名可能为：titanic_test，数据集的列可能包括：Pclass, Sex, Age, SibSp, Parch, Fare"", ""table_name"": ""titanic_test""}}, {""node_id"": ""432"", ""widget_name"": ""Select Columns"", ""node_name"": ""泰坦尼克号测试数据列配置"", ""node_params"": {""ignores"": [""PassengerId"", ""Name"", ""Ticket"", ""Cabin""], ""features"": [""Pclass"", ""Sex"", ""Age"", ""SibSp"", ""Parch"", ""Fare"", ""Embarked""], ""targets"": ""Survived""}}, {""node_id"": ""433"", ""widget_name"": ""Impute"", ""node_name"": ""训练数据缺失值处理"", ""node_params"": {""method"": 1}}, {""node_id"": ""434"", ""widget_name"": ""Impute"", ""node_name"": ""测试数据缺失值处理"", ""node_params"": {""method"": 1}}, {""node_id"": ""435"", ""widget_name"": ""Random Forest"", ""node_name"": ""随机森林模型"", ""node_params"": {""n_estimators"": 10, ""use_max_features"": false, ""max_features"": ""auto"", ""use_random_state"": false, ""use_max_depth"": false, ""max_depth"": 3, ""use_min_samples_split"": true, ""min_samples_split"": 2}}, {""node_id"": ""436"", ""widget_name"": ""Predictions"", ""node_name"": ""预测"", ""node_params"": {""output_attrs"": true, ""output_predictions"": true, ""output_probabilities"": true}}, {""node_id"": ""437"", ""widget_name"": ""Save Data"", ""node_name"": ""保存预测结果"", ""node_params"": {}}]}","{""dependency_requirements"": [{""edge_id"": ""2313"", ""source_node_id"": ""2784"", ""target_node_id"": ""399""}, {""edge_id"": ""307"", ""source_node_id"": ""2785"", ""target_node_id"": ""400""}, {""edge_id"": ""308"", ""source_node_id"": ""399"", ""target_node_id"": ""401""}, {""edge_id"": ""309"", ""source_node_id"": ""400"", ""target_node_id"": ""402""}, {""edge_id"": ""311"", ""source_node_id"": ""402"", ""target_node_id"": ""404""}, {""edge_id"": ""313"", ""source_node_id"": ""404"", ""target_node_id"": ""405""}, {""edge_id"": ""314"", ""source_node_id"": ""401"", ""target_node_id"": ""404""}, {""edge_id"": ""315"", ""source_node_id"": ""397"", ""target_node_id"": ""2784""}, {""edge_id"": ""316"", ""source_node_id"": ""398"", ""target_node_id"": ""2785""}], ""step_requirements"": [{""node_id"": ""397"", ""algorithm_step_name"": ""Tabular Dataset Loading"", ""node_name"": ""泰坦尼克号训练数据"", ""node_params"": {""table_name"": ""titanic_train"", ""target_column"": ""Survived""}, ""contrast_level"": 1, ""node_type"": ""io""}, {""node_id"": ""2784"", ""algorithm_step_name"": ""Select Columns"", ""node_name"": ""Select Columns after loader 397"", ""node_params"": {}, ""contrast_level"": 1, ""node_type"": ""preprocess""}, {""node_id"": ""398"", ""algorithm_step_name"": ""Tabular Dataset Loading"", ""node_name"": ""泰坦尼克号测试数据"", ""node_params"": {""table_name"": ""titanic_test"", ""target_column"": ""Survived""}, ""contrast_level"": 1, ""node_type"": ""io""}, {""node_id"": ""2785"", ""algorithm_step_name"": ""Select Columns"", ""node_name"": ""Select Columns after loader 398"", ""node_params"": {}, ""contrast_level"": 1, ""node_type"": ""preprocess""}, {""node_id"": ""399"", ""algorithm_step_name"": ""Missing Value Handling"", ""node_name"": ""训练数据缺失值处理"", ""node_params"": {}, ""contrast_level"": 0, ""node_type"": ""preprocess""}, {""node_id"": ""400"", ""algorithm_step_name"": ""Missing Value Handling"", ""node_name"": ""测试数据缺失值处理"", ""node_params"": {}, ""contrast_level"": 0, ""node_type"": ""preprocess""}, {""node_id"": ""401"", ""algorithm_step_name"": ""One Hot Encoding"", ""node_name"": ""训练数据独热编码"", ""node_params"": {}, ""contrast_level"": 0, ""node_type"": ""feature engineering""}, {""node_id"": ""402"", ""algorithm_step_name"": ""One Hot Encoding"", ""node_name"": ""测试数据独热编码"", ""node_params"": {}, ""contrast_level"": 0, ""node_type"": ""feature engineering""}, {""node_id"": ""404"", ""algorithm_step_name"": ""Test Dataset Predictions"", ""node_name"": ""预测"", ""node_params"": {""output_probabilities"": true}, ""contrast_level"": 1, ""node_type"": ""predict""}, {""node_id"": ""405"", ""algorithm_step_name"": ""Save Data"", ""node_name"": ""保存预测结果"", ""node_params"": {}, ""contrast_level"": 1, ""node_type"": ""io""}]}",0.8421
"This is a house price dataset, your goal is to predict the sale price of a property based on its features. The target column is SalePrice. Perform data analysis, data preprocessing, feature engineering, and modeling to predict the target. save predictions. Train data: house_prices_advanced_regression_techniques_train, Eval data: house_prices_advanced_regression_techniques_test.",0.8667,41195,5680,365.9274166999967,28.45528401719639,65.11271572113037,45.21711266168859,227.14230429998133,"{""edges"": [{""edge_id"": ""12699609007489481958"", ""source_node_id"": ""438"", ""target_node_id"": ""439""}, {""edge_id"": ""4136100819618902244"", ""source_node_id"": ""440"", ""target_node_id"": ""441""}, {""edge_id"": ""16381951842641908203"", ""source_node_id"": ""439"", ""target_node_id"": ""442""}, {""edge_id"": ""3133926325278020700"", ""source_node_id"": ""441"", ""target_node_id"": ""443""}, {""edge_id"": ""16687039687202480727"", ""source_node_id"": ""442"", ""target_node_id"": ""444""}, {""edge_id"": ""13912132189851503079"", ""source_node_id"": ""443"", ""target_node_id"": ""445""}, {""edge_id"": ""4800626720193051401"", ""source_node_id"": ""444"", ""target_node_id"": ""445""}, {""edge_id"": ""15372289002189910650"", ""source_node_id"": ""445"", ""target_node_id"": ""446""}], ""nodes"": [{""node_id"": ""438"", ""widget_name"": ""SQL Table"", ""node_name"": ""房屋价格训练数据"", ""node_params"": {""data_description"": ""数据集名可能为：house_prices_train，数据集的列可能包括：LotArea, YearBuilt, BedroomAbvGr, TotRmsAbvGrd, SalePrice"", ""table_name"": ""house_prices_advanced_regression_techniques_train""}}, {""node_id"": ""439"", ""widget_name"": ""Select Columns"", ""node_name"": ""房屋价格训练数据列配置"", ""node_params"": {""ignores"": [""Id""], ""features"": [""MSSubClass"", ""MSZoning"", ""LotFrontage"", ""LotArea"", ""Street"", ""Alley"", ""LotShape"", ""LandContour"", ""Utilities"", ""LotConfig"", ""LandSlope"", ""Neighborhood"", ""Condition1"", ""Condition2"", ""BldgType"", ""HouseStyle"", ""OverallQual"", ""OverallCond"", ""YearBuilt"", ""YearRemodAdd"", ""RoofStyle"", ""RoofMatl"", ""Exterior1st"", ""Exterior2nd"", ""MasVnrType"", ""MasVnrArea"", ""ExterQual"", ""ExterCond"", ""Foundation"", ""BsmtQual"", ""BsmtCond"", ""BsmtExposure"", ""BsmtFinType1"", ""BsmtFinSF1"", ""BsmtFinType2"", ""BsmtFinSF2"", ""BsmtUnfSF"", ""TotalBsmtSF"", ""Heating"", ""HeatingQC"", ""CentralAir"", ""Electrical"", ""1stFlrSF"", ""2ndFlrSF"", ""LowQualFinSF"", ""GrLivArea"", ""BsmtFullBath"", ""BsmtHalfBath"", ""FullBath"", ""HalfBath"", ""BedroomAbvGr"", ""KitchenAbvGr"", ""KitchenQual"", ""TotRmsAbvGrd"", ""Functional"", ""Fireplaces"", ""FireplaceQu"", ""GarageType"", ""GarageYrBlt"", ""GarageFinish"", ""GarageCars"", ""GarageArea"", ""GarageQual"", ""GarageCond"", ""PavedDrive"", ""WoodDeckSF"", ""OpenPorchSF"", ""EnclosedPorch"", ""3SsnPorch"", ""ScreenPorch"", ""PoolArea"", ""PoolQC"", ""Fence"", ""MiscFeature"", ""MiscVal"", ""MoSold"", ""YrSold"", ""SaleType"", ""SaleCondition""], ""targets"": ""SalePrice""}}, {""node_id"": ""440"", ""widget_name"": ""SQL Table"", ""node_name"": ""房屋价格测试数据"", ""node_params"": {""data_description"": ""数据集名可能为：house_prices_test，数据集的列可能包括：LotArea, YearBuilt, BedroomAbvGr, TotRmsAbvGrd"", ""table_name"": ""house_prices_advanced_regression_techniques_test""}}, {""node_id"": ""441"", ""widget_name"": ""Select Columns"", ""node_name"": ""房屋价格测试数据列配置"", ""node_params"": {""ignores"": [""Id""], ""features"": [""MSSubClass"", ""MSZoning"", ""LotFrontage"", ""LotArea"", ""Street"", ""Alley"", ""LotShape"", ""LandContour"", ""Utilities"", ""LotConfig"", ""LandSlope"", ""Neighborhood"", ""Condition1"", ""Condition2"", ""BldgType"", ""HouseStyle"", ""OverallQual"", ""OverallCond"", ""YearBuilt"", ""YearRemodAdd"", ""RoofStyle"", ""RoofMatl"", ""Exterior1st"", ""Exterior2nd"", ""MasVnrType"", ""MasVnrArea"", ""ExterQual"", ""ExterCond"", ""Foundation"", ""BsmtQual"", ""BsmtCond"", ""BsmtExposure"", ""BsmtFinType1"", ""BsmtFinSF1"", ""BsmtFinType2"", ""BsmtFinSF2"", ""BsmtUnfSF"", ""TotalBsmtSF"", ""Heating"", ""HeatingQC"", ""CentralAir"", ""Electrical"", ""1stFlrSF"", ""2ndFlrSF"", ""LowQualFinSF"", ""GrLivArea"", ""BsmtFullBath"", ""BsmtHalfBath"", ""FullBath"", ""HalfBath"", ""BedroomAbvGr"", ""KitchenAbvGr"", ""KitchenQual"", ""TotRmsAbvGrd"", ""Functional"", ""Fireplaces"", ""FireplaceQu"", ""GarageType"", ""GarageYrBlt"", ""GarageFinish"", ""GarageCars"", ""GarageArea"", ""GarageQual"", ""GarageCond"", ""PavedDrive"", ""WoodDeckSF"", ""OpenPorchSF"", ""EnclosedPorch"", ""3SsnPorch"", ""ScreenPorch"", ""PoolArea"", ""PoolQC"", ""Fence"", ""MiscFeature"", ""MiscVal"", ""MoSold"", ""YrSold"", ""SaleType"", ""SaleCondition""], ""targets"": ""SalePrice""}}, {""node_id"": ""442"", ""widget_name"": ""Impute"", ""node_name"": ""训练数据缺失值处理"", ""node_params"": {""method"": 1}}, {""node_id"": ""443"", ""widget_name"": ""Impute"", ""node_name"": ""测试数据缺失值处理"", ""node_params"": {""method"": 1}}, {""node_id"": ""444"", ""widget_name"": ""Random Forest"", ""node_name"": ""随机森林模型"", ""node_params"": {""n_estimators"": 10, ""use_max_features"": false, ""max_features"": ""auto"", ""use_random_state"": false, ""use_max_depth"": false, ""max_depth"": 3, ""use_min_samples_split"": true, ""min_samples_split"": 2}}, {""node_id"": ""445"", ""widget_name"": ""Predictions"", ""node_name"": ""预测"", ""node_params"": {""output_attrs"": true, ""output_predictions"": true, ""output_probabilities"": false}}, {""node_id"": ""446"", ""widget_name"": ""Save Data"", ""node_name"": ""保存预测结果"", ""node_params"": {}}]}","{""dependency_requirements"": [{""edge_id"": ""2314"", ""source_node_id"": ""2786"", ""target_node_id"": ""408""}, {""edge_id"": ""2315"", ""source_node_id"": ""2787"", ""target_node_id"": ""409""}, {""edge_id"": ""2316"", ""source_node_id"": ""408"", ""target_node_id"": ""410""}, {""edge_id"": ""317"", ""source_node_id"": ""409"", ""target_node_id"": ""411""}, {""edge_id"": ""319"", ""source_node_id"": ""411"", ""target_node_id"": ""413""}, {""edge_id"": ""321"", ""source_node_id"": ""413"", ""target_node_id"": ""414""}, {""edge_id"": ""322"", ""source_node_id"": ""410"", ""target_node_id"": ""413""}, {""edge_id"": ""323"", ""source_node_id"": ""406"", ""target_node_id"": ""2786""}, {""edge_id"": ""324"", ""source_node_id"": ""407"", ""target_node_id"": ""2787""}], ""step_requirements"": [{""node_id"": ""406"", ""algorithm_step_name"": ""Tabular Dataset Loading"", ""node_name"": ""房屋价格训练数据"", ""node_params"": {""table_name"": ""house_prices_advanced_regression_techniques_train"", ""target_column"": ""SalePrice""}, ""contrast_level"": 1, ""node_type"": ""io""}, {""node_id"": ""2786"", ""algorithm_step_name"": ""Select Columns"", ""node_name"": ""Select Columns after loader 406"", ""node_params"": {}, ""contrast_level"": 1, ""node_type"": ""preprocess""}, {""node_id"": ""407"", ""algorithm_step_name"": ""Tabular Dataset Loading"", ""node_name"": ""房屋价格测试数据"", ""node_params"": {""table_name"": ""house_prices_advanced_regression_techniques_test"", ""target_column"": ""SalePrice""}, ""contrast_level"": 1, ""node_type"": ""io""}, {""node_id"": ""2787"", ""algorithm_step_name"": ""Select Columns"", ""node_name"": ""Select Columns after loader 407"", ""node_params"": {}, ""contrast_level"": 1, ""node_type"": ""preprocess""}, {""node_id"": ""408"", ""algorithm_step_name"": ""Missing Value Handling"", ""node_name"": ""训练数据缺失值处理"", ""node_params"": {}, ""contrast_level"": 0, ""node_type"": ""preprocess""}, {""node_id"": ""409"", ""algorithm_step_name"": ""Missing Value Handling"", ""node_name"": ""测试数据缺失值处理"", ""node_params"": {}, ""contrast_level"": 0, ""node_type"": ""preprocess""}, {""node_id"": ""410"", ""algorithm_step_name"": ""One Hot Encoding"", ""node_name"": ""训练数据独热编码"", ""node_params"": {}, ""contrast_level"": 0, ""node_type"": ""feature engineering""}, {""node_id"": ""411"", ""algorithm_step_name"": ""One Hot Encoding"", ""node_name"": ""测试数据独热编码"", ""node_params"": {}, ""contrast_level"": 0, ""node_type"": ""feature engineering""}, {""node_id"": ""413"", ""algorithm_step_name"": ""Test Dataset Predictions"", ""node_name"": ""预测"", ""node_params"": {""output_probabilities"": false}, ""contrast_level"": 1, ""node_type"": ""predict""}, {""node_id"": ""414"", ""algorithm_step_name"": ""Save Data"", ""node_name"": ""保存预测结果"", ""node_params"": {}, ""contrast_level"": 1, ""node_type"": ""io""}]}",0.8421
"This is a customers financial dataset. Your goal is to predict which customers will make a specific transaction in the future. The target column is target. Perform data analysis and modeling to predict the target. save predictions. Train data: santander_customer_transaction_prediction_train, Eval data: santander_customer_transaction_prediction_test.",0.7,29431,2814,483.8287639999762,24.844692983664572,51.58554482460022,339.0652194917202,68.33330669999123,"{""edges"": [{""edge_id"": ""12363746587158114251"", ""source_node_id"": ""447"", ""target_node_id"": ""448""}, {""edge_id"": ""8836231722786103769"", ""source_node_id"": ""449"", ""target_node_id"": ""450""}, {""edge_id"": ""14186325370779823807"", ""source_node_id"": ""448"", ""target_node_id"": ""451""}], ""nodes"": [{""node_id"": ""447"", ""widget_name"": ""SQL Table"", ""node_name"": ""santander_customer_transaction_prediction_train"", ""node_params"": {""data_description"": ""数据集名可能为：santander_train，数据集的列可能包括：target, var_0, var_1, var_2, ... , var_200"", ""table_name"": ""santander_customer_transaction_prediction_train""}}, {""node_id"": ""448"", ""widget_name"": ""Select Columns"", ""node_name"": ""santander_customer_transaction_prediction_train列配置"", ""node_params"": {""ignores"": [""ID_code""], ""features"": [""var_0"", ""var_1"", ""var_2"", ""var_3"", ""var_4"", ""var_5"", ""var_6"", ""var_7"", ""var_8"", ""var_9"", ""var_10"", ""var_11"", ""var_12"", ""var_13"", ""var_14"", ""var_15"", ""var_16"", ""var_17""], ""targets"": ""target""}}, {""node_id"": ""449"", ""widget_name"": ""SQL Table"", ""node_name"": ""santander_customer_transaction_prediction_test"", ""node_params"": {""data_description"": ""数据集名可能为：santander_test，数据集的列可能包括：var_0, var_1, var_2, ... , var_200"", ""table_name"": ""santander_customer_transaction_prediction_test""}}, {""node_id"": ""450"", ""widget_name"": ""Select Columns"", ""node_name"": ""santander_customer_transaction_prediction_test列配置"", ""node_params"": {""ignores"": [], ""features"": [""var_0"", ""var_1"", ""var_2"", ""var_3"", ""var_4"", ""var_5"", ""var_6"", ""var_7"", ""var_8"", ""var_9"", ""var_10"", ""var_11"", ""var_12"", ""var_13"", ""var_14"", ""var_15"", ""var_16"", ""var_17""], ""targets"": ""target""}}, {""node_id"": ""451"", ""widget_name"": ""Random Forest"", ""node_name"": ""随机森林模型"", ""node_params"": {""n_estimators"": 10, ""use_max_features"": false, ""max_features"": ""auto"", ""use_random_state"": false, ""use_max_depth"": false, ""max_depth"": 3, ""use_min_samples_split"": true, ""min_samples_split"": 2}}, {""node_id"": ""454"", ""widget_name"": ""Predictions"", ""node_name"": ""预测"", ""node_params"": {""output_attrs"": true, ""output_predictions"": true, ""output_probabilities"": true}}]}","{""dependency_requirements"": [{""edge_id"": ""2317"", ""source_node_id"": ""421"", ""target_node_id"": ""418""}, {""edge_id"": ""325"", ""source_node_id"": ""418"", ""target_node_id"": ""419""}, {""edge_id"": ""326"", ""source_node_id"": ""420"", ""target_node_id"": ""418""}, {""edge_id"": ""327"", ""source_node_id"": ""415"", ""target_node_id"": ""420""}, {""edge_id"": ""328"", ""source_node_id"": ""416"", ""target_node_id"": ""421""}], ""step_requirements"": [{""node_id"": ""415"", ""algorithm_step_name"": ""Tabular Dataset Loading"", ""node_name"": ""桑坦德客户交易预测训练数据"", ""node_params"": {""table_name"": ""santander_customer_transaction_prediction_train"", ""target_column"": ""target""}, ""contrast_level"": 1, ""node_type"": ""io""}, {""node_id"": ""420"", ""algorithm_step_name"": ""Select Columns"", ""node_name"": ""Select Columns after loader 415"", ""node_params"": {}, ""contrast_level"": 1, ""node_type"": ""preprocess""}, {""node_id"": ""416"", ""algorithm_step_name"": ""Tabular Dataset Loading"", ""node_name"": ""桑坦德客户交易预测测试数据"", ""node_params"": {""table_name"": ""santander_customer_transaction_prediction_test"", ""target_column"": ""target""}, ""contrast_level"": 1, ""node_type"": ""io""}, {""node_id"": ""421"", ""algorithm_step_name"": ""Select Columns"", ""node_name"": ""Select Columns after loader 416"", ""node_params"": {}, ""contrast_level"": 1, ""node_type"": ""preprocess""}, {""node_id"": ""418"", ""algorithm_step_name"": ""Test Dataset Predictions"", ""node_name"": ""预测"", ""node_params"": {""output_probabilities"": true}, ""contrast_level"": 1, ""node_type"": ""predict""}, {""node_id"": ""419"", ""algorithm_step_name"": ""Save Data"", ""node_name"": ""保存预测结果"", ""node_params"": {}, ""contrast_level"": 1, ""node_type"": ""io""}]}",0.6667
"This is a medical dataset with over fifty anonymized health characteristics linked to three age-related conditions. Your goal is to predict whether a subject has or has not been diagnosed with one of these conditions. The target column is Class. Perform data analysis, data preprocessing, and modeling to predict the target. save predictions. Train data: icr_identify_age_related_conditions_train, Eval data: icr_identify_age_related_conditions_test",1.0,28033,4254,285.49938510003267,33.20529649796663,60.197591066360474,41.71676683577243,150.37973069993313,"{""edges"": [{""edge_id"": ""15717584569534102580"", ""source_node_id"": ""455"", ""target_node_id"": ""456""}, {""edge_id"": ""11695693715379975066"", ""source_node_id"": ""457"", ""target_node_id"": ""458""}, {""edge_id"": ""8296793802420177922"", ""source_node_id"": ""456"", ""target_node_id"": ""459""}, {""edge_id"": ""1162605900963631564"", ""source_node_id"": ""458"", ""target_node_id"": ""460""}, {""edge_id"": ""10614876429320310160"", ""source_node_id"": ""459"", ""target_node_id"": ""461""}, {""edge_id"": ""4435017613906036327"", ""source_node_id"": ""460"", ""target_node_id"": ""462""}, {""edge_id"": ""7850340717356559563"", ""source_node_id"": ""461"", ""target_node_id"": ""462""}, {""edge_id"": ""5364367143313950745"", ""source_node_id"": ""462"", ""target_node_id"": ""463""}], ""nodes"": [{""node_id"": ""455"", ""widget_name"": ""SQL Table"", ""node_name"": ""训练数据集 icr_identify_age_related_conditions_train"", ""node_params"": {""data_description"": ""数据集名可能为：icr_identify_age_related_conditions_train，数据集的列可能包括：age, condition, related"", ""table_name"": ""icr_identify_age_related_conditions_train""}}, {""node_id"": ""456"", ""widget_name"": ""Select Columns"", ""node_name"": ""训练数据集 icr_identify_age_related_conditions_train列配置"", ""node_params"": {""ignores"": [""Id""], ""features"": [""AB"", ""AF"", ""AH"", ""AM"", ""AR"", ""AX"", ""AY"", ""AZ"", ""BC"", ""BD"", ""BN"", ""BP"", ""BQ"", ""BR"", ""BZ"", ""CB"", ""CC"", ""CD"", ""CF"", ""CH"", ""CL"", ""CR"", ""CS"", ""CU"", ""CW"", ""DA"", ""DE"", ""DF"", ""DH"", ""DI"", ""DL"", ""DN"", ""DU"", ""DV"", ""DY"", ""EB"", ""EE"", ""EG"", ""EH"", ""EJ"", ""EL"", ""EP"", ""EU"", ""FC"", ""FD"", ""FE"", ""FI"", ""FL"", ""FR"", ""FS"", ""GB"", ""GE"", ""GF"", ""GH"", ""GI"", ""GL""], ""targets"": ""Class""}}, {""node_id"": ""457"", ""widget_name"": ""SQL Table"", ""node_name"": ""测试数据集 icr_identify_age_related_conditions_test"", ""node_params"": {""data_description"": ""数据集名可能为：icr_identify_age_related_conditions_test，数据集的列可能包括：age, condition, related"", ""table_name"": ""icr_identify_age_related_conditions_test""}}, {""node_id"": ""458"", ""widget_name"": ""Select Columns"", ""node_name"": ""测试数据集 icr_identify_age_related_conditions_test列配置"", ""node_params"": {""ignores"": [""Id""], ""features"": [""AB"", ""AF"", ""AH"", ""AM"", ""AR"", ""AX"", ""AY"", ""AZ"", ""BC"", ""BD"", ""BN"", ""BP"", ""BQ"", ""BR"", ""BZ"", ""CB"", ""CC"", ""CD"", ""CF"", ""CH"", ""CL"", ""CR"", ""CS"", ""CU"", ""CW"", ""DA"", ""DE"", ""DF"", ""DH"", ""DI"", ""DL"", ""DN"", ""DU"", ""DV"", ""DY"", ""EB"", ""EE"", ""EG"", ""EH"", ""EJ"", ""EL"", ""EP"", ""EU"", ""FC"", ""FD"", ""FE"", ""FI"", ""FL"", ""FR"", ""FS"", ""GB"", ""GE"", ""GF"", ""GH"", ""GI"", ""GL""], ""targets"": ""Class""}}, {""node_id"": ""459"", ""widget_name"": ""Impute"", ""node_name"": ""训练数据缺失值处理"", ""node_params"": {""method"": 1}}, {""node_id"": ""460"", ""widget_name"": ""Impute"", ""node_name"": ""测试数据缺失值处理"", ""node_params"": {""method"": 1}}, {""node_id"": ""461"", ""widget_name"": ""Random Forest"", ""node_name"": ""随机森林模型"", ""node_params"": {""n_estimators"": 10, ""use_max_features"": false, ""max_features"": ""auto"", ""use_random_state"": false, ""use_max_depth"": false, ""max_depth"": 3, ""use_min_samples_split"": true, ""min_samples_split"": 2}}, {""node_id"": ""462"", ""widget_name"": ""Predictions"", ""node_name"": ""预测"", ""node_params"": {""output_attrs"": true, ""output_predictions"": true, ""output_probabilities"": true}}, {""node_id"": ""463"", ""widget_name"": ""Save Data"", ""node_name"": ""保存预测结果"", ""node_params"": {}}]}","{""dependency_requirements"": [{""edge_id"": ""484"", ""source_node_id"": ""2788"", ""target_node_id"": ""661""}, {""edge_id"": ""485"", ""source_node_id"": ""2789"", ""target_node_id"": ""662""}, {""edge_id"": ""487"", ""source_node_id"": ""662"", ""target_node_id"": ""664""}, {""edge_id"": ""489"", ""source_node_id"": ""664"", ""target_node_id"": ""665""}, {""edge_id"": ""490"", ""source_node_id"": ""661"", ""target_node_id"": ""664""}, {""edge_id"": ""491"", ""source_node_id"": ""659"", ""target_node_id"": ""2788""}, {""edge_id"": ""492"", ""source_node_id"": ""660"", ""target_node_id"": ""2789""}], ""step_requirements"": [{""node_id"": ""659"", ""algorithm_step_name"": ""Tabular Dataset Loading"", ""node_name"": ""icr_identify_age_related_conditions_train"", ""node_params"": {""table_name"": ""icr_identify_age_related_conditions_train"", ""target_column"": ""Class""}, ""contrast_level"": 1, ""node_type"": ""io""}, {""node_id"": ""2788"", ""algorithm_step_name"": ""Select Columns"", ""node_name"": ""Select Columns after loader 659"", ""node_params"": {}, ""contrast_level"": 1, ""node_type"": ""preprocess""}, {""node_id"": ""660"", ""algorithm_step_name"": ""Tabular Dataset Loading"", ""node_name"": ""icr_identify_age_related_conditions_test"", ""node_params"": {""table_name"": ""icr_identify_age_related_conditions_test"", ""target_column"": ""Class""}, ""contrast_level"": 1, ""node_type"": ""io""}, {""node_id"": ""2789"", ""algorithm_step_name"": ""Select Columns"", ""node_name"": ""Select Columns after loader 660"", ""node_params"": {}, ""contrast_level"": 1, ""node_type"": ""preprocess""}, {""node_id"": ""661"", ""algorithm_step_name"": ""Missing Value Handling"", ""node_name"": ""训练数据缺失值处理"", ""node_params"": {}, ""contrast_level"": 0, ""node_type"": ""preprocess""}, {""node_id"": ""662"", ""algorithm_step_name"": ""Missing Value Handling"", ""node_name"": ""测试数据缺失值处理"", ""node_params"": {}, ""contrast_level"": 0, ""node_type"": ""preprocess""}, {""node_id"": ""664"", ""algorithm_step_name"": ""Test Dataset Predictions"", ""node_name"": ""预测"", ""node_params"": {""output_probabilities"": true}, ""contrast_level"": 1, ""node_type"": ""predict""}, {""node_id"": ""665"", ""algorithm_step_name"": ""Save Data"", ""node_name"": ""保存预测结果"", ""node_params"": {}, ""contrast_level"": 1, ""node_type"": ""io""}]}",0.9412
"This is a customers financial dataset. Your goal is to predict the value of transactions for each potential customer. The target column is target. Perform data analysis and modeling to predict the target. save predictions. Train data: santander_value_prediction_challenge_train, Eval data: santander_value_prediction_challenge_test",1.0,22730,2707,186.89566820004256,27.628137997176964,56.72480535507202,31.691941447847057,70.85078339994652,"{""edges"": [{""edge_id"": ""4531692595907241746"", ""source_node_id"": ""464"", ""target_node_id"": ""465""}, {""edge_id"": ""17435373626914654582"", ""source_node_id"": ""466"", ""target_node_id"": ""467""}, {""edge_id"": ""13856100246063537935"", ""source_node_id"": ""465"", ""target_node_id"": ""468""}, {""edge_id"": ""14053174422242254668"", ""source_node_id"": ""467"", ""target_node_id"": ""469""}, {""edge_id"": ""11126010669006905291"", ""source_node_id"": ""468"", ""target_node_id"": ""469""}, {""edge_id"": ""13848268680080394399"", ""source_node_id"": ""469"", ""target_node_id"": ""470""}], ""nodes"": [{""node_id"": ""464"", ""widget_name"": ""SQL Table"", ""node_name"": ""santander_value_prediction_challenge_train"", ""node_params"": {""data_description"": ""数据集名可能为：santander_value_prediction_challenge_train，数据集的列可能包括：ID, target, var_0, var_1, ... , var_199"", ""table_name"": ""santander_value_prediction_challenge_train""}}, {""node_id"": ""465"", ""widget_name"": ""Select Columns"", ""node_name"": ""santander_value_prediction_challenge_train列配置"", ""node_params"": {""ignores"": [], ""features"": [""48df886f9"", ""0deb4b6a8"", ""34b15f335"", ""a8cb14b00"", ""2f0771a37"", ""s30347e683"", ""d08d1fbe3"", ""6ee66e115"", ""20aa07010"", ""dc5a8f1d8"", ""11d86fa6a"", ""77c9823f2"", ""8d6c2a0b2"", ""4681de4fd"", ""adf119b9a"", ""cff75dd09"", ""96f83a237"", ""b8a716ebf""], ""targets"": ""target""}}, {""node_id"": ""466"", ""widget_name"": ""SQL Table"", ""node_name"": ""santander_value_prediction_challenge_test"", ""node_params"": {""data_description"": ""数据集名可能为：santander_value_prediction_challenge_test，数据集的列可能包括：ID, var_0, var_1, ... , var_199"", ""table_name"": ""santander_value_prediction_challenge_test""}}, {""node_id"": ""467"", ""widget_name"": ""Select Columns"", ""node_name"": ""santander_value_prediction_challenge_test列配置"", ""node_params"": {""ignores"": [], ""features"": [""48df886f9"", ""0deb4b6a8"", ""34b15f335"", ""a8cb14b00"", ""2f0771a37"", ""s30347e683"", ""d08d1fbe3"", ""6ee66e115"", ""20aa07010"", ""dc5a8f1d8"", ""11d86fa6a"", ""77c9823f2"", ""8d6c2a0b2"", ""4681de4fd"", ""adf119b9a"", ""cff75dd09"", ""96f83a237"", ""b8a716ebf""], ""targets"": ""target""}}, {""node_id"": ""468"", ""widget_name"": ""Random Forest"", ""node_name"": ""随机森林模型"", ""node_params"": {""n_estimators"": 10, ""use_max_features"": false, ""max_features"": ""auto"", ""use_random_state"": false, ""use_max_depth"": false, ""max_depth"": 3, ""use_min_samples_split"": true, ""min_samples_split"": 2}}, {""node_id"": ""469"", ""widget_name"": ""Predictions"", ""node_name"": ""预测"", ""node_params"": {""output_attrs"": true, ""output_predictions"": true, ""output_probabilities"": false}}, {""node_id"": ""470"", ""widget_name"": ""Save Data"", ""node_name"": ""保存预测结果"", ""node_params"": {}}]}","{""dependency_requirements"": [{""edge_id"": ""2318"", ""source_node_id"": ""672"", ""target_node_id"": ""669""}, {""edge_id"": ""493"", ""source_node_id"": ""669"", ""target_node_id"": ""670""}, {""edge_id"": ""494"", ""source_node_id"": ""671"", ""target_node_id"": ""669""}, {""edge_id"": ""495"", ""source_node_id"": ""666"", ""target_node_id"": ""671""}, {""edge_id"": ""496"", ""source_node_id"": ""667"", ""target_node_id"": ""672""}], ""step_requirements"": [{""node_id"": ""666"", ""algorithm_step_name"": ""Tabular Dataset Loading"", ""node_name"": ""桑坦德价值预测挑战训练数据"", ""node_params"": {""table_name"": ""santander_value_prediction_challenge_train"", ""target_column"": ""target""}, ""contrast_level"": 1, ""node_type"": ""io""}, {""node_id"": ""671"", ""algorithm_step_name"": ""Select Columns"", ""node_name"": ""Select Columns after loader 666"", ""node_params"": {}, ""contrast_level"": 1, ""node_type"": ""preprocess""}, {""node_id"": ""667"", ""algorithm_step_name"": ""Tabular Dataset Loading"", ""node_name"": ""桑坦德价值预测挑战测试数据"", ""node_params"": {""table_name"": ""santander_value_prediction_challenge_test"", ""target_column"": ""target""}, ""contrast_level"": 1, ""node_type"": ""io""}, {""node_id"": ""672"", ""algorithm_step_name"": ""Select Columns"", ""node_name"": ""Select Columns after loader 667"", ""node_params"": {}, ""contrast_level"": 1, ""node_type"": ""preprocess""}, {""node_id"": ""669"", ""algorithm_step_name"": ""Test Dataset Predictions"", ""node_name"": ""预测"", ""node_params"": {""output_probabilities"": false}, ""contrast_level"": 1, ""node_type"": ""predict""}, {""node_id"": ""670"", ""algorithm_step_name"": ""Save Data"", ""node_name"": ""保存预测结果"", ""node_params"": {}, ""contrast_level"": 1, ""node_type"": ""io""}]}",0.9231
"Run data analysis on Iris example dataset, include a plot",0.3333,2003,305,22.117428399971686,18.5869232196128,0.008336544036865234,3.5221686363220215,0.0,"{""edges"": [], ""nodes"": [{""node_id"": ""471"", ""widget_name"": ""File"", ""node_name"": ""加载Iris示例数据集"", ""node_params"": {""type"": ""sample"", ""filename"": ""iris.csv""}}]}","{""dependency_requirements"": [{""edge_id"": ""257"", ""source_node_id"": ""356"", ""target_node_id"": ""355""}, {""edge_id"": ""258"", ""source_node_id"": ""353"", ""target_node_id"": ""356""}], ""step_requirements"": [{""node_id"": ""353"", ""algorithm_step_name"": ""Tabular Dataset Loading"", ""node_name"": ""文件加载节点"", ""node_params"": {""type"": ""sample"", ""filename"": ""iris.csv""}, ""contrast_level"": 1, ""node_type"": ""io""}, {""node_id"": ""356"", ""algorithm_step_name"": ""Select Columns"", ""node_name"": ""Select Columns after loader 353"", ""node_params"": {}, ""contrast_level"": 1, ""node_type"": ""preprocess""}, {""node_id"": ""355"", ""algorithm_step_name"": ""Scatter Plot"", ""node_name"": ""散点图"", ""node_params"": {}, ""contrast_level"": 0, ""node_type"": ""visualize""}]}",0.5
"Run data analysis on Wine recognition example dataset, include a plot, and train a model to predict wine class with 20% as test set, and save predictions.",0.1667,6094,460,31.440684300032444,24.39001820620615,0.0,7.050666093826294,0.0,"{""edges"": [], ""nodes"": [{""node_id"": ""472"", ""widget_name"": ""File"", ""node_name"": ""文件加载节点"", ""node_params"": {""type"": ""sample"", ""filename"": ""iris.csv""}}]}","{""dependency_requirements"": [{""edge_id"": ""277"", ""source_node_id"": ""383"", ""target_node_id"": ""374""}, {""edge_id"": ""283"", ""source_node_id"": ""378"", ""target_node_id"": ""379""}, {""edge_id"": ""286"", ""source_node_id"": ""383"", ""target_node_id"": ""382""}, {""edge_id"": ""287"", ""source_node_id"": ""374"", ""target_node_id"": ""378""}, {""edge_id"": ""289"", ""source_node_id"": ""373"", ""target_node_id"": ""383""}], ""step_requirements"": [{""node_id"": ""373"", ""algorithm_step_name"": ""Tabular Dataset Loading"", ""node_name"": ""文件加载节点"", ""node_params"": {""type"": ""sample"", ""filename"": ""wine.csv""}, ""contrast_level"": 1, ""node_type"": ""io""}, {""node_id"": ""383"", ""algorithm_step_name"": ""Select Columns"", ""node_name"": ""Select Columns after loader 373"", ""node_params"": {}, ""contrast_level"": 1, ""node_type"": ""preprocess""}, {""node_id"": ""374"", ""algorithm_step_name"": ""Dataset Division"", ""node_name"": ""数据划分"", ""node_params"": {""sampling_type"": 0, ""percentage"": 20}, ""contrast_level"": 1, ""node_type"": ""preprocess""}, {""node_id"": ""378"", ""algorithm_step_name"": ""Test Dataset Predictions"", ""node_name"": ""预测"", ""node_params"": {""output_probabilities"": true}, ""contrast_level"": 1, ""node_type"": ""predict""}, {""node_id"": ""379"", ""algorithm_step_name"": ""Save Data"", ""node_name"": ""保存预测结果"", ""node_params"": {}, ""contrast_level"": 1, ""node_type"": ""io""}, {""node_id"": ""382"", ""algorithm_step_name"": ""Line Chart"", ""node_name"": ""折线图"", ""node_params"": {}, ""contrast_level"": 0, ""node_type"": ""visualize""}]}",0.2857
"Run data analysis on sklearn Wisconsin Breast Cancer example dataset, include a plot, train a model to predict targets (20% as validation), and save predictions.",0.1667,8631,535,37.83711199997924,26.213297178735957,0.007004499435424805,11.616810321807861,0.0,"{""edges"": [], ""nodes"": [{""node_id"": ""475"", ""widget_name"": ""File"", ""node_name"": ""威斯康星乳腺癌数据集"", ""node_params"": {""type"": ""sample"", ""filename"": ""iris.csv""}}]}","{""dependency_requirements"": [{""edge_id"": ""299"", ""source_node_id"": ""392"", ""target_node_id"": ""394""}, {""edge_id"": ""301"", ""source_node_id"": ""394"", ""target_node_id"": ""395""}, {""edge_id"": ""304"", ""source_node_id"": ""2783"", ""target_node_id"": ""396""}, {""edge_id"": ""305"", ""source_node_id"": ""2783"", ""target_node_id"": ""392""}, {""edge_id"": ""306"", ""source_node_id"": ""390"", ""target_node_id"": ""2783""}], ""step_requirements"": [{""node_id"": ""390"", ""algorithm_step_name"": ""Tabular Dataset Loading"", ""node_name"": ""威斯康星乳腺癌数据集"", ""node_params"": {""type"": ""sample"", ""filename"": ""breast_cancer.csv""}, ""contrast_level"": 1, ""node_type"": ""io""}, {""node_id"": ""2783"", ""algorithm_step_name"": ""Select Columns"", ""node_name"": ""Select Columns after loader 390"", ""node_params"": {}, ""contrast_level"": 1, ""node_type"": ""preprocess""}, {""node_id"": ""392"", ""algorithm_step_name"": ""Dataset Division"", ""node_name"": ""数据划分"", ""node_params"": {""percentage"": 20}, ""contrast_level"": 1, ""node_type"": ""preprocess""}, {""node_id"": ""394"", ""algorithm_step_name"": ""Test Dataset Predictions"", ""node_name"": ""预测"", ""node_params"": {""output_probabilities"": true}, ""contrast_level"": 1, ""node_type"": ""predict""}, {""node_id"": ""395"", ""algorithm_step_name"": ""Save Data"", ""node_name"": ""保存预测结果"", ""node_params"": {}, ""contrast_level"": 1, ""node_type"": ""io""}, {""node_id"": ""396"", ""algorithm_step_name"": ""Correlogram"", ""node_name"": ""相关性热图"", ""node_params"": {}, ""contrast_level"": 0, ""node_type"": ""visualize""}]}",0.2857
"This is a titanic passenger survival dataset, your goal is to predict passenger survival outcome. The target column is Survived. Perform data analysis, data preprocessing, feature engineering, and modeling to predict the target. save predictions. Train data: titanic_train, Eval data: titanic_test.",0.8667,20618,2427,176.96161339996615,33.0627612900571,63.6271710395813,37.935104070347734,42.336576999980025,"{""edges"": [{""edge_id"": ""8089087783609195533"", ""source_node_id"": ""476"", ""target_node_id"": ""477""}, {""edge_id"": ""3784582980946432175"", ""source_node_id"": ""478"", ""target_node_id"": ""479""}, {""edge_id"": ""14434915480405535449"", ""source_node_id"": ""477"", ""target_node_id"": ""480""}, {""edge_id"": ""13901538119398107829"", ""source_node_id"": ""479"", ""target_node_id"": ""481""}, {""edge_id"": ""3958590028336520107"", ""source_node_id"": ""480"", ""target_node_id"": ""482""}, {""edge_id"": ""14660511328354247198"", ""source_node_id"": ""481"", ""target_node_id"": ""483""}, {""edge_id"": ""9901239230923968307"", ""source_node_id"": ""482"", ""target_node_id"": ""483""}, {""edge_id"": ""10393822021859115436"", ""source_node_id"": ""483"", ""target_node_id"": ""484""}], ""nodes"": [{""node_id"": ""476"", ""widget_name"": ""SQL Table"", ""node_name"": ""泰坦尼克号训练数据"", ""node_params"": {""data_description"": ""数据集名可能为：titanic_train，数据集的列可能包括：Pclass, Sex, Age, SibSp, Parch, Fare"", ""table_name"": ""titanic_train""}}, {""node_id"": ""477"", ""widget_name"": ""Select Columns"", ""node_name"": ""泰坦尼克号训练数据列配置"", ""node_params"": {""ignores"": [""PassengerId"", ""Name"", ""Ticket"", ""Cabin""], ""features"": [""Pclass"", ""Sex"", ""Age"", ""SibSp"", ""Parch"", ""Fare"", ""Embarked""], ""targets"": ""Survived""}}, {""node_id"": ""478"", ""widget_name"": ""SQL Table"", ""node_name"": ""泰坦尼克号测试数据"", ""node_params"": {""data_description"": ""数据集名可能为：titanic_test，数据集的列可能包括：Pclass, Sex, Age, SibSp, Parch, Fare"", ""table_name"": ""titanic_test""}}, {""node_id"": ""479"", ""widget_name"": ""Select Columns"", ""node_name"": ""泰坦尼克号测试数据列配置"", ""node_params"": {""ignores"": [""PassengerId"", ""Name"", ""Ticket"", ""Cabin""], ""features"": [""Pclass"", ""Sex"", ""Age"", ""SibSp"", ""Parch"", ""Fare"", ""Embarked""], ""targets"": ""Survived""}}, {""node_id"": ""480"", ""widget_name"": ""Impute"", ""node_name"": ""训练数据缺失值处理"", ""node_params"": {""method"": 1}}, {""node_id"": ""481"", ""widget_name"": ""Impute"", ""node_name"": ""测试数据缺失值处理"", ""node_params"": {""method"": 1}}, {""node_id"": ""482"", ""widget_name"": ""Logistic Regression"", ""node_name"": ""逻辑回归模型"", ""node_params"": {""C"": 1, ""penalty"": ""l2""}}, {""node_id"": ""483"", ""widget_name"": ""Predictions"", ""node_name"": ""预测"", ""node_params"": {""output_attrs"": true, ""output_predictions"": true, ""output_probabilities"": true}}, {""node_id"": ""484"", ""widget_name"": ""Save Data"", ""node_name"": ""保存预测结果"", ""node_params"": {}}]}","{""dependency_requirements"": [{""edge_id"": ""2313"", ""source_node_id"": ""2784"", ""target_node_id"": ""399""}, {""edge_id"": ""307"", ""source_node_id"": ""2785"", ""target_node_id"": ""400""}, {""edge_id"": ""308"", ""source_node_id"": ""399"", ""target_node_id"": ""401""}, {""edge_id"": ""309"", ""source_node_id"": ""400"", ""target_node_id"": ""402""}, {""edge_id"": ""311"", ""source_node_id"": ""402"", ""target_node_id"": ""404""}, {""edge_id"": ""313"", ""source_node_id"": ""404"", ""target_node_id"": ""405""}, {""edge_id"": ""314"", ""source_node_id"": ""401"", ""target_node_id"": ""404""}, {""edge_id"": ""315"", ""source_node_id"": ""397"", ""target_node_id"": ""2784""}, {""edge_id"": ""316"", ""source_node_id"": ""398"", ""target_node_id"": ""2785""}], ""step_requirements"": [{""node_id"": ""397"", ""algorithm_step_name"": ""Tabular Dataset Loading"", ""node_name"": ""泰坦尼克号训练数据"", ""node_params"": {""table_name"": ""titanic_train"", ""target_column"": ""Survived""}, ""contrast_level"": 1, ""node_type"": ""io""}, {""node_id"": ""2784"", ""algorithm_step_name"": ""Select Columns"", ""node_name"": ""Select Columns after loader 397"", ""node_params"": {}, ""contrast_level"": 1, ""node_type"": ""preprocess""}, {""node_id"": ""398"", ""algorithm_step_name"": ""Tabular Dataset Loading"", ""node_name"": ""泰坦尼克号测试数据"", ""node_params"": {""table_name"": ""titanic_test"", ""target_column"": ""Survived""}, ""contrast_level"": 1, ""node_type"": ""io""}, {""node_id"": ""2785"", ""algorithm_step_name"": ""Select Columns"", ""node_name"": ""Select Columns after loader 398"", ""node_params"": {}, ""contrast_level"": 1, ""node_type"": ""preprocess""}, {""node_id"": ""399"", ""algorithm_step_name"": ""Missing Value Handling"", ""node_name"": ""训练数据缺失值处理"", ""node_params"": {}, ""contrast_level"": 0, ""node_type"": ""preprocess""}, {""node_id"": ""400"", ""algorithm_step_name"": ""Missing Value Handling"", ""node_name"": ""测试数据缺失值处理"", ""node_params"": {}, ""contrast_level"": 0, ""node_type"": ""preprocess""}, {""node_id"": ""401"", ""algorithm_step_name"": ""One Hot Encoding"", ""node_name"": ""训练数据独热编码"", ""node_params"": {}, ""contrast_level"": 0, ""node_type"": ""feature engineering""}, {""node_id"": ""402"", ""algorithm_step_name"": ""One Hot Encoding"", ""node_name"": ""测试数据独热编码"", ""node_params"": {}, ""contrast_level"": 0, ""node_type"": ""feature engineering""}, {""node_id"": ""404"", ""algorithm_step_name"": ""Test Dataset Predictions"", ""node_name"": ""预测"", ""node_params"": {""output_probabilities"": true}, ""contrast_level"": 1, ""node_type"": ""predict""}, {""node_id"": ""405"", ""algorithm_step_name"": ""Save Data"", ""node_name"": ""保存预测结果"", ""node_params"": {}, ""contrast_level"": 1, ""node_type"": ""io""}]}",0.8421
"This is a house price dataset, your goal is to predict the sale price of a property based on its features. The target column is SalePrice. Perform data analysis, data preprocessing, feature engineering, and modeling to predict the target. save predictions. Train data: house_prices_advanced_regression_techniques_train, Eval data: house_prices_advanced_regression_techniques_test.",0.8667,21841,2670,195.5612143999897,29.826043797191232,67.49302124977112,41.108421853045,57.13372749998234,"{""edges"": [{""edge_id"": ""18138025451965933227"", ""source_node_id"": ""485"", ""target_node_id"": ""486""}, {""edge_id"": ""2129140871603027801"", ""source_node_id"": ""487"", ""target_node_id"": ""488""}, {""edge_id"": ""15064862265426999976"", ""source_node_id"": ""486"", ""target_node_id"": ""489""}, {""edge_id"": ""11821851205236736644"", ""source_node_id"": ""488"", ""target_node_id"": ""490""}, {""edge_id"": ""12034011936517259815"", ""source_node_id"": ""489"", ""target_node_id"": ""491""}, {""edge_id"": ""11475439750704286632"", ""source_node_id"": ""490"", ""target_node_id"": ""492""}, {""edge_id"": ""1644441902564508163"", ""source_node_id"": ""491"", ""target_node_id"": ""492""}, {""edge_id"": ""14027386434983542919"", ""source_node_id"": ""492"", ""target_node_id"": ""493""}], ""nodes"": [{""node_id"": ""485"", ""widget_name"": ""SQL Table"", ""node_name"": ""训练数据"", ""node_params"": {""data_description"": ""数据集名可能为：train_data，数据集的列可能包括：feature1, feature2, feature3, label"", ""table_name"": ""santander_customer_transaction_prediction_train""}}, {""node_id"": ""486"", ""widget_name"": ""Select Columns"", ""node_name"": ""训练数据列配置"", ""node_params"": {""ignores"": [""ID_code""], ""features"": [""var_0"", ""var_1"", ""var_2"", ""var_3"", ""var_4"", ""var_5"", ""var_6"", ""var_7"", ""var_8"", ""var_9"", ""var_10"", ""var_11"", ""var_12"", ""var_13"", ""var_14"", ""var_15"", ""var_16"", ""var_17""], ""targets"": ""target""}}, {""node_id"": ""487"", ""widget_name"": ""SQL Table"", ""node_name"": ""测试数据"", ""node_params"": {""data_description"": ""数据集名可能为：test_data，数据集的列可能包括：feature1, feature2, feature3"", ""table_name"": ""titanic_test""}}, {""node_id"": ""488"", ""widget_name"": ""Select Columns"", ""node_name"": ""测试数据列配置"", ""node_params"": {""ignores"": [""PassengerId"", ""Name"", ""Ticket"", ""Cabin""], ""features"": [""Pclass"", ""Sex"", ""Age"", ""SibSp"", ""Parch"", ""Fare"", ""Embarked""], ""targets"": ""Survived""}}, {""node_id"": ""489"", ""widget_name"": ""Impute"", ""node_name"": ""训练数据缺失值处理"", ""node_params"": {""method"": 1}}, {""node_id"": ""490"", ""widget_name"": ""Impute"", ""node_name"": ""测试数据缺失值处理"", ""node_params"": {""method"": 1}}, {""node_id"": ""491"", ""widget_name"": ""Linear Regression"", ""node_name"": ""线性回归模型"", ""node_params"": {""regression_type"": ""0""}}, {""node_id"": ""492"", ""widget_name"": ""Predictions"", ""node_name"": ""预测"", ""node_params"": {""output_attrs"": true, ""output_predictions"": true, ""output_probabilities"": false}}, {""node_id"": ""493"", ""widget_name"": ""Save Data"", ""node_name"": ""保存预测结果"", ""node_params"": {}}]}","{""dependency_requirements"": [{""edge_id"": ""2314"", ""source_node_id"": ""2786"", ""target_node_id"": ""408""}, {""edge_id"": ""2315"", ""source_node_id"": ""2787"", ""target_node_id"": ""409""}, {""edge_id"": ""2316"", ""source_node_id"": ""408"", ""target_node_id"": ""410""}, {""edge_id"": ""317"", ""source_node_id"": ""409"", ""target_node_id"": ""411""}, {""edge_id"": ""319"", ""source_node_id"": ""411"", ""target_node_id"": ""413""}, {""edge_id"": ""321"", ""source_node_id"": ""413"", ""target_node_id"": ""414""}, {""edge_id"": ""322"", ""source_node_id"": ""410"", ""target_node_id"": ""413""}, {""edge_id"": ""323"", ""source_node_id"": ""406"", ""target_node_id"": ""2786""}, {""edge_id"": ""324"", ""source_node_id"": ""407"", ""target_node_id"": ""2787""}], ""step_requirements"": [{""node_id"": ""406"", ""algorithm_step_name"": ""Tabular Dataset Loading"", ""node_name"": ""房屋价格训练数据"", ""node_params"": {""table_name"": ""house_prices_advanced_regression_techniques_train"", ""target_column"": ""SalePrice""}, ""contrast_level"": 1, ""node_type"": ""io""}, {""node_id"": ""2786"", ""algorithm_step_name"": ""Select Columns"", ""node_name"": ""Select Columns after loader 406"", ""node_params"": {}, ""contrast_level"": 1, ""node_type"": ""preprocess""}, {""node_id"": ""407"", ""algorithm_step_name"": ""Tabular Dataset Loading"", ""node_name"": ""房屋价格测试数据"", ""node_params"": {""table_name"": ""house_prices_advanced_regression_techniques_test"", ""target_column"": ""SalePrice""}, ""contrast_level"": 1, ""node_type"": ""io""}, {""node_id"": ""2787"", ""algorithm_step_name"": ""Select Columns"", ""node_name"": ""Select Columns after loader 407"", ""node_params"": {}, ""contrast_level"": 1, ""node_type"": ""preprocess""}, {""node_id"": ""408"", ""algorithm_step_name"": ""Missing Value Handling"", ""node_name"": ""训练数据缺失值处理"", ""node_params"": {}, ""contrast_level"": 0, ""node_type"": ""preprocess""}, {""node_id"": ""409"", ""algorithm_step_name"": ""Missing Value Handling"", ""node_name"": ""测试数据缺失值处理"", ""node_params"": {}, ""contrast_level"": 0, ""node_type"": ""preprocess""}, {""node_id"": ""410"", ""algorithm_step_name"": ""One Hot Encoding"", ""node_name"": ""训练数据独热编码"", ""node_params"": {}, ""contrast_level"": 0, ""node_type"": ""feature engineering""}, {""node_id"": ""411"", ""algorithm_step_name"": ""One Hot Encoding"", ""node_name"": ""测试数据独热编码"", ""node_params"": {}, ""contrast_level"": 0, ""node_type"": ""feature engineering""}, {""node_id"": ""413"", ""algorithm_step_name"": ""Test Dataset Predictions"", ""node_name"": ""预测"", ""node_params"": {""output_probabilities"": false}, ""contrast_level"": 1, ""node_type"": ""predict""}, {""node_id"": ""414"", ""algorithm_step_name"": ""Save Data"", ""node_name"": ""保存预测结果"", ""node_params"": {}, ""contrast_level"": 1, ""node_type"": ""io""}]}",0.8421
"This is a customers financial dataset. Your goal is to predict which customers will make a specific transaction in the future. The target column is target. Perform data analysis and modeling to predict the target. save predictions. Train data: santander_customer_transaction_prediction_train, Eval data: santander_customer_transaction_prediction_test.",0.7,29413,2863,515.2392313000164,24.69603199925041,55.041653633117676,363.2659080676385,72.2356376000098,"{""edges"": [{""edge_id"": ""2612027376648858092"", ""source_node_id"": ""494"", ""target_node_id"": ""495""}, {""edge_id"": ""16816254638395961180"", ""source_node_id"": ""496"", ""target_node_id"": ""497""}, {""edge_id"": ""1662237552321226849"", ""source_node_id"": ""495"", ""target_node_id"": ""498""}], ""nodes"": [{""node_id"": ""494"", ""widget_name"": ""SQL Table"", ""node_name"": ""santander_customer_transaction_prediction_train"", ""node_params"": {""data_description"": ""数据集名可能为：santander_train，数据集的列可能包括：target, var_0, var_1, var_2, ... , var_200"", ""table_name"": ""santander_customer_transaction_prediction_train""}}, {""node_id"": ""495"", ""widget_name"": ""Select Columns"", ""node_name"": ""santander_customer_transaction_prediction_train列配置"", ""node_params"": {""ignores"": [""ID_code""], ""features"": [""var_0"", ""var_1"", ""var_2"", ""var_3"", ""var_4"", ""var_5"", ""var_6"", ""var_7"", ""var_8"", ""var_9"", ""var_10"", ""var_11"", ""var_12"", ""var_13"", ""var_14"", ""var_15"", ""var_16"", ""var_17""], ""targets"": ""target""}}, {""node_id"": ""496"", ""widget_name"": ""SQL Table"", ""node_name"": ""santander_customer_transaction_prediction_test"", ""node_params"": {""data_description"": ""数据集名可能为：santander_test，数据集的列可能包括：var_0, var_1, var_2, ... , var_200"", ""table_name"": ""santander_customer_transaction_prediction_test""}}, {""node_id"": ""497"", ""widget_name"": ""Select Columns"", ""node_name"": ""santander_customer_transaction_prediction_test列配置"", ""node_params"": {""ignores"": [], ""features"": [""var_0"", ""var_1"", ""var_2"", ""var_3"", ""var_4"", ""var_5"", ""var_6"", ""var_7"", ""var_8"", ""var_9"", ""var_10"", ""var_11"", ""var_12"", ""var_13"", ""var_14"", ""var_15"", ""var_16"", ""var_17""], ""targets"": ""target""}}, {""node_id"": ""498"", ""widget_name"": ""Random Forest"", ""node_name"": ""随机森林模型"", ""node_params"": {""n_estimators"": 10, ""use_max_features"": false, ""max_features"": ""auto"", ""use_random_state"": false, ""use_max_depth"": false, ""max_depth"": 3, ""use_min_samples_split"": true, ""min_samples_split"": 2}}, {""node_id"": ""501"", ""widget_name"": ""Predictions"", ""node_name"": ""预测"", ""node_params"": {""output_attrs"": true, ""output_predictions"": true, ""output_probabilities"": true}}]}","{""dependency_requirements"": [{""edge_id"": ""2317"", ""source_node_id"": ""421"", ""target_node_id"": ""418""}, {""edge_id"": ""325"", ""source_node_id"": ""418"", ""target_node_id"": ""419""}, {""edge_id"": ""326"", ""source_node_id"": ""420"", ""target_node_id"": ""418""}, {""edge_id"": ""327"", ""source_node_id"": ""415"", ""target_node_id"": ""420""}, {""edge_id"": ""328"", ""source_node_id"": ""416"", ""target_node_id"": ""421""}], ""step_requirements"": [{""node_id"": ""415"", ""algorithm_step_name"": ""Tabular Dataset Loading"", ""node_name"": ""桑坦德客户交易预测训练数据"", ""node_params"": {""table_name"": ""santander_customer_transaction_prediction_train"", ""target_column"": ""target""}, ""contrast_level"": 1, ""node_type"": ""io""}, {""node_id"": ""420"", ""algorithm_step_name"": ""Select Columns"", ""node_name"": ""Select Columns after loader 415"", ""node_params"": {}, ""contrast_level"": 1, ""node_type"": ""preprocess""}, {""node_id"": ""416"", ""algorithm_step_name"": ""Tabular Dataset Loading"", ""node_name"": ""桑坦德客户交易预测测试数据"", ""node_params"": {""table_name"": ""santander_customer_transaction_prediction_test"", ""target_column"": ""target""}, ""contrast_level"": 1, ""node_type"": ""io""}, {""node_id"": ""421"", ""algorithm_step_name"": ""Select Columns"", ""node_name"": ""Select Columns after loader 416"", ""node_params"": {}, ""contrast_level"": 1, ""node_type"": ""preprocess""}, {""node_id"": ""418"", ""algorithm_step_name"": ""Test Dataset Predictions"", ""node_name"": ""预测"", ""node_params"": {""output_probabilities"": true}, ""contrast_level"": 1, ""node_type"": ""predict""}, {""node_id"": ""419"", ""algorithm_step_name"": ""Save Data"", ""node_name"": ""保存预测结果"", ""node_params"": {}, ""contrast_level"": 1, ""node_type"": ""io""}]}",0.6667
"This is a medical dataset with over fifty anonymized health characteristics linked to three age-related conditions. Your goal is to predict whether a subject has or has not been diagnosed with one of these conditions. The target column is Class. Perform data analysis, data preprocessing, and modeling to predict the target. save predictions. Train data: icr_identify_age_related_conditions_train, Eval data: icr_identify_age_related_conditions_test",1.0,28033,4276,279.70708490000106,29.94377470598556,59.51666212081909,40.06987737317104,150.17677070002537,"{""edges"": [{""edge_id"": ""8766475983837565964"", ""source_node_id"": ""502"", ""target_node_id"": ""503""}, {""edge_id"": ""10007540163112991306"", ""source_node_id"": ""504"", ""target_node_id"": ""505""}, {""edge_id"": ""4211287975998110990"", ""source_node_id"": ""503"", ""target_node_id"": ""506""}, {""edge_id"": ""11726620763241881729"", ""source_node_id"": ""505"", ""target_node_id"": ""507""}, {""edge_id"": ""10637006604526779854"", ""source_node_id"": ""506"", ""target_node_id"": ""508""}, {""edge_id"": ""4207134173761669868"", ""source_node_id"": ""507"", ""target_node_id"": ""509""}, {""edge_id"": ""14632787727567145155"", ""source_node_id"": ""508"", ""target_node_id"": ""509""}, {""edge_id"": ""14554644514855339574"", ""source_node_id"": ""509"", ""target_node_id"": ""510""}], ""nodes"": [{""node_id"": ""502"", ""widget_name"": ""SQL Table"", ""node_name"": ""训练数据集 icr_identify_age_related_conditions_train"", ""node_params"": {""data_description"": ""数据集名可能为：icr_identify_age_related_conditions_train，数据集的列可能包括：age, condition, related"", ""table_name"": ""icr_identify_age_related_conditions_train""}}, {""node_id"": ""503"", ""widget_name"": ""Select Columns"", ""node_name"": ""训练数据集 icr_identify_age_related_conditions_train列配置"", ""node_params"": {""ignores"": [""Id""], ""features"": [""AB"", ""AF"", ""AH"", ""AM"", ""AR"", ""AX"", ""AY"", ""AZ"", ""BC"", ""BD"", ""BN"", ""BP"", ""BQ"", ""BR"", ""BZ"", ""CB"", ""CC"", ""CD"", ""CF"", ""CH"", ""CL"", ""CR"", ""CS"", ""CU"", ""CW"", ""DA"", ""DE"", ""DF"", ""DH"", ""DI"", ""DL"", ""DN"", ""DU"", ""DV"", ""DY"", ""EB"", ""EE"", ""EG"", ""EH"", ""EJ"", ""EL"", ""EP"", ""EU"", ""FC"", ""FD"", ""FE"", ""FI"", ""FL"", ""FR"", ""FS"", ""GB"", ""GE"", ""GF"", ""GH"", ""GI"", ""GL""], ""targets"": ""Class""}}, {""node_id"": ""504"", ""widget_name"": ""SQL Table"", ""node_name"": ""测试数据集 icr_identify_age_related_conditions_test"", ""node_params"": {""data_description"": ""数据集名可能为：icr_identify_age_related_conditions_test，数据集的列可能包括：age, condition, related"", ""table_name"": ""icr_identify_age_related_conditions_test""}}, {""node_id"": ""505"", ""widget_name"": ""Select Columns"", ""node_name"": ""测试数据集 icr_identify_age_related_conditions_test列配置"", ""node_params"": {""ignores"": [""Id""], ""features"": [""AB"", ""AF"", ""AH"", ""AM"", ""AR"", ""AX"", ""AY"", ""AZ"", ""BC"", ""BD"", ""BN"", ""BP"", ""BQ"", ""BR"", ""BZ"", ""CB"", ""CC"", ""CD"", ""CF"", ""CH"", ""CL"", ""CR"", ""CS"", ""CU"", ""CW"", ""DA"", ""DE"", ""DF"", ""DH"", ""DI"", ""DL"", ""DN"", ""DU"", ""DV"", ""DY"", ""EB"", ""EE"", ""EG"", ""EH"", ""EJ"", ""EL"", ""EP"", ""EU"", ""FC"", ""FD"", ""FE"", ""FI"", ""FL"", ""FR"", ""FS"", ""GB"", ""GE"", ""GF"", ""GH"", ""GI"", ""GL""], ""targets"": ""Class""}}, {""node_id"": ""506"", ""widget_name"": ""Impute"", ""node_name"": ""训练数据缺失值处理"", ""node_params"": {""method"": 1}}, {""node_id"": ""507"", ""widget_name"": ""Impute"", ""node_name"": ""测试数据缺失值处理"", ""node_params"": {""method"": 1}}, {""node_id"": ""508"", ""widget_name"": ""Random Forest"", ""node_name"": ""随机森林模型"", ""node_params"": {""n_estimators"": 10, ""use_max_features"": false, ""max_features"": ""auto"", ""use_random_state"": false, ""use_max_depth"": false, ""max_depth"": 3, ""use_min_samples_split"": true, ""min_samples_split"": 2}}, {""node_id"": ""509"", ""widget_name"": ""Predictions"", ""node_name"": ""预测"", ""node_params"": {""output_attrs"": true, ""output_predictions"": true, ""output_probabilities"": true}}, {""node_id"": ""510"", ""widget_name"": ""Save Data"", ""node_name"": ""保存预测结果"", ""node_params"": {}}]}","{""dependency_requirements"": [{""edge_id"": ""484"", ""source_node_id"": ""2788"", ""target_node_id"": ""661""}, {""edge_id"": ""485"", ""source_node_id"": ""2789"", ""target_node_id"": ""662""}, {""edge_id"": ""487"", ""source_node_id"": ""662"", ""target_node_id"": ""664""}, {""edge_id"": ""489"", ""source_node_id"": ""664"", ""target_node_id"": ""665""}, {""edge_id"": ""490"", ""source_node_id"": ""661"", ""target_node_id"": ""664""}, {""edge_id"": ""491"", ""source_node_id"": ""659"", ""target_node_id"": ""2788""}, {""edge_id"": ""492"", ""source_node_id"": ""660"", ""target_node_id"": ""2789""}], ""step_requirements"": [{""node_id"": ""659"", ""algorithm_step_name"": ""Tabular Dataset Loading"", ""node_name"": ""icr_identify_age_related_conditions_train"", ""node_params"": {""table_name"": ""icr_identify_age_related_conditions_train"", ""target_column"": ""Class""}, ""contrast_level"": 1, ""node_type"": ""io""}, {""node_id"": ""2788"", ""algorithm_step_name"": ""Select Columns"", ""node_name"": ""Select Columns after loader 659"", ""node_params"": {}, ""contrast_level"": 1, ""node_type"": ""preprocess""}, {""node_id"": ""660"", ""algorithm_step_name"": ""Tabular Dataset Loading"", ""node_name"": ""icr_identify_age_related_conditions_test"", ""node_params"": {""table_name"": ""icr_identify_age_related_conditions_test"", ""target_column"": ""Class""}, ""contrast_level"": 1, ""node_type"": ""io""}, {""node_id"": ""2789"", ""algorithm_step_name"": ""Select Columns"", ""node_name"": ""Select Columns after loader 660"", ""node_params"": {}, ""contrast_level"": 1, ""node_type"": ""preprocess""}, {""node_id"": ""661"", ""algorithm_step_name"": ""Missing Value Handling"", ""node_name"": ""训练数据缺失值处理"", ""node_params"": {}, ""contrast_level"": 0, ""node_type"": ""preprocess""}, {""node_id"": ""662"", ""algorithm_step_name"": ""Missing Value Handling"", ""node_name"": ""测试数据缺失值处理"", ""node_params"": {}, ""contrast_level"": 0, ""node_type"": ""preprocess""}, {""node_id"": ""664"", ""algorithm_step_name"": ""Test Dataset Predictions"", ""node_name"": ""预测"", ""node_params"": {""output_probabilities"": true}, ""contrast_level"": 1, ""node_type"": ""predict""}, {""node_id"": ""665"", ""algorithm_step_name"": ""Save Data"", ""node_name"": ""保存预测结果"", ""node_params"": {}, ""contrast_level"": 1, ""node_type"": ""io""}]}",0.9412
"This is a customers financial dataset. Your goal is to predict the value of transactions for each potential customer. The target column is target. Perform data analysis and modeling to predict the target. save predictions. Train data: santander_value_prediction_challenge_train, Eval data: santander_value_prediction_challenge_test",0.7,29375,2763,444.5204850999871,24.444193777278997,52.244755029678345,302.2158454930177,65.61569080001209,"{""edges"": [{""edge_id"": ""5260033868959053048"", ""source_node_id"": ""511"", ""target_node_id"": ""512""}, {""edge_id"": ""17368745009583656632"", ""source_node_id"": ""513"", ""target_node_id"": ""514""}, {""edge_id"": ""9612610154284646242"", ""source_node_id"": ""512"", ""target_node_id"": ""515""}], ""nodes"": [{""node_id"": ""511"", ""widget_name"": ""SQL Table"", ""node_name"": ""santander_value_prediction_challenge_train"", ""node_params"": {""data_description"": ""数据集名可能为：santander_train，数据集的列可能包括：var_0, var_1, var_2, ..., var_199, target"", ""table_name"": ""santander_customer_transaction_prediction_train""}}, {""node_id"": ""512"", ""widget_name"": ""Select Columns"", ""node_name"": ""santander_value_prediction_challenge_train列配置"", ""node_params"": {""ignores"": [""ID_code""], ""features"": [""var_0"", ""var_1"", ""var_2"", ""var_3"", ""var_4"", ""var_5"", ""var_6"", ""var_7"", ""var_8"", ""var_9"", ""var_10"", ""var_11"", ""var_12"", ""var_13"", ""var_14"", ""var_15"", ""var_16"", ""var_17""], ""targets"": ""target""}}, {""node_id"": ""513"", ""widget_name"": ""SQL Table"", ""node_name"": ""santander_value_prediction_challenge_test"", ""node_params"": {""data_description"": ""数据集名可能为：santander_test，数据集的列可能包括：var_0, var_1, var_2, ..., var_199"", ""table_name"": ""santander_customer_transaction_prediction_test""}}, {""node_id"": ""514"", ""widget_name"": ""Select Columns"", ""node_name"": ""santander_value_prediction_challenge_test列配置"", ""node_params"": {""ignores"": [], ""features"": [""var_0"", ""var_1"", ""var_2"", ""var_3"", ""var_4"", ""var_5"", ""var_6"", ""var_7"", ""var_8"", ""var_9"", ""var_10"", ""var_11"", ""var_12"", ""var_13"", ""var_14"", ""var_15"", ""var_16"", ""var_17""], ""targets"": ""target""}}, {""node_id"": ""515"", ""widget_name"": ""Random Forest"", ""node_name"": ""随机森林模型"", ""node_params"": {""n_estimators"": 10, ""use_max_features"": false, ""max_features"": ""auto"", ""use_random_state"": false, ""use_max_depth"": false, ""max_depth"": 3, ""use_min_samples_split"": true, ""min_samples_split"": 2}}, {""node_id"": ""518"", ""widget_name"": ""Predictions"", ""node_name"": ""预测"", ""node_params"": {""output_attrs"": true, ""output_predictions"": true, ""output_probabilities"": false}}]}","{""dependency_requirements"": [{""edge_id"": ""2318"", ""source_node_id"": ""672"", ""target_node_id"": ""669""}, {""edge_id"": ""493"", ""source_node_id"": ""669"", ""target_node_id"": ""670""}, {""edge_id"": ""494"", ""source_node_id"": ""671"", ""target_node_id"": ""669""}, {""edge_id"": ""495"", ""source_node_id"": ""666"", ""target_node_id"": ""671""}, {""edge_id"": ""496"", ""source_node_id"": ""667"", ""target_node_id"": ""672""}], ""step_requirements"": [{""node_id"": ""666"", ""algorithm_step_name"": ""Tabular Dataset Loading"", ""node_name"": ""桑坦德价值预测挑战训练数据"", ""node_params"": {""table_name"": ""santander_value_prediction_challenge_train"", ""target_column"": ""target""}, ""contrast_level"": 1, ""node_type"": ""io""}, {""node_id"": ""671"", ""algorithm_step_name"": ""Select Columns"", ""node_name"": ""Select Columns after loader 666"", ""node_params"": {}, ""contrast_level"": 1, ""node_type"": ""preprocess""}, {""node_id"": ""667"", ""algorithm_step_name"": ""Tabular Dataset Loading"", ""node_name"": ""桑坦德价值预测挑战测试数据"", ""node_params"": {""table_name"": ""santander_value_prediction_challenge_test"", ""target_column"": ""target""}, ""contrast_level"": 1, ""node_type"": ""io""}, {""node_id"": ""672"", ""algorithm_step_name"": ""Select Columns"", ""node_name"": ""Select Columns after loader 667"", ""node_params"": {}, ""contrast_level"": 1, ""node_type"": ""preprocess""}, {""node_id"": ""669"", ""algorithm_step_name"": ""Test Dataset Predictions"", ""node_name"": ""预测"", ""node_params"": {""output_probabilities"": false}, ""contrast_level"": 1, ""node_type"": ""predict""}, {""node_id"": ""670"", ""algorithm_step_name"": ""Save Data"", ""node_name"": ""保存预测结果"", ""node_params"": {}, ""contrast_level"": 1, ""node_type"": ""io""}]}",0.6667
"Run data analysis on Iris example dataset, include a plot",0.3333,2003,305,20.268477000005078,16.945991553075146,0.0008749961853027344,3.321610450744629,0.0,"{""edges"": [], ""nodes"": [{""node_id"": ""519"", ""widget_name"": ""File"", ""node_name"": ""加载Iris示例数据集"", ""node_params"": {""type"": ""sample"", ""filename"": ""iris.csv""}}]}","{""dependency_requirements"": [{""edge_id"": ""257"", ""source_node_id"": ""356"", ""target_node_id"": ""355""}, {""edge_id"": ""258"", ""source_node_id"": ""353"", ""target_node_id"": ""356""}], ""step_requirements"": [{""node_id"": ""353"", ""algorithm_step_name"": ""Tabular Dataset Loading"", ""node_name"": ""文件加载节点"", ""node_params"": {""type"": ""sample"", ""filename"": ""iris.csv""}, ""contrast_level"": 1, ""node_type"": ""io""}, {""node_id"": ""356"", ""algorithm_step_name"": ""Select Columns"", ""node_name"": ""Select Columns after loader 353"", ""node_params"": {}, ""contrast_level"": 1, ""node_type"": ""preprocess""}, {""node_id"": ""355"", ""algorithm_step_name"": ""Scatter Plot"", ""node_name"": ""散点图"", ""node_params"": {}, ""contrast_level"": 0, ""node_type"": ""visualize""}]}",0.5
"Run data analysis on Wine recognition example dataset, include a plot, and train a model to predict wine class with 20% as test set, and save predictions.",0.1667,6094,461,31.350394500012044,24.301582587475423,0.0005040168762207031,7.0483078956604,0.0,"{""edges"": [], ""nodes"": [{""node_id"": ""520"", ""widget_name"": ""File"", ""node_name"": ""文件加载节点"", ""node_params"": {""type"": ""sample"", ""filename"": ""iris.csv""}}]}","{""dependency_requirements"": [{""edge_id"": ""277"", ""source_node_id"": ""383"", ""target_node_id"": ""374""}, {""edge_id"": ""283"", ""source_node_id"": ""378"", ""target_node_id"": ""379""}, {""edge_id"": ""286"", ""source_node_id"": ""383"", ""target_node_id"": ""382""}, {""edge_id"": ""287"", ""source_node_id"": ""374"", ""target_node_id"": ""378""}, {""edge_id"": ""289"", ""source_node_id"": ""373"", ""target_node_id"": ""383""}], ""step_requirements"": [{""node_id"": ""373"", ""algorithm_step_name"": ""Tabular Dataset Loading"", ""node_name"": ""文件加载节点"", ""node_params"": {""type"": ""sample"", ""filename"": ""wine.csv""}, ""contrast_level"": 1, ""node_type"": ""io""}, {""node_id"": ""383"", ""algorithm_step_name"": ""Select Columns"", ""node_name"": ""Select Columns after loader 373"", ""node_params"": {}, ""contrast_level"": 1, ""node_type"": ""preprocess""}, {""node_id"": ""374"", ""algorithm_step_name"": ""Dataset Division"", ""node_name"": ""数据划分"", ""node_params"": {""sampling_type"": 0, ""percentage"": 20}, ""contrast_level"": 1, ""node_type"": ""preprocess""}, {""node_id"": ""378"", ""algorithm_step_name"": ""Test Dataset Predictions"", ""node_name"": ""预测"", ""node_params"": {""output_probabilities"": true}, ""contrast_level"": 1, ""node_type"": ""predict""}, {""node_id"": ""379"", ""algorithm_step_name"": ""Save Data"", ""node_name"": ""保存预测结果"", ""node_params"": {}, ""contrast_level"": 1, ""node_type"": ""io""}, {""node_id"": ""382"", ""algorithm_step_name"": ""Line Chart"", ""node_name"": ""折线图"", ""node_params"": {}, ""contrast_level"": 0, ""node_type"": ""visualize""}]}",0.2857
"Run data analysis on sklearn Wisconsin Breast Cancer example dataset, include a plot, train a model to predict targets (20% as validation), and save predictions.",0.4286,31773,2073,152.53097749996232,34.62184811878251,64.82310366630554,53.08602571487427,0.0,"{""edges"": [{""edge_id"": ""18326538711797439189"", ""source_node_id"": ""522"", ""target_node_id"": ""524""}, {""edge_id"": ""13576232773738235713"", ""source_node_id"": ""522"", ""target_node_id"": ""526""}, {""edge_id"": ""14558177457800313221"", ""source_node_id"": ""524"", ""target_node_id"": ""526""}, {""edge_id"": ""1683810864218785639"", ""source_node_id"": ""526"", ""target_node_id"": ""527""}], ""nodes"": [{""node_id"": ""522"", ""widget_name"": ""File"", ""node_name"": ""威斯康星乳腺癌数据集"", ""node_params"": {""type"": ""sample"", ""filename"": ""titanic.csv""}}, {""node_id"": ""524"", ""widget_name"": ""Random Forest"", ""node_name"": ""随机森林模型"", ""node_params"": {""n_estimators"": 10, ""use_max_features"": false, ""max_features"": ""auto"", ""use_random_state"": false, ""use_max_depth"": false, ""max_depth"": 3, ""use_min_samples_split"": true, ""min_samples_split"": 2}}, {""node_id"": ""525"", ""widget_name"": ""Predictions"", ""node_name"": ""预测"", ""node_params"": {""output_attrs"": true, ""output_predictions"": true, ""output_probabilities"": false}}, {""node_id"": ""526"", ""widget_name"": ""Predictions"", ""node_name"": ""预测"", ""node_params"": {""output_attrs"": true, ""output_predictions"": true, ""output_probabilities"": false}}, {""node_id"": ""527"", ""widget_name"": ""Save Data"", ""node_name"": ""保存预测结果"", ""node_params"": {}}]}","{""dependency_requirements"": [{""edge_id"": ""299"", ""source_node_id"": ""392"", ""target_node_id"": ""394""}, {""edge_id"": ""301"", ""source_node_id"": ""394"", ""target_node_id"": ""395""}, {""edge_id"": ""304"", ""source_node_id"": ""2783"", ""target_node_id"": ""396""}, {""edge_id"": ""305"", ""source_node_id"": ""2783"", ""target_node_id"": ""392""}, {""edge_id"": ""306"", ""source_node_id"": ""390"", ""target_node_id"": ""2783""}], ""step_requirements"": [{""node_id"": ""390"", ""algorithm_step_name"": ""Tabular Dataset Loading"", ""node_name"": ""威斯康星乳腺癌数据集"", ""node_params"": {""type"": ""sample"", ""filename"": ""breast_cancer.csv""}, ""contrast_level"": 1, ""node_type"": ""io""}, {""node_id"": ""2783"", ""algorithm_step_name"": ""Select Columns"", ""node_name"": ""Select Columns after loader 390"", ""node_params"": {}, ""contrast_level"": 1, ""node_type"": ""preprocess""}, {""node_id"": ""392"", ""algorithm_step_name"": ""Dataset Division"", ""node_name"": ""数据划分"", ""node_params"": {""percentage"": 20}, ""contrast_level"": 1, ""node_type"": ""preprocess""}, {""node_id"": ""394"", ""algorithm_step_name"": ""Test Dataset Predictions"", ""node_name"": ""预测"", ""node_params"": {""output_probabilities"": true}, ""contrast_level"": 1, ""node_type"": ""predict""}, {""node_id"": ""395"", ""algorithm_step_name"": ""Save Data"", ""node_name"": ""保存预测结果"", ""node_params"": {}, ""contrast_level"": 1, ""node_type"": ""io""}, {""node_id"": ""396"", ""algorithm_step_name"": ""Correlogram"", ""node_name"": ""相关性热图"", ""node_params"": {}, ""contrast_level"": 0, ""node_type"": ""visualize""}]}",0.5455
"This is a titanic passenger survival dataset, your goal is to predict passenger survival outcome. The target column is Survived. Perform data analysis, data preprocessing, feature engineering, and modeling to predict the target. save predictions. Train data: titanic_train, Eval data: titanic_test.",0.8667,20458,2396,169.09065349999582,29.405894836818334,60.73656964302063,37.78901132015744,41.15917769999942,"{""edges"": [{""edge_id"": ""3281956661245235087"", ""source_node_id"": ""528"", ""target_node_id"": ""529""}, {""edge_id"": ""6895713236659869233"", ""source_node_id"": ""530"", ""target_node_id"": ""531""}, {""edge_id"": ""4504059848338323041"", ""source_node_id"": ""529"", ""target_node_id"": ""532""}, {""edge_id"": ""6976011050018620696"", ""source_node_id"": ""531"", ""target_node_id"": ""533""}, {""edge_id"": ""1833228325652144734"", ""source_node_id"": ""532"", ""target_node_id"": ""534""}, {""edge_id"": ""5416497417953113980"", ""source_node_id"": ""533"", ""target_node_id"": ""535""}, {""edge_id"": ""1395906779511356291"", ""source_node_id"": ""534"", ""target_node_id"": ""535""}, {""edge_id"": ""15811040659284316003"", ""source_node_id"": ""535"", ""target_node_id"": ""536""}], ""nodes"": [{""node_id"": ""528"", ""widget_name"": ""SQL Table"", ""node_name"": ""泰坦尼克号训练数据"", ""node_params"": {""data_description"": ""数据集名可能为：titanic_train，数据集的列可能包括：Pclass, Sex, Age, SibSp, Parch, Fare"", ""table_name"": ""titanic_train""}}, {""node_id"": ""529"", ""widget_name"": ""Select Columns"", ""node_name"": ""泰坦尼克号训练数据列配置"", ""node_params"": {""ignores"": [""PassengerId"", ""Name"", ""Ticket"", ""Cabin""], ""features"": [""Pclass"", ""Sex"", ""Age"", ""SibSp"", ""Parch"", ""Fare"", ""Embarked""], ""targets"": ""Survived""}}, {""node_id"": ""530"", ""widget_name"": ""SQL Table"", ""node_name"": ""泰坦尼克号测试数据"", ""node_params"": {""data_description"": ""数据集名可能为：titanic_test，数据集的列可能包括：Pclass, Sex, Age, SibSp, Parch, Fare"", ""table_name"": ""titanic_test""}}, {""node_id"": ""531"", ""widget_name"": ""Select Columns"", ""node_name"": ""泰坦尼克号测试数据列配置"", ""node_params"": {""ignores"": [""PassengerId"", ""Name"", ""Ticket"", ""Cabin""], ""features"": [""Pclass"", ""Sex"", ""Age"", ""SibSp"", ""Parch"", ""Fare"", ""Embarked""], ""targets"": ""Survived""}}, {""node_id"": ""532"", ""widget_name"": ""Impute"", ""node_name"": ""训练数据缺失值处理"", ""node_params"": {""method"": 1}}, {""node_id"": ""533"", ""widget_name"": ""Impute"", ""node_name"": ""测试数据缺失值处理"", ""node_params"": {""method"": 1}}, {""node_id"": ""534"", ""widget_name"": ""Random Forest"", ""node_name"": ""随机森林模型"", ""node_params"": {""n_estimators"": 10, ""use_max_features"": false, ""max_features"": ""auto"", ""use_random_state"": false, ""use_max_depth"": false, ""max_depth"": 3, ""use_min_samples_split"": true, ""min_samples_split"": 2}}, {""node_id"": ""535"", ""widget_name"": ""Predictions"", ""node_name"": ""预测"", ""node_params"": {""output_attrs"": true, ""output_predictions"": true, ""output_probabilities"": true}}, {""node_id"": ""536"", ""widget_name"": ""Save Data"", ""node_name"": ""保存预测结果"", ""node_params"": {}}]}","{""dependency_requirements"": [{""edge_id"": ""2313"", ""source_node_id"": ""2784"", ""target_node_id"": ""399""}, {""edge_id"": ""307"", ""source_node_id"": ""2785"", ""target_node_id"": ""400""}, {""edge_id"": ""308"", ""source_node_id"": ""399"", ""target_node_id"": ""401""}, {""edge_id"": ""309"", ""source_node_id"": ""400"", ""target_node_id"": ""402""}, {""edge_id"": ""311"", ""source_node_id"": ""402"", ""target_node_id"": ""404""}, {""edge_id"": ""313"", ""source_node_id"": ""404"", ""target_node_id"": ""405""}, {""edge_id"": ""314"", ""source_node_id"": ""401"", ""target_node_id"": ""404""}, {""edge_id"": ""315"", ""source_node_id"": ""397"", ""target_node_id"": ""2784""}, {""edge_id"": ""316"", ""source_node_id"": ""398"", ""target_node_id"": ""2785""}], ""step_requirements"": [{""node_id"": ""397"", ""algorithm_step_name"": ""Tabular Dataset Loading"", ""node_name"": ""泰坦尼克号训练数据"", ""node_params"": {""table_name"": ""titanic_train"", ""target_column"": ""Survived""}, ""contrast_level"": 1, ""node_type"": ""io""}, {""node_id"": ""2784"", ""algorithm_step_name"": ""Select Columns"", ""node_name"": ""Select Columns after loader 397"", ""node_params"": {}, ""contrast_level"": 1, ""node_type"": ""preprocess""}, {""node_id"": ""398"", ""algorithm_step_name"": ""Tabular Dataset Loading"", ""node_name"": ""泰坦尼克号测试数据"", ""node_params"": {""table_name"": ""titanic_test"", ""target_column"": ""Survived""}, ""contrast_level"": 1, ""node_type"": ""io""}, {""node_id"": ""2785"", ""algorithm_step_name"": ""Select Columns"", ""node_name"": ""Select Columns after loader 398"", ""node_params"": {}, ""contrast_level"": 1, ""node_type"": ""preprocess""}, {""node_id"": ""399"", ""algorithm_step_name"": ""Missing Value Handling"", ""node_name"": ""训练数据缺失值处理"", ""node_params"": {}, ""contrast_level"": 0, ""node_type"": ""preprocess""}, {""node_id"": ""400"", ""algorithm_step_name"": ""Missing Value Handling"", ""node_name"": ""测试数据缺失值处理"", ""node_params"": {}, ""contrast_level"": 0, ""node_type"": ""preprocess""}, {""node_id"": ""401"", ""algorithm_step_name"": ""One Hot Encoding"", ""node_name"": ""训练数据独热编码"", ""node_params"": {}, ""contrast_level"": 0, ""node_type"": ""feature engineering""}, {""node_id"": ""402"", ""algorithm_step_name"": ""One Hot Encoding"", ""node_name"": ""测试数据独热编码"", ""node_params"": {}, ""contrast_level"": 0, ""node_type"": ""feature engineering""}, {""node_id"": ""404"", ""algorithm_step_name"": ""Test Dataset Predictions"", ""node_name"": ""预测"", ""node_params"": {""output_probabilities"": true}, ""contrast_level"": 1, ""node_type"": ""predict""}, {""node_id"": ""405"", ""algorithm_step_name"": ""Save Data"", ""node_name"": ""保存预测结果"", ""node_params"": {}, ""contrast_level"": 1, ""node_type"": ""io""}]}",0.8421
"This is a house price dataset, your goal is to predict the sale price of a property based on its features. The target column is SalePrice. Perform data analysis, data preprocessing, feature engineering, and modeling to predict the target. save predictions. Train data: house_prices_advanced_regression_techniques_train, Eval data: house_prices_advanced_regression_techniques_test.",0.7857,50184,4427,551.4600854999735,25.614392150135245,61.98436999320984,314.9672576566227,148.89406570000574,"{""edges"": [{""edge_id"": ""15042849606304482031"", ""source_node_id"": ""537"", ""target_node_id"": ""538""}, {""edge_id"": ""8738281040377003489"", ""source_node_id"": ""539"", ""target_node_id"": ""540""}, {""edge_id"": ""4818322982766702022"", ""source_node_id"": ""538"", ""target_node_id"": ""541""}, {""edge_id"": ""11924137569044877053"", ""source_node_id"": ""540"", ""target_node_id"": ""542""}, {""edge_id"": ""4061256697341516873"", ""source_node_id"": ""541"", ""target_node_id"": ""543""}], ""nodes"": [{""node_id"": ""537"", ""widget_name"": ""SQL Table"", ""node_name"": ""训练数据"", ""node_params"": {""data_description"": ""数据集名可能为：train_data，数据集的列可能包括：feature1, feature2, feature3, label"", ""table_name"": ""santander_customer_transaction_prediction_train""}}, {""node_id"": ""538"", ""widget_name"": ""Select Columns"", ""node_name"": ""训练数据列配置"", ""node_params"": {""ignores"": [""ID_code""], ""features"": [""var_0"", ""var_1"", ""var_2"", ""var_3"", ""var_4"", ""var_5"", ""var_6"", ""var_7"", ""var_8"", ""var_9"", ""var_10"", ""var_11"", ""var_12"", ""var_13"", ""var_14"", ""var_15"", ""var_16"", ""var_17""], ""targets"": ""target""}}, {""node_id"": ""539"", ""widget_name"": ""SQL Table"", ""node_name"": ""测试数据"", ""node_params"": {""data_description"": ""数据集名可能为：test_data，数据集的列可能包括：feature1, feature2, feature3"", ""table_name"": ""house_prices_advanced_regression_techniques_test""}}, {""node_id"": ""540"", ""widget_name"": ""Select Columns"", ""node_name"": ""测试数据列配置"", ""node_params"": {""ignores"": [""Id""], ""features"": [""MSSubClass"", ""MSZoning"", ""LotFrontage"", ""LotArea"", ""Street"", ""Alley"", ""LotShape"", ""LandContour"", ""Utilities"", ""LotConfig"", ""LandSlope"", ""Neighborhood"", ""Condition1"", ""Condition2"", ""BldgType"", ""HouseStyle"", ""OverallQual"", ""OverallCond"", ""YearBuilt"", ""YearRemodAdd"", ""RoofStyle"", ""RoofMatl"", ""Exterior1st"", ""Exterior2nd"", ""MasVnrType"", ""MasVnrArea"", ""ExterQual"", ""ExterCond"", ""Foundation"", ""BsmtQual"", ""BsmtCond"", ""BsmtExposure"", ""BsmtFinType1"", ""BsmtFinSF1"", ""BsmtFinType2"", ""BsmtFinSF2"", ""BsmtUnfSF"", ""TotalBsmtSF"", ""Heating"", ""HeatingQC"", ""CentralAir"", ""Electrical"", ""1stFlrSF"", ""2ndFlrSF"", ""LowQualFinSF"", ""GrLivArea"", ""BsmtFullBath"", ""BsmtHalfBath"", ""FullBath"", ""HalfBath"", ""BedroomAbvGr"", ""KitchenAbvGr"", ""KitchenQual"", ""TotRmsAbvGrd"", ""Functional"", ""Fireplaces"", ""FireplaceQu"", ""GarageType"", ""GarageYrBlt"", ""GarageFinish"", ""GarageCars"", ""GarageArea"", ""GarageQual"", ""GarageCond"", ""PavedDrive"", ""WoodDeckSF"", ""OpenPorchSF"", ""EnclosedPorch"", ""3SsnPorch"", ""ScreenPorch"", ""PoolArea"", ""PoolQC"", ""Fence"", ""MiscFeature"", ""MiscVal"", ""MoSold"", ""YrSold"", ""SaleType"", ""SaleCondition""], ""targets"": ""SalePrice""}}, {""node_id"": ""541"", ""widget_name"": ""Impute"", ""node_name"": ""训练数据缺失值处理"", ""node_params"": {""method"": 1}}, {""node_id"": ""542"", ""widget_name"": ""Impute"", ""node_name"": ""测试数据缺失值处理"", ""node_params"": {""method"": 1}}, {""node_id"": ""543"", ""widget_name"": ""Random Forest"", ""node_name"": ""随机森林模型"", ""node_params"": {""n_estimators"": 10, ""use_max_features"": false, ""max_features"": ""auto"", ""use_random_state"": false, ""use_max_depth"": false, ""max_depth"": 3, ""use_min_samples_split"": true, ""min_samples_split"": 2}}, {""node_id"": ""546"", ""widget_name"": ""Predictions"", ""node_name"": ""预测"", ""node_params"": {""output_attrs"": true, ""output_predictions"": true, ""output_probabilities"": false}}]}","{""dependency_requirements"": [{""edge_id"": ""2314"", ""source_node_id"": ""2786"", ""target_node_id"": ""408""}, {""edge_id"": ""2315"", ""source_node_id"": ""2787"", ""target_node_id"": ""409""}, {""edge_id"": ""2316"", ""source_node_id"": ""408"", ""target_node_id"": ""410""}, {""edge_id"": ""317"", ""source_node_id"": ""409"", ""target_node_id"": ""411""}, {""edge_id"": ""319"", ""source_node_id"": ""411"", ""target_node_id"": ""413""}, {""edge_id"": ""321"", ""source_node_id"": ""413"", ""target_node_id"": ""414""}, {""edge_id"": ""322"", ""source_node_id"": ""410"", ""target_node_id"": ""413""}, {""edge_id"": ""323"", ""source_node_id"": ""406"", ""target_node_id"": ""2786""}, {""edge_id"": ""324"", ""source_node_id"": ""407"", ""target_node_id"": ""2787""}], ""step_requirements"": [{""node_id"": ""406"", ""algorithm_step_name"": ""Tabular Dataset Loading"", ""node_name"": ""房屋价格训练数据"", ""node_params"": {""table_name"": ""house_prices_advanced_regression_techniques_train"", ""target_column"": ""SalePrice""}, ""contrast_level"": 1, ""node_type"": ""io""}, {""node_id"": ""2786"", ""algorithm_step_name"": ""Select Columns"", ""node_name"": ""Select Columns after loader 406"", ""node_params"": {}, ""contrast_level"": 1, ""node_type"": ""preprocess""}, {""node_id"": ""407"", ""algorithm_step_name"": ""Tabular Dataset Loading"", ""node_name"": ""房屋价格测试数据"", ""node_params"": {""table_name"": ""house_prices_advanced_regression_techniques_test"", ""target_column"": ""SalePrice""}, ""contrast_level"": 1, ""node_type"": ""io""}, {""node_id"": ""2787"", ""algorithm_step_name"": ""Select Columns"", ""node_name"": ""Select Columns after loader 407"", ""node_params"": {}, ""contrast_level"": 1, ""node_type"": ""preprocess""}, {""node_id"": ""408"", ""algorithm_step_name"": ""Missing Value Handling"", ""node_name"": ""训练数据缺失值处理"", ""node_params"": {}, ""contrast_level"": 0, ""node_type"": ""preprocess""}, {""node_id"": ""409"", ""algorithm_step_name"": ""Missing Value Handling"", ""node_name"": ""测试数据缺失值处理"", ""node_params"": {}, ""contrast_level"": 0, ""node_type"": ""preprocess""}, {""node_id"": ""410"", ""algorithm_step_name"": ""One Hot Encoding"", ""node_name"": ""训练数据独热编码"", ""node_params"": {}, ""contrast_level"": 0, ""node_type"": ""feature engineering""}, {""node_id"": ""411"", ""algorithm_step_name"": ""One Hot Encoding"", ""node_name"": ""测试数据独热编码"", ""node_params"": {}, ""contrast_level"": 0, ""node_type"": ""feature engineering""}, {""node_id"": ""413"", ""algorithm_step_name"": ""Test Dataset Predictions"", ""node_name"": ""预测"", ""node_params"": {""output_probabilities"": false}, ""contrast_level"": 1, ""node_type"": ""predict""}, {""node_id"": ""414"", ""algorithm_step_name"": ""Save Data"", ""node_name"": ""保存预测结果"", ""node_params"": {}, ""contrast_level"": 1, ""node_type"": ""io""}]}",0.6667
"This is a customers financial dataset. Your goal is to predict which customers will make a specific transaction in the future. The target column is target. Perform data analysis and modeling to predict the target. save predictions. Train data: santander_customer_transaction_prediction_train, Eval data: santander_customer_transaction_prediction_test.",0.7,29419,2837,449.6288207999896,24.89482965390198,53.12370681762695,302.86358752840897,68.74669680005172,"{""edges"": [{""edge_id"": ""5429894710111029830"", ""source_node_id"": ""547"", ""target_node_id"": ""548""}, {""edge_id"": ""17756949437335980797"", ""source_node_id"": ""549"", ""target_node_id"": ""550""}, {""edge_id"": ""9276363941576990061"", ""source_node_id"": ""548"", ""target_node_id"": ""551""}], ""nodes"": [{""node_id"": ""547"", ""widget_name"": ""SQL Table"", ""node_name"": ""santander_customer_transaction_prediction_train"", ""node_params"": {""data_description"": ""数据集名可能为：santander_train，数据集的列可能包括：target, var_0, var_1, var_2, ... , var_200"", ""table_name"": ""santander_customer_transaction_prediction_train""}}, {""node_id"": ""548"", ""widget_name"": ""Select Columns"", ""node_name"": ""santander_customer_transaction_prediction_train列配置"", ""node_params"": {""ignores"": [""ID_code""], ""features"": [""var_0"", ""var_1"", ""var_2"", ""var_3"", ""var_4"", ""var_5"", ""var_6"", ""var_7"", ""var_8"", ""var_9"", ""var_10"", ""var_11"", ""var_12"", ""var_13"", ""var_14"", ""var_15"", ""var_16"", ""var_17""], ""targets"": ""target""}}, {""node_id"": ""549"", ""widget_name"": ""SQL Table"", ""node_name"": ""santander_customer_transaction_prediction_test"", ""node_params"": {""data_description"": ""数据集名可能为：santander_test，数据集的列可能包括：var_0, var_1, var_2, ... , var_200"", ""table_name"": ""santander_customer_transaction_prediction_test""}}, {""node_id"": ""550"", ""widget_name"": ""Select Columns"", ""node_name"": ""santander_customer_transaction_prediction_test列配置"", ""node_params"": {""ignores"": [], ""features"": [""var_0"", ""var_1"", ""var_2"", ""var_3"", ""var_4"", ""var_5"", ""var_6"", ""var_7"", ""var_8"", ""var_9"", ""var_10"", ""var_11"", ""var_12"", ""var_13"", ""var_14"", ""var_15"", ""var_16"", ""var_17""], ""targets"": ""target""}}, {""node_id"": ""551"", ""widget_name"": ""Random Forest"", ""node_name"": ""随机森林模型"", ""node_params"": {""n_estimators"": 10, ""use_max_features"": false, ""max_features"": ""auto"", ""use_random_state"": false, ""use_max_depth"": false, ""max_depth"": 3, ""use_min_samples_split"": true, ""min_samples_split"": 2}}, {""node_id"": ""554"", ""widget_name"": ""Predictions"", ""node_name"": ""预测"", ""node_params"": {""output_attrs"": true, ""output_predictions"": true, ""output_probabilities"": true}}]}","{""dependency_requirements"": [{""edge_id"": ""2317"", ""source_node_id"": ""421"", ""target_node_id"": ""418""}, {""edge_id"": ""325"", ""source_node_id"": ""418"", ""target_node_id"": ""419""}, {""edge_id"": ""326"", ""source_node_id"": ""420"", ""target_node_id"": ""418""}, {""edge_id"": ""327"", ""source_node_id"": ""415"", ""target_node_id"": ""420""}, {""edge_id"": ""328"", ""source_node_id"": ""416"", ""target_node_id"": ""421""}], ""step_requirements"": [{""node_id"": ""415"", ""algorithm_step_name"": ""Tabular Dataset Loading"", ""node_name"": ""桑坦德客户交易预测训练数据"", ""node_params"": {""table_name"": ""santander_customer_transaction_prediction_train"", ""target_column"": ""target""}, ""contrast_level"": 1, ""node_type"": ""io""}, {""node_id"": ""420"", ""algorithm_step_name"": ""Select Columns"", ""node_name"": ""Select Columns after loader 415"", ""node_params"": {}, ""contrast_level"": 1, ""node_type"": ""preprocess""}, {""node_id"": ""416"", ""algorithm_step_name"": ""Tabular Dataset Loading"", ""node_name"": ""桑坦德客户交易预测测试数据"", ""node_params"": {""table_name"": ""santander_customer_transaction_prediction_test"", ""target_column"": ""target""}, ""contrast_level"": 1, ""node_type"": ""io""}, {""node_id"": ""421"", ""algorithm_step_name"": ""Select Columns"", ""node_name"": ""Select Columns after loader 416"", ""node_params"": {}, ""contrast_level"": 1, ""node_type"": ""preprocess""}, {""node_id"": ""418"", ""algorithm_step_name"": ""Test Dataset Predictions"", ""node_name"": ""预测"", ""node_params"": {""output_probabilities"": true}, ""contrast_level"": 1, ""node_type"": ""predict""}, {""node_id"": ""419"", ""algorithm_step_name"": ""Save Data"", ""node_name"": ""保存预测结果"", ""node_params"": {}, ""contrast_level"": 1, ""node_type"": ""io""}]}",0.6667
"This is a medical dataset with over fifty anonymized health characteristics linked to three age-related conditions. Your goal is to predict whether a subject has or has not been diagnosed with one of these conditions. The target column is Class. Perform data analysis, data preprocessing, and modeling to predict the target. save predictions. Train data: icr_identify_age_related_conditions_train, Eval data: icr_identify_age_related_conditions_test",1.0,40470,4342,288.4052294000285,29.2919409974711,66.67404222488403,43.72586877772119,148.71337739995215,"{""edges"": [{""edge_id"": ""2580102671496639576"", ""source_node_id"": ""555"", ""target_node_id"": ""556""}, {""edge_id"": ""13066766029213179556"", ""source_node_id"": ""557"", ""target_node_id"": ""558""}, {""edge_id"": ""275921832535662749"", ""source_node_id"": ""556"", ""target_node_id"": ""559""}, {""edge_id"": ""2804758382256670999"", ""source_node_id"": ""558"", ""target_node_id"": ""560""}, {""edge_id"": ""10078258732500470637"", ""source_node_id"": ""559"", ""target_node_id"": ""561""}, {""edge_id"": ""10001805855160984879"", ""source_node_id"": ""560"", ""target_node_id"": ""562""}, {""edge_id"": ""10987106000537769852"", ""source_node_id"": ""561"", ""target_node_id"": ""562""}, {""edge_id"": ""12064004734798797109"", ""source_node_id"": ""562"", ""target_node_id"": ""563""}], ""nodes"": [{""node_id"": ""555"", ""widget_name"": ""SQL Table"", ""node_name"": ""训练数据集 icr_identify_age_related_conditions_train"", ""node_params"": {""data_description"": ""数据集名可能为：icr_identify_age_related_conditions_train，数据集的列可能包括：age, condition, related"", ""table_name"": ""icr_identify_age_related_conditions_train""}}, {""node_id"": ""556"", ""widget_name"": ""Select Columns"", ""node_name"": ""训练数据集 icr_identify_age_related_conditions_train列配置"", ""node_params"": {""ignores"": [""Id""], ""features"": [""AB"", ""AF"", ""AH"", ""AM"", ""AR"", ""AX"", ""AY"", ""AZ"", ""BC"", ""BD"", ""BN"", ""BP"", ""BQ"", ""BR"", ""BZ"", ""CB"", ""CC"", ""CD"", ""CF"", ""CH"", ""CL"", ""CR"", ""CS"", ""CU"", ""CW"", ""DA"", ""DE"", ""DF"", ""DH"", ""DI"", ""DL"", ""DN"", ""DU"", ""DV"", ""DY"", ""EB"", ""EE"", ""EG"", ""EH"", ""EJ"", ""EL"", ""EP"", ""EU"", ""FC"", ""FD"", ""FE"", ""FI"", ""FL"", ""FR"", ""FS"", ""GB"", ""GE"", ""GF"", ""GH"", ""GI"", ""GL""], ""targets"": ""Class""}}, {""node_id"": ""557"", ""widget_name"": ""SQL Table"", ""node_name"": ""测试数据集 icr_identify_age_related_conditions_test"", ""node_params"": {""data_description"": ""数据集名可能为：icr_identify_age_related_conditions_test，数据集的列可能包括：age, condition, related"", ""table_name"": ""icr_identify_age_related_conditions_test""}}, {""node_id"": ""558"", ""widget_name"": ""Select Columns"", ""node_name"": ""测试数据集 icr_identify_age_related_conditions_test列配置"", ""node_params"": {""ignores"": [""Id""], ""features"": [""AB"", ""AF"", ""AH"", ""AM"", ""AR"", ""AX"", ""AY"", ""AZ"", ""BC"", ""BD"", ""BN"", ""BP"", ""BQ"", ""BR"", ""BZ"", ""CB"", ""CC"", ""CD"", ""CF"", ""CH"", ""CL"", ""CR"", ""CS"", ""CU"", ""CW"", ""DA"", ""DE"", ""DF"", ""DH"", ""DI"", ""DL"", ""DN"", ""DU"", ""DV"", ""DY"", ""EB"", ""EE"", ""EG"", ""EH"", ""EJ"", ""EL"", ""EP"", ""EU"", ""FC"", ""FD"", ""FE"", ""FI"", ""FL"", ""FR"", ""FS"", ""GB"", ""GE"", ""GF"", ""GH"", ""GI"", ""GL""], ""targets"": ""Class""}}, {""node_id"": ""559"", ""widget_name"": ""Impute"", ""node_name"": ""训练数据缺失值处理"", ""node_params"": {""method"": 1}}, {""node_id"": ""560"", ""widget_name"": ""Impute"", ""node_name"": ""测试数据缺失值处理"", ""node_params"": {""method"": 1}}, {""node_id"": ""561"", ""widget_name"": ""Random Forest"", ""node_name"": ""随机森林模型"", ""node_params"": {""n_estimators"": 10, ""use_max_features"": false, ""max_features"": ""auto"", ""use_random_state"": false, ""use_max_depth"": false, ""max_depth"": 3, ""use_min_samples_split"": true, ""min_samples_split"": 2}}, {""node_id"": ""562"", ""widget_name"": ""Predictions"", ""node_name"": ""预测"", ""node_params"": {""output_attrs"": true, ""output_predictions"": true, ""output_probabilities"": true}}, {""node_id"": ""563"", ""widget_name"": ""Save Data"", ""node_name"": ""保存预测结果"", ""node_params"": {}}]}","{""dependency_requirements"": [{""edge_id"": ""484"", ""source_node_id"": ""2788"", ""target_node_id"": ""661""}, {""edge_id"": ""485"", ""source_node_id"": ""2789"", ""target_node_id"": ""662""}, {""edge_id"": ""487"", ""source_node_id"": ""662"", ""target_node_id"": ""664""}, {""edge_id"": ""489"", ""source_node_id"": ""664"", ""target_node_id"": ""665""}, {""edge_id"": ""490"", ""source_node_id"": ""661"", ""target_node_id"": ""664""}, {""edge_id"": ""491"", ""source_node_id"": ""659"", ""target_node_id"": ""2788""}, {""edge_id"": ""492"", ""source_node_id"": ""660"", ""target_node_id"": ""2789""}], ""step_requirements"": [{""node_id"": ""659"", ""algorithm_step_name"": ""Tabular Dataset Loading"", ""node_name"": ""icr_identify_age_related_conditions_train"", ""node_params"": {""table_name"": ""icr_identify_age_related_conditions_train"", ""target_column"": ""Class""}, ""contrast_level"": 1, ""node_type"": ""io""}, {""node_id"": ""2788"", ""algorithm_step_name"": ""Select Columns"", ""node_name"": ""Select Columns after loader 659"", ""node_params"": {}, ""contrast_level"": 1, ""node_type"": ""preprocess""}, {""node_id"": ""660"", ""algorithm_step_name"": ""Tabular Dataset Loading"", ""node_name"": ""icr_identify_age_related_conditions_test"", ""node_params"": {""table_name"": ""icr_identify_age_related_conditions_test"", ""target_column"": ""Class""}, ""contrast_level"": 1, ""node_type"": ""io""}, {""node_id"": ""2789"", ""algorithm_step_name"": ""Select Columns"", ""node_name"": ""Select Columns after loader 660"", ""node_params"": {}, ""contrast_level"": 1, ""node_type"": ""preprocess""}, {""node_id"": ""661"", ""algorithm_step_name"": ""Missing Value Handling"", ""node_name"": ""训练数据缺失值处理"", ""node_params"": {}, ""contrast_level"": 0, ""node_type"": ""preprocess""}, {""node_id"": ""662"", ""algorithm_step_name"": ""Missing Value Handling"", ""node_name"": ""测试数据缺失值处理"", ""node_params"": {}, ""contrast_level"": 0, ""node_type"": ""preprocess""}, {""node_id"": ""664"", ""algorithm_step_name"": ""Test Dataset Predictions"", ""node_name"": ""预测"", ""node_params"": {""output_probabilities"": true}, ""contrast_level"": 1, ""node_type"": ""predict""}, {""node_id"": ""665"", ""algorithm_step_name"": ""Save Data"", ""node_name"": ""保存预测结果"", ""node_params"": {}, ""contrast_level"": 1, ""node_type"": ""io""}]}",0.9412
"This is a customers financial dataset. Your goal is to predict the value of transactions for each potential customer. The target column is target. Perform data analysis and modeling to predict the target. save predictions. Train data: santander_value_prediction_challenge_train, Eval data: santander_value_prediction_challenge_test",1.0,20332,2736,184.94927240000106,26.47582078562118,57.32230591773987,30.432528196659405,70.71861749998061,"{""edges"": [{""edge_id"": ""7138501866813789169"", ""source_node_id"": ""564"", ""target_node_id"": ""565""}, {""edge_id"": ""5812154197775697740"", ""source_node_id"": ""566"", ""target_node_id"": ""567""}, {""edge_id"": ""9250912488429286749"", ""source_node_id"": ""565"", ""target_node_id"": ""568""}, {""edge_id"": ""3447589463893294433"", ""source_node_id"": ""567"", ""target_node_id"": ""569""}, {""edge_id"": ""17223716140891067608"", ""source_node_id"": ""568"", ""target_node_id"": ""569""}, {""edge_id"": ""1320464850244268174"", ""source_node_id"": ""569"", ""target_node_id"": ""570""}], ""nodes"": [{""node_id"": ""564"", ""widget_name"": ""SQL Table"", ""node_name"": ""santander_value_prediction_challenge_train"", ""node_params"": {""data_description"": ""数据集名可能为：santander_value_prediction_challenge_train，数据集的列可能包括：ID, target, var_0, var_1, ... , var_199"", ""table_name"": ""santander_value_prediction_challenge_train""}}, {""node_id"": ""565"", ""widget_name"": ""Select Columns"", ""node_name"": ""santander_value_prediction_challenge_train列配置"", ""node_params"": {""ignores"": [], ""features"": [""48df886f9"", ""0deb4b6a8"", ""34b15f335"", ""a8cb14b00"", ""2f0771a37"", ""s30347e683"", ""d08d1fbe3"", ""6ee66e115"", ""20aa07010"", ""dc5a8f1d8"", ""11d86fa6a"", ""77c9823f2"", ""8d6c2a0b2"", ""4681de4fd"", ""adf119b9a"", ""cff75dd09"", ""96f83a237"", ""b8a716ebf""], ""targets"": ""target""}}, {""node_id"": ""566"", ""widget_name"": ""SQL Table"", ""node_name"": ""santander_value_prediction_challenge_test"", ""node_params"": {""data_description"": ""数据集名可能为：santander_value_prediction_challenge_test，数据集的列可能包括：ID, var_0, var_1, ... , var_199"", ""table_name"": ""santander_value_prediction_challenge_test""}}, {""node_id"": ""567"", ""widget_name"": ""Select Columns"", ""node_name"": ""santander_value_prediction_challenge_test列配置"", ""node_params"": {""ignores"": [], ""features"": [""48df886f9"", ""0deb4b6a8"", ""34b15f335"", ""a8cb14b00"", ""2f0771a37"", ""s30347e683"", ""d08d1fbe3"", ""6ee66e115"", ""20aa07010"", ""dc5a8f1d8"", ""11d86fa6a"", ""77c9823f2"", ""8d6c2a0b2"", ""4681de4fd"", ""adf119b9a"", ""cff75dd09"", ""96f83a237"", ""b8a716ebf""], ""targets"": ""target""}}, {""node_id"": ""568"", ""widget_name"": ""Random Forest"", ""node_name"": ""随机森林模型"", ""node_params"": {""n_estimators"": 10, ""use_max_features"": false, ""max_features"": ""auto"", ""use_random_state"": false, ""use_max_depth"": false, ""max_depth"": 3, ""use_min_samples_split"": true, ""min_samples_split"": 2}}, {""node_id"": ""569"", ""widget_name"": ""Predictions"", ""node_name"": ""预测"", ""node_params"": {""output_attrs"": true, ""output_predictions"": true, ""output_probabilities"": false}}, {""node_id"": ""570"", ""widget_name"": ""Save Data"", ""node_name"": ""保存预测结果"", ""node_params"": {}}]}","{""dependency_requirements"": [{""edge_id"": ""2318"", ""source_node_id"": ""672"", ""target_node_id"": ""669""}, {""edge_id"": ""493"", ""source_node_id"": ""669"", ""target_node_id"": ""670""}, {""edge_id"": ""494"", ""source_node_id"": ""671"", ""target_node_id"": ""669""}, {""edge_id"": ""495"", ""source_node_id"": ""666"", ""target_node_id"": ""671""}, {""edge_id"": ""496"", ""source_node_id"": ""667"", ""target_node_id"": ""672""}], ""step_requirements"": [{""node_id"": ""666"", ""algorithm_step_name"": ""Tabular Dataset Loading"", ""node_name"": ""桑坦德价值预测挑战训练数据"", ""node_params"": {""table_name"": ""santander_value_prediction_challenge_train"", ""target_column"": ""target""}, ""contrast_level"": 1, ""node_type"": ""io""}, {""node_id"": ""671"", ""algorithm_step_name"": ""Select Columns"", ""node_name"": ""Select Columns after loader 666"", ""node_params"": {}, ""contrast_level"": 1, ""node_type"": ""preprocess""}, {""node_id"": ""667"", ""algorithm_step_name"": ""Tabular Dataset Loading"", ""node_name"": ""桑坦德价值预测挑战测试数据"", ""node_params"": {""table_name"": ""santander_value_prediction_challenge_test"", ""target_column"": ""target""}, ""contrast_level"": 1, ""node_type"": ""io""}, {""node_id"": ""672"", ""algorithm_step_name"": ""Select Columns"", ""node_name"": ""Select Columns after loader 667"", ""node_params"": {}, ""contrast_level"": 1, ""node_type"": ""preprocess""}, {""node_id"": ""669"", ""algorithm_step_name"": ""Test Dataset Predictions"", ""node_name"": ""预测"", ""node_params"": {""output_probabilities"": false}, ""contrast_level"": 1, ""node_type"": ""predict""}, {""node_id"": ""670"", ""algorithm_step_name"": ""Save Data"", ""node_name"": ""保存预测结果"", ""node_params"": {}, ""contrast_level"": 1, ""node_type"": ""io""}]}",0.9231
"Run data analysis on Iris example dataset, include a plot",0.3333,2003,305,20.395576999988407,17.060770557727665,0.0014243125915527344,3.3333821296691895,0.0,"{""edges"": [], ""nodes"": [{""node_id"": ""571"", ""widget_name"": ""File"", ""node_name"": ""加载Iris示例数据集"", ""node_params"": {""type"": ""sample"", ""filename"": ""iris.csv""}}]}","{""dependency_requirements"": [{""edge_id"": ""257"", ""source_node_id"": ""356"", ""target_node_id"": ""355""}, {""edge_id"": ""258"", ""source_node_id"": ""353"", ""target_node_id"": ""356""}], ""step_requirements"": [{""node_id"": ""353"", ""algorithm_step_name"": ""Tabular Dataset Loading"", ""node_name"": ""文件加载节点"", ""node_params"": {""type"": ""sample"", ""filename"": ""iris.csv""}, ""contrast_level"": 1, ""node_type"": ""io""}, {""node_id"": ""356"", ""algorithm_step_name"": ""Select Columns"", ""node_name"": ""Select Columns after loader 353"", ""node_params"": {}, ""contrast_level"": 1, ""node_type"": ""preprocess""}, {""node_id"": ""355"", ""algorithm_step_name"": ""Scatter Plot"", ""node_name"": ""散点图"", ""node_params"": {}, ""contrast_level"": 0, ""node_type"": ""visualize""}]}",0.5
"Run data analysis on Wine recognition example dataset, include a plot, and train a model to predict wine class with 20% as test set, and save predictions.",0.1667,4276,438,29.08842540002661,24.25551247812109,0.0,4.832912921905518,0.0,"{""edges"": [], ""nodes"": [{""node_id"": ""572"", ""widget_name"": ""File"", ""node_name"": ""文件加载节点"", ""node_params"": {""type"": ""sample"", ""filename"": ""iris.csv""}}]}","{""dependency_requirements"": [{""edge_id"": ""277"", ""source_node_id"": ""383"", ""target_node_id"": ""374""}, {""edge_id"": ""283"", ""source_node_id"": ""378"", ""target_node_id"": ""379""}, {""edge_id"": ""286"", ""source_node_id"": ""383"", ""target_node_id"": ""382""}, {""edge_id"": ""287"", ""source_node_id"": ""374"", ""target_node_id"": ""378""}, {""edge_id"": ""289"", ""source_node_id"": ""373"", ""target_node_id"": ""383""}], ""step_requirements"": [{""node_id"": ""373"", ""algorithm_step_name"": ""Tabular Dataset Loading"", ""node_name"": ""文件加载节点"", ""node_params"": {""type"": ""sample"", ""filename"": ""wine.csv""}, ""contrast_level"": 1, ""node_type"": ""io""}, {""node_id"": ""383"", ""algorithm_step_name"": ""Select Columns"", ""node_name"": ""Select Columns after loader 373"", ""node_params"": {}, ""contrast_level"": 1, ""node_type"": ""preprocess""}, {""node_id"": ""374"", ""algorithm_step_name"": ""Dataset Division"", ""node_name"": ""数据划分"", ""node_params"": {""sampling_type"": 0, ""percentage"": 20}, ""contrast_level"": 1, ""node_type"": ""preprocess""}, {""node_id"": ""378"", ""algorithm_step_name"": ""Test Dataset Predictions"", ""node_name"": ""预测"", ""node_params"": {""output_probabilities"": true}, ""contrast_level"": 1, ""node_type"": ""predict""}, {""node_id"": ""379"", ""algorithm_step_name"": ""Save Data"", ""node_name"": ""保存预测结果"", ""node_params"": {}, ""contrast_level"": 1, ""node_type"": ""io""}, {""node_id"": ""382"", ""algorithm_step_name"": ""Line Chart"", ""node_name"": ""折线图"", ""node_params"": {}, ""contrast_level"": 0, ""node_type"": ""visualize""}]}",0.2857
"Run data analysis on sklearn Wisconsin Breast Cancer example dataset, include a plot, train a model to predict targets (20% as validation), and save predictions.",0.1667,8631,536,36.937685500015505,25.332606325973757,0.0005028247833251953,11.604576349258423,0.0,"{""edges"": [], ""nodes"": [{""node_id"": ""575"", ""widget_name"": ""File"", ""node_name"": ""威斯康星乳腺癌数据集"", ""node_params"": {""type"": ""sample"", ""filename"": ""iris.csv""}}]}","{""dependency_requirements"": [{""edge_id"": ""299"", ""source_node_id"": ""392"", ""target_node_id"": ""394""}, {""edge_id"": ""301"", ""source_node_id"": ""394"", ""target_node_id"": ""395""}, {""edge_id"": ""304"", ""source_node_id"": ""2783"", ""target_node_id"": ""396""}, {""edge_id"": ""305"", ""source_node_id"": ""2783"", ""target_node_id"": ""392""}, {""edge_id"": ""306"", ""source_node_id"": ""390"", ""target_node_id"": ""2783""}], ""step_requirements"": [{""node_id"": ""390"", ""algorithm_step_name"": ""Tabular Dataset Loading"", ""node_name"": ""威斯康星乳腺癌数据集"", ""node_params"": {""type"": ""sample"", ""filename"": ""breast_cancer.csv""}, ""contrast_level"": 1, ""node_type"": ""io""}, {""node_id"": ""2783"", ""algorithm_step_name"": ""Select Columns"", ""node_name"": ""Select Columns after loader 390"", ""node_params"": {}, ""contrast_level"": 1, ""node_type"": ""preprocess""}, {""node_id"": ""392"", ""algorithm_step_name"": ""Dataset Division"", ""node_name"": ""数据划分"", ""node_params"": {""percentage"": 20}, ""contrast_level"": 1, ""node_type"": ""preprocess""}, {""node_id"": ""394"", ""algorithm_step_name"": ""Test Dataset Predictions"", ""node_name"": ""预测"", ""node_params"": {""output_probabilities"": true}, ""contrast_level"": 1, ""node_type"": ""predict""}, {""node_id"": ""395"", ""algorithm_step_name"": ""Save Data"", ""node_name"": ""保存预测结果"", ""node_params"": {}, ""contrast_level"": 1, ""node_type"": ""io""}, {""node_id"": ""396"", ""algorithm_step_name"": ""Correlogram"", ""node_name"": ""相关性热图"", ""node_params"": {}, ""contrast_level"": 0, ""node_type"": ""visualize""}]}",0.2857
"This is a titanic passenger survival dataset, your goal is to predict passenger survival outcome. The target column is Survived. Perform data analysis, data preprocessing, feature engineering, and modeling to predict the target. save predictions. Train data: titanic_train, Eval data: titanic_test.",0.8667,20481,2391,168.08639319997746,28.787299953517504,60.47981858253479,37.686814663989935,41.132459999935236,"{""edges"": [{""edge_id"": ""9542079059150065665"", ""source_node_id"": ""576"", ""target_node_id"": ""577""}, {""edge_id"": ""3385900007716628544"", ""source_node_id"": ""578"", ""target_node_id"": ""579""}, {""edge_id"": ""14072647522267732547"", ""source_node_id"": ""577"", ""target_node_id"": ""580""}, {""edge_id"": ""4741954580886726715"", ""source_node_id"": ""579"", ""target_node_id"": ""581""}, {""edge_id"": ""2357093953813134716"", ""source_node_id"": ""580"", ""target_node_id"": ""582""}, {""edge_id"": ""2467629966647996898"", ""source_node_id"": ""581"", ""target_node_id"": ""583""}, {""edge_id"": ""11797889299724485719"", ""source_node_id"": ""582"", ""target_node_id"": ""583""}, {""edge_id"": ""13427788447559290090"", ""source_node_id"": ""583"", ""target_node_id"": ""584""}], ""nodes"": [{""node_id"": ""576"", ""widget_name"": ""SQL Table"", ""node_name"": ""泰坦尼克号训练数据"", ""node_params"": {""data_description"": ""数据集名可能为：titanic_train，数据集的列可能包括：Pclass, Sex, Age, SibSp, Parch, Fare"", ""table_name"": ""titanic_train""}}, {""node_id"": ""577"", ""widget_name"": ""Select Columns"", ""node_name"": ""泰坦尼克号训练数据列配置"", ""node_params"": {""ignores"": [""PassengerId"", ""Name"", ""Ticket"", ""Cabin""], ""features"": [""Pclass"", ""Sex"", ""Age"", ""SibSp"", ""Parch"", ""Fare"", ""Embarked""], ""targets"": ""Survived""}}, {""node_id"": ""578"", ""widget_name"": ""SQL Table"", ""node_name"": ""泰坦尼克号测试数据"", ""node_params"": {""data_description"": ""数据集名可能为：titanic_test，数据集的列可能包括：Pclass, Sex, Age, SibSp, Parch, Fare"", ""table_name"": ""titanic_test""}}, {""node_id"": ""579"", ""widget_name"": ""Select Columns"", ""node_name"": ""泰坦尼克号测试数据列配置"", ""node_params"": {""ignores"": [""PassengerId"", ""Name"", ""Ticket"", ""Cabin""], ""features"": [""Pclass"", ""Sex"", ""Age"", ""SibSp"", ""Parch"", ""Fare"", ""Embarked""], ""targets"": ""Survived""}}, {""node_id"": ""580"", ""widget_name"": ""Impute"", ""node_name"": ""训练数据缺失值处理"", ""node_params"": {""method"": 1}}, {""node_id"": ""581"", ""widget_name"": ""Impute"", ""node_name"": ""测试数据缺失值处理"", ""node_params"": {""method"": 1}}, {""node_id"": ""582"", ""widget_name"": ""Random Forest"", ""node_name"": ""随机森林模型"", ""node_params"": {""n_estimators"": 10, ""use_max_features"": false, ""max_features"": ""auto"", ""use_random_state"": false, ""use_max_depth"": false, ""max_depth"": 3, ""use_min_samples_split"": true, ""min_samples_split"": 2}}, {""node_id"": ""583"", ""widget_name"": ""Predictions"", ""node_name"": ""预测"", ""node_params"": {""output_attrs"": true, ""output_predictions"": true, ""output_probabilities"": true}}, {""node_id"": ""584"", ""widget_name"": ""Save Data"", ""node_name"": ""保存预测结果"", ""node_params"": {}}]}","{""dependency_requirements"": [{""edge_id"": ""2313"", ""source_node_id"": ""2784"", ""target_node_id"": ""399""}, {""edge_id"": ""307"", ""source_node_id"": ""2785"", ""target_node_id"": ""400""}, {""edge_id"": ""308"", ""source_node_id"": ""399"", ""target_node_id"": ""401""}, {""edge_id"": ""309"", ""source_node_id"": ""400"", ""target_node_id"": ""402""}, {""edge_id"": ""311"", ""source_node_id"": ""402"", ""target_node_id"": ""404""}, {""edge_id"": ""313"", ""source_node_id"": ""404"", ""target_node_id"": ""405""}, {""edge_id"": ""314"", ""source_node_id"": ""401"", ""target_node_id"": ""404""}, {""edge_id"": ""315"", ""source_node_id"": ""397"", ""target_node_id"": ""2784""}, {""edge_id"": ""316"", ""source_node_id"": ""398"", ""target_node_id"": ""2785""}], ""step_requirements"": [{""node_id"": ""397"", ""algorithm_step_name"": ""Tabular Dataset Loading"", ""node_name"": ""泰坦尼克号训练数据"", ""node_params"": {""table_name"": ""titanic_train"", ""target_column"": ""Survived""}, ""contrast_level"": 1, ""node_type"": ""io""}, {""node_id"": ""2784"", ""algorithm_step_name"": ""Select Columns"", ""node_name"": ""Select Columns after loader 397"", ""node_params"": {}, ""contrast_level"": 1, ""node_type"": ""preprocess""}, {""node_id"": ""398"", ""algorithm_step_name"": ""Tabular Dataset Loading"", ""node_name"": ""泰坦尼克号测试数据"", ""node_params"": {""table_name"": ""titanic_test"", ""target_column"": ""Survived""}, ""contrast_level"": 1, ""node_type"": ""io""}, {""node_id"": ""2785"", ""algorithm_step_name"": ""Select Columns"", ""node_name"": ""Select Columns after loader 398"", ""node_params"": {}, ""contrast_level"": 1, ""node_type"": ""preprocess""}, {""node_id"": ""399"", ""algorithm_step_name"": ""Missing Value Handling"", ""node_name"": ""训练数据缺失值处理"", ""node_params"": {}, ""contrast_level"": 0, ""node_type"": ""preprocess""}, {""node_id"": ""400"", ""algorithm_step_name"": ""Missing Value Handling"", ""node_name"": ""测试数据缺失值处理"", ""node_params"": {}, ""contrast_level"": 0, ""node_type"": ""preprocess""}, {""node_id"": ""401"", ""algorithm_step_name"": ""One Hot Encoding"", ""node_name"": ""训练数据独热编码"", ""node_params"": {}, ""contrast_level"": 0, ""node_type"": ""feature engineering""}, {""node_id"": ""402"", ""algorithm_step_name"": ""One Hot Encoding"", ""node_name"": ""测试数据独热编码"", ""node_params"": {}, ""contrast_level"": 0, ""node_type"": ""feature engineering""}, {""node_id"": ""404"", ""algorithm_step_name"": ""Test Dataset Predictions"", ""node_name"": ""预测"", ""node_params"": {""output_probabilities"": true}, ""contrast_level"": 1, ""node_type"": ""predict""}, {""node_id"": ""405"", ""algorithm_step_name"": ""Save Data"", ""node_name"": ""保存预测结果"", ""node_params"": {}, ""contrast_level"": 1, ""node_type"": ""io""}]}",0.8421
"This is a house price dataset, your goal is to predict the sale price of a property based on its features. The target column is SalePrice. Perform data analysis, data preprocessing, feature engineering, and modeling to predict the target. save predictions. Train data: house_prices_advanced_regression_techniques_train, Eval data: house_prices_advanced_regression_techniques_test.",0.7857,50180,4318,539.4364001000067,25.792621060623787,56.13889670372009,309.2559660356492,148.24891630001366,"{""edges"": [{""edge_id"": ""2360588085673658512"", ""source_node_id"": ""585"", ""target_node_id"": ""586""}, {""edge_id"": ""15326599878680670867"", ""source_node_id"": ""587"", ""target_node_id"": ""588""}, {""edge_id"": ""10147083461530575910"", ""source_node_id"": ""586"", ""target_node_id"": ""589""}, {""edge_id"": ""9899926019893027978"", ""source_node_id"": ""588"", ""target_node_id"": ""590""}, {""edge_id"": ""4720384527472732175"", ""source_node_id"": ""589"", ""target_node_id"": ""591""}], ""nodes"": [{""node_id"": ""585"", ""widget_name"": ""SQL Table"", ""node_name"": ""训练数据"", ""node_params"": {""data_description"": ""数据集名可能为：train_data，数据集的列可能包括：feature1, feature2, feature3, label"", ""table_name"": ""santander_customer_transaction_prediction_train""}}, {""node_id"": ""586"", ""widget_name"": ""Select Columns"", ""node_name"": ""训练数据列配置"", ""node_params"": {""ignores"": [""ID_code""], ""features"": [""var_0"", ""var_1"", ""var_2"", ""var_3"", ""var_4"", ""var_5"", ""var_6"", ""var_7"", ""var_8"", ""var_9"", ""var_10"", ""var_11"", ""var_12"", ""var_13"", ""var_14"", ""var_15"", ""var_16"", ""var_17""], ""targets"": ""target""}}, {""node_id"": ""587"", ""widget_name"": ""SQL Table"", ""node_name"": ""测试数据"", ""node_params"": {""data_description"": ""数据集名可能为：test_data，数据集的列可能包括：feature1, feature2, feature3"", ""table_name"": ""house_prices_advanced_regression_techniques_test""}}, {""node_id"": ""588"", ""widget_name"": ""Select Columns"", ""node_name"": ""测试数据列配置"", ""node_params"": {""ignores"": [""Id""], ""features"": [""MSSubClass"", ""MSZoning"", ""LotFrontage"", ""LotArea"", ""Street"", ""Alley"", ""LotShape"", ""LandContour"", ""Utilities"", ""LotConfig"", ""LandSlope"", ""Neighborhood"", ""Condition1"", ""Condition2"", ""BldgType"", ""HouseStyle"", ""OverallQual"", ""OverallCond"", ""YearBuilt"", ""YearRemodAdd"", ""RoofStyle"", ""RoofMatl"", ""Exterior1st"", ""Exterior2nd"", ""MasVnrType"", ""MasVnrArea"", ""ExterQual"", ""ExterCond"", ""Foundation"", ""BsmtQual"", ""BsmtCond"", ""BsmtExposure"", ""BsmtFinType1"", ""BsmtFinSF1"", ""BsmtFinType2"", ""BsmtFinSF2"", ""BsmtUnfSF"", ""TotalBsmtSF"", ""Heating"", ""HeatingQC"", ""CentralAir"", ""Electrical"", ""1stFlrSF"", ""2ndFlrSF"", ""LowQualFinSF"", ""GrLivArea"", ""BsmtFullBath"", ""BsmtHalfBath"", ""FullBath"", ""HalfBath"", ""BedroomAbvGr"", ""KitchenAbvGr"", ""KitchenQual"", ""TotRmsAbvGrd"", ""Functional"", ""Fireplaces"", ""FireplaceQu"", ""GarageType"", ""GarageYrBlt"", ""GarageFinish"", ""GarageCars"", ""GarageArea"", ""GarageQual"", ""GarageCond"", ""PavedDrive"", ""WoodDeckSF"", ""OpenPorchSF"", ""EnclosedPorch"", ""3SsnPorch"", ""ScreenPorch"", ""PoolArea"", ""PoolQC"", ""Fence"", ""MiscFeature"", ""MiscVal"", ""MoSold"", ""YrSold"", ""SaleType"", ""SaleCondition""], ""targets"": ""SalePrice""}}, {""node_id"": ""589"", ""widget_name"": ""Impute"", ""node_name"": ""训练数据缺失值处理"", ""node_params"": {""method"": 1}}, {""node_id"": ""590"", ""widget_name"": ""Impute"", ""node_name"": ""测试数据缺失值处理"", ""node_params"": {""method"": 1}}, {""node_id"": ""591"", ""widget_name"": ""Random Forest"", ""node_name"": ""随机森林模型"", ""node_params"": {""n_estimators"": 10, ""use_max_features"": false, ""max_features"": ""auto"", ""use_random_state"": false, ""use_max_depth"": false, ""max_depth"": 3, ""use_min_samples_split"": true, ""min_samples_split"": 2}}, {""node_id"": ""594"", ""widget_name"": ""Predictions"", ""node_name"": ""预测"", ""node_params"": {""output_attrs"": true, ""output_predictions"": true, ""output_probabilities"": false}}]}","{""dependency_requirements"": [{""edge_id"": ""2314"", ""source_node_id"": ""2786"", ""target_node_id"": ""408""}, {""edge_id"": ""2315"", ""source_node_id"": ""2787"", ""target_node_id"": ""409""}, {""edge_id"": ""2316"", ""source_node_id"": ""408"", ""target_node_id"": ""410""}, {""edge_id"": ""317"", ""source_node_id"": ""409"", ""target_node_id"": ""411""}, {""edge_id"": ""319"", ""source_node_id"": ""411"", ""target_node_id"": ""413""}, {""edge_id"": ""321"", ""source_node_id"": ""413"", ""target_node_id"": ""414""}, {""edge_id"": ""322"", ""source_node_id"": ""410"", ""target_node_id"": ""413""}, {""edge_id"": ""323"", ""source_node_id"": ""406"", ""target_node_id"": ""2786""}, {""edge_id"": ""324"", ""source_node_id"": ""407"", ""target_node_id"": ""2787""}], ""step_requirements"": [{""node_id"": ""406"", ""algorithm_step_name"": ""Tabular Dataset Loading"", ""node_name"": ""房屋价格训练数据"", ""node_params"": {""table_name"": ""house_prices_advanced_regression_techniques_train"", ""target_column"": ""SalePrice""}, ""contrast_level"": 1, ""node_type"": ""io""}, {""node_id"": ""2786"", ""algorithm_step_name"": ""Select Columns"", ""node_name"": ""Select Columns after loader 406"", ""node_params"": {}, ""contrast_level"": 1, ""node_type"": ""preprocess""}, {""node_id"": ""407"", ""algorithm_step_name"": ""Tabular Dataset Loading"", ""node_name"": ""房屋价格测试数据"", ""node_params"": {""table_name"": ""house_prices_advanced_regression_techniques_test"", ""target_column"": ""SalePrice""}, ""contrast_level"": 1, ""node_type"": ""io""}, {""node_id"": ""2787"", ""algorithm_step_name"": ""Select Columns"", ""node_name"": ""Select Columns after loader 407"", ""node_params"": {}, ""contrast_level"": 1, ""node_type"": ""preprocess""}, {""node_id"": ""408"", ""algorithm_step_name"": ""Missing Value Handling"", ""node_name"": ""训练数据缺失值处理"", ""node_params"": {}, ""contrast_level"": 0, ""node_type"": ""preprocess""}, {""node_id"": ""409"", ""algorithm_step_name"": ""Missing Value Handling"", ""node_name"": ""测试数据缺失值处理"", ""node_params"": {}, ""contrast_level"": 0, ""node_type"": ""preprocess""}, {""node_id"": ""410"", ""algorithm_step_name"": ""One Hot Encoding"", ""node_name"": ""训练数据独热编码"", ""node_params"": {}, ""contrast_level"": 0, ""node_type"": ""feature engineering""}, {""node_id"": ""411"", ""algorithm_step_name"": ""One Hot Encoding"", ""node_name"": ""测试数据独热编码"", ""node_params"": {}, ""contrast_level"": 0, ""node_type"": ""feature engineering""}, {""node_id"": ""413"", ""algorithm_step_name"": ""Test Dataset Predictions"", ""node_name"": ""预测"", ""node_params"": {""output_probabilities"": false}, ""contrast_level"": 1, ""node_type"": ""predict""}, {""node_id"": ""414"", ""algorithm_step_name"": ""Save Data"", ""node_name"": ""保存预测结果"", ""node_params"": {}, ""contrast_level"": 1, ""node_type"": ""io""}]}",0.6667
"This is a customers financial dataset. Your goal is to predict which customers will make a specific transaction in the future. The target column is target. Perform data analysis and modeling to predict the target. save predictions. Train data: santander_customer_transaction_prediction_train, Eval data: santander_customer_transaction_prediction_test.",0.7,28807,2894,427.6440234000329,23.03967783995904,55.682151794433594,280.4361627656617,68.48603099997854,"{""edges"": [{""edge_id"": ""16315392039516696743"", ""source_node_id"": ""595"", ""target_node_id"": ""596""}, {""edge_id"": ""56527872899268072"", ""source_node_id"": ""597"", ""target_node_id"": ""598""}, {""edge_id"": ""14188384545975909978"", ""source_node_id"": ""596"", ""target_node_id"": ""599""}], ""nodes"": [{""node_id"": ""595"", ""widget_name"": ""SQL Table"", ""node_name"": ""santander_customer_transaction_prediction_train"", ""node_params"": {""data_description"": ""数据集名可能为：santander_train，数据集的列可能包括：target, var_0, var_1, var_2, ... , var_200"", ""table_name"": ""santander_customer_transaction_prediction_train""}}, {""node_id"": ""596"", ""widget_name"": ""Select Columns"", ""node_name"": ""santander_customer_transaction_prediction_train列配置"", ""node_params"": {""ignores"": [""ID_code""], ""features"": [""var_0"", ""var_1"", ""var_2"", ""var_3"", ""var_4"", ""var_5"", ""var_6"", ""var_7"", ""var_8"", ""var_9"", ""var_10"", ""var_11"", ""var_12"", ""var_13"", ""var_14"", ""var_15"", ""var_16"", ""var_17""], ""targets"": ""target""}}, {""node_id"": ""597"", ""widget_name"": ""SQL Table"", ""node_name"": ""santander_customer_transaction_prediction_test"", ""node_params"": {""data_description"": ""数据集名可能为：santander_test，数据集的列可能包括：var_0, var_1, var_2, ... , var_200"", ""table_name"": ""santander_customer_transaction_prediction_test""}}, {""node_id"": ""598"", ""widget_name"": ""Select Columns"", ""node_name"": ""santander_customer_transaction_prediction_test列配置"", ""node_params"": {""ignores"": [], ""features"": [""var_0"", ""var_1"", ""var_2"", ""var_3"", ""var_4"", ""var_5"", ""var_6"", ""var_7"", ""var_8"", ""var_9"", ""var_10"", ""var_11"", ""var_12"", ""var_13"", ""var_14"", ""var_15"", ""var_16"", ""var_17""], ""targets"": ""target""}}, {""node_id"": ""599"", ""widget_name"": ""Random Forest"", ""node_name"": ""随机森林模型"", ""node_params"": {""n_estimators"": 10, ""use_max_features"": false, ""max_features"": ""auto"", ""use_random_state"": false, ""use_max_depth"": false, ""max_depth"": 3, ""use_min_samples_split"": true, ""min_samples_split"": 2}}, {""node_id"": ""602"", ""widget_name"": ""Predictions"", ""node_name"": ""预测"", ""node_params"": {""output_attrs"": true, ""output_predictions"": true, ""output_probabilities"": true}}]}","{""dependency_requirements"": [{""edge_id"": ""2317"", ""source_node_id"": ""421"", ""target_node_id"": ""418""}, {""edge_id"": ""325"", ""source_node_id"": ""418"", ""target_node_id"": ""419""}, {""edge_id"": ""326"", ""source_node_id"": ""420"", ""target_node_id"": ""418""}, {""edge_id"": ""327"", ""source_node_id"": ""415"", ""target_node_id"": ""420""}, {""edge_id"": ""328"", ""source_node_id"": ""416"", ""target_node_id"": ""421""}], ""step_requirements"": [{""node_id"": ""415"", ""algorithm_step_name"": ""Tabular Dataset Loading"", ""node_name"": ""桑坦德客户交易预测训练数据"", ""node_params"": {""table_name"": ""santander_customer_transaction_prediction_train"", ""target_column"": ""target""}, ""contrast_level"": 1, ""node_type"": ""io""}, {""node_id"": ""420"", ""algorithm_step_name"": ""Select Columns"", ""node_name"": ""Select Columns after loader 415"", ""node_params"": {}, ""contrast_level"": 1, ""node_type"": ""preprocess""}, {""node_id"": ""416"", ""algorithm_step_name"": ""Tabular Dataset Loading"", ""node_name"": ""桑坦德客户交易预测测试数据"", ""node_params"": {""table_name"": ""santander_customer_transaction_prediction_test"", ""target_column"": ""target""}, ""contrast_level"": 1, ""node_type"": ""io""}, {""node_id"": ""421"", ""algorithm_step_name"": ""Select Columns"", ""node_name"": ""Select Columns after loader 416"", ""node_params"": {}, ""contrast_level"": 1, ""node_type"": ""preprocess""}, {""node_id"": ""418"", ""algorithm_step_name"": ""Test Dataset Predictions"", ""node_name"": ""预测"", ""node_params"": {""output_probabilities"": true}, ""contrast_level"": 1, ""node_type"": ""predict""}, {""node_id"": ""419"", ""algorithm_step_name"": ""Save Data"", ""node_name"": ""保存预测结果"", ""node_params"": {}, ""contrast_level"": 1, ""node_type"": ""io""}]}",0.6667
"This is a medical dataset with over fifty anonymized health characteristics linked to three age-related conditions. Your goal is to predict whether a subject has or has not been diagnosed with one of these conditions. The target column is Class. Perform data analysis, data preprocessing, and modeling to predict the target. save predictions. Train data: icr_identify_age_related_conditions_train, Eval data: icr_identify_age_related_conditions_test",1.0,40530,4336,288.02311829995597,29.28912262391532,66.24173831939697,43.843273256672546,148.64898409997113,"{""edges"": [{""edge_id"": ""2605809340428658622"", ""source_node_id"": ""603"", ""target_node_id"": ""604""}, {""edge_id"": ""17011763753914081076"", ""source_node_id"": ""605"", ""target_node_id"": ""606""}, {""edge_id"": ""14266225216630928102"", ""source_node_id"": ""604"", ""target_node_id"": ""607""}, {""edge_id"": ""2444472251345242946"", ""source_node_id"": ""606"", ""target_node_id"": ""608""}, {""edge_id"": ""15458114392118715015"", ""source_node_id"": ""607"", ""target_node_id"": ""609""}, {""edge_id"": ""7177907013894097451"", ""source_node_id"": ""608"", ""target_node_id"": ""610""}, {""edge_id"": ""9165518852548283935"", ""source_node_id"": ""609"", ""target_node_id"": ""610""}, {""edge_id"": ""8154439545840672384"", ""source_node_id"": ""610"", ""target_node_id"": ""611""}], ""nodes"": [{""node_id"": ""603"", ""widget_name"": ""SQL Table"", ""node_name"": ""训练数据集 icr_identify_age_related_conditions_train"", ""node_params"": {""data_description"": ""数据集名可能为：icr_identify_age_related_conditions_train，数据集的列可能包括：age, condition, related"", ""table_name"": ""icr_identify_age_related_conditions_train""}}, {""node_id"": ""604"", ""widget_name"": ""Select Columns"", ""node_name"": ""训练数据集 icr_identify_age_related_conditions_train列配置"", ""node_params"": {""ignores"": [""Id""], ""features"": [""AB"", ""AF"", ""AH"", ""AM"", ""AR"", ""AX"", ""AY"", ""AZ"", ""BC"", ""BD"", ""BN"", ""BP"", ""BQ"", ""BR"", ""BZ"", ""CB"", ""CC"", ""CD"", ""CF"", ""CH"", ""CL"", ""CR"", ""CS"", ""CU"", ""CW"", ""DA"", ""DE"", ""DF"", ""DH"", ""DI"", ""DL"", ""DN"", ""DU"", ""DV"", ""DY"", ""EB"", ""EE"", ""EG"", ""EH"", ""EJ"", ""EL"", ""EP"", ""EU"", ""FC"", ""FD"", ""FE"", ""FI"", ""FL"", ""FR"", ""FS"", ""GB"", ""GE"", ""GF"", ""GH"", ""GI"", ""GL""], ""targets"": ""Class""}}, {""node_id"": ""605"", ""widget_name"": ""SQL Table"", ""node_name"": ""测试数据集 icr_identify_age_related_conditions_test"", ""node_params"": {""data_description"": ""数据集名可能为：icr_identify_age_related_conditions_test，数据集的列可能包括：age, condition, related"", ""table_name"": ""icr_identify_age_related_conditions_test""}}, {""node_id"": ""606"", ""widget_name"": ""Select Columns"", ""node_name"": ""测试数据集 icr_identify_age_related_conditions_test列配置"", ""node_params"": {""ignores"": [""Id""], ""features"": [""AB"", ""AF"", ""AH"", ""AM"", ""AR"", ""AX"", ""AY"", ""AZ"", ""BC"", ""BD"", ""BN"", ""BP"", ""BQ"", ""BR"", ""BZ"", ""CB"", ""CC"", ""CD"", ""CF"", ""CH"", ""CL"", ""CR"", ""CS"", ""CU"", ""CW"", ""DA"", ""DE"", ""DF"", ""DH"", ""DI"", ""DL"", ""DN"", ""DU"", ""DV"", ""DY"", ""EB"", ""EE"", ""EG"", ""EH"", ""EJ"", ""EL"", ""EP"", ""EU"", ""FC"", ""FD"", ""FE"", ""FI"", ""FL"", ""FR"", ""FS"", ""GB"", ""GE"", ""GF"", ""GH"", ""GI"", ""GL""], ""targets"": ""Class""}}, {""node_id"": ""607"", ""widget_name"": ""Impute"", ""node_name"": ""训练数据缺失值处理"", ""node_params"": {""method"": 1}}, {""node_id"": ""608"", ""widget_name"": ""Impute"", ""node_name"": ""测试数据缺失值处理"", ""node_params"": {""method"": 1}}, {""node_id"": ""609"", ""widget_name"": ""Random Forest"", ""node_name"": ""随机森林模型"", ""node_params"": {""n_estimators"": 10, ""use_max_features"": false, ""max_features"": ""auto"", ""use_random_state"": false, ""use_max_depth"": false, ""max_depth"": 3, ""use_min_samples_split"": true, ""min_samples_split"": 2}}, {""node_id"": ""610"", ""widget_name"": ""Predictions"", ""node_name"": ""预测"", ""node_params"": {""output_attrs"": true, ""output_predictions"": true, ""output_probabilities"": true}}, {""node_id"": ""611"", ""widget_name"": ""Save Data"", ""node_name"": ""保存预测结果"", ""node_params"": {}}]}","{""dependency_requirements"": [{""edge_id"": ""484"", ""source_node_id"": ""2788"", ""target_node_id"": ""661""}, {""edge_id"": ""485"", ""source_node_id"": ""2789"", ""target_node_id"": ""662""}, {""edge_id"": ""487"", ""source_node_id"": ""662"", ""target_node_id"": ""664""}, {""edge_id"": ""489"", ""source_node_id"": ""664"", ""target_node_id"": ""665""}, {""edge_id"": ""490"", ""source_node_id"": ""661"", ""target_node_id"": ""664""}, {""edge_id"": ""491"", ""source_node_id"": ""659"", ""target_node_id"": ""2788""}, {""edge_id"": ""492"", ""source_node_id"": ""660"", ""target_node_id"": ""2789""}], ""step_requirements"": [{""node_id"": ""659"", ""algorithm_step_name"": ""Tabular Dataset Loading"", ""node_name"": ""icr_identify_age_related_conditions_train"", ""node_params"": {""table_name"": ""icr_identify_age_related_conditions_train"", ""target_column"": ""Class""}, ""contrast_level"": 1, ""node_type"": ""io""}, {""node_id"": ""2788"", ""algorithm_step_name"": ""Select Columns"", ""node_name"": ""Select Columns after loader 659"", ""node_params"": {}, ""contrast_level"": 1, ""node_type"": ""preprocess""}, {""node_id"": ""660"", ""algorithm_step_name"": ""Tabular Dataset Loading"", ""node_name"": ""icr_identify_age_related_conditions_test"", ""node_params"": {""table_name"": ""icr_identify_age_related_conditions_test"", ""target_column"": ""Class""}, ""contrast_level"": 1, ""node_type"": ""io""}, {""node_id"": ""2789"", ""algorithm_step_name"": ""Select Columns"", ""node_name"": ""Select Columns after loader 660"", ""node_params"": {}, ""contrast_level"": 1, ""node_type"": ""preprocess""}, {""node_id"": ""661"", ""algorithm_step_name"": ""Missing Value Handling"", ""node_name"": ""训练数据缺失值处理"", ""node_params"": {}, ""contrast_level"": 0, ""node_type"": ""preprocess""}, {""node_id"": ""662"", ""algorithm_step_name"": ""Missing Value Handling"", ""node_name"": ""测试数据缺失值处理"", ""node_params"": {}, ""contrast_level"": 0, ""node_type"": ""preprocess""}, {""node_id"": ""664"", ""algorithm_step_name"": ""Test Dataset Predictions"", ""node_name"": ""预测"", ""node_params"": {""output_probabilities"": true}, ""contrast_level"": 1, ""node_type"": ""predict""}, {""node_id"": ""665"", ""algorithm_step_name"": ""Save Data"", ""node_name"": ""保存预测结果"", ""node_params"": {}, ""contrast_level"": 1, ""node_type"": ""io""}]}",0.9412
"This is a customers financial dataset. Your goal is to predict the value of transactions for each potential customer. The target column is target. Perform data analysis and modeling to predict the target. save predictions. Train data: santander_value_prediction_challenge_train, Eval data: santander_value_prediction_challenge_test",0.7,29463,2824,425.3298566999729,24.320784396200906,53.72865271568298,279.9596019880846,67.32081760000437,"{""edges"": [{""edge_id"": ""2883660247418742367"", ""source_node_id"": ""612"", ""target_node_id"": ""613""}, {""edge_id"": ""16668782745817111282"", ""source_node_id"": ""614"", ""target_node_id"": ""615""}, {""edge_id"": ""7171662780560203844"", ""source_node_id"": ""613"", ""target_node_id"": ""616""}], ""nodes"": [{""node_id"": ""612"", ""widget_name"": ""SQL Table"", ""node_name"": ""santander_value_prediction_challenge_train"", ""node_params"": {""data_description"": ""数据集名可能为：santander_train，数据集的列可能包括：var_0, var_1, var_2, ..., var_199, target"", ""table_name"": ""santander_customer_transaction_prediction_train""}}, {""node_id"": ""613"", ""widget_name"": ""Select Columns"", ""node_name"": ""santander_value_prediction_challenge_train列配置"", ""node_params"": {""ignores"": [""ID_code""], ""features"": [""var_0"", ""var_1"", ""var_2"", ""var_3"", ""var_4"", ""var_5"", ""var_6"", ""var_7"", ""var_8"", ""var_9"", ""var_10"", ""var_11"", ""var_12"", ""var_13"", ""var_14"", ""var_15"", ""var_16"", ""var_17""], ""targets"": ""target""}}, {""node_id"": ""614"", ""widget_name"": ""SQL Table"", ""node_name"": ""santander_value_prediction_challenge_test"", ""node_params"": {""data_description"": ""数据集名可能为：santander_test，数据集的列可能包括：var_0, var_1, var_2, ..., var_199"", ""table_name"": ""santander_customer_transaction_prediction_test""}}, {""node_id"": ""615"", ""widget_name"": ""Select Columns"", ""node_name"": ""santander_value_prediction_challenge_test列配置"", ""node_params"": {""ignores"": [], ""features"": [""var_0"", ""var_1"", ""var_2"", ""var_3"", ""var_4"", ""var_5"", ""var_6"", ""var_7"", ""var_8"", ""var_9"", ""var_10"", ""var_11"", ""var_12"", ""var_13"", ""var_14"", ""var_15"", ""var_16"", ""var_17""], ""targets"": ""target""}}, {""node_id"": ""616"", ""widget_name"": ""Random Forest"", ""node_name"": ""随机森林模型"", ""node_params"": {""n_estimators"": 10, ""use_max_features"": false, ""max_features"": ""auto"", ""use_random_state"": false, ""use_max_depth"": false, ""max_depth"": 3, ""use_min_samples_split"": true, ""min_samples_split"": 2}}, {""node_id"": ""619"", ""widget_name"": ""Predictions"", ""node_name"": ""预测"", ""node_params"": {""output_attrs"": true, ""output_predictions"": true, ""output_probabilities"": false}}]}","{""dependency_requirements"": [{""edge_id"": ""2318"", ""source_node_id"": ""672"", ""target_node_id"": ""669""}, {""edge_id"": ""493"", ""source_node_id"": ""669"", ""target_node_id"": ""670""}, {""edge_id"": ""494"", ""source_node_id"": ""671"", ""target_node_id"": ""669""}, {""edge_id"": ""495"", ""source_node_id"": ""666"", ""target_node_id"": ""671""}, {""edge_id"": ""496"", ""source_node_id"": ""667"", ""target_node_id"": ""672""}], ""step_requirements"": [{""node_id"": ""666"", ""algorithm_step_name"": ""Tabular Dataset Loading"", ""node_name"": ""桑坦德价值预测挑战训练数据"", ""node_params"": {""table_name"": ""santander_value_prediction_challenge_train"", ""target_column"": ""target""}, ""contrast_level"": 1, ""node_type"": ""io""}, {""node_id"": ""671"", ""algorithm_step_name"": ""Select Columns"", ""node_name"": ""Select Columns after loader 666"", ""node_params"": {}, ""contrast_level"": 1, ""node_type"": ""preprocess""}, {""node_id"": ""667"", ""algorithm_step_name"": ""Tabular Dataset Loading"", ""node_name"": ""桑坦德价值预测挑战测试数据"", ""node_params"": {""table_name"": ""santander_value_prediction_challenge_test"", ""target_column"": ""target""}, ""contrast_level"": 1, ""node_type"": ""io""}, {""node_id"": ""672"", ""algorithm_step_name"": ""Select Columns"", ""node_name"": ""Select Columns after loader 667"", ""node_params"": {}, ""contrast_level"": 1, ""node_type"": ""preprocess""}, {""node_id"": ""669"", ""algorithm_step_name"": ""Test Dataset Predictions"", ""node_name"": ""预测"", ""node_params"": {""output_probabilities"": false}, ""contrast_level"": 1, ""node_type"": ""predict""}, {""node_id"": ""670"", ""algorithm_step_name"": ""Save Data"", ""node_name"": ""保存预测结果"", ""node_params"": {}, ""contrast_level"": 1, ""node_type"": ""io""}]}",0.6667
"Run data analysis on Iris example dataset, include a plot",0.3333,2003,305,20.23485670000082,16.896998499927577,0.004017829895019531,3.3338403701782227,0.0,"{""edges"": [], ""nodes"": [{""node_id"": ""620"", ""widget_name"": ""File"", ""node_name"": ""加载Iris示例数据集"", ""node_params"": {""type"": ""sample"", ""filename"": ""iris.csv""}}]}","{""dependency_requirements"": [{""edge_id"": ""257"", ""source_node_id"": ""356"", ""target_node_id"": ""355""}, {""edge_id"": ""258"", ""source_node_id"": ""353"", ""target_node_id"": ""356""}], ""step_requirements"": [{""node_id"": ""353"", ""algorithm_step_name"": ""Tabular Dataset Loading"", ""node_name"": ""文件加载节点"", ""node_params"": {""type"": ""sample"", ""filename"": ""iris.csv""}, ""contrast_level"": 1, ""node_type"": ""io""}, {""node_id"": ""356"", ""algorithm_step_name"": ""Select Columns"", ""node_name"": ""Select Columns after loader 353"", ""node_params"": {}, ""contrast_level"": 1, ""node_type"": ""preprocess""}, {""node_id"": ""355"", ""algorithm_step_name"": ""Scatter Plot"", ""node_name"": ""散点图"", ""node_params"": {}, ""contrast_level"": 0, ""node_type"": ""visualize""}]}",0.5
"Run data analysis on Wine recognition example dataset, include a plot, and train a model to predict wine class with 20% as test set, and save predictions.",0.1667,6094,461,31.42539389996091,24.358231863065157,0.004105567932128906,7.063056468963623,0.0,"{""edges"": [], ""nodes"": [{""node_id"": ""621"", ""widget_name"": ""File"", ""node_name"": ""文件加载节点"", ""node_params"": {""type"": ""sample"", ""filename"": ""iris.csv""}}]}","{""dependency_requirements"": [{""edge_id"": ""277"", ""source_node_id"": ""383"", ""target_node_id"": ""374""}, {""edge_id"": ""283"", ""source_node_id"": ""378"", ""target_node_id"": ""379""}, {""edge_id"": ""286"", ""source_node_id"": ""383"", ""target_node_id"": ""382""}, {""edge_id"": ""287"", ""source_node_id"": ""374"", ""target_node_id"": ""378""}, {""edge_id"": ""289"", ""source_node_id"": ""373"", ""target_node_id"": ""383""}], ""step_requirements"": [{""node_id"": ""373"", ""algorithm_step_name"": ""Tabular Dataset Loading"", ""node_name"": ""文件加载节点"", ""node_params"": {""type"": ""sample"", ""filename"": ""wine.csv""}, ""contrast_level"": 1, ""node_type"": ""io""}, {""node_id"": ""383"", ""algorithm_step_name"": ""Select Columns"", ""node_name"": ""Select Columns after loader 373"", ""node_params"": {}, ""contrast_level"": 1, ""node_type"": ""preprocess""}, {""node_id"": ""374"", ""algorithm_step_name"": ""Dataset Division"", ""node_name"": ""数据划分"", ""node_params"": {""sampling_type"": 0, ""percentage"": 20}, ""contrast_level"": 1, ""node_type"": ""preprocess""}, {""node_id"": ""378"", ""algorithm_step_name"": ""Test Dataset Predictions"", ""node_name"": ""预测"", ""node_params"": {""output_probabilities"": true}, ""contrast_level"": 1, ""node_type"": ""predict""}, {""node_id"": ""379"", ""algorithm_step_name"": ""Save Data"", ""node_name"": ""保存预测结果"", ""node_params"": {}, ""contrast_level"": 1, ""node_type"": ""io""}, {""node_id"": ""382"", ""algorithm_step_name"": ""Line Chart"", ""node_name"": ""折线图"", ""node_params"": {}, ""contrast_level"": 0, ""node_type"": ""visualize""}]}",0.2857
"Run data analysis on sklearn Wisconsin Breast Cancer example dataset, include a plot, train a model to predict targets (20% as validation), and save predictions.",0.1667,8631,536,37.06474649999291,25.455025077797472,0.0013628005981445312,11.60835862159729,0.0,"{""edges"": [], ""nodes"": [{""node_id"": ""624"", ""widget_name"": ""File"", ""node_name"": ""威斯康星乳腺癌数据集"", ""node_params"": {""type"": ""sample"", ""filename"": ""iris.csv""}}]}","{""dependency_requirements"": [{""edge_id"": ""299"", ""source_node_id"": ""392"", ""target_node_id"": ""394""}, {""edge_id"": ""301"", ""source_node_id"": ""394"", ""target_node_id"": ""395""}, {""edge_id"": ""304"", ""source_node_id"": ""2783"", ""target_node_id"": ""396""}, {""edge_id"": ""305"", ""source_node_id"": ""2783"", ""target_node_id"": ""392""}, {""edge_id"": ""306"", ""source_node_id"": ""390"", ""target_node_id"": ""2783""}], ""step_requirements"": [{""node_id"": ""390"", ""algorithm_step_name"": ""Tabular Dataset Loading"", ""node_name"": ""威斯康星乳腺癌数据集"", ""node_params"": {""type"": ""sample"", ""filename"": ""breast_cancer.csv""}, ""contrast_level"": 1, ""node_type"": ""io""}, {""node_id"": ""2783"", ""algorithm_step_name"": ""Select Columns"", ""node_name"": ""Select Columns after loader 390"", ""node_params"": {}, ""contrast_level"": 1, ""node_type"": ""preprocess""}, {""node_id"": ""392"", ""algorithm_step_name"": ""Dataset Division"", ""node_name"": ""数据划分"", ""node_params"": {""percentage"": 20}, ""contrast_level"": 1, ""node_type"": ""preprocess""}, {""node_id"": ""394"", ""algorithm_step_name"": ""Test Dataset Predictions"", ""node_name"": ""预测"", ""node_params"": {""output_probabilities"": true}, ""contrast_level"": 1, ""node_type"": ""predict""}, {""node_id"": ""395"", ""algorithm_step_name"": ""Save Data"", ""node_name"": ""保存预测结果"", ""node_params"": {}, ""contrast_level"": 1, ""node_type"": ""io""}, {""node_id"": ""396"", ""algorithm_step_name"": ""Correlogram"", ""node_name"": ""相关性热图"", ""node_params"": {}, ""contrast_level"": 0, ""node_type"": ""visualize""}]}",0.2857
"This is a titanic passenger survival dataset, your goal is to predict passenger survival outcome. The target column is Survived. Perform data analysis, data preprocessing, feature engineering, and modeling to predict the target. save predictions. Train data: titanic_train, Eval data: titanic_test.",0.8667,20309,2336,164.2406367000076,28.660419100138824,57.091888666152954,37.671939933730755,40.816388999985065,"{""edges"": [{""edge_id"": ""709990013034385223"", ""source_node_id"": ""625"", ""target_node_id"": ""626""}, {""edge_id"": ""14814759711928715584"", ""source_node_id"": ""627"", ""target_node_id"": ""628""}, {""edge_id"": ""1214007175560445375"", ""source_node_id"": ""626"", ""target_node_id"": ""629""}, {""edge_id"": ""7761732224850268768"", ""source_node_id"": ""628"", ""target_node_id"": ""630""}, {""edge_id"": ""3110439096070999980"", ""source_node_id"": ""629"", ""target_node_id"": ""631""}, {""edge_id"": ""9814549517182304515"", ""source_node_id"": ""630"", ""target_node_id"": ""632""}, {""edge_id"": ""15857738853654701827"", ""source_node_id"": ""631"", ""target_node_id"": ""632""}, {""edge_id"": ""7681183511984061514"", ""source_node_id"": ""632"", ""target_node_id"": ""633""}], ""nodes"": [{""node_id"": ""625"", ""widget_name"": ""SQL Table"", ""node_name"": ""泰坦尼克号训练数据"", ""node_params"": {""data_description"": ""数据集名可能为：titanic_train，数据集的列可能包括：Pclass, Sex, Age, SibSp, Parch, Fare"", ""table_name"": ""titanic_train""}}, {""node_id"": ""626"", ""widget_name"": ""Select Columns"", ""node_name"": ""泰坦尼克号训练数据列配置"", ""node_params"": {""ignores"": [""PassengerId"", ""Name"", ""Ticket"", ""Cabin""], ""features"": [""Pclass"", ""Sex"", ""Age"", ""SibSp"", ""Parch"", ""Fare"", ""Embarked""], ""targets"": ""Survived""}}, {""node_id"": ""627"", ""widget_name"": ""SQL Table"", ""node_name"": ""泰坦尼克号测试数据"", ""node_params"": {""data_description"": ""数据集名可能为：titanic_test，数据集的列可能包括：Pclass, Sex, Age, SibSp, Parch, Fare"", ""table_name"": ""titanic_test""}}, {""node_id"": ""628"", ""widget_name"": ""Select Columns"", ""node_name"": ""泰坦尼克号测试数据列配置"", ""node_params"": {""ignores"": [""PassengerId"", ""Name"", ""Ticket"", ""Cabin""], ""features"": [""Pclass"", ""Sex"", ""Age"", ""SibSp"", ""Parch"", ""Fare"", ""Embarked""], ""targets"": ""Survived""}}, {""node_id"": ""629"", ""widget_name"": ""Impute"", ""node_name"": ""训练数据缺失值处理"", ""node_params"": {""method"": 1}}, {""node_id"": ""630"", ""widget_name"": ""Impute"", ""node_name"": ""测试数据缺失值处理"", ""node_params"": {""method"": 1}}, {""node_id"": ""631"", ""widget_name"": ""Logistic Regression"", ""node_name"": ""逻辑回归模型"", ""node_params"": {""C"": 1, ""penalty"": ""l2""}}, {""node_id"": ""632"", ""widget_name"": ""Predictions"", ""node_name"": ""预测"", ""node_params"": {""output_attrs"": true, ""output_predictions"": true, ""output_probabilities"": true}}, {""node_id"": ""633"", ""widget_name"": ""Save Data"", ""node_name"": ""保存预测结果"", ""node_params"": {}}]}","{""dependency_requirements"": [{""edge_id"": ""2313"", ""source_node_id"": ""2784"", ""target_node_id"": ""399""}, {""edge_id"": ""307"", ""source_node_id"": ""2785"", ""target_node_id"": ""400""}, {""edge_id"": ""308"", ""source_node_id"": ""399"", ""target_node_id"": ""401""}, {""edge_id"": ""309"", ""source_node_id"": ""400"", ""target_node_id"": ""402""}, {""edge_id"": ""311"", ""source_node_id"": ""402"", ""target_node_id"": ""404""}, {""edge_id"": ""313"", ""source_node_id"": ""404"", ""target_node_id"": ""405""}, {""edge_id"": ""314"", ""source_node_id"": ""401"", ""target_node_id"": ""404""}, {""edge_id"": ""315"", ""source_node_id"": ""397"", ""target_node_id"": ""2784""}, {""edge_id"": ""316"", ""source_node_id"": ""398"", ""target_node_id"": ""2785""}], ""step_requirements"": [{""node_id"": ""397"", ""algorithm_step_name"": ""Tabular Dataset Loading"", ""node_name"": ""泰坦尼克号训练数据"", ""node_params"": {""table_name"": ""titanic_train"", ""target_column"": ""Survived""}, ""contrast_level"": 1, ""node_type"": ""io""}, {""node_id"": ""2784"", ""algorithm_step_name"": ""Select Columns"", ""node_name"": ""Select Columns after loader 397"", ""node_params"": {}, ""contrast_level"": 1, ""node_type"": ""preprocess""}, {""node_id"": ""398"", ""algorithm_step_name"": ""Tabular Dataset Loading"", ""node_name"": ""泰坦尼克号测试数据"", ""node_params"": {""table_name"": ""titanic_test"", ""target_column"": ""Survived""}, ""contrast_level"": 1, ""node_type"": ""io""}, {""node_id"": ""2785"", ""algorithm_step_name"": ""Select Columns"", ""node_name"": ""Select Columns after loader 398"", ""node_params"": {}, ""contrast_level"": 1, ""node_type"": ""preprocess""}, {""node_id"": ""399"", ""algorithm_step_name"": ""Missing Value Handling"", ""node_name"": ""训练数据缺失值处理"", ""node_params"": {}, ""contrast_level"": 0, ""node_type"": ""preprocess""}, {""node_id"": ""400"", ""algorithm_step_name"": ""Missing Value Handling"", ""node_name"": ""测试数据缺失值处理"", ""node_params"": {}, ""contrast_level"": 0, ""node_type"": ""preprocess""}, {""node_id"": ""401"", ""algorithm_step_name"": ""One Hot Encoding"", ""node_name"": ""训练数据独热编码"", ""node_params"": {}, ""contrast_level"": 0, ""node_type"": ""feature engineering""}, {""node_id"": ""402"", ""algorithm_step_name"": ""One Hot Encoding"", ""node_name"": ""测试数据独热编码"", ""node_params"": {}, ""contrast_level"": 0, ""node_type"": ""feature engineering""}, {""node_id"": ""404"", ""algorithm_step_name"": ""Test Dataset Predictions"", ""node_name"": ""预测"", ""node_params"": {""output_probabilities"": true}, ""contrast_level"": 1, ""node_type"": ""predict""}, {""node_id"": ""405"", ""algorithm_step_name"": ""Save Data"", ""node_name"": ""保存预测结果"", ""node_params"": {}, ""contrast_level"": 1, ""node_type"": ""io""}]}",0.8421
"This is a house price dataset, your goal is to predict the sale price of a property based on its features. The target column is SalePrice. Perform data analysis, data preprocessing, feature engineering, and modeling to predict the target. save predictions. Train data: house_prices_advanced_regression_techniques_train, Eval data: house_prices_advanced_regression_techniques_test.",0.7857,50278,4419,526.8396306000068,25.49319886782905,61.54631304740906,291.74939938477473,148.05071929999394,"{""edges"": [{""edge_id"": ""4599564560316534333"", ""source_node_id"": ""634"", ""target_node_id"": ""635""}, {""edge_id"": ""12948421800597715626"", ""source_node_id"": ""636"", ""target_node_id"": ""637""}, {""edge_id"": ""6751998337638338966"", ""source_node_id"": ""635"", ""target_node_id"": ""638""}, {""edge_id"": ""17937642197162782658"", ""source_node_id"": ""637"", ""target_node_id"": ""639""}, {""edge_id"": ""2630556556022830862"", ""source_node_id"": ""638"", ""target_node_id"": ""640""}], ""nodes"": [{""node_id"": ""634"", ""widget_name"": ""SQL Table"", ""node_name"": ""训练数据"", ""node_params"": {""data_description"": ""数据集名可能为：train_data，数据集的列可能包括：feature1, feature2, feature3, label"", ""table_name"": ""santander_customer_transaction_prediction_train""}}, {""node_id"": ""635"", ""widget_name"": ""Select Columns"", ""node_name"": ""训练数据列配置"", ""node_params"": {""ignores"": [""ID_code""], ""features"": [""var_0"", ""var_1"", ""var_2"", ""var_3"", ""var_4"", ""var_5"", ""var_6"", ""var_7"", ""var_8"", ""var_9"", ""var_10"", ""var_11"", ""var_12"", ""var_13"", ""var_14"", ""var_15"", ""var_16"", ""var_17""], ""targets"": ""target""}}, {""node_id"": ""636"", ""widget_name"": ""SQL Table"", ""node_name"": ""测试数据"", ""node_params"": {""data_description"": ""数据集名可能为：test_data，数据集的列可能包括：feature1, feature2, feature3"", ""table_name"": ""house_prices_advanced_regression_techniques_test""}}, {""node_id"": ""637"", ""widget_name"": ""Select Columns"", ""node_name"": ""测试数据列配置"", ""node_params"": {""ignores"": [""Id""], ""features"": [""MSSubClass"", ""MSZoning"", ""LotFrontage"", ""LotArea"", ""Street"", ""Alley"", ""LotShape"", ""LandContour"", ""Utilities"", ""LotConfig"", ""LandSlope"", ""Neighborhood"", ""Condition1"", ""Condition2"", ""BldgType"", ""HouseStyle"", ""OverallQual"", ""OverallCond"", ""YearBuilt"", ""YearRemodAdd"", ""RoofStyle"", ""RoofMatl"", ""Exterior1st"", ""Exterior2nd"", ""MasVnrType"", ""MasVnrArea"", ""ExterQual"", ""ExterCond"", ""Foundation"", ""BsmtQual"", ""BsmtCond"", ""BsmtExposure"", ""BsmtFinType1"", ""BsmtFinSF1"", ""BsmtFinType2"", ""BsmtFinSF2"", ""BsmtUnfSF"", ""TotalBsmtSF"", ""Heating"", ""HeatingQC"", ""CentralAir"", ""Electrical"", ""1stFlrSF"", ""2ndFlrSF"", ""LowQualFinSF"", ""GrLivArea"", ""BsmtFullBath"", ""BsmtHalfBath"", ""FullBath"", ""HalfBath"", ""BedroomAbvGr"", ""KitchenAbvGr"", ""KitchenQual"", ""TotRmsAbvGrd"", ""Functional"", ""Fireplaces"", ""FireplaceQu"", ""GarageType"", ""GarageYrBlt"", ""GarageFinish"", ""GarageCars"", ""GarageArea"", ""GarageQual"", ""GarageCond"", ""PavedDrive"", ""WoodDeckSF"", ""OpenPorchSF"", ""EnclosedPorch"", ""3SsnPorch"", ""ScreenPorch"", ""PoolArea"", ""PoolQC"", ""Fence"", ""MiscFeature"", ""MiscVal"", ""MoSold"", ""YrSold"", ""SaleType"", ""SaleCondition""], ""targets"": ""SalePrice""}}, {""node_id"": ""638"", ""widget_name"": ""Impute"", ""node_name"": ""训练数据缺失值处理"", ""node_params"": {""method"": 1}}, {""node_id"": ""639"", ""widget_name"": ""Impute"", ""node_name"": ""测试数据缺失值处理"", ""node_params"": {""method"": 1}}, {""node_id"": ""640"", ""widget_name"": ""Random Forest"", ""node_name"": ""随机森林模型"", ""node_params"": {""n_estimators"": 10, ""use_max_features"": false, ""max_features"": ""auto"", ""use_random_state"": false, ""use_max_depth"": false, ""max_depth"": 3, ""use_min_samples_split"": true, ""min_samples_split"": 2}}, {""node_id"": ""643"", ""widget_name"": ""Predictions"", ""node_name"": ""预测"", ""node_params"": {""output_attrs"": true, ""output_predictions"": true, ""output_probabilities"": false}}]}","{""dependency_requirements"": [{""edge_id"": ""2314"", ""source_node_id"": ""2786"", ""target_node_id"": ""408""}, {""edge_id"": ""2315"", ""source_node_id"": ""2787"", ""target_node_id"": ""409""}, {""edge_id"": ""2316"", ""source_node_id"": ""408"", ""target_node_id"": ""410""}, {""edge_id"": ""317"", ""source_node_id"": ""409"", ""target_node_id"": ""411""}, {""edge_id"": ""319"", ""source_node_id"": ""411"", ""target_node_id"": ""413""}, {""edge_id"": ""321"", ""source_node_id"": ""413"", ""target_node_id"": ""414""}, {""edge_id"": ""322"", ""source_node_id"": ""410"", ""target_node_id"": ""413""}, {""edge_id"": ""323"", ""source_node_id"": ""406"", ""target_node_id"": ""2786""}, {""edge_id"": ""324"", ""source_node_id"": ""407"", ""target_node_id"": ""2787""}], ""step_requirements"": [{""node_id"": ""406"", ""algorithm_step_name"": ""Tabular Dataset Loading"", ""node_name"": ""房屋价格训练数据"", ""node_params"": {""table_name"": ""house_prices_advanced_regression_techniques_train"", ""target_column"": ""SalePrice""}, ""contrast_level"": 1, ""node_type"": ""io""}, {""node_id"": ""2786"", ""algorithm_step_name"": ""Select Columns"", ""node_name"": ""Select Columns after loader 406"", ""node_params"": {}, ""contrast_level"": 1, ""node_type"": ""preprocess""}, {""node_id"": ""407"", ""algorithm_step_name"": ""Tabular Dataset Loading"", ""node_name"": ""房屋价格测试数据"", ""node_params"": {""table_name"": ""house_prices_advanced_regression_techniques_test"", ""target_column"": ""SalePrice""}, ""contrast_level"": 1, ""node_type"": ""io""}, {""node_id"": ""2787"", ""algorithm_step_name"": ""Select Columns"", ""node_name"": ""Select Columns after loader 407"", ""node_params"": {}, ""contrast_level"": 1, ""node_type"": ""preprocess""}, {""node_id"": ""408"", ""algorithm_step_name"": ""Missing Value Handling"", ""node_name"": ""训练数据缺失值处理"", ""node_params"": {}, ""contrast_level"": 0, ""node_type"": ""preprocess""}, {""node_id"": ""409"", ""algorithm_step_name"": ""Missing Value Handling"", ""node_name"": ""测试数据缺失值处理"", ""node_params"": {}, ""contrast_level"": 0, ""node_type"": ""preprocess""}, {""node_id"": ""410"", ""algorithm_step_name"": ""One Hot Encoding"", ""node_name"": ""训练数据独热编码"", ""node_params"": {}, ""contrast_level"": 0, ""node_type"": ""feature engineering""}, {""node_id"": ""411"", ""algorithm_step_name"": ""One Hot Encoding"", ""node_name"": ""测试数据独热编码"", ""node_params"": {}, ""contrast_level"": 0, ""node_type"": ""feature engineering""}, {""node_id"": ""413"", ""algorithm_step_name"": ""Test Dataset Predictions"", ""node_name"": ""预测"", ""node_params"": {""output_probabilities"": false}, ""contrast_level"": 1, ""node_type"": ""predict""}, {""node_id"": ""414"", ""algorithm_step_name"": ""Save Data"", ""node_name"": ""保存预测结果"", ""node_params"": {}, ""contrast_level"": 1, ""node_type"": ""io""}]}",0.6667
"This is a customers financial dataset. Your goal is to predict which customers will make a specific transaction in the future. The target column is target. Perform data analysis and modeling to predict the target. save predictions. Train data: santander_customer_transaction_prediction_train, Eval data: santander_customer_transaction_prediction_test.",0.7,28813,2896,426.5225084000267,24.436690586153418,55.85619401931763,277.49308169458527,68.73654209997039,"{""edges"": [{""edge_id"": ""8260073124454104861"", ""source_node_id"": ""644"", ""target_node_id"": ""645""}, {""edge_id"": ""3636280790301654696"", ""source_node_id"": ""646"", ""target_node_id"": ""647""}, {""edge_id"": ""17901691155557429668"", ""source_node_id"": ""645"", ""target_node_id"": ""648""}], ""nodes"": [{""node_id"": ""644"", ""widget_name"": ""SQL Table"", ""node_name"": ""santander_customer_transaction_prediction_train"", ""node_params"": {""data_description"": ""数据集名可能为：santander_train，数据集的列可能包括：target, var_0, var_1, var_2, ... , var_200"", ""table_name"": ""santander_customer_transaction_prediction_train""}}, {""node_id"": ""645"", ""widget_name"": ""Select Columns"", ""node_name"": ""santander_customer_transaction_prediction_train列配置"", ""node_params"": {""ignores"": [""ID_code""], ""features"": [""var_0"", ""var_1"", ""var_2"", ""var_3"", ""var_4"", ""var_5"", ""var_6"", ""var_7"", ""var_8"", ""var_9"", ""var_10"", ""var_11"", ""var_12"", ""var_13"", ""var_14"", ""var_15"", ""var_16"", ""var_17""], ""targets"": ""target""}}, {""node_id"": ""646"", ""widget_name"": ""SQL Table"", ""node_name"": ""santander_customer_transaction_prediction_test"", ""node_params"": {""data_description"": ""数据集名可能为：santander_test，数据集的列可能包括：var_0, var_1, var_2, ... , var_200"", ""table_name"": ""santander_customer_transaction_prediction_test""}}, {""node_id"": ""647"", ""widget_name"": ""Select Columns"", ""node_name"": ""santander_customer_transaction_prediction_test列配置"", ""node_params"": {""ignores"": [], ""features"": [""var_0"", ""var_1"", ""var_2"", ""var_3"", ""var_4"", ""var_5"", ""var_6"", ""var_7"", ""var_8"", ""var_9"", ""var_10"", ""var_11"", ""var_12"", ""var_13"", ""var_14"", ""var_15"", ""var_16"", ""var_17""], ""targets"": ""target""}}, {""node_id"": ""648"", ""widget_name"": ""Random Forest"", ""node_name"": ""随机森林模型"", ""node_params"": {""n_estimators"": 10, ""use_max_features"": false, ""max_features"": ""auto"", ""use_random_state"": false, ""use_max_depth"": false, ""max_depth"": 3, ""use_min_samples_split"": true, ""min_samples_split"": 2}}, {""node_id"": ""651"", ""widget_name"": ""Predictions"", ""node_name"": ""预测"", ""node_params"": {""output_attrs"": true, ""output_predictions"": true, ""output_probabilities"": true}}]}","{""dependency_requirements"": [{""edge_id"": ""2317"", ""source_node_id"": ""421"", ""target_node_id"": ""418""}, {""edge_id"": ""325"", ""source_node_id"": ""418"", ""target_node_id"": ""419""}, {""edge_id"": ""326"", ""source_node_id"": ""420"", ""target_node_id"": ""418""}, {""edge_id"": ""327"", ""source_node_id"": ""415"", ""target_node_id"": ""420""}, {""edge_id"": ""328"", ""source_node_id"": ""416"", ""target_node_id"": ""421""}], ""step_requirements"": [{""node_id"": ""415"", ""algorithm_step_name"": ""Tabular Dataset Loading"", ""node_name"": ""桑坦德客户交易预测训练数据"", ""node_params"": {""table_name"": ""santander_customer_transaction_prediction_train"", ""target_column"": ""target""}, ""contrast_level"": 1, ""node_type"": ""io""}, {""node_id"": ""420"", ""algorithm_step_name"": ""Select Columns"", ""node_name"": ""Select Columns after loader 415"", ""node_params"": {}, ""contrast_level"": 1, ""node_type"": ""preprocess""}, {""node_id"": ""416"", ""algorithm_step_name"": ""Tabular Dataset Loading"", ""node_name"": ""桑坦德客户交易预测测试数据"", ""node_params"": {""table_name"": ""santander_customer_transaction_prediction_test"", ""target_column"": ""target""}, ""contrast_level"": 1, ""node_type"": ""io""}, {""node_id"": ""421"", ""algorithm_step_name"": ""Select Columns"", ""node_name"": ""Select Columns after loader 416"", ""node_params"": {}, ""contrast_level"": 1, ""node_type"": ""preprocess""}, {""node_id"": ""418"", ""algorithm_step_name"": ""Test Dataset Predictions"", ""node_name"": ""预测"", ""node_params"": {""output_probabilities"": true}, ""contrast_level"": 1, ""node_type"": ""predict""}, {""node_id"": ""419"", ""algorithm_step_name"": ""Save Data"", ""node_name"": ""保存预测结果"", ""node_params"": {}, ""contrast_level"": 1, ""node_type"": ""io""}]}",0.6667
"This is a medical dataset with over fifty anonymized health characteristics linked to three age-related conditions. Your goal is to predict whether a subject has or has not been diagnosed with one of these conditions. The target column is Class. Perform data analysis, data preprocessing, and modeling to predict the target. save predictions. Train data: icr_identify_age_related_conditions_train, Eval data: icr_identify_age_related_conditions_test",1.0,40531,4304,286.2398959999555,29.242879808472935,64.24480295181274,43.85156883962918,148.90064440004062,"{""edges"": [{""edge_id"": ""8317489642146741368"", ""source_node_id"": ""652"", ""target_node_id"": ""653""}, {""edge_id"": ""1439164576156725890"", ""source_node_id"": ""654"", ""target_node_id"": ""655""}, {""edge_id"": ""12489550653615888184"", ""source_node_id"": ""653"", ""target_node_id"": ""656""}, {""edge_id"": ""13017050483382750474"", ""source_node_id"": ""655"", ""target_node_id"": ""657""}, {""edge_id"": ""12992365635608510210"", ""source_node_id"": ""656"", ""target_node_id"": ""658""}, {""edge_id"": ""17761391790729619616"", ""source_node_id"": ""657"", ""target_node_id"": ""659""}, {""edge_id"": ""10155464976177812153"", ""source_node_id"": ""658"", ""target_node_id"": ""659""}, {""edge_id"": ""7394496198515217156"", ""source_node_id"": ""659"", ""target_node_id"": ""660""}], ""nodes"": [{""node_id"": ""652"", ""widget_name"": ""SQL Table"", ""node_name"": ""训练数据集 icr_identify_age_related_conditions_train"", ""node_params"": {""data_description"": ""数据集名可能为：icr_identify_age_related_conditions_train，数据集的列可能包括：age, condition, related"", ""table_name"": ""icr_identify_age_related_conditions_train""}}, {""node_id"": ""653"", ""widget_name"": ""Select Columns"", ""node_name"": ""训练数据集 icr_identify_age_related_conditions_train列配置"", ""node_params"": {""ignores"": [""Id""], ""features"": [""AB"", ""AF"", ""AH"", ""AM"", ""AR"", ""AX"", ""AY"", ""AZ"", ""BC"", ""BD"", ""BN"", ""BP"", ""BQ"", ""BR"", ""BZ"", ""CB"", ""CC"", ""CD"", ""CF"", ""CH"", ""CL"", ""CR"", ""CS"", ""CU"", ""CW"", ""DA"", ""DE"", ""DF"", ""DH"", ""DI"", ""DL"", ""DN"", ""DU"", ""DV"", ""DY"", ""EB"", ""EE"", ""EG"", ""EH"", ""EJ"", ""EL"", ""EP"", ""EU"", ""FC"", ""FD"", ""FE"", ""FI"", ""FL"", ""FR"", ""FS"", ""GB"", ""GE"", ""GF"", ""GH"", ""GI"", ""GL""], ""targets"": ""Class""}}, {""node_id"": ""654"", ""widget_name"": ""SQL Table"", ""node_name"": ""测试数据集 icr_identify_age_related_conditions_test"", ""node_params"": {""data_description"": ""数据集名可能为：icr_identify_age_related_conditions_test，数据集的列可能包括：age, condition, related"", ""table_name"": ""icr_identify_age_related_conditions_test""}}, {""node_id"": ""655"", ""widget_name"": ""Select Columns"", ""node_name"": ""测试数据集 icr_identify_age_related_conditions_test列配置"", ""node_params"": {""ignores"": [""Id""], ""features"": [""AB"", ""AF"", ""AH"", ""AM"", ""AR"", ""AX"", ""AY"", ""AZ"", ""BC"", ""BD"", ""BN"", ""BP"", ""BQ"", ""BR"", ""BZ"", ""CB"", ""CC"", ""CD"", ""CF"", ""CH"", ""CL"", ""CR"", ""CS"", ""CU"", ""CW"", ""DA"", ""DE"", ""DF"", ""DH"", ""DI"", ""DL"", ""DN"", ""DU"", ""DV"", ""DY"", ""EB"", ""EE"", ""EG"", ""EH"", ""EJ"", ""EL"", ""EP"", ""EU"", ""FC"", ""FD"", ""FE"", ""FI"", ""FL"", ""FR"", ""FS"", ""GB"", ""GE"", ""GF"", ""GH"", ""GI"", ""GL""], ""targets"": ""Class""}}, {""node_id"": ""656"", ""widget_name"": ""Impute"", ""node_name"": ""训练数据缺失值处理"", ""node_params"": {""method"": 1}}, {""node_id"": ""657"", ""widget_name"": ""Impute"", ""node_name"": ""测试数据缺失值处理"", ""node_params"": {""method"": 1}}, {""node_id"": ""658"", ""widget_name"": ""Random Forest"", ""node_name"": ""随机森林模型"", ""node_params"": {""n_estimators"": 10, ""use_max_features"": false, ""max_features"": ""auto"", ""use_random_state"": false, ""use_max_depth"": false, ""max_depth"": 3, ""use_min_samples_split"": true, ""min_samples_split"": 2}}, {""node_id"": ""659"", ""widget_name"": ""Predictions"", ""node_name"": ""预测"", ""node_params"": {""output_attrs"": true, ""output_predictions"": true, ""output_probabilities"": true}}, {""node_id"": ""660"", ""widget_name"": ""Save Data"", ""node_name"": ""保存预测结果"", ""node_params"": {}}]}","{""dependency_requirements"": [{""edge_id"": ""484"", ""source_node_id"": ""2788"", ""target_node_id"": ""661""}, {""edge_id"": ""485"", ""source_node_id"": ""2789"", ""target_node_id"": ""662""}, {""edge_id"": ""487"", ""source_node_id"": ""662"", ""target_node_id"": ""664""}, {""edge_id"": ""489"", ""source_node_id"": ""664"", ""target_node_id"": ""665""}, {""edge_id"": ""490"", ""source_node_id"": ""661"", ""target_node_id"": ""664""}, {""edge_id"": ""491"", ""source_node_id"": ""659"", ""target_node_id"": ""2788""}, {""edge_id"": ""492"", ""source_node_id"": ""660"", ""target_node_id"": ""2789""}], ""step_requirements"": [{""node_id"": ""659"", ""algorithm_step_name"": ""Tabular Dataset Loading"", ""node_name"": ""icr_identify_age_related_conditions_train"", ""node_params"": {""table_name"": ""icr_identify_age_related_conditions_train"", ""target_column"": ""Class""}, ""contrast_level"": 1, ""node_type"": ""io""}, {""node_id"": ""2788"", ""algorithm_step_name"": ""Select Columns"", ""node_name"": ""Select Columns after loader 659"", ""node_params"": {}, ""contrast_level"": 1, ""node_type"": ""preprocess""}, {""node_id"": ""660"", ""algorithm_step_name"": ""Tabular Dataset Loading"", ""node_name"": ""icr_identify_age_related_conditions_test"", ""node_params"": {""table_name"": ""icr_identify_age_related_conditions_test"", ""target_column"": ""Class""}, ""contrast_level"": 1, ""node_type"": ""io""}, {""node_id"": ""2789"", ""algorithm_step_name"": ""Select Columns"", ""node_name"": ""Select Columns after loader 660"", ""node_params"": {}, ""contrast_level"": 1, ""node_type"": ""preprocess""}, {""node_id"": ""661"", ""algorithm_step_name"": ""Missing Value Handling"", ""node_name"": ""训练数据缺失值处理"", ""node_params"": {}, ""contrast_level"": 0, ""node_type"": ""preprocess""}, {""node_id"": ""662"", ""algorithm_step_name"": ""Missing Value Handling"", ""node_name"": ""测试数据缺失值处理"", ""node_params"": {}, ""contrast_level"": 0, ""node_type"": ""preprocess""}, {""node_id"": ""664"", ""algorithm_step_name"": ""Test Dataset Predictions"", ""node_name"": ""预测"", ""node_params"": {""output_probabilities"": true}, ""contrast_level"": 1, ""node_type"": ""predict""}, {""node_id"": ""665"", ""algorithm_step_name"": ""Save Data"", ""node_name"": ""保存预测结果"", ""node_params"": {}, ""contrast_level"": 1, ""node_type"": ""io""}]}",0.9412
"This is a customers financial dataset. Your goal is to predict the value of transactions for each potential customer. The target column is target. Perform data analysis and modeling to predict the target. save predictions. Train data: santander_value_prediction_challenge_train, Eval data: santander_value_prediction_challenge_test",1.0,22114,2653,187.0589689000044,26.003426192561164,59.03785705566406,34.44486495183082,67.57282069994835,"{""edges"": [{""edge_id"": ""8849355747154881038"", ""source_node_id"": ""661"", ""target_node_id"": ""662""}, {""edge_id"": ""11313822547927808361"", ""source_node_id"": ""663"", ""target_node_id"": ""664""}, {""edge_id"": ""4813917326764241318"", ""source_node_id"": ""662"", ""target_node_id"": ""665""}, {""edge_id"": ""315905724002304312"", ""source_node_id"": ""664"", ""target_node_id"": ""666""}, {""edge_id"": ""9181677733700509258"", ""source_node_id"": ""665"", ""target_node_id"": ""666""}, {""edge_id"": ""17739446247682571490"", ""source_node_id"": ""666"", ""target_node_id"": ""667""}], ""nodes"": [{""node_id"": ""661"", ""widget_name"": ""SQL Table"", ""node_name"": ""santander_value_prediction_challenge_train"", ""node_params"": {""data_description"": ""数据集名可能为：santander_train，数据集的列可能包括：ID, var_0, var_1, ..., var_199, target"", ""table_name"": ""santander_customer_transaction_prediction_train""}}, {""node_id"": ""662"", ""widget_name"": ""Select Columns"", ""node_name"": ""santander_value_prediction_challenge_train列配置"", ""node_params"": {""ignores"": [""ID_code""], ""features"": [""var_0"", ""var_1"", ""var_2"", ""var_3"", ""var_4"", ""var_5"", ""var_6"", ""var_7"", ""var_8"", ""var_9"", ""var_10"", ""var_11"", ""var_12"", ""var_13"", ""var_14"", ""var_15"", ""var_16"", ""var_17""], ""targets"": ""target""}}, {""node_id"": ""663"", ""widget_name"": ""SQL Table"", ""node_name"": ""santander_value_prediction_challenge_test"", ""node_params"": {""data_description"": ""数据集名可能为：santander_test，数据集的列可能包括：ID, var_0, var_1, ..., var_199"", ""table_name"": ""santander_customer_transaction_prediction_test""}}, {""node_id"": ""664"", ""widget_name"": ""Select Columns"", ""node_name"": ""santander_value_prediction_challenge_test列配置"", ""node_params"": {""ignores"": [], ""features"": [""var_0"", ""var_1"", ""var_2"", ""var_3"", ""var_4"", ""var_5"", ""var_6"", ""var_7"", ""var_8"", ""var_9"", ""var_10"", ""var_11"", ""var_12"", ""var_13"", ""var_14"", ""var_15"", ""var_16"", ""var_17""], ""targets"": ""target""}}, {""node_id"": ""665"", ""widget_name"": ""Linear Regression"", ""node_name"": ""线性回归模型"", ""node_params"": {""regression_type"": ""0""}}, {""node_id"": ""666"", ""widget_name"": ""Predictions"", ""node_name"": ""预测"", ""node_params"": {""output_attrs"": true, ""output_predictions"": true, ""output_probabilities"": false}}, {""node_id"": ""667"", ""widget_name"": ""Save Data"", ""node_name"": ""保存预测结果"", ""node_params"": {}}]}","{""dependency_requirements"": [{""edge_id"": ""2318"", ""source_node_id"": ""672"", ""target_node_id"": ""669""}, {""edge_id"": ""493"", ""source_node_id"": ""669"", ""target_node_id"": ""670""}, {""edge_id"": ""494"", ""source_node_id"": ""671"", ""target_node_id"": ""669""}, {""edge_id"": ""495"", ""source_node_id"": ""666"", ""target_node_id"": ""671""}, {""edge_id"": ""496"", ""source_node_id"": ""667"", ""target_node_id"": ""672""}], ""step_requirements"": [{""node_id"": ""666"", ""algorithm_step_name"": ""Tabular Dataset Loading"", ""node_name"": ""桑坦德价值预测挑战训练数据"", ""node_params"": {""table_name"": ""santander_value_prediction_challenge_train"", ""target_column"": ""target""}, ""contrast_level"": 1, ""node_type"": ""io""}, {""node_id"": ""671"", ""algorithm_step_name"": ""Select Columns"", ""node_name"": ""Select Columns after loader 666"", ""node_params"": {}, ""contrast_level"": 1, ""node_type"": ""preprocess""}, {""node_id"": ""667"", ""algorithm_step_name"": ""Tabular Dataset Loading"", ""node_name"": ""桑坦德价值预测挑战测试数据"", ""node_params"": {""table_name"": ""santander_value_prediction_challenge_test"", ""target_column"": ""target""}, ""contrast_level"": 1, ""node_type"": ""io""}, {""node_id"": ""672"", ""algorithm_step_name"": ""Select Columns"", ""node_name"": ""Select Columns after loader 667"", ""node_params"": {}, ""contrast_level"": 1, ""node_type"": ""preprocess""}, {""node_id"": ""669"", ""algorithm_step_name"": ""Test Dataset Predictions"", ""node_name"": ""预测"", ""node_params"": {""output_probabilities"": false}, ""contrast_level"": 1, ""node_type"": ""predict""}, {""node_id"": ""670"", ""algorithm_step_name"": ""Save Data"", ""node_name"": ""保存预测结果"", ""node_params"": {}, ""contrast_level"": 1, ""node_type"": ""io""}]}",0.9231
