instruction,rcr,input_tokens,output_tokens,times,time_task_decomposition,time_widget_retrieval,time_operation_sequence_generation,time_data_retrieval,workflow,requirements,wgf1
帮我把加载的鸢尾花示例数据修改为加载房价示例数据集。,1.0,3274,123,4.636401600000681,3.9527584973548073,0.009467124938964844,0.6741759777069092,0.0,"{""edges"": [{""edge_id"": ""10827532189176731912"", ""source_node_id"": ""1327"", ""target_node_id"": ""1328""}], ""nodes"": [{""node_id"": ""1327"", ""widget_name"": ""File"", ""node_name"": ""鸢尾花示例数据"", ""node_params"": {""type"": ""sample"", ""filename"": ""housing.csv""}}, {""node_id"": ""1328"", ""widget_name"": ""Gradient Boosting"", ""node_name"": ""梯度提升分类器"", ""node_params"": {""loss_function"": 0, ""n_estimators"": 10, ""learning_rate"": 0.1, ""use_max_depth"": false, ""max_depth"": 3, ""use_min_samples"": false, ""min_samples"": 2}}]}","{""dependency_requirements"": [{""edge_id"": ""2376"", ""source_node_id"": ""2895"", ""target_node_id"": ""2896""}], ""step_requirements"": [{""node_id"": ""2895"", ""algorithm_step_name"": ""Tabular Dataset Loading"", ""node_name"": ""鸢尾花示例数据"", ""node_params"": {""type"": ""sample"", ""filename"": ""housing.csv""}, ""contrast_level"": 2, ""node_type"": ""io""}, {""node_id"": ""2896"", ""algorithm_step_name"": ""Gradient Boosting Decision Tree"", ""node_name"": ""梯度提升分类器"", ""node_params"": {""loss_function"": 0, ""n_estimators"": 10, ""learning_rate"": 0.1, ""use_max_depth"": false, ""max_depth"": 3, ""use_min_samples"": false, ""min_samples"": 2}, ""contrast_level"": 2, ""node_type"": ""model""}]}",1.0
帮我把梯度提升模型的树数量设置为100，学习率修改为0.01。,1.0,4329,259,8.739557799999602,3.835734901134856,3.9611661434173584,0.9426567554473877,0.0,"{""edges"": [{""edge_id"": ""5653924656432896960"", ""source_node_id"": ""1329"", ""target_node_id"": ""1330""}], ""nodes"": [{""node_id"": ""1329"", ""widget_name"": ""File"", ""node_name"": ""鸢尾花示例数据"", ""node_params"": {""type"": ""sample"", ""filename"": ""iris.csv""}}, {""node_id"": ""1330"", ""widget_name"": ""Gradient Boosting"", ""node_name"": ""梯度提升分类器"", ""node_params"": {""loss_function"": 0, ""n_estimators"": 100, ""learning_rate"": 0.01, ""use_max_depth"": false, ""max_depth"": 3, ""use_min_samples"": false, ""min_samples"": 2}}]}","{""dependency_requirements"": [{""edge_id"": ""2376"", ""source_node_id"": ""2895"", ""target_node_id"": ""2896""}], ""step_requirements"": [{""node_id"": ""2895"", ""algorithm_step_name"": ""Tabular Dataset Loading"", ""node_name"": ""鸢尾花示例数据"", ""node_params"": {""type"": ""sample"", ""filename"": ""iris.csv""}, ""contrast_level"": 2, ""node_type"": ""io""}, {""node_id"": ""2896"", ""algorithm_step_name"": ""Gradient Boosting Decision Tree"", ""node_name"": ""梯度提升分类器"", ""node_params"": {""loss_function"": 0, ""n_estimators"": 100, ""learning_rate"": 0.01, ""use_max_depth"": false, ""max_depth"": 3, ""use_min_samples"": false, ""min_samples"": 2}, ""contrast_level"": 2, ""node_type"": ""model""}]}",1.0
帮我添加一个缺失值处理步骤，以便对鸢尾花数据进行缺失值处理,0.8,6999,495,12.243623100002878,3.7292915207945043,4.143041610717773,4.371289968490601,0.0,"{""edges"": [{""edge_id"": ""1343173154123693411"", ""source_node_id"": ""1331"", ""target_node_id"": ""1333""}, {""edge_id"": ""8268280871861952680"", ""source_node_id"": ""1331"", ""target_node_id"": ""1334""}, {""edge_id"": ""17731239371264607382"", ""source_node_id"": ""1334"", ""target_node_id"": ""1332""}], ""nodes"": [{""node_id"": ""1331"", ""widget_name"": ""File"", ""node_name"": ""鸢尾花示例数据"", ""node_params"": {""type"": ""sample"", ""filename"": ""iris.csv""}}, {""node_id"": ""1332"", ""widget_name"": ""Gradient Boosting"", ""node_name"": ""梯度提升分类器"", ""node_params"": {""loss_function"": 0, ""n_estimators"": 10, ""learning_rate"": 0.1, ""use_max_depth"": false, ""max_depth"": 3, ""use_min_samples"": false, ""min_samples"": 2}}, {""node_id"": ""1333"", ""widget_name"": ""Impute"", ""node_name"": ""缺失值处理"", ""node_params"": {""method"": 1}}, {""node_id"": ""1334"", ""widget_name"": ""Impute"", ""node_name"": ""缺失值处理"", ""node_params"": {""method"": 1}}]}","{""dependency_requirements"": [{""edge_id"": ""4027"", ""source_node_id"": ""5159"", ""target_node_id"": ""5158""}, {""edge_id"": ""4028"", ""source_node_id"": ""5157"", ""target_node_id"": ""5159""}], ""step_requirements"": [{""node_id"": ""5157"", ""algorithm_step_name"": ""Tabular Dataset Loading"", ""node_name"": ""鸢尾花示例数据"", ""node_params"": {""type"": ""sample"", ""filename"": ""iris.csv""}, ""contrast_level"": 2, ""node_type"": ""io""}, {""node_id"": ""5158"", ""algorithm_step_name"": ""Gradient Boosting Decision Tree"", ""node_name"": ""梯度提升分类器"", ""node_params"": {""loss_function"": 0, ""n_estimators"": 10, ""learning_rate"": 0.1, ""use_max_depth"": false, ""max_depth"": 3, ""use_min_samples"": false, ""min_samples"": 2}, ""contrast_level"": 2, ""node_type"": ""model""}, {""node_id"": ""5159"", ""algorithm_step_name"": ""Missing Value Handling"", ""node_name"": ""Impute"", ""node_params"": {}, ""contrast_level"": 1, ""node_type"": ""preprocess""}]}",0.8571
帮我在模型训练之前添加一个数据划分步骤，以便将处理后的数据进行拆分。,1.0,11663,590,14.500728099999833,3.7211315328459023,3.7711877822875977,7.008408784866333,0.0,"{""edges"": [{""edge_id"": ""12379691099777724421"", ""source_node_id"": ""1335"", ""target_node_id"": ""1336""}, {""edge_id"": ""15630282588324454147"", ""source_node_id"": ""1336"", ""target_node_id"": ""1338""}, {""edge_id"": ""7775152507224871734"", ""source_node_id"": ""1338"", ""target_node_id"": ""1337""}], ""nodes"": [{""node_id"": ""1335"", ""widget_name"": ""File"", ""node_name"": ""鸢尾花示例数据"", ""node_params"": {""type"": ""sample"", ""filename"": ""iris.csv""}}, {""node_id"": ""1336"", ""widget_name"": ""Impute"", ""node_name"": ""缺失值填充"", ""node_params"": {""method"": 1}}, {""node_id"": ""1337"", ""widget_name"": ""Gradient Boosting"", ""node_name"": ""梯度提升分类器"", ""node_params"": {""loss_function"": 0, ""n_estimators"": 10, ""learning_rate"": 0.1, ""use_max_depth"": false, ""max_depth"": 3, ""use_min_samples"": false, ""min_samples"": 2}}, {""node_id"": ""1338"", ""widget_name"": ""Data Sampler"", ""node_name"": ""数据划分"", ""node_params"": {""sampling_type"": 0, ""percentage"": 10, ""n_samples"": 15, ""replacement"": false, ""n_folds"": 10, ""selected_folds"": 1, ""replicable"": false, ""stratified"": false}}]}","{""dependency_requirements"": [{""edge_id"": ""4029"", ""source_node_id"": ""5160"", ""target_node_id"": ""5161""}, {""edge_id"": ""4030"", ""source_node_id"": ""5163"", ""target_node_id"": ""5162""}, {""edge_id"": ""4031"", ""source_node_id"": ""5161"", ""target_node_id"": ""5163""}], ""step_requirements"": [{""node_id"": ""5160"", ""algorithm_step_name"": ""Tabular Dataset Loading"", ""node_name"": ""鸢尾花示例数据"", ""node_params"": {""type"": ""sample"", ""filename"": ""iris.csv""}, ""contrast_level"": 2, ""node_type"": ""io""}, {""node_id"": ""5161"", ""algorithm_step_name"": ""Missing Value Handling"", ""node_name"": ""缺失值填充"", ""node_params"": {""method"": 1}, ""contrast_level"": 2, ""node_type"": ""preprocess""}, {""node_id"": ""5162"", ""algorithm_step_name"": ""Gradient Boosting Decision Tree"", ""node_name"": ""梯度提升分类器"", ""node_params"": {""loss_function"": 0, ""n_estimators"": 10, ""learning_rate"": 0.1, ""use_max_depth"": false, ""max_depth"": 3, ""use_min_samples"": false, ""min_samples"": 2}, ""contrast_level"": 2, ""node_type"": ""model""}, {""node_id"": ""5163"", ""algorithm_step_name"": ""Dataset Division"", ""node_name"": ""Data Sampler"", ""node_params"": {}, ""contrast_level"": 1, ""node_type"": ""preprocess""}]}",1.0
我需要将数据划分的比例设置为8:2,1.0,4474,200,8.225422999996226,4.010520837444346,3.4805078506469727,0.7343943119049072,0.0,"{""edges"": [{""edge_id"": ""4811408345062205482"", ""source_node_id"": ""1339"", ""target_node_id"": ""1340""}, {""edge_id"": ""858359532604709491"", ""source_node_id"": ""1340"", ""target_node_id"": ""1341""}, {""edge_id"": ""14378145903017768029"", ""source_node_id"": ""1341"", ""target_node_id"": ""1342""}], ""nodes"": [{""node_id"": ""1339"", ""widget_name"": ""File"", ""node_name"": ""鸢尾花示例数据"", ""node_params"": {""type"": ""sample"", ""filename"": ""iris.csv""}}, {""node_id"": ""1340"", ""widget_name"": ""Impute"", ""node_name"": ""缺失值填充"", ""node_params"": {""method"": 1}}, {""node_id"": ""1341"", ""widget_name"": ""Data Sampler"", ""node_name"": ""数据采样"", ""node_params"": {""sampling_type"": 0, ""percentage"": 20, ""n_samples"": 15, ""replacement"": false, ""n_folds"": 10, ""selected_folds"": 1, ""replicable"": false, ""stratified"": false}}, {""node_id"": ""1342"", ""widget_name"": ""Gradient Boosting"", ""node_name"": ""梯度提升分类器"", ""node_params"": {""loss_function"": 0, ""n_estimators"": 10, ""learning_rate"": 0.1, ""use_max_depth"": false, ""max_depth"": 3, ""use_min_samples"": false, ""min_samples"": 2}}]}","{""dependency_requirements"": [{""edge_id"": ""4032"", ""source_node_id"": ""5164"", ""target_node_id"": ""5165""}, {""edge_id"": ""4033"", ""source_node_id"": ""5165"", ""target_node_id"": ""5166""}, {""edge_id"": ""4034"", ""source_node_id"": ""5166"", ""target_node_id"": ""5167""}], ""step_requirements"": [{""node_id"": ""5164"", ""algorithm_step_name"": ""Tabular Dataset Loading"", ""node_name"": ""鸢尾花示例数据"", ""node_params"": {""type"": ""sample"", ""filename"": ""iris.csv""}, ""contrast_level"": 2, ""node_type"": ""io""}, {""node_id"": ""5165"", ""algorithm_step_name"": ""Missing Value Handling"", ""node_name"": ""缺失值填充"", ""node_params"": {""method"": 1}, ""contrast_level"": 2, ""node_type"": ""preprocess""}, {""node_id"": ""5166"", ""algorithm_step_name"": ""Dataset Division"", ""node_name"": ""数据采样"", ""node_params"": {""sampling_type"": 0, ""percentage"": 20, ""n_samples"": 15, ""replacement"": false, ""n_folds"": 10, ""selected_folds"": 1, ""replicable"": false, ""stratified"": false}, ""contrast_level"": 2, ""node_type"": ""preprocess""}, {""node_id"": ""5167"", ""algorithm_step_name"": ""Gradient Boosting Decision Tree"", ""node_name"": ""梯度提升分类器"", ""node_params"": {""loss_function"": 0, ""n_estimators"": 10, ""learning_rate"": 0.1, ""use_max_depth"": false, ""max_depth"": 3, ""use_min_samples"": false, ""min_samples"": 2}, ""contrast_level"": 2, ""node_type"": ""model""}]}",1.0
帮我添加一个模型评估步骤,1.0,3859,336,7.436056600003212,3.7357439855622943,1.607374906539917,2.092937707901001,0.0,"{""edges"": [{""edge_id"": ""15224164580568451121"", ""source_node_id"": ""1343"", ""target_node_id"": ""1344""}, {""edge_id"": ""15663086841184297126"", ""source_node_id"": ""1344"", ""target_node_id"": ""1345""}, {""edge_id"": ""5951863408028176723"", ""source_node_id"": ""1345"", ""target_node_id"": ""1346""}, {""edge_id"": ""11210635710056169038"", ""source_node_id"": ""1345"", ""target_node_id"": ""1347""}, {""edge_id"": ""17672933706108338111"", ""source_node_id"": ""1345"", ""target_node_id"": ""1347""}, {""edge_id"": ""765880583667441055"", ""source_node_id"": ""1346"", ""target_node_id"": ""1347""}], ""nodes"": [{""node_id"": ""1343"", ""widget_name"": ""File"", ""node_name"": ""鸢尾花示例数据"", ""node_params"": {""type"": ""sample"", ""filename"": ""iris.csv""}}, {""node_id"": ""1344"", ""widget_name"": ""Impute"", ""node_name"": ""缺失值处理"", ""node_params"": {""method"": 1}}, {""node_id"": ""1345"", ""widget_name"": ""Data Sampler"", ""node_name"": ""数据划分处理"", ""node_params"": {""sampling_type"": 0, ""percentage"": 10, ""n_samples"": 15, ""replacement"": false, ""n_folds"": 10, ""selected_folds"": 1, ""replicable"": false, ""stratified"": false}}, {""node_id"": ""1346"", ""widget_name"": ""Gradient Boosting"", ""node_name"": ""梯度提升分类器"", ""node_params"": {""loss_function"": 0, ""n_estimators"": 10, ""learning_rate"": 0.1, ""use_max_depth"": false, ""max_depth"": 3, ""use_min_samples"": false, ""min_samples"": 2}}, {""node_id"": ""1347"", ""widget_name"": ""Test and Score"", ""node_name"": ""模型评估"", ""node_params"": {}}]}","{""dependency_requirements"": [{""edge_id"": ""2379"", ""source_node_id"": ""2899"", ""target_node_id"": ""2900""}, {""edge_id"": ""2380"", ""source_node_id"": ""2900"", ""target_node_id"": ""2901""}, {""edge_id"": ""2381"", ""source_node_id"": ""2901"", ""target_node_id"": ""2902""}, {""edge_id"": ""2382"", ""source_node_id"": ""2901"", ""target_node_id"": ""2903""}, {""edge_id"": ""2384"", ""source_node_id"": ""2902"", ""target_node_id"": ""2903""}], ""step_requirements"": [{""node_id"": ""2899"", ""algorithm_step_name"": ""Tabular Dataset Loading"", ""node_name"": ""鸢尾花示例数据"", ""node_params"": {""type"": ""sample"", ""filename"": ""iris.csv""}, ""contrast_level"": 2, ""node_type"": ""io""}, {""node_id"": ""2900"", ""algorithm_step_name"": ""Missing Value Handling"", ""node_name"": ""缺失值处理"", ""node_params"": {""method"": 1}, ""contrast_level"": 2, ""node_type"": ""preprocess""}, {""node_id"": ""2901"", ""algorithm_step_name"": ""Dataset Division"", ""node_name"": ""数据划分处理"", ""node_params"": {""sampling_type"": 0, ""percentage"": 10, ""n_samples"": 15, ""replacement"": false, ""n_folds"": 10, ""selected_folds"": 1, ""replicable"": false, ""stratified"": false}, ""contrast_level"": 2, ""node_type"": ""preprocess""}, {""node_id"": ""2902"", ""algorithm_step_name"": ""Gradient Boosting Decision Tree"", ""node_name"": ""梯度提升分类器"", ""node_params"": {""loss_function"": 0, ""n_estimators"": 10, ""learning_rate"": 0.1, ""use_max_depth"": false, ""max_depth"": 3, ""use_min_samples"": false, ""min_samples"": 2}, ""contrast_level"": 2, ""node_type"": ""model""}, {""node_id"": ""2903"", ""algorithm_step_name"": ""Model Evaluate"", ""node_name"": ""模型评估"", ""node_params"": {}, ""contrast_level"": 1, ""node_type"": ""evaluate""}]}",1.0
数据集中没有缺失值，所以帮我把缺失值这个步骤删除掉。,1.0,4654,226,8.495215599999938,3.872124379144225,3.5871384143829346,1.0359528064727783,0.0,"{""edges"": [{""edge_id"": ""4773664718516482301"", ""source_node_id"": ""1350"", ""target_node_id"": ""1351""}, {""edge_id"": ""11877692280416836493"", ""source_node_id"": ""1350"", ""target_node_id"": ""1352""}, {""edge_id"": ""6717170855312679907"", ""source_node_id"": ""1351"", ""target_node_id"": ""1352""}, {""edge_id"": ""1167660998217251929"", ""source_node_id"": ""1348"", ""target_node_id"": ""1350""}], ""nodes"": [{""node_id"": ""1348"", ""widget_name"": ""File"", ""node_name"": ""鸢尾花示例数据"", ""node_params"": {""type"": ""sample"", ""filename"": ""iris.csv""}}, {""node_id"": ""1350"", ""widget_name"": ""Data Sampler"", ""node_name"": ""数据划分处理"", ""node_params"": {""sampling_type"": 0, ""percentage"": 10, ""n_samples"": 15, ""replacement"": false, ""n_folds"": 10, ""selected_folds"": 1, ""replicable"": false, ""stratified"": false}}, {""node_id"": ""1351"", ""widget_name"": ""Gradient Boosting"", ""node_name"": ""梯度提升分类器"", ""node_params"": {""loss_function"": 0, ""n_estimators"": 10, ""learning_rate"": 0.1, ""use_max_depth"": false, ""max_depth"": 3, ""use_min_samples"": false, ""min_samples"": 2}}, {""node_id"": ""1352"", ""widget_name"": ""Test and Score"", ""node_name"": ""模型评估"", ""node_params"": {}}]}","{""dependency_requirements"": [{""edge_id"": ""2387"", ""source_node_id"": ""2906"", ""target_node_id"": ""2907""}, {""edge_id"": ""2388"", ""source_node_id"": ""2906"", ""target_node_id"": ""2908""}, {""edge_id"": ""2390"", ""source_node_id"": ""2907"", ""target_node_id"": ""2908""}, {""edge_id"": ""2391"", ""source_node_id"": ""2904"", ""target_node_id"": ""2906""}], ""step_requirements"": [{""node_id"": ""2904"", ""algorithm_step_name"": ""Tabular Dataset Loading"", ""node_name"": ""鸢尾花示例数据"", ""node_params"": {""type"": ""sample"", ""filename"": ""iris.csv""}, ""contrast_level"": 2, ""node_type"": ""io""}, {""node_id"": ""2906"", ""algorithm_step_name"": ""Dataset Division"", ""node_name"": ""数据划分处理"", ""node_params"": {""sampling_type"": 0, ""percentage"": 10, ""n_samples"": 15, ""replacement"": false, ""n_folds"": 10, ""selected_folds"": 1, ""replicable"": false, ""stratified"": false}, ""contrast_level"": 2, ""node_type"": ""preprocess""}, {""node_id"": ""2907"", ""algorithm_step_name"": ""Gradient Boosting Decision Tree"", ""node_name"": ""梯度提升分类器"", ""node_params"": {""loss_function"": 0, ""n_estimators"": 10, ""learning_rate"": 0.1, ""use_max_depth"": false, ""max_depth"": 3, ""use_min_samples"": false, ""min_samples"": 2}, ""contrast_level"": 2, ""node_type"": ""model""}, {""node_id"": ""2908"", ""algorithm_step_name"": ""Model Evaluate"", ""node_name"": ""模型评估"", ""node_params"": {}, ""contrast_level"": 2, ""node_type"": ""evaluate""}]}",1.0
删除工作流中的KNN模型。,1.0,4769,220,8.591770699997141,3.875228456039622,3.667581796646118,1.0489604473114014,0.0,"{""edges"": [{""edge_id"": ""8714648355727097319"", ""source_node_id"": ""1353"", ""target_node_id"": ""1354""}, {""edge_id"": ""16962567647100772750"", ""source_node_id"": ""1354"", ""target_node_id"": ""1355""}, {""edge_id"": ""379430165422036603"", ""source_node_id"": ""1354"", ""target_node_id"": ""1357""}, {""edge_id"": ""5795790965269871638"", ""source_node_id"": ""1355"", ""target_node_id"": ""1357""}, {""edge_id"": ""14620203096260197056"", ""source_node_id"": ""1354"", ""target_node_id"": ""1357""}], ""nodes"": [{""node_id"": ""1353"", ""widget_name"": ""File"", ""node_name"": ""鸢尾花示例数据"", ""node_params"": {""type"": ""sample"", ""filename"": ""iris.csv""}}, {""node_id"": ""1354"", ""widget_name"": ""Data Sampler"", ""node_name"": ""数据划分处理"", ""node_params"": {""sampling_type"": 0, ""percentage"": 10, ""n_samples"": 15, ""replacement"": false, ""n_folds"": 10, ""selected_folds"": 1, ""replicable"": false, ""stratified"": false}}, {""node_id"": ""1355"", ""widget_name"": ""Gradient Boosting"", ""node_name"": ""梯度提升分类器"", ""node_params"": {""loss_function"": 0, ""n_estimators"": 10, ""learning_rate"": 0.1, ""use_max_depth"": false, ""max_depth"": 3, ""use_min_samples"": false, ""min_samples"": 2}}, {""node_id"": ""1357"", ""widget_name"": ""Test and Score"", ""node_name"": ""模型评估"", ""node_params"": {}}]}","{""dependency_requirements"": [{""edge_id"": ""2399"", ""source_node_id"": ""2914"", ""target_node_id"": ""2915""}, {""edge_id"": ""2400"", ""source_node_id"": ""2915"", ""target_node_id"": ""2916""}, {""edge_id"": ""2402"", ""source_node_id"": ""2915"", ""target_node_id"": ""2918""}, {""edge_id"": ""2404"", ""source_node_id"": ""2916"", ""target_node_id"": ""2918""}], ""step_requirements"": [{""node_id"": ""2914"", ""algorithm_step_name"": ""Tabular Dataset Loading"", ""node_name"": ""鸢尾花示例数据"", ""node_params"": {""type"": ""sample"", ""filename"": ""iris.csv""}, ""contrast_level"": 2, ""node_type"": ""io""}, {""node_id"": ""2915"", ""algorithm_step_name"": ""Dataset Division"", ""node_name"": ""数据划分处理"", ""node_params"": {""sampling_type"": 0, ""percentage"": 10, ""n_samples"": 15, ""replacement"": false, ""n_folds"": 10, ""selected_folds"": 1, ""replicable"": false, ""stratified"": false}, ""contrast_level"": 2, ""node_type"": ""preprocess""}, {""node_id"": ""2916"", ""algorithm_step_name"": ""Gradient Boosting Decision Tree"", ""node_name"": ""梯度提升分类器"", ""node_params"": {""loss_function"": 0, ""n_estimators"": 10, ""learning_rate"": 0.1, ""use_max_depth"": false, ""max_depth"": 3, ""use_min_samples"": false, ""min_samples"": 2}, ""contrast_level"": 2, ""node_type"": ""model""}, {""node_id"": ""2918"", ""algorithm_step_name"": ""Model Evaluate"", ""node_name"": ""模型评估"", ""node_params"": {}, ""contrast_level"": 2, ""node_type"": ""evaluate""}]}",1.0
帮我把工作流中的缺失值处理步骤和多余的KNN模型都删除掉,1.0,8346,431,17.311226400001033,7.041296752555354,8.145865201950073,2.1240644454956055,0.0,"{""edges"": [{""edge_id"": ""12447057110751943661"", ""source_node_id"": ""1360"", ""target_node_id"": ""1361""}, {""edge_id"": ""5238967758018629371"", ""source_node_id"": ""1360"", ""target_node_id"": ""1363""}, {""edge_id"": ""4099679924321933152"", ""source_node_id"": ""1361"", ""target_node_id"": ""1363""}, {""edge_id"": ""12589104770363919122"", ""source_node_id"": ""1358"", ""target_node_id"": ""1360""}, {""edge_id"": ""11765733077353481591"", ""source_node_id"": ""1360"", ""target_node_id"": ""1363""}], ""nodes"": [{""node_id"": ""1358"", ""widget_name"": ""File"", ""node_name"": ""鸢尾花示例数据"", ""node_params"": {""type"": ""sample"", ""filename"": ""iris.csv""}}, {""node_id"": ""1360"", ""widget_name"": ""Data Sampler"", ""node_name"": ""数据划分处理"", ""node_params"": {""sampling_type"": 0, ""percentage"": 10, ""n_samples"": 15, ""replacement"": false, ""n_folds"": 10, ""selected_folds"": 1, ""replicable"": false, ""stratified"": false}}, {""node_id"": ""1361"", ""widget_name"": ""Gradient Boosting"", ""node_name"": ""梯度提升分类器"", ""node_params"": {""loss_function"": 0, ""n_estimators"": 10, ""learning_rate"": 0.1, ""use_max_depth"": false, ""max_depth"": 3, ""use_min_samples"": false, ""min_samples"": 2}}, {""node_id"": ""1363"", ""widget_name"": ""Test and Score"", ""node_name"": ""模型评估"", ""node_params"": {}}]}","{""dependency_requirements"": [{""edge_id"": ""2408"", ""source_node_id"": ""2921"", ""target_node_id"": ""2922""}, {""edge_id"": ""2410"", ""source_node_id"": ""2921"", ""target_node_id"": ""2924""}, {""edge_id"": ""2412"", ""source_node_id"": ""2922"", ""target_node_id"": ""2924""}, {""edge_id"": ""2414"", ""source_node_id"": ""2919"", ""target_node_id"": ""2921""}], ""step_requirements"": [{""node_id"": ""2919"", ""algorithm_step_name"": ""Tabular Dataset Loading"", ""node_name"": ""鸢尾花示例数据"", ""node_params"": {""type"": ""sample"", ""filename"": ""iris.csv""}, ""contrast_level"": 2, ""node_type"": ""io""}, {""node_id"": ""2921"", ""algorithm_step_name"": ""Dataset Division"", ""node_name"": ""数据划分处理"", ""node_params"": {""sampling_type"": 0, ""percentage"": 10, ""n_samples"": 15, ""replacement"": false, ""n_folds"": 10, ""selected_folds"": 1, ""replicable"": false, ""stratified"": false}, ""contrast_level"": 2, ""node_type"": ""preprocess""}, {""node_id"": ""2922"", ""algorithm_step_name"": ""Gradient Boosting Decision Tree"", ""node_name"": ""梯度提升分类器"", ""node_params"": {""loss_function"": 0, ""n_estimators"": 10, ""learning_rate"": 0.1, ""use_max_depth"": false, ""max_depth"": 3, ""use_min_samples"": false, ""min_samples"": 2}, ""contrast_level"": 2, ""node_type"": ""model""}, {""node_id"": ""2924"", ""algorithm_step_name"": ""Model Evaluate"", ""node_name"": ""模型评估"", ""node_params"": {}, ""contrast_level"": 2, ""node_type"": ""evaluate""}]}",1.0
在数据抽样之前添加一个特征选择步骤，然后把数据抽样的抽样比例设置为抽取30%。,0.9,15192,880,21.3255977000008,6.7237293089638115,4.913051128387451,9.688817262649536,0.0,"{""edges"": [{""edge_id"": ""3187316707601026471"", ""source_node_id"": ""1364"", ""target_node_id"": ""1365""}, {""edge_id"": ""13982629852931366525"", ""source_node_id"": ""1366"", ""target_node_id"": ""1367""}, {""edge_id"": ""8019992542732721937"", ""source_node_id"": ""1365"", ""target_node_id"": ""1368""}, {""edge_id"": ""16786571705843295779"", ""source_node_id"": ""1368"", ""target_node_id"": ""1366""}, {""edge_id"": ""15489484241845351678"", ""source_node_id"": ""1368"", ""target_node_id"": ""1367""}], ""nodes"": [{""node_id"": ""1364"", ""widget_name"": ""File"", ""node_name"": ""鸢尾花示例数据"", ""node_params"": {""type"": ""sample"", ""filename"": ""iris.csv""}}, {""node_id"": ""1365"", ""widget_name"": ""Data Sampler"", ""node_name"": ""数据划分处理"", ""node_params"": {""sampling_type"": 0, ""percentage"": 30, ""n_samples"": 15, ""replacement"": false, ""n_folds"": 10, ""selected_folds"": 1, ""replicable"": false, ""stratified"": false}}, {""node_id"": ""1366"", ""widget_name"": ""Gradient Boosting"", ""node_name"": ""梯度提升分类器"", ""node_params"": {""loss_function"": 0, ""n_estimators"": 10, ""learning_rate"": 0.1, ""use_max_depth"": false, ""max_depth"": 3, ""use_min_samples"": false, ""min_samples"": 2}}, {""node_id"": ""1367"", ""widget_name"": ""Predictions"", ""node_name"": ""预测"", ""node_params"": {""output_attrs"": true, ""output_predictions"": true, ""output_probabilities"": false}}, {""node_id"": ""1368"", ""widget_name"": ""Rank"", ""node_name"": ""特征选择"", ""node_params"": {}}]}","{""dependency_requirements"": [{""edge_id"": ""2485"", ""source_node_id"": ""2991"", ""target_node_id"": ""2988""}, {""edge_id"": ""2486"", ""source_node_id"": ""2988"", ""target_node_id"": ""2989""}, {""edge_id"": ""2487"", ""source_node_id"": ""2988"", ""target_node_id"": ""2990""}, {""edge_id"": ""2488"", ""source_node_id"": ""2989"", ""target_node_id"": ""2990""}, {""edge_id"": ""2489"", ""source_node_id"": ""2987"", ""target_node_id"": ""2991""}], ""step_requirements"": [{""node_id"": ""2987"", ""algorithm_step_name"": ""Tabular Dataset Loading"", ""node_name"": ""鸢尾花示例数据"", ""node_params"": {""type"": ""sample"", ""filename"": ""iris.csv""}, ""contrast_level"": 2, ""node_type"": ""io""}, {""node_id"": ""2988"", ""algorithm_step_name"": ""Dataset Division"", ""node_name"": ""数据划分处理"", ""node_params"": {""sampling_type"": 0, ""percentage"": 30, ""n_samples"": 15, ""replacement"": false, ""n_folds"": 10, ""selected_folds"": 1, ""replicable"": false, ""stratified"": false}, ""contrast_level"": 2, ""node_type"": ""preprocess""}, {""node_id"": ""2989"", ""algorithm_step_name"": ""Gradient Boosting Decision Tree"", ""node_name"": ""梯度提升分类器"", ""node_params"": {""loss_function"": 0, ""n_estimators"": 10, ""learning_rate"": 0.1, ""use_max_depth"": false, ""max_depth"": 3, ""use_min_samples"": false, ""min_samples"": 2}, ""contrast_level"": 2, ""node_type"": ""model""}, {""node_id"": ""2990"", ""algorithm_step_name"": ""Test Dataset Predictions"", ""node_name"": ""预测"", ""node_params"": {""output_attrs"": true, ""output_predictions"": true, ""output_probabilities"": false}, ""contrast_level"": 2, ""node_type"": ""predict""}, {""node_id"": ""2991"", ""algorithm_step_name"": ""Feature Selection"", ""node_name"": ""自动特征选择"", ""node_params"": {}, ""contrast_level"": 1, ""node_type"": ""feature engineering""}]}",0.8
帮我把数据划分的比例改为5:5，最后还需要你添加一个步骤帮我把预测结果保存。,1.0,8486,385,13.521698899996409,6.545264430773386,5.240571022033691,1.735863447189331,0.0,"{""edges"": [{""edge_id"": ""121376558990280774"", ""source_node_id"": ""1369"", ""target_node_id"": ""1370""}, {""edge_id"": ""9216410916938463792"", ""source_node_id"": ""1370"", ""target_node_id"": ""1371""}, {""edge_id"": ""18134877752838962243"", ""source_node_id"": ""1370"", ""target_node_id"": ""1372""}, {""edge_id"": ""9593139327899599055"", ""source_node_id"": ""1371"", ""target_node_id"": ""1372""}, {""edge_id"": ""873009169243572700"", ""source_node_id"": ""1372"", ""target_node_id"": ""1373""}], ""nodes"": [{""node_id"": ""1369"", ""widget_name"": ""File"", ""node_name"": ""鸢尾花示例数据"", ""node_params"": {""type"": ""sample"", ""filename"": ""iris.csv""}}, {""node_id"": ""1370"", ""widget_name"": ""Data Sampler"", ""node_name"": ""数据划分处理"", ""node_params"": {""sampling_type"": 0, ""percentage"": 50, ""n_samples"": 15, ""replacement"": false, ""n_folds"": 10, ""selected_folds"": 1, ""replicable"": false, ""stratified"": false}}, {""node_id"": ""1371"", ""widget_name"": ""Gradient Boosting"", ""node_name"": ""梯度提升分类器"", ""node_params"": {""loss_function"": 0, ""n_estimators"": 10, ""learning_rate"": 0.1, ""use_max_depth"": false, ""max_depth"": 3, ""use_min_samples"": false, ""min_samples"": 2}}, {""node_id"": ""1372"", ""widget_name"": ""Predictions"", ""node_name"": ""预测"", ""node_params"": {""output_attrs"": true, ""output_predictions"": true, ""output_probabilities"": false}}, {""node_id"": ""1373"", ""widget_name"": ""Save Data"", ""node_name"": ""保存预测结果"", ""node_params"": {}}]}","{""dependency_requirements"": [{""edge_id"": ""2480"", ""source_node_id"": ""2982"", ""target_node_id"": ""2983""}, {""edge_id"": ""2481"", ""source_node_id"": ""2983"", ""target_node_id"": ""2984""}, {""edge_id"": ""2482"", ""source_node_id"": ""2983"", ""target_node_id"": ""2985""}, {""edge_id"": ""2483"", ""source_node_id"": ""2984"", ""target_node_id"": ""2985""}, {""edge_id"": ""2484"", ""source_node_id"": ""2985"", ""target_node_id"": ""2986""}], ""step_requirements"": [{""node_id"": ""2982"", ""algorithm_step_name"": ""Tabular Dataset Loading"", ""node_name"": ""鸢尾花示例数据"", ""node_params"": {""type"": ""sample"", ""filename"": ""iris.csv""}, ""contrast_level"": 2, ""node_type"": ""io""}, {""node_id"": ""2983"", ""algorithm_step_name"": ""Dataset Division"", ""node_name"": ""数据划分处理"", ""node_params"": {""sampling_type"": 0, ""percentage"": 50, ""n_samples"": 15, ""replacement"": false, ""n_folds"": 10, ""selected_folds"": 1, ""replicable"": false, ""stratified"": false}, ""contrast_level"": 2, ""node_type"": ""preprocess""}, {""node_id"": ""2984"", ""algorithm_step_name"": ""Gradient Boosting Decision Tree"", ""node_name"": ""梯度提升分类器"", ""node_params"": {""loss_function"": 0, ""n_estimators"": 10, ""learning_rate"": 0.1, ""use_max_depth"": false, ""max_depth"": 3, ""use_min_samples"": false, ""min_samples"": 2}, ""contrast_level"": 2, ""node_type"": ""model""}, {""node_id"": ""2985"", ""algorithm_step_name"": ""Test Dataset Predictions"", ""node_name"": ""预测"", ""node_params"": {""output_attrs"": true, ""output_predictions"": true, ""output_probabilities"": false}, ""contrast_level"": 2, ""node_type"": ""predict""}, {""node_id"": ""2986"", ""algorithm_step_name"": ""Save Data"", ""node_name"": ""Save Data"", ""node_params"": {}, ""contrast_level"": 1, ""node_type"": ""io""}]}",1.0
帮我把梯度提升模型的树数量设置为50，学习率设置为0.02。最后，我还需要添加一个模型评估步骤。,1.0,6501,502,14.875579200001084,6.84080084344896,5.607996225357056,2.4267821311950684,0.0,"{""edges"": [{""edge_id"": ""12696919673127767615"", ""source_node_id"": ""1374"", ""target_node_id"": ""1375""}, {""edge_id"": ""9606446064815810041"", ""source_node_id"": ""1374"", ""target_node_id"": ""1376""}, {""edge_id"": ""5606344107202132004"", ""source_node_id"": ""1375"", ""target_node_id"": ""1376""}], ""nodes"": [{""node_id"": ""1374"", ""widget_name"": ""File"", ""node_name"": ""鸢尾花示例数据"", ""node_params"": {""type"": ""sample"", ""filename"": ""iris.csv""}}, {""node_id"": ""1375"", ""widget_name"": ""Gradient Boosting"", ""node_name"": ""梯度提升分类器"", ""node_params"": {""loss_function"": 0, ""n_estimators"": 50, ""learning_rate"": 0.02, ""use_max_depth"": false, ""max_depth"": 3, ""use_min_samples"": false, ""min_samples"": 2}}, {""node_id"": ""1376"", ""widget_name"": ""Test and Score"", ""node_name"": ""模型评估"", ""node_params"": {}}]}","{""dependency_requirements"": [{""edge_id"": ""2495"", ""source_node_id"": ""2998"", ""target_node_id"": ""2999""}, {""edge_id"": ""2496"", ""source_node_id"": ""2998"", ""target_node_id"": ""3000""}, {""edge_id"": ""2497"", ""source_node_id"": ""2999"", ""target_node_id"": ""3000""}], ""step_requirements"": [{""node_id"": ""2998"", ""algorithm_step_name"": ""Tabular Dataset Loading"", ""node_name"": ""鸢尾花示例数据"", ""node_params"": {""type"": ""sample"", ""filename"": ""iris.csv""}, ""contrast_level"": 2, ""node_type"": ""io""}, {""node_id"": ""2999"", ""algorithm_step_name"": ""Gradient Boosting Decision Tree"", ""node_name"": ""梯度提升分类器"", ""node_params"": {""loss_function"": 0, ""n_estimators"": 50, ""learning_rate"": 0.02, ""use_max_depth"": false, ""max_depth"": 3, ""use_min_samples"": false, ""min_samples"": 2}, ""contrast_level"": 2, ""node_type"": ""model""}, {""node_id"": ""3000"", ""algorithm_step_name"": ""Model Evaluate"", ""node_name"": ""模型评估"", ""node_params"": {}, ""contrast_level"": 1, ""node_type"": ""evaluate""}]}",1.0
帮我把缺失值处理方式修改为使用平均值填补，然后把多余的KNN模型删除掉。,1.0,7760,397,15.89828810000472,6.7121554305558675,7.912509202957153,1.2736234664916992,0.0,"{""edges"": [{""edge_id"": ""5833782328204412157"", ""source_node_id"": ""1377"", ""target_node_id"": ""1378""}, {""edge_id"": ""13163162303654315863"", ""source_node_id"": ""1378"", ""target_node_id"": ""1379""}, {""edge_id"": ""3716888213304653137"", ""source_node_id"": ""1379"", ""target_node_id"": ""1380""}, {""edge_id"": ""16546190075703421982"", ""source_node_id"": ""1379"", ""target_node_id"": ""1382""}, {""edge_id"": ""9259554009845814957"", ""source_node_id"": ""1380"", ""target_node_id"": ""1382""}], ""nodes"": [{""node_id"": ""1377"", ""widget_name"": ""File"", ""node_name"": ""鸢尾花示例数据"", ""node_params"": {""type"": ""sample"", ""filename"": ""iris.csv""}}, {""node_id"": ""1378"", ""widget_name"": ""Impute"", ""node_name"": ""缺失值处理"", ""node_params"": {""method"": 2}}, {""node_id"": ""1379"", ""widget_name"": ""Data Sampler"", ""node_name"": ""数据划分处理"", ""node_params"": {""sampling_type"": 0, ""percentage"": 10, ""n_samples"": 15, ""replacement"": false, ""n_folds"": 10, ""selected_folds"": 1, ""replicable"": false, ""stratified"": false}}, {""node_id"": ""1380"", ""widget_name"": ""Gradient Boosting"", ""node_name"": ""梯度提升分类器"", ""node_params"": {""loss_function"": 0, ""n_estimators"": 10, ""learning_rate"": 0.1, ""use_max_depth"": false, ""max_depth"": 3, ""use_min_samples"": false, ""min_samples"": 2}}, {""node_id"": ""1382"", ""widget_name"": ""Test and Score"", ""node_name"": ""模型评估"", ""node_params"": {}}]}","{""dependency_requirements"": [{""edge_id"": ""2447"", ""source_node_id"": ""2958"", ""target_node_id"": ""2959""}, {""edge_id"": ""2448"", ""source_node_id"": ""2959"", ""target_node_id"": ""2960""}, {""edge_id"": ""2449"", ""source_node_id"": ""2960"", ""target_node_id"": ""2961""}, {""edge_id"": ""2451"", ""source_node_id"": ""2960"", ""target_node_id"": ""2963""}, {""edge_id"": ""2453"", ""source_node_id"": ""2961"", ""target_node_id"": ""2963""}], ""step_requirements"": [{""node_id"": ""2958"", ""algorithm_step_name"": ""Tabular Dataset Loading"", ""node_name"": ""鸢尾花示例数据"", ""node_params"": {""type"": ""sample"", ""filename"": ""iris.csv""}, ""contrast_level"": 2, ""node_type"": ""io""}, {""node_id"": ""2959"", ""algorithm_step_name"": ""Missing Value Handling"", ""node_name"": ""缺失值处理"", ""node_params"": {""method"": 2}, ""contrast_level"": 2, ""node_type"": ""preprocess""}, {""node_id"": ""2960"", ""algorithm_step_name"": ""Dataset Division"", ""node_name"": ""数据划分处理"", ""node_params"": {""sampling_type"": 0, ""percentage"": 10, ""n_samples"": 15, ""replacement"": false, ""n_folds"": 10, ""selected_folds"": 1, ""replicable"": false, ""stratified"": false}, ""contrast_level"": 2, ""node_type"": ""preprocess""}, {""node_id"": ""2961"", ""algorithm_step_name"": ""Gradient Boosting Decision Tree"", ""node_name"": ""梯度提升分类器"", ""node_params"": {""loss_function"": 0, ""n_estimators"": 10, ""learning_rate"": 0.1, ""use_max_depth"": false, ""max_depth"": 3, ""use_min_samples"": false, ""min_samples"": 2}, ""contrast_level"": 2, ""node_type"": ""model""}, {""node_id"": ""2963"", ""algorithm_step_name"": ""Model Evaluate"", ""node_name"": ""模型评估"", ""node_params"": {}, ""contrast_level"": 2, ""node_type"": ""evaluate""}]}",1.0
独热编码这个步骤是冗余的，帮我删除掉。在这之后还需要你将随机森林数的数量改为30，缺失值的处理方法改为用随机值填补。,1.0,11571,582,23.980476200005796,10.039141237160948,11.36852741241455,2.572807550430298,0.0,"{""edges"": [{""edge_id"": ""9536932865107777271"", ""source_node_id"": ""1383"", ""target_node_id"": ""1384""}, {""edge_id"": ""4574903827622509951"", ""source_node_id"": ""1386"", ""target_node_id"": ""1387""}, {""edge_id"": ""1741410123289280870"", ""source_node_id"": ""1386"", ""target_node_id"": ""1388""}, {""edge_id"": ""5991745340619178041"", ""source_node_id"": ""1387"", ""target_node_id"": ""1388""}, {""edge_id"": ""15919759786369801872"", ""source_node_id"": ""1384"", ""target_node_id"": ""1386""}], ""nodes"": [{""node_id"": ""1383"", ""widget_name"": ""File"", ""node_name"": ""数据"", ""node_params"": {""type"": ""sample"", ""filename"": ""iris.csv""}}, {""node_id"": ""1384"", ""widget_name"": ""Impute"", ""node_name"": ""缺失值处理"", ""node_params"": {""method"": 4}}, {""node_id"": ""1386"", ""widget_name"": ""Data Sampler"", ""node_name"": ""数据采样"", ""node_params"": {""sampling_type"": 0, ""percentage"": 10, ""n_samples"": 15, ""replacement"": false, ""n_folds"": 10, ""selected_folds"": 1, ""replicable"": false, ""stratified"": false}}, {""node_id"": ""1387"", ""widget_name"": ""Random Forest"", ""node_name"": ""随机森林"", ""node_params"": {""n_estimators"": 30, ""use_max_features"": false, ""max_features"": ""auto"", ""use_random_state"": false, ""use_max_depth"": false, ""max_depth"": 3, ""use_min_samples_split"": true, ""min_samples_split"": 2}}, {""node_id"": ""1388"", ""widget_name"": ""Test and Score"", ""node_name"": ""测试得分"", ""node_params"": {}}]}","{""dependency_requirements"": [{""edge_id"": ""2497"", ""source_node_id"": ""3002"", ""target_node_id"": ""3003""}, {""edge_id"": ""2500"", ""source_node_id"": ""3005"", ""target_node_id"": ""3006""}, {""edge_id"": ""2501"", ""source_node_id"": ""3005"", ""target_node_id"": ""3007""}, {""edge_id"": ""2503"", ""source_node_id"": ""3006"", ""target_node_id"": ""3007""}, {""edge_id"": ""2504"", ""source_node_id"": ""3003"", ""target_node_id"": ""3005""}], ""step_requirements"": [{""node_id"": ""3002"", ""algorithm_step_name"": ""Tabular Dataset Loading"", ""node_name"": ""数据"", ""node_params"": {""type"": ""sample"", ""filename"": ""iris.csv""}, ""contrast_level"": 2, ""node_type"": ""io""}, {""node_id"": ""3003"", ""algorithm_step_name"": ""Missing Value Handling"", ""node_name"": ""缺失值处理"", ""node_params"": {""method"": 4}, ""contrast_level"": 2, ""node_type"": ""preprocess""}, {""node_id"": ""3005"", ""algorithm_step_name"": ""Dataset Division"", ""node_name"": ""数据采样"", ""node_params"": {""sampling_type"": 0, ""percentage"": 10, ""n_samples"": 15, ""replacement"": false, ""n_folds"": 10, ""selected_folds"": 1, ""replicable"": false, ""stratified"": false}, ""contrast_level"": 2, ""node_type"": ""preprocess""}, {""node_id"": ""3006"", ""algorithm_step_name"": ""Random Forest"", ""node_name"": ""随机森林"", ""node_params"": {""n_estimators"": 30, ""use_max_features"": false, ""max_features"": ""auto"", ""use_random_state"": false, ""use_max_depth"": false, ""max_depth"": 3, ""use_min_samples_split"": true, ""min_samples_split"": 2}, ""contrast_level"": 2, ""node_type"": ""model""}, {""node_id"": ""3007"", ""algorithm_step_name"": ""Model Evaluate"", ""node_name"": ""测试得分"", ""node_params"": {}, ""contrast_level"": 2, ""node_type"": ""evaluate""}]}",1.0
帮我把多余的模型都删除掉，只留下梯度提升模型，并把它的学习率改为0.01。,1.0,5656,393,10.755977100001473,5.248532718287606,3.7696797847747803,1.737764596939087,0.0,"{""edges"": [{""edge_id"": ""3426225301945700559"", ""source_node_id"": ""1389"", ""target_node_id"": ""1390""}, {""edge_id"": ""12919961094080045182"", ""source_node_id"": ""1390"", ""target_node_id"": ""1392""}, {""edge_id"": ""11777864618033861884"", ""source_node_id"": ""1390"", ""target_node_id"": ""1395""}, {""edge_id"": ""1682404285890473343"", ""source_node_id"": ""1392"", ""target_node_id"": ""1395""}], ""nodes"": [{""node_id"": ""1389"", ""widget_name"": ""File"", ""node_name"": ""数据"", ""node_params"": {""type"": ""sample"", ""filename"": ""iris.csv""}}, {""node_id"": ""1390"", ""widget_name"": ""Data Sampler"", ""node_name"": ""数据采样"", ""node_params"": {""sampling_type"": 0, ""percentage"": 10, ""n_samples"": 15, ""replacement"": false, ""n_folds"": 10, ""selected_folds"": 1, ""replicable"": false, ""stratified"": false}}, {""node_id"": ""1392"", ""widget_name"": ""Gradient Boosting"", ""node_name"": ""Gradient Boosting"", ""node_params"": {""loss_function"": 0, ""n_estimators"": 10, ""learning_rate"": 0.01, ""use_max_depth"": false, ""max_depth"": 3, ""use_min_samples"": false, ""min_samples"": 2}}, {""node_id"": ""1395"", ""widget_name"": ""Test and Score"", ""node_name"": ""测试得分"", ""node_params"": {}}]}","{""dependency_requirements"": [{""edge_id"": ""2536"", ""source_node_id"": ""3032"", ""target_node_id"": ""3033""}, {""edge_id"": ""2538"", ""source_node_id"": ""3033"", ""target_node_id"": ""3035""}, {""edge_id"": ""2541"", ""source_node_id"": ""3033"", ""target_node_id"": ""3038""}, {""edge_id"": ""2544"", ""source_node_id"": ""3035"", ""target_node_id"": ""3038""}], ""step_requirements"": [{""node_id"": ""3032"", ""algorithm_step_name"": ""Tabular Dataset Loading"", ""node_name"": ""数据"", ""node_params"": {""type"": ""sample"", ""filename"": ""iris.csv""}, ""contrast_level"": 2, ""node_type"": ""io""}, {""node_id"": ""3033"", ""algorithm_step_name"": ""Dataset Division"", ""node_name"": ""数据采样"", ""node_params"": {""sampling_type"": 0, ""percentage"": 10, ""n_samples"": 15, ""replacement"": false, ""n_folds"": 10, ""selected_folds"": 1, ""replicable"": false, ""stratified"": false}, ""contrast_level"": 2, ""node_type"": ""preprocess""}, {""node_id"": ""3035"", ""algorithm_step_name"": ""Gradient Boosting Decision Tree"", ""node_name"": ""梯度提升"", ""node_params"": {""loss_function"": 0, ""n_estimators"": 10, ""learning_rate"": 0.01, ""use_max_depth"": false, ""max_depth"": 3, ""use_min_samples"": false, ""min_samples"": 2}, ""contrast_level"": 2, ""node_type"": ""model""}, {""node_id"": ""3038"", ""algorithm_step_name"": ""Model Evaluate"", ""node_name"": ""测试得分"", ""node_params"": {}, ""contrast_level"": 2, ""node_type"": ""evaluate""}]}",1.0
帮我把梯度提升模型更换为随机森林模型。,1.0,4866,244,8.715045600001758,3.8158270407366217,3.7320873737335205,1.1671311855316162,0.0,"{""edges"": [{""edge_id"": ""7483759050414558360"", ""source_node_id"": ""1396"", ""target_node_id"": ""1397""}, {""edge_id"": ""9068813374270651187"", ""source_node_id"": ""1397"", ""target_node_id"": ""1398""}, {""edge_id"": ""610630845256802171"", ""source_node_id"": ""1398"", ""target_node_id"": ""1400""}, {""edge_id"": ""9936759149033050103"", ""source_node_id"": ""1398"", ""target_node_id"": ""1401""}, {""edge_id"": ""3512162291033817649"", ""source_node_id"": ""1401"", ""target_node_id"": ""1400""}], ""nodes"": [{""node_id"": ""1396"", ""widget_name"": ""File"", ""node_name"": ""鸢尾花示例数据"", ""node_params"": {""type"": ""sample"", ""filename"": ""iris.csv""}}, {""node_id"": ""1397"", ""widget_name"": ""Impute"", ""node_name"": ""缺失值处理"", ""node_params"": {""method"": 1}}, {""node_id"": ""1398"", ""widget_name"": ""Data Sampler"", ""node_name"": ""数据划分处理"", ""node_params"": {""sampling_type"": 0, ""percentage"": 10, ""n_samples"": 15, ""replacement"": false, ""n_folds"": 10, ""selected_folds"": 1, ""replicable"": false, ""stratified"": false}}, {""node_id"": ""1400"", ""widget_name"": ""Test and Score"", ""node_name"": ""模型评估"", ""node_params"": {}}, {""node_id"": ""1401"", ""widget_name"": ""Random Forest"", ""node_name"": ""随机森林分类器"", ""node_params"": {""n_estimators"": 10, ""use_max_features"": false, ""max_features"": ""auto"", ""use_random_state"": false, ""use_max_depth"": false, ""max_depth"": 3, ""use_min_samples_split"": true, ""min_samples_split"": 2}}]}","{""dependency_requirements"": [{""edge_id"": ""2455"", ""source_node_id"": ""2964"", ""target_node_id"": ""2965""}, {""edge_id"": ""2456"", ""source_node_id"": ""2965"", ""target_node_id"": ""2966""}, {""edge_id"": ""2458"", ""source_node_id"": ""2966"", ""target_node_id"": ""2968""}, {""edge_id"": ""2461"", ""source_node_id"": ""2966"", ""target_node_id"": ""2969""}, {""edge_id"": ""2462"", ""source_node_id"": ""2969"", ""target_node_id"": ""2968""}], ""step_requirements"": [{""node_id"": ""2964"", ""algorithm_step_name"": ""Tabular Dataset Loading"", ""node_name"": ""鸢尾花示例数据"", ""node_params"": {""type"": ""sample"", ""filename"": ""iris.csv""}, ""contrast_level"": 2, ""node_type"": ""io""}, {""node_id"": ""2965"", ""algorithm_step_name"": ""Missing Value Handling"", ""node_name"": ""缺失值处理"", ""node_params"": {""method"": 1}, ""contrast_level"": 2, ""node_type"": ""preprocess""}, {""node_id"": ""2966"", ""algorithm_step_name"": ""Dataset Division"", ""node_name"": ""数据划分处理"", ""node_params"": {""sampling_type"": 0, ""percentage"": 10, ""n_samples"": 15, ""replacement"": false, ""n_folds"": 10, ""selected_folds"": 1, ""replicable"": false, ""stratified"": false}, ""contrast_level"": 2, ""node_type"": ""preprocess""}, {""node_id"": ""2968"", ""algorithm_step_name"": ""Model Evaluate"", ""node_name"": ""模型评估"", ""node_params"": {}, ""contrast_level"": 2, ""node_type"": ""evaluate""}, {""node_id"": ""2969"", ""algorithm_step_name"": ""Random Forest"", ""node_name"": ""随机森林分类器"", ""node_params"": {}, ""contrast_level"": 1, ""node_type"": ""model""}]}",1.0
我不需要对模型进行评估了，帮我把模型评估组件换成预测组件。,1.0,4774,363,8.48712340000202,3.7252565920643974,1.7475175857543945,3.0143492221832275,0.0,"{""edges"": [{""edge_id"": ""847717180420206061"", ""source_node_id"": ""1402"", ""target_node_id"": ""1403""}, {""edge_id"": ""13238063732724825522"", ""source_node_id"": ""1403"", ""target_node_id"": ""1404""}, {""edge_id"": ""1903417455100991664"", ""source_node_id"": ""1404"", ""target_node_id"": ""1405""}, {""edge_id"": ""6529730551951440556"", ""source_node_id"": ""1405"", ""target_node_id"": ""1407""}, {""edge_id"": ""8466811092739828543"", ""source_node_id"": ""1404"", ""target_node_id"": ""1407""}], ""nodes"": [{""node_id"": ""1402"", ""widget_name"": ""File"", ""node_name"": ""鸢尾花示例数据"", ""node_params"": {""type"": ""sample"", ""filename"": ""iris.csv""}}, {""node_id"": ""1403"", ""widget_name"": ""Impute"", ""node_name"": ""缺失值处理"", ""node_params"": {""method"": 1}}, {""node_id"": ""1404"", ""widget_name"": ""Data Sampler"", ""node_name"": ""数据划分处理"", ""node_params"": {""sampling_type"": 0, ""percentage"": 10, ""n_samples"": 15, ""replacement"": false, ""n_folds"": 10, ""selected_folds"": 1, ""replicable"": false, ""stratified"": false}}, {""node_id"": ""1405"", ""widget_name"": ""Gradient Boosting"", ""node_name"": ""梯度提升分类器"", ""node_params"": {""loss_function"": 0, ""n_estimators"": 10, ""learning_rate"": 0.1, ""use_max_depth"": false, ""max_depth"": 3, ""use_min_samples"": false, ""min_samples"": 2}}, {""node_id"": ""1407"", ""widget_name"": ""Predictions"", ""node_name"": ""预测"", ""node_params"": {""output_attrs"": true, ""output_predictions"": true, ""output_probabilities"": true}}]}","{""dependency_requirements"": [{""edge_id"": ""2463"", ""source_node_id"": ""2970"", ""target_node_id"": ""2971""}, {""edge_id"": ""2464"", ""source_node_id"": ""2971"", ""target_node_id"": ""2972""}, {""edge_id"": ""2465"", ""source_node_id"": ""2972"", ""target_node_id"": ""2973""}, {""edge_id"": ""2469"", ""source_node_id"": ""2972"", ""target_node_id"": ""2975""}, {""edge_id"": ""2470"", ""source_node_id"": ""2973"", ""target_node_id"": ""2975""}], ""step_requirements"": [{""node_id"": ""2970"", ""algorithm_step_name"": ""Tabular Dataset Loading"", ""node_name"": ""鸢尾花示例数据"", ""node_params"": {""type"": ""sample"", ""filename"": ""iris.csv""}, ""contrast_level"": 2, ""node_type"": ""io""}, {""node_id"": ""2971"", ""algorithm_step_name"": ""Missing Value Handling"", ""node_name"": ""缺失值处理"", ""node_params"": {""method"": 1}, ""contrast_level"": 2, ""node_type"": ""preprocess""}, {""node_id"": ""2972"", ""algorithm_step_name"": ""Dataset Division"", ""node_name"": ""数据划分处理"", ""node_params"": {""sampling_type"": 0, ""percentage"": 10, ""n_samples"": 15, ""replacement"": false, ""n_folds"": 10, ""selected_folds"": 1, ""replicable"": false, ""stratified"": false}, ""contrast_level"": 2, ""node_type"": ""preprocess""}, {""node_id"": ""2973"", ""algorithm_step_name"": ""Gradient Boosting Decision Tree"", ""node_name"": ""梯度提升分类器"", ""node_params"": {""loss_function"": 0, ""n_estimators"": 10, ""learning_rate"": 0.1, ""use_max_depth"": false, ""max_depth"": 3, ""use_min_samples"": false, ""min_samples"": 2}, ""contrast_level"": 2, ""node_type"": ""model""}, {""node_id"": ""2975"", ""algorithm_step_name"": ""Test Dataset Predictions"", ""node_name"": ""预测"", ""node_params"": {}, ""contrast_level"": 1, ""node_type"": ""predict""}]}",1.0
帮我把缺失值处理步骤删除掉，并把梯度提升模型更换为随机森林模型。,1.0,8135,445,16.485280000000785,6.798855029373954,7.514529228210449,2.171895742416382,0.0,"{""edges"": [{""edge_id"": ""11641860632117950960"", ""source_node_id"": ""1410"", ""target_node_id"": ""1412""}, {""edge_id"": ""17950778546468458989"", ""source_node_id"": ""1408"", ""target_node_id"": ""1410""}, {""edge_id"": ""1654309390766152710"", ""source_node_id"": ""1410"", ""target_node_id"": ""1413""}, {""edge_id"": ""12324067036299904939"", ""source_node_id"": ""1413"", ""target_node_id"": ""1412""}], ""nodes"": [{""node_id"": ""1408"", ""widget_name"": ""File"", ""node_name"": ""鸢尾花示例数据"", ""node_params"": {""type"": ""sample"", ""filename"": ""iris.csv""}}, {""node_id"": ""1410"", ""widget_name"": ""Data Sampler"", ""node_name"": ""数据划分处理"", ""node_params"": {""sampling_type"": 0, ""percentage"": 10, ""n_samples"": 15, ""replacement"": false, ""n_folds"": 10, ""selected_folds"": 1, ""replicable"": false, ""stratified"": false}}, {""node_id"": ""1412"", ""widget_name"": ""Test and Score"", ""node_name"": ""模型评估"", ""node_params"": {}}, {""node_id"": ""1413"", ""widget_name"": ""Random Forest"", ""node_name"": ""随机森林模型"", ""node_params"": {""n_estimators"": 10, ""use_max_features"": false, ""max_features"": ""auto"", ""use_random_state"": false, ""use_max_depth"": false, ""max_depth"": 3, ""use_min_samples_split"": true, ""min_samples_split"": 2}}]}","{""dependency_requirements"": [{""edge_id"": ""2474"", ""source_node_id"": ""2978"", ""target_node_id"": ""2980""}, {""edge_id"": ""2477"", ""source_node_id"": ""2976"", ""target_node_id"": ""2978""}, {""edge_id"": ""2478"", ""source_node_id"": ""2978"", ""target_node_id"": ""2981""}, {""edge_id"": ""2479"", ""source_node_id"": ""2981"", ""target_node_id"": ""2980""}], ""step_requirements"": [{""node_id"": ""2976"", ""algorithm_step_name"": ""Tabular Dataset Loading"", ""node_name"": ""鸢尾花示例数据"", ""node_params"": {""type"": ""sample"", ""filename"": ""iris.csv""}, ""contrast_level"": 2, ""node_type"": ""io""}, {""node_id"": ""2978"", ""algorithm_step_name"": ""Dataset Division"", ""node_name"": ""数据划分处理"", ""node_params"": {""sampling_type"": 0, ""percentage"": 10, ""n_samples"": 15, ""replacement"": false, ""n_folds"": 10, ""selected_folds"": 1, ""replicable"": false, ""stratified"": false}, ""contrast_level"": 2, ""node_type"": ""preprocess""}, {""node_id"": ""2980"", ""algorithm_step_name"": ""Model Evaluate"", ""node_name"": ""模型评估"", ""node_params"": {}, ""contrast_level"": 2, ""node_type"": ""evaluate""}, {""node_id"": ""2981"", ""algorithm_step_name"": ""Random Forest"", ""node_name"": ""随机森林"", ""node_params"": {}, ""contrast_level"": 1, ""node_type"": ""model""}]}",1.0
我的数据集没有缺失值，所以请你帮我删除掉缺失值处理这一步，然后把数据抽样的比例改为7:3，最后帮我添加一个可视化混淆矩阵的步骤。,1.0,8054,513,14.802256799994211,7.135706402121286,5.100419521331787,2.5661308765411377,0.0,"{""edges"": [{""edge_id"": ""18214552053587383689"", ""source_node_id"": ""1416"", ""target_node_id"": ""1417""}, {""edge_id"": ""6699041561742762187"", ""source_node_id"": ""1416"", ""target_node_id"": ""1418""}, {""edge_id"": ""10747622366356645529"", ""source_node_id"": ""1417"", ""target_node_id"": ""1418""}, {""edge_id"": ""11318253918335409228"", ""source_node_id"": ""1414"", ""target_node_id"": ""1416""}, {""edge_id"": ""5364334454786314114"", ""source_node_id"": ""1418"", ""target_node_id"": ""1419""}], ""nodes"": [{""node_id"": ""1414"", ""widget_name"": ""File"", ""node_name"": ""数据"", ""node_params"": {""type"": ""sample"", ""filename"": ""iris.csv""}}, {""node_id"": ""1416"", ""widget_name"": ""Data Sampler"", ""node_name"": ""数据采样"", ""node_params"": {""sampling_type"": 0, ""percentage"": 30, ""n_samples"": 15, ""replacement"": false, ""n_folds"": 10, ""selected_folds"": 1, ""replicable"": false, ""stratified"": false}}, {""node_id"": ""1417"", ""widget_name"": ""Gradient Boosting"", ""node_name"": ""Gradient Boosting"", ""node_params"": {""loss_function"": 0, ""n_estimators"": 10, ""learning_rate"": 0.1, ""use_max_depth"": false, ""max_depth"": 3, ""use_min_samples"": false, ""min_samples"": 2}}, {""node_id"": ""1418"", ""widget_name"": ""Test and Score"", ""node_name"": ""测试得分"", ""node_params"": {}}, {""node_id"": ""1419"", ""widget_name"": ""Confusion Matrix"", ""node_name"": ""混淆矩阵"", ""node_params"": {}}]}","{""dependency_requirements"": [{""edge_id"": ""2556"", ""source_node_id"": ""3047"", ""target_node_id"": ""3048""}, {""edge_id"": ""2557"", ""source_node_id"": ""3047"", ""target_node_id"": ""3049""}, {""edge_id"": ""2559"", ""source_node_id"": ""3048"", ""target_node_id"": ""3049""}, {""edge_id"": ""2560"", ""source_node_id"": ""3045"", ""target_node_id"": ""3047""}, {""edge_id"": ""2561"", ""source_node_id"": ""3049"", ""target_node_id"": ""3050""}], ""step_requirements"": [{""node_id"": ""3045"", ""algorithm_step_name"": ""Tabular Dataset Loading"", ""node_name"": ""数据"", ""node_params"": {""type"": ""sample"", ""filename"": ""iris.csv""}, ""contrast_level"": 2, ""node_type"": ""io""}, {""node_id"": ""3047"", ""algorithm_step_name"": ""Dataset Division"", ""node_name"": ""数据采样"", ""node_params"": {""sampling_type"": 0, ""percentage"": 30, ""n_samples"": 15, ""replacement"": false, ""n_folds"": 10, ""selected_folds"": 1, ""replicable"": false, ""stratified"": false}, ""contrast_level"": 2, ""node_type"": ""preprocess""}, {""node_id"": ""3048"", ""algorithm_step_name"": ""Gradient Boosting Decision Tree"", ""node_name"": ""梯度提升"", ""node_params"": {""loss_function"": 0, ""n_estimators"": 10, ""learning_rate"": 0.1, ""use_max_depth"": false, ""max_depth"": 3, ""use_min_samples"": false, ""min_samples"": 2}, ""contrast_level"": 2, ""node_type"": ""model""}, {""node_id"": ""3049"", ""algorithm_step_name"": ""Model Evaluate"", ""node_name"": ""测试得分"", ""node_params"": {}, ""contrast_level"": 2, ""node_type"": ""evaluate""}, {""node_id"": ""3050"", ""algorithm_step_name"": ""Confusion Matrix"", ""node_name"": ""混淆矩阵"", ""node_params"": {}, ""contrast_level"": 2, ""node_type"": ""visualize""}]}",1.0
帮我把加载的数据集换成房价示例数据集。然后，把kNN模型换成梯度提升模型。,1.0,7380,320,12.597735600000306,6.698731140619202,4.03834342956543,1.8606610298156738,0.0,"{""edges"": [{""edge_id"": ""3881738390574672932"", ""source_node_id"": ""1420"", ""target_node_id"": ""1421""}, {""edge_id"": ""2763663173258055423"", ""source_node_id"": ""1421"", ""target_node_id"": ""1423""}, {""edge_id"": ""10678387920226510223"", ""source_node_id"": ""1421"", ""target_node_id"": ""1424""}, {""edge_id"": ""7297126396389168330"", ""source_node_id"": ""1424"", ""target_node_id"": ""1423""}], ""nodes"": [{""node_id"": ""1420"", ""widget_name"": ""File"", ""node_name"": ""数据"", ""node_params"": {""type"": ""sample"", ""filename"": ""housing.csv""}}, {""node_id"": ""1421"", ""widget_name"": ""Data Sampler"", ""node_name"": ""数据采样"", ""node_params"": {""sampling_type"": 0, ""percentage"": 10, ""n_samples"": 15, ""replacement"": false, ""n_folds"": 10, ""selected_folds"": 1, ""replicable"": false, ""stratified"": false}}, {""node_id"": ""1423"", ""widget_name"": ""Test and Score"", ""node_name"": ""测试得分"", ""node_params"": {}}, {""node_id"": ""1424"", ""widget_name"": ""Gradient Boosting"", ""node_name"": ""梯度提升"", ""node_params"": {""loss_function"": 0, ""n_estimators"": 10, ""learning_rate"": 0.1, ""use_max_depth"": false, ""max_depth"": 3, ""use_min_samples"": false, ""min_samples"": 2}}]}","{""dependency_requirements"": [{""edge_id"": ""2562"", ""source_node_id"": ""3051"", ""target_node_id"": ""3052""}, {""edge_id"": ""2564"", ""source_node_id"": ""3052"", ""target_node_id"": ""3054""}, {""edge_id"": ""2567"", ""source_node_id"": ""3052"", ""target_node_id"": ""3055""}, {""edge_id"": ""2568"", ""source_node_id"": ""3055"", ""target_node_id"": ""3054""}], ""step_requirements"": [{""node_id"": ""3051"", ""algorithm_step_name"": ""Tabular Dataset Loading"", ""node_name"": ""数据"", ""node_params"": {""type"": ""sample"", ""filename"": ""housing.csv""}, ""contrast_level"": 2, ""node_type"": ""io""}, {""node_id"": ""3052"", ""algorithm_step_name"": ""Dataset Division"", ""node_name"": ""数据采样"", ""node_params"": {""sampling_type"": 0, ""percentage"": 10, ""n_samples"": 15, ""replacement"": false, ""n_folds"": 10, ""selected_folds"": 1, ""replicable"": false, ""stratified"": false}, ""contrast_level"": 2, ""node_type"": ""preprocess""}, {""node_id"": ""3054"", ""algorithm_step_name"": ""Model Evaluate"", ""node_name"": ""测试得分"", ""node_params"": {}, ""contrast_level"": 2, ""node_type"": ""evaluate""}, {""node_id"": ""3055"", ""algorithm_step_name"": ""Gradient Boosting Decision Tree"", ""node_name"": ""梯度提升"", ""node_params"": {}, ""contrast_level"": 1, ""node_type"": ""model""}]}",1.0
帮我把连续化处理换成特征选择，KNN的邻节点个数改为7。,1.0,7066,399,13.161572299999534,6.385619483990013,5.037297964096069,1.7386548519134521,0.0,"{""edges"": [{""edge_id"": ""13508326413718706325"", ""source_node_id"": ""1427"", ""target_node_id"": ""1428""}, {""edge_id"": ""2962166381596742220"", ""source_node_id"": ""1427"", ""target_node_id"": ""1429""}, {""edge_id"": ""10897949487748312221"", ""source_node_id"": ""1428"", ""target_node_id"": ""1429""}, {""edge_id"": ""14145319554487938237"", ""source_node_id"": ""1425"", ""target_node_id"": ""1430""}, {""edge_id"": ""8796129876890083100"", ""source_node_id"": ""1430"", ""target_node_id"": ""1427""}], ""nodes"": [{""node_id"": ""1425"", ""widget_name"": ""File"", ""node_name"": ""数据"", ""node_params"": {""type"": ""sample"", ""filename"": ""iris.csv""}}, {""node_id"": ""1427"", ""widget_name"": ""Data Sampler"", ""node_name"": ""数据采样"", ""node_params"": {""sampling_type"": 0, ""percentage"": 10, ""n_samples"": 15, ""replacement"": false, ""n_folds"": 10, ""selected_folds"": 1, ""replicable"": false, ""stratified"": false}}, {""node_id"": ""1428"", ""widget_name"": ""kNN"", ""node_name"": ""kNN"", ""node_params"": {""n_neighbors"": 7, ""metric"": ""euclidean"", ""weights"": ""uniform""}}, {""node_id"": ""1429"", ""widget_name"": ""Test and Score"", ""node_name"": ""测试得分"", ""node_params"": {}}, {""node_id"": ""1430"", ""widget_name"": ""Rank"", ""node_name"": ""特征选择"", ""node_params"": {}}]}","{""dependency_requirements"": [{""edge_id"": ""2576"", ""source_node_id"": ""3067"", ""target_node_id"": ""3068""}, {""edge_id"": ""2577"", ""source_node_id"": ""3067"", ""target_node_id"": ""3069""}, {""edge_id"": ""2579"", ""source_node_id"": ""3068"", ""target_node_id"": ""3069""}, {""edge_id"": ""2580"", ""source_node_id"": ""3065"", ""target_node_id"": ""3070""}, {""edge_id"": ""2581"", ""source_node_id"": ""3070"", ""target_node_id"": ""3067""}], ""step_requirements"": [{""node_id"": ""3065"", ""algorithm_step_name"": ""Tabular Dataset Loading"", ""node_name"": ""数据"", ""node_params"": {""type"": ""sample"", ""filename"": ""iris.csv""}, ""contrast_level"": 2, ""node_type"": ""io""}, {""node_id"": ""3067"", ""algorithm_step_name"": ""Dataset Division"", ""node_name"": ""数据采样"", ""node_params"": {""sampling_type"": 0, ""percentage"": 10, ""n_samples"": 15, ""replacement"": false, ""n_folds"": 10, ""selected_folds"": 1, ""replicable"": false, ""stratified"": false}, ""contrast_level"": 2, ""node_type"": ""preprocess""}, {""node_id"": ""3068"", ""algorithm_step_name"": ""KNN"", ""node_name"": ""kNN"", ""node_params"": {""n_neighbors"": 7, ""metric"": ""euclidean"", ""weights"": ""uniform""}, ""contrast_level"": 2, ""node_type"": ""model""}, {""node_id"": ""3069"", ""algorithm_step_name"": ""Model Evaluate"", ""node_name"": ""测试得分"", ""node_params"": {}, ""contrast_level"": 2, ""node_type"": ""evaluate""}, {""node_id"": ""3070"", ""algorithm_step_name"": ""Feature Selection"", ""node_name"": ""特征选择"", ""node_params"": {}, ""contrast_level"": 1, ""node_type"": ""feature engineering""}]}",1.0
帮我把加载的鸢尾花示例数据修改为加载房价示例数据集。,1.0,3274,123,4.522931300001801,3.867430649595917,0.0015118122100830078,0.6539888381958008,0.0,"{""edges"": [{""edge_id"": ""16169303288561121539"", ""source_node_id"": ""1431"", ""target_node_id"": ""1432""}], ""nodes"": [{""node_id"": ""1431"", ""widget_name"": ""File"", ""node_name"": ""鸢尾花示例数据"", ""node_params"": {""type"": ""sample"", ""filename"": ""housing.csv""}}, {""node_id"": ""1432"", ""widget_name"": ""Gradient Boosting"", ""node_name"": ""梯度提升分类器"", ""node_params"": {""loss_function"": 0, ""n_estimators"": 10, ""learning_rate"": 0.1, ""use_max_depth"": false, ""max_depth"": 3, ""use_min_samples"": false, ""min_samples"": 2}}]}","{""dependency_requirements"": [{""edge_id"": ""2376"", ""source_node_id"": ""2895"", ""target_node_id"": ""2896""}], ""step_requirements"": [{""node_id"": ""2895"", ""algorithm_step_name"": ""Tabular Dataset Loading"", ""node_name"": ""鸢尾花示例数据"", ""node_params"": {""type"": ""sample"", ""filename"": ""housing.csv""}, ""contrast_level"": 2, ""node_type"": ""io""}, {""node_id"": ""2896"", ""algorithm_step_name"": ""Gradient Boosting Decision Tree"", ""node_name"": ""梯度提升分类器"", ""node_params"": {""loss_function"": 0, ""n_estimators"": 10, ""learning_rate"": 0.1, ""use_max_depth"": false, ""max_depth"": 3, ""use_min_samples"": false, ""min_samples"": 2}, ""contrast_level"": 2, ""node_type"": ""model""}]}",1.0
帮我把梯度提升模型的树数量设置为100，学习率修改为0.01。,1.0,4331,259,8.93815629999881,3.8185378841662896,4.190428256988525,0.9291901588439941,0.0,"{""edges"": [{""edge_id"": ""10239507498437136831"", ""source_node_id"": ""1433"", ""target_node_id"": ""1434""}], ""nodes"": [{""node_id"": ""1433"", ""widget_name"": ""File"", ""node_name"": ""鸢尾花示例数据"", ""node_params"": {""type"": ""sample"", ""filename"": ""iris.csv""}}, {""node_id"": ""1434"", ""widget_name"": ""Gradient Boosting"", ""node_name"": ""梯度提升分类器"", ""node_params"": {""loss_function"": 0, ""n_estimators"": 100, ""learning_rate"": 0.01, ""use_max_depth"": false, ""max_depth"": 3, ""use_min_samples"": false, ""min_samples"": 2}}]}","{""dependency_requirements"": [{""edge_id"": ""2376"", ""source_node_id"": ""2895"", ""target_node_id"": ""2896""}], ""step_requirements"": [{""node_id"": ""2895"", ""algorithm_step_name"": ""Tabular Dataset Loading"", ""node_name"": ""鸢尾花示例数据"", ""node_params"": {""type"": ""sample"", ""filename"": ""iris.csv""}, ""contrast_level"": 2, ""node_type"": ""io""}, {""node_id"": ""2896"", ""algorithm_step_name"": ""Gradient Boosting Decision Tree"", ""node_name"": ""梯度提升分类器"", ""node_params"": {""loss_function"": 0, ""n_estimators"": 100, ""learning_rate"": 0.01, ""use_max_depth"": false, ""max_depth"": 3, ""use_min_samples"": false, ""min_samples"": 2}, ""contrast_level"": 2, ""node_type"": ""model""}]}",1.0
帮我添加一个缺失值处理步骤，以便对鸢尾花数据进行缺失值处理,0.8,6996,558,13.36189110000123,3.828574487757578,4.308114290237427,5.225202322006226,0.0,"{""edges"": [{""edge_id"": ""14868977471132833413"", ""source_node_id"": ""1435"", ""target_node_id"": ""1437""}, {""edge_id"": ""15741844166739529938"", ""source_node_id"": ""1435"", ""target_node_id"": ""1438""}, {""edge_id"": ""4474968263809135686"", ""source_node_id"": ""1438"", ""target_node_id"": ""1436""}], ""nodes"": [{""node_id"": ""1435"", ""widget_name"": ""File"", ""node_name"": ""鸢尾花示例数据"", ""node_params"": {""type"": ""sample"", ""filename"": ""iris.csv""}}, {""node_id"": ""1436"", ""widget_name"": ""Gradient Boosting"", ""node_name"": ""梯度提升分类器"", ""node_params"": {""loss_function"": 0, ""n_estimators"": 10, ""learning_rate"": 0.1, ""use_max_depth"": false, ""max_depth"": 3, ""use_min_samples"": false, ""min_samples"": 2}}, {""node_id"": ""1437"", ""widget_name"": ""Impute"", ""node_name"": ""缺失值处理"", ""node_params"": {""method"": 1}}, {""node_id"": ""1438"", ""widget_name"": ""Impute"", ""node_name"": ""缺失值处理"", ""node_params"": {""method"": 1}}]}","{""dependency_requirements"": [{""edge_id"": ""4027"", ""source_node_id"": ""5159"", ""target_node_id"": ""5158""}, {""edge_id"": ""4028"", ""source_node_id"": ""5157"", ""target_node_id"": ""5159""}], ""step_requirements"": [{""node_id"": ""5157"", ""algorithm_step_name"": ""Tabular Dataset Loading"", ""node_name"": ""鸢尾花示例数据"", ""node_params"": {""type"": ""sample"", ""filename"": ""iris.csv""}, ""contrast_level"": 2, ""node_type"": ""io""}, {""node_id"": ""5158"", ""algorithm_step_name"": ""Gradient Boosting Decision Tree"", ""node_name"": ""梯度提升分类器"", ""node_params"": {""loss_function"": 0, ""n_estimators"": 10, ""learning_rate"": 0.1, ""use_max_depth"": false, ""max_depth"": 3, ""use_min_samples"": false, ""min_samples"": 2}, ""contrast_level"": 2, ""node_type"": ""model""}, {""node_id"": ""5159"", ""algorithm_step_name"": ""Missing Value Handling"", ""node_name"": ""Impute"", ""node_params"": {}, ""contrast_level"": 1, ""node_type"": ""preprocess""}]}",0.8571
帮我在模型训练之前添加一个数据划分步骤，以便将处理后的数据进行拆分。,1.0,11658,580,14.28492389999883,3.6504739411975606,3.8637638092041016,6.770686149597168,0.0,"{""edges"": [{""edge_id"": ""11402218736349304010"", ""source_node_id"": ""1439"", ""target_node_id"": ""1440""}, {""edge_id"": ""6406644575748224467"", ""source_node_id"": ""1440"", ""target_node_id"": ""1442""}, {""edge_id"": ""17492208135517897006"", ""source_node_id"": ""1442"", ""target_node_id"": ""1441""}], ""nodes"": [{""node_id"": ""1439"", ""widget_name"": ""File"", ""node_name"": ""鸢尾花示例数据"", ""node_params"": {""type"": ""sample"", ""filename"": ""iris.csv""}}, {""node_id"": ""1440"", ""widget_name"": ""Impute"", ""node_name"": ""缺失值填充"", ""node_params"": {""method"": 1}}, {""node_id"": ""1441"", ""widget_name"": ""Gradient Boosting"", ""node_name"": ""梯度提升分类器"", ""node_params"": {""loss_function"": 0, ""n_estimators"": 10, ""learning_rate"": 0.1, ""use_max_depth"": false, ""max_depth"": 3, ""use_min_samples"": false, ""min_samples"": 2}}, {""node_id"": ""1442"", ""widget_name"": ""Data Sampler"", ""node_name"": ""数据划分"", ""node_params"": {""sampling_type"": 0, ""percentage"": 10, ""n_samples"": 15, ""replacement"": false, ""n_folds"": 10, ""selected_folds"": 1, ""replicable"": false, ""stratified"": false}}]}","{""dependency_requirements"": [{""edge_id"": ""4029"", ""source_node_id"": ""5160"", ""target_node_id"": ""5161""}, {""edge_id"": ""4030"", ""source_node_id"": ""5163"", ""target_node_id"": ""5162""}, {""edge_id"": ""4031"", ""source_node_id"": ""5161"", ""target_node_id"": ""5163""}], ""step_requirements"": [{""node_id"": ""5160"", ""algorithm_step_name"": ""Tabular Dataset Loading"", ""node_name"": ""鸢尾花示例数据"", ""node_params"": {""type"": ""sample"", ""filename"": ""iris.csv""}, ""contrast_level"": 2, ""node_type"": ""io""}, {""node_id"": ""5161"", ""algorithm_step_name"": ""Missing Value Handling"", ""node_name"": ""缺失值填充"", ""node_params"": {""method"": 1}, ""contrast_level"": 2, ""node_type"": ""preprocess""}, {""node_id"": ""5162"", ""algorithm_step_name"": ""Gradient Boosting Decision Tree"", ""node_name"": ""梯度提升分类器"", ""node_params"": {""loss_function"": 0, ""n_estimators"": 10, ""learning_rate"": 0.1, ""use_max_depth"": false, ""max_depth"": 3, ""use_min_samples"": false, ""min_samples"": 2}, ""contrast_level"": 2, ""node_type"": ""model""}, {""node_id"": ""5163"", ""algorithm_step_name"": ""Dataset Division"", ""node_name"": ""Data Sampler"", ""node_params"": {}, ""contrast_level"": 1, ""node_type"": ""preprocess""}]}",1.0
我需要将数据划分的比例设置为8:2,1.0,4478,225,8.310840899997856,3.6692393374978565,3.8964593410491943,0.7451422214508057,0.0,"{""edges"": [{""edge_id"": ""10352949463888110496"", ""source_node_id"": ""1443"", ""target_node_id"": ""1444""}, {""edge_id"": ""3883958298393809164"", ""source_node_id"": ""1444"", ""target_node_id"": ""1445""}, {""edge_id"": ""11823980214677281761"", ""source_node_id"": ""1445"", ""target_node_id"": ""1446""}], ""nodes"": [{""node_id"": ""1443"", ""widget_name"": ""File"", ""node_name"": ""鸢尾花示例数据"", ""node_params"": {""type"": ""sample"", ""filename"": ""iris.csv""}}, {""node_id"": ""1444"", ""widget_name"": ""Impute"", ""node_name"": ""缺失值填充"", ""node_params"": {""method"": 1}}, {""node_id"": ""1445"", ""widget_name"": ""Data Sampler"", ""node_name"": ""数据采样"", ""node_params"": {""sampling_type"": 0, ""percentage"": 20, ""n_samples"": 15, ""replacement"": false, ""n_folds"": 10, ""selected_folds"": 1, ""replicable"": false, ""stratified"": false}}, {""node_id"": ""1446"", ""widget_name"": ""Gradient Boosting"", ""node_name"": ""梯度提升分类器"", ""node_params"": {""loss_function"": 0, ""n_estimators"": 10, ""learning_rate"": 0.1, ""use_max_depth"": false, ""max_depth"": 3, ""use_min_samples"": false, ""min_samples"": 2}}]}","{""dependency_requirements"": [{""edge_id"": ""4032"", ""source_node_id"": ""5164"", ""target_node_id"": ""5165""}, {""edge_id"": ""4033"", ""source_node_id"": ""5165"", ""target_node_id"": ""5166""}, {""edge_id"": ""4034"", ""source_node_id"": ""5166"", ""target_node_id"": ""5167""}], ""step_requirements"": [{""node_id"": ""5164"", ""algorithm_step_name"": ""Tabular Dataset Loading"", ""node_name"": ""鸢尾花示例数据"", ""node_params"": {""type"": ""sample"", ""filename"": ""iris.csv""}, ""contrast_level"": 2, ""node_type"": ""io""}, {""node_id"": ""5165"", ""algorithm_step_name"": ""Missing Value Handling"", ""node_name"": ""缺失值填充"", ""node_params"": {""method"": 1}, ""contrast_level"": 2, ""node_type"": ""preprocess""}, {""node_id"": ""5166"", ""algorithm_step_name"": ""Dataset Division"", ""node_name"": ""数据采样"", ""node_params"": {""sampling_type"": 0, ""percentage"": 20, ""n_samples"": 15, ""replacement"": false, ""n_folds"": 10, ""selected_folds"": 1, ""replicable"": false, ""stratified"": false}, ""contrast_level"": 2, ""node_type"": ""preprocess""}, {""node_id"": ""5167"", ""algorithm_step_name"": ""Gradient Boosting Decision Tree"", ""node_name"": ""梯度提升分类器"", ""node_params"": {""loss_function"": 0, ""n_estimators"": 10, ""learning_rate"": 0.1, ""use_max_depth"": false, ""max_depth"": 3, ""use_min_samples"": false, ""min_samples"": 2}, ""contrast_level"": 2, ""node_type"": ""model""}]}",1.0
帮我添加一个模型评估步骤,1.0,3859,334,7.163997199997539,3.488965061173076,1.6215674877166748,2.053464651107788,0.0,"{""edges"": [{""edge_id"": ""14177816740227107256"", ""source_node_id"": ""1447"", ""target_node_id"": ""1448""}, {""edge_id"": ""8760402714017887064"", ""source_node_id"": ""1448"", ""target_node_id"": ""1449""}, {""edge_id"": ""11943011609593112267"", ""source_node_id"": ""1449"", ""target_node_id"": ""1450""}, {""edge_id"": ""8227460098956504087"", ""source_node_id"": ""1449"", ""target_node_id"": ""1451""}, {""edge_id"": ""4957027424406593634"", ""source_node_id"": ""1450"", ""target_node_id"": ""1451""}, {""edge_id"": ""4919796997141833725"", ""source_node_id"": ""1449"", ""target_node_id"": ""1451""}], ""nodes"": [{""node_id"": ""1447"", ""widget_name"": ""File"", ""node_name"": ""鸢尾花示例数据"", ""node_params"": {""type"": ""sample"", ""filename"": ""iris.csv""}}, {""node_id"": ""1448"", ""widget_name"": ""Impute"", ""node_name"": ""缺失值处理"", ""node_params"": {""method"": 1}}, {""node_id"": ""1449"", ""widget_name"": ""Data Sampler"", ""node_name"": ""数据划分处理"", ""node_params"": {""sampling_type"": 0, ""percentage"": 10, ""n_samples"": 15, ""replacement"": false, ""n_folds"": 10, ""selected_folds"": 1, ""replicable"": false, ""stratified"": false}}, {""node_id"": ""1450"", ""widget_name"": ""Gradient Boosting"", ""node_name"": ""梯度提升分类器"", ""node_params"": {""loss_function"": 0, ""n_estimators"": 10, ""learning_rate"": 0.1, ""use_max_depth"": false, ""max_depth"": 3, ""use_min_samples"": false, ""min_samples"": 2}}, {""node_id"": ""1451"", ""widget_name"": ""Test and Score"", ""node_name"": ""模型评估"", ""node_params"": {}}]}","{""dependency_requirements"": [{""edge_id"": ""2379"", ""source_node_id"": ""2899"", ""target_node_id"": ""2900""}, {""edge_id"": ""2380"", ""source_node_id"": ""2900"", ""target_node_id"": ""2901""}, {""edge_id"": ""2381"", ""source_node_id"": ""2901"", ""target_node_id"": ""2902""}, {""edge_id"": ""2382"", ""source_node_id"": ""2901"", ""target_node_id"": ""2903""}, {""edge_id"": ""2384"", ""source_node_id"": ""2902"", ""target_node_id"": ""2903""}], ""step_requirements"": [{""node_id"": ""2899"", ""algorithm_step_name"": ""Tabular Dataset Loading"", ""node_name"": ""鸢尾花示例数据"", ""node_params"": {""type"": ""sample"", ""filename"": ""iris.csv""}, ""contrast_level"": 2, ""node_type"": ""io""}, {""node_id"": ""2900"", ""algorithm_step_name"": ""Missing Value Handling"", ""node_name"": ""缺失值处理"", ""node_params"": {""method"": 1}, ""contrast_level"": 2, ""node_type"": ""preprocess""}, {""node_id"": ""2901"", ""algorithm_step_name"": ""Dataset Division"", ""node_name"": ""数据划分处理"", ""node_params"": {""sampling_type"": 0, ""percentage"": 10, ""n_samples"": 15, ""replacement"": false, ""n_folds"": 10, ""selected_folds"": 1, ""replicable"": false, ""stratified"": false}, ""contrast_level"": 2, ""node_type"": ""preprocess""}, {""node_id"": ""2902"", ""algorithm_step_name"": ""Gradient Boosting Decision Tree"", ""node_name"": ""梯度提升分类器"", ""node_params"": {""loss_function"": 0, ""n_estimators"": 10, ""learning_rate"": 0.1, ""use_max_depth"": false, ""max_depth"": 3, ""use_min_samples"": false, ""min_samples"": 2}, ""contrast_level"": 2, ""node_type"": ""model""}, {""node_id"": ""2903"", ""algorithm_step_name"": ""Model Evaluate"", ""node_name"": ""模型评估"", ""node_params"": {}, ""contrast_level"": 1, ""node_type"": ""evaluate""}]}",1.0
数据集中没有缺失值，所以帮我把缺失值这个步骤删除掉。,1.0,4654,226,8.29718330000469,3.692733789430349,3.5730109214782715,1.0314385890960693,0.0,"{""edges"": [{""edge_id"": ""12948210436198767663"", ""source_node_id"": ""1454"", ""target_node_id"": ""1455""}, {""edge_id"": ""12023435277124971962"", ""source_node_id"": ""1454"", ""target_node_id"": ""1456""}, {""edge_id"": ""2702208789908882341"", ""source_node_id"": ""1455"", ""target_node_id"": ""1456""}, {""edge_id"": ""4169731446473193549"", ""source_node_id"": ""1452"", ""target_node_id"": ""1454""}], ""nodes"": [{""node_id"": ""1452"", ""widget_name"": ""File"", ""node_name"": ""鸢尾花示例数据"", ""node_params"": {""type"": ""sample"", ""filename"": ""iris.csv""}}, {""node_id"": ""1454"", ""widget_name"": ""Data Sampler"", ""node_name"": ""数据划分处理"", ""node_params"": {""sampling_type"": 0, ""percentage"": 10, ""n_samples"": 15, ""replacement"": false, ""n_folds"": 10, ""selected_folds"": 1, ""replicable"": false, ""stratified"": false}}, {""node_id"": ""1455"", ""widget_name"": ""Gradient Boosting"", ""node_name"": ""梯度提升分类器"", ""node_params"": {""loss_function"": 0, ""n_estimators"": 10, ""learning_rate"": 0.1, ""use_max_depth"": false, ""max_depth"": 3, ""use_min_samples"": false, ""min_samples"": 2}}, {""node_id"": ""1456"", ""widget_name"": ""Test and Score"", ""node_name"": ""模型评估"", ""node_params"": {}}]}","{""dependency_requirements"": [{""edge_id"": ""2387"", ""source_node_id"": ""2906"", ""target_node_id"": ""2907""}, {""edge_id"": ""2388"", ""source_node_id"": ""2906"", ""target_node_id"": ""2908""}, {""edge_id"": ""2390"", ""source_node_id"": ""2907"", ""target_node_id"": ""2908""}, {""edge_id"": ""2391"", ""source_node_id"": ""2904"", ""target_node_id"": ""2906""}], ""step_requirements"": [{""node_id"": ""2904"", ""algorithm_step_name"": ""Tabular Dataset Loading"", ""node_name"": ""鸢尾花示例数据"", ""node_params"": {""type"": ""sample"", ""filename"": ""iris.csv""}, ""contrast_level"": 2, ""node_type"": ""io""}, {""node_id"": ""2906"", ""algorithm_step_name"": ""Dataset Division"", ""node_name"": ""数据划分处理"", ""node_params"": {""sampling_type"": 0, ""percentage"": 10, ""n_samples"": 15, ""replacement"": false, ""n_folds"": 10, ""selected_folds"": 1, ""replicable"": false, ""stratified"": false}, ""contrast_level"": 2, ""node_type"": ""preprocess""}, {""node_id"": ""2907"", ""algorithm_step_name"": ""Gradient Boosting Decision Tree"", ""node_name"": ""梯度提升分类器"", ""node_params"": {""loss_function"": 0, ""n_estimators"": 10, ""learning_rate"": 0.1, ""use_max_depth"": false, ""max_depth"": 3, ""use_min_samples"": false, ""min_samples"": 2}, ""contrast_level"": 2, ""node_type"": ""model""}, {""node_id"": ""2908"", ""algorithm_step_name"": ""Model Evaluate"", ""node_name"": ""模型评估"", ""node_params"": {}, ""contrast_level"": 2, ""node_type"": ""evaluate""}]}",1.0
删除工作流中的KNN模型。,1.0,12769,623,14.922349299995403,3.7924929519576835,3.589977502822876,7.539878845214844,0.0,"{""edges"": [{""edge_id"": ""9906063074022827019"", ""source_node_id"": ""1457"", ""target_node_id"": ""1458""}, {""edge_id"": ""6486091901182135399"", ""source_node_id"": ""1458"", ""target_node_id"": ""1459""}, {""edge_id"": ""10239369612656124490"", ""source_node_id"": ""1458"", ""target_node_id"": ""1461""}, {""edge_id"": ""5196275688284090066"", ""source_node_id"": ""1459"", ""target_node_id"": ""1461""}], ""nodes"": [{""node_id"": ""1457"", ""widget_name"": ""File"", ""node_name"": ""鸢尾花示例数据"", ""node_params"": {""type"": ""sample"", ""filename"": ""iris.csv""}}, {""node_id"": ""1458"", ""widget_name"": ""Data Sampler"", ""node_name"": ""数据划分处理"", ""node_params"": {""sampling_type"": 0, ""percentage"": 10, ""n_samples"": 15, ""replacement"": false, ""n_folds"": 10, ""selected_folds"": 1, ""replicable"": false, ""stratified"": false}}, {""node_id"": ""1459"", ""widget_name"": ""Gradient Boosting"", ""node_name"": ""梯度提升分类器"", ""node_params"": {""loss_function"": 0, ""n_estimators"": 10, ""learning_rate"": 0.1, ""use_max_depth"": false, ""max_depth"": 3, ""use_min_samples"": false, ""min_samples"": 2}}, {""node_id"": ""1461"", ""widget_name"": ""Test and Score"", ""node_name"": ""模型评估"", ""node_params"": {}}]}","{""dependency_requirements"": [{""edge_id"": ""2399"", ""source_node_id"": ""2914"", ""target_node_id"": ""2915""}, {""edge_id"": ""2400"", ""source_node_id"": ""2915"", ""target_node_id"": ""2916""}, {""edge_id"": ""2402"", ""source_node_id"": ""2915"", ""target_node_id"": ""2918""}, {""edge_id"": ""2404"", ""source_node_id"": ""2916"", ""target_node_id"": ""2918""}], ""step_requirements"": [{""node_id"": ""2914"", ""algorithm_step_name"": ""Tabular Dataset Loading"", ""node_name"": ""鸢尾花示例数据"", ""node_params"": {""type"": ""sample"", ""filename"": ""iris.csv""}, ""contrast_level"": 2, ""node_type"": ""io""}, {""node_id"": ""2915"", ""algorithm_step_name"": ""Dataset Division"", ""node_name"": ""数据划分处理"", ""node_params"": {""sampling_type"": 0, ""percentage"": 10, ""n_samples"": 15, ""replacement"": false, ""n_folds"": 10, ""selected_folds"": 1, ""replicable"": false, ""stratified"": false}, ""contrast_level"": 2, ""node_type"": ""preprocess""}, {""node_id"": ""2916"", ""algorithm_step_name"": ""Gradient Boosting Decision Tree"", ""node_name"": ""梯度提升分类器"", ""node_params"": {""loss_function"": 0, ""n_estimators"": 10, ""learning_rate"": 0.1, ""use_max_depth"": false, ""max_depth"": 3, ""use_min_samples"": false, ""min_samples"": 2}, ""contrast_level"": 2, ""node_type"": ""model""}, {""node_id"": ""2918"", ""algorithm_step_name"": ""Model Evaluate"", ""node_name"": ""模型评估"", ""node_params"": {}, ""contrast_level"": 2, ""node_type"": ""evaluate""}]}",1.0
帮我把工作流中的缺失值处理步骤和多余的KNN模型都删除掉,1.0,7952,388,15.649969999998575,6.644631569593912,7.40398645401001,1.6013519763946533,0.0,"{""edges"": [{""edge_id"": ""1817261662945545934"", ""source_node_id"": ""1464"", ""target_node_id"": ""1465""}, {""edge_id"": ""3402412709344910395"", ""source_node_id"": ""1464"", ""target_node_id"": ""1467""}, {""edge_id"": ""17272668663578148271"", ""source_node_id"": ""1465"", ""target_node_id"": ""1467""}, {""edge_id"": ""12021763769263353098"", ""source_node_id"": ""1462"", ""target_node_id"": ""1464""}], ""nodes"": [{""node_id"": ""1462"", ""widget_name"": ""File"", ""node_name"": ""鸢尾花示例数据"", ""node_params"": {""type"": ""sample"", ""filename"": ""iris.csv""}}, {""node_id"": ""1464"", ""widget_name"": ""Data Sampler"", ""node_name"": ""数据划分处理"", ""node_params"": {""sampling_type"": 0, ""percentage"": 10, ""n_samples"": 15, ""replacement"": false, ""n_folds"": 10, ""selected_folds"": 1, ""replicable"": false, ""stratified"": false}}, {""node_id"": ""1465"", ""widget_name"": ""Gradient Boosting"", ""node_name"": ""梯度提升分类器"", ""node_params"": {""loss_function"": 0, ""n_estimators"": 10, ""learning_rate"": 0.1, ""use_max_depth"": false, ""max_depth"": 3, ""use_min_samples"": false, ""min_samples"": 2}}, {""node_id"": ""1467"", ""widget_name"": ""Test and Score"", ""node_name"": ""模型评估"", ""node_params"": {}}]}","{""dependency_requirements"": [{""edge_id"": ""2408"", ""source_node_id"": ""2921"", ""target_node_id"": ""2922""}, {""edge_id"": ""2410"", ""source_node_id"": ""2921"", ""target_node_id"": ""2924""}, {""edge_id"": ""2412"", ""source_node_id"": ""2922"", ""target_node_id"": ""2924""}, {""edge_id"": ""2414"", ""source_node_id"": ""2919"", ""target_node_id"": ""2921""}], ""step_requirements"": [{""node_id"": ""2919"", ""algorithm_step_name"": ""Tabular Dataset Loading"", ""node_name"": ""鸢尾花示例数据"", ""node_params"": {""type"": ""sample"", ""filename"": ""iris.csv""}, ""contrast_level"": 2, ""node_type"": ""io""}, {""node_id"": ""2921"", ""algorithm_step_name"": ""Dataset Division"", ""node_name"": ""数据划分处理"", ""node_params"": {""sampling_type"": 0, ""percentage"": 10, ""n_samples"": 15, ""replacement"": false, ""n_folds"": 10, ""selected_folds"": 1, ""replicable"": false, ""stratified"": false}, ""contrast_level"": 2, ""node_type"": ""preprocess""}, {""node_id"": ""2922"", ""algorithm_step_name"": ""Gradient Boosting Decision Tree"", ""node_name"": ""梯度提升分类器"", ""node_params"": {""loss_function"": 0, ""n_estimators"": 10, ""learning_rate"": 0.1, ""use_max_depth"": false, ""max_depth"": 3, ""use_min_samples"": false, ""min_samples"": 2}, ""contrast_level"": 2, ""node_type"": ""model""}, {""node_id"": ""2924"", ""algorithm_step_name"": ""Model Evaluate"", ""node_name"": ""模型评估"", ""node_params"": {}, ""contrast_level"": 2, ""node_type"": ""evaluate""}]}",1.0
在数据抽样之前添加一个特征选择步骤，然后把数据抽样的抽样比例设置为抽取30%。,0.9,11123,664,17.2110124000028,6.499964035363519,4.904207706451416,5.806840658187866,0.0,"{""edges"": [{""edge_id"": ""6547181569549129962"", ""source_node_id"": ""1468"", ""target_node_id"": ""1469""}, {""edge_id"": ""1593248016561092865"", ""source_node_id"": ""1469"", ""target_node_id"": ""1471""}, {""edge_id"": ""4019412870447017714"", ""source_node_id"": ""1470"", ""target_node_id"": ""1471""}, {""edge_id"": ""8727227037966940933"", ""source_node_id"": ""1469"", ""target_node_id"": ""1472""}, {""edge_id"": ""9593360013254363635"", ""source_node_id"": ""1469"", ""target_node_id"": ""1473""}, {""edge_id"": ""4605216251220744491"", ""source_node_id"": ""1473"", ""target_node_id"": ""1470""}], ""nodes"": [{""node_id"": ""1468"", ""widget_name"": ""File"", ""node_name"": ""鸢尾花示例数据"", ""node_params"": {""type"": ""sample"", ""filename"": ""iris.csv""}}, {""node_id"": ""1469"", ""widget_name"": ""Data Sampler"", ""node_name"": ""数据划分处理"", ""node_params"": {""sampling_type"": 0, ""percentage"": 30, ""n_samples"": 15, ""replacement"": false, ""n_folds"": 10, ""selected_folds"": 1, ""replicable"": false, ""stratified"": false}}, {""node_id"": ""1470"", ""widget_name"": ""Gradient Boosting"", ""node_name"": ""梯度提升分类器"", ""node_params"": {""loss_function"": 0, ""n_estimators"": 10, ""learning_rate"": 0.1, ""use_max_depth"": false, ""max_depth"": 3, ""use_min_samples"": false, ""min_samples"": 2}}, {""node_id"": ""1471"", ""widget_name"": ""Predictions"", ""node_name"": ""预测"", ""node_params"": {""output_attrs"": true, ""output_predictions"": true, ""output_probabilities"": false}}, {""node_id"": ""1472"", ""widget_name"": ""Rank"", ""node_name"": ""特征选择"", ""node_params"": {}}, {""node_id"": ""1473"", ""widget_name"": ""Rank"", ""node_name"": ""特征选择"", ""node_params"": {}}]}","{""dependency_requirements"": [{""edge_id"": ""2485"", ""source_node_id"": ""2991"", ""target_node_id"": ""2988""}, {""edge_id"": ""2486"", ""source_node_id"": ""2988"", ""target_node_id"": ""2989""}, {""edge_id"": ""2487"", ""source_node_id"": ""2988"", ""target_node_id"": ""2990""}, {""edge_id"": ""2488"", ""source_node_id"": ""2989"", ""target_node_id"": ""2990""}, {""edge_id"": ""2489"", ""source_node_id"": ""2987"", ""target_node_id"": ""2991""}], ""step_requirements"": [{""node_id"": ""2987"", ""algorithm_step_name"": ""Tabular Dataset Loading"", ""node_name"": ""鸢尾花示例数据"", ""node_params"": {""type"": ""sample"", ""filename"": ""iris.csv""}, ""contrast_level"": 2, ""node_type"": ""io""}, {""node_id"": ""2988"", ""algorithm_step_name"": ""Dataset Division"", ""node_name"": ""数据划分处理"", ""node_params"": {""sampling_type"": 0, ""percentage"": 30, ""n_samples"": 15, ""replacement"": false, ""n_folds"": 10, ""selected_folds"": 1, ""replicable"": false, ""stratified"": false}, ""contrast_level"": 2, ""node_type"": ""preprocess""}, {""node_id"": ""2989"", ""algorithm_step_name"": ""Gradient Boosting Decision Tree"", ""node_name"": ""梯度提升分类器"", ""node_params"": {""loss_function"": 0, ""n_estimators"": 10, ""learning_rate"": 0.1, ""use_max_depth"": false, ""max_depth"": 3, ""use_min_samples"": false, ""min_samples"": 2}, ""contrast_level"": 2, ""node_type"": ""model""}, {""node_id"": ""2990"", ""algorithm_step_name"": ""Test Dataset Predictions"", ""node_name"": ""预测"", ""node_params"": {""output_attrs"": true, ""output_predictions"": true, ""output_probabilities"": false}, ""contrast_level"": 2, ""node_type"": ""predict""}, {""node_id"": ""2991"", ""algorithm_step_name"": ""Feature Selection"", ""node_name"": ""自动特征选择"", ""node_params"": {}, ""contrast_level"": 1, ""node_type"": ""feature engineering""}]}",0.7273
帮我把数据划分的比例改为5:5，最后还需要你添加一个步骤帮我把预测结果保存。,1.0,8495,385,13.48540050000156,6.696543039979588,5.046703815460205,1.7421536445617676,0.0,"{""edges"": [{""edge_id"": ""15912126681331394954"", ""source_node_id"": ""1474"", ""target_node_id"": ""1475""}, {""edge_id"": ""17449298174439388789"", ""source_node_id"": ""1475"", ""target_node_id"": ""1476""}, {""edge_id"": ""14710478312555663853"", ""source_node_id"": ""1475"", ""target_node_id"": ""1477""}, {""edge_id"": ""3412176015483392393"", ""source_node_id"": ""1476"", ""target_node_id"": ""1477""}, {""edge_id"": ""9122494130137300946"", ""source_node_id"": ""1477"", ""target_node_id"": ""1478""}], ""nodes"": [{""node_id"": ""1474"", ""widget_name"": ""File"", ""node_name"": ""鸢尾花示例数据"", ""node_params"": {""type"": ""sample"", ""filename"": ""iris.csv""}}, {""node_id"": ""1475"", ""widget_name"": ""Data Sampler"", ""node_name"": ""数据划分处理"", ""node_params"": {""sampling_type"": 0, ""percentage"": 50, ""n_samples"": 15, ""replacement"": false, ""n_folds"": 10, ""selected_folds"": 1, ""replicable"": false, ""stratified"": false}}, {""node_id"": ""1476"", ""widget_name"": ""Gradient Boosting"", ""node_name"": ""梯度提升分类器"", ""node_params"": {""loss_function"": 0, ""n_estimators"": 10, ""learning_rate"": 0.1, ""use_max_depth"": false, ""max_depth"": 3, ""use_min_samples"": false, ""min_samples"": 2}}, {""node_id"": ""1477"", ""widget_name"": ""Predictions"", ""node_name"": ""预测"", ""node_params"": {""output_attrs"": true, ""output_predictions"": true, ""output_probabilities"": false}}, {""node_id"": ""1478"", ""widget_name"": ""Save Data"", ""node_name"": ""保存预测结果"", ""node_params"": {}}]}","{""dependency_requirements"": [{""edge_id"": ""2480"", ""source_node_id"": ""2982"", ""target_node_id"": ""2983""}, {""edge_id"": ""2481"", ""source_node_id"": ""2983"", ""target_node_id"": ""2984""}, {""edge_id"": ""2482"", ""source_node_id"": ""2983"", ""target_node_id"": ""2985""}, {""edge_id"": ""2483"", ""source_node_id"": ""2984"", ""target_node_id"": ""2985""}, {""edge_id"": ""2484"", ""source_node_id"": ""2985"", ""target_node_id"": ""2986""}], ""step_requirements"": [{""node_id"": ""2982"", ""algorithm_step_name"": ""Tabular Dataset Loading"", ""node_name"": ""鸢尾花示例数据"", ""node_params"": {""type"": ""sample"", ""filename"": ""iris.csv""}, ""contrast_level"": 2, ""node_type"": ""io""}, {""node_id"": ""2983"", ""algorithm_step_name"": ""Dataset Division"", ""node_name"": ""数据划分处理"", ""node_params"": {""sampling_type"": 0, ""percentage"": 50, ""n_samples"": 15, ""replacement"": false, ""n_folds"": 10, ""selected_folds"": 1, ""replicable"": false, ""stratified"": false}, ""contrast_level"": 2, ""node_type"": ""preprocess""}, {""node_id"": ""2984"", ""algorithm_step_name"": ""Gradient Boosting Decision Tree"", ""node_name"": ""梯度提升分类器"", ""node_params"": {""loss_function"": 0, ""n_estimators"": 10, ""learning_rate"": 0.1, ""use_max_depth"": false, ""max_depth"": 3, ""use_min_samples"": false, ""min_samples"": 2}, ""contrast_level"": 2, ""node_type"": ""model""}, {""node_id"": ""2985"", ""algorithm_step_name"": ""Test Dataset Predictions"", ""node_name"": ""预测"", ""node_params"": {""output_attrs"": true, ""output_predictions"": true, ""output_probabilities"": false}, ""contrast_level"": 2, ""node_type"": ""predict""}, {""node_id"": ""2986"", ""algorithm_step_name"": ""Save Data"", ""node_name"": ""Save Data"", ""node_params"": {}, ""contrast_level"": 1, ""node_type"": ""io""}]}",1.0
帮我把梯度提升模型的树数量设置为50，学习率设置为0.02。最后，我还需要添加一个模型评估步骤。,1.0,6501,503,14.773365599998215,6.869530780204514,5.479994297027588,2.4238405227661133,0.0,"{""edges"": [{""edge_id"": ""10334506995392543856"", ""source_node_id"": ""1479"", ""target_node_id"": ""1480""}, {""edge_id"": ""15291971791662850726"", ""source_node_id"": ""1479"", ""target_node_id"": ""1481""}, {""edge_id"": ""6834707304676900072"", ""source_node_id"": ""1480"", ""target_node_id"": ""1481""}], ""nodes"": [{""node_id"": ""1479"", ""widget_name"": ""File"", ""node_name"": ""鸢尾花示例数据"", ""node_params"": {""type"": ""sample"", ""filename"": ""iris.csv""}}, {""node_id"": ""1480"", ""widget_name"": ""Gradient Boosting"", ""node_name"": ""梯度提升分类器"", ""node_params"": {""loss_function"": 0, ""n_estimators"": 50, ""learning_rate"": 0.02, ""use_max_depth"": false, ""max_depth"": 3, ""use_min_samples"": false, ""min_samples"": 2}}, {""node_id"": ""1481"", ""widget_name"": ""Test and Score"", ""node_name"": ""模型评估"", ""node_params"": {}}]}","{""dependency_requirements"": [{""edge_id"": ""2495"", ""source_node_id"": ""2998"", ""target_node_id"": ""2999""}, {""edge_id"": ""2496"", ""source_node_id"": ""2998"", ""target_node_id"": ""3000""}, {""edge_id"": ""2497"", ""source_node_id"": ""2999"", ""target_node_id"": ""3000""}], ""step_requirements"": [{""node_id"": ""2998"", ""algorithm_step_name"": ""Tabular Dataset Loading"", ""node_name"": ""鸢尾花示例数据"", ""node_params"": {""type"": ""sample"", ""filename"": ""iris.csv""}, ""contrast_level"": 2, ""node_type"": ""io""}, {""node_id"": ""2999"", ""algorithm_step_name"": ""Gradient Boosting Decision Tree"", ""node_name"": ""梯度提升分类器"", ""node_params"": {""loss_function"": 0, ""n_estimators"": 50, ""learning_rate"": 0.02, ""use_max_depth"": false, ""max_depth"": 3, ""use_min_samples"": false, ""min_samples"": 2}, ""contrast_level"": 2, ""node_type"": ""model""}, {""node_id"": ""3000"", ""algorithm_step_name"": ""Model Evaluate"", ""node_name"": ""模型评估"", ""node_params"": {}, ""contrast_level"": 1, ""node_type"": ""evaluate""}]}",1.0
帮我把缺失值处理方式修改为使用平均值填补，然后把多余的KNN模型删除掉。,1.0,7763,396,15.885401899999124,6.700693066304666,7.897433519363403,1.2872753143310547,0.0,"{""edges"": [{""edge_id"": ""17031700490024328021"", ""source_node_id"": ""1482"", ""target_node_id"": ""1483""}, {""edge_id"": ""7840193104999563561"", ""source_node_id"": ""1483"", ""target_node_id"": ""1484""}, {""edge_id"": ""10381494031078117730"", ""source_node_id"": ""1484"", ""target_node_id"": ""1485""}, {""edge_id"": ""11019207943864507719"", ""source_node_id"": ""1484"", ""target_node_id"": ""1487""}, {""edge_id"": ""2979934320525822183"", ""source_node_id"": ""1485"", ""target_node_id"": ""1487""}], ""nodes"": [{""node_id"": ""1482"", ""widget_name"": ""File"", ""node_name"": ""鸢尾花示例数据"", ""node_params"": {""type"": ""sample"", ""filename"": ""iris.csv""}}, {""node_id"": ""1483"", ""widget_name"": ""Impute"", ""node_name"": ""缺失值处理"", ""node_params"": {""method"": 2}}, {""node_id"": ""1484"", ""widget_name"": ""Data Sampler"", ""node_name"": ""数据划分处理"", ""node_params"": {""sampling_type"": 0, ""percentage"": 10, ""n_samples"": 15, ""replacement"": false, ""n_folds"": 10, ""selected_folds"": 1, ""replicable"": false, ""stratified"": false}}, {""node_id"": ""1485"", ""widget_name"": ""Gradient Boosting"", ""node_name"": ""梯度提升分类器"", ""node_params"": {""loss_function"": 0, ""n_estimators"": 10, ""learning_rate"": 0.1, ""use_max_depth"": false, ""max_depth"": 3, ""use_min_samples"": false, ""min_samples"": 2}}, {""node_id"": ""1487"", ""widget_name"": ""Test and Score"", ""node_name"": ""模型评估"", ""node_params"": {}}]}","{""dependency_requirements"": [{""edge_id"": ""2447"", ""source_node_id"": ""2958"", ""target_node_id"": ""2959""}, {""edge_id"": ""2448"", ""source_node_id"": ""2959"", ""target_node_id"": ""2960""}, {""edge_id"": ""2449"", ""source_node_id"": ""2960"", ""target_node_id"": ""2961""}, {""edge_id"": ""2451"", ""source_node_id"": ""2960"", ""target_node_id"": ""2963""}, {""edge_id"": ""2453"", ""source_node_id"": ""2961"", ""target_node_id"": ""2963""}], ""step_requirements"": [{""node_id"": ""2958"", ""algorithm_step_name"": ""Tabular Dataset Loading"", ""node_name"": ""鸢尾花示例数据"", ""node_params"": {""type"": ""sample"", ""filename"": ""iris.csv""}, ""contrast_level"": 2, ""node_type"": ""io""}, {""node_id"": ""2959"", ""algorithm_step_name"": ""Missing Value Handling"", ""node_name"": ""缺失值处理"", ""node_params"": {""method"": 2}, ""contrast_level"": 2, ""node_type"": ""preprocess""}, {""node_id"": ""2960"", ""algorithm_step_name"": ""Dataset Division"", ""node_name"": ""数据划分处理"", ""node_params"": {""sampling_type"": 0, ""percentage"": 10, ""n_samples"": 15, ""replacement"": false, ""n_folds"": 10, ""selected_folds"": 1, ""replicable"": false, ""stratified"": false}, ""contrast_level"": 2, ""node_type"": ""preprocess""}, {""node_id"": ""2961"", ""algorithm_step_name"": ""Gradient Boosting Decision Tree"", ""node_name"": ""梯度提升分类器"", ""node_params"": {""loss_function"": 0, ""n_estimators"": 10, ""learning_rate"": 0.1, ""use_max_depth"": false, ""max_depth"": 3, ""use_min_samples"": false, ""min_samples"": 2}, ""contrast_level"": 2, ""node_type"": ""model""}, {""node_id"": ""2963"", ""algorithm_step_name"": ""Model Evaluate"", ""node_name"": ""模型评估"", ""node_params"": {}, ""contrast_level"": 2, ""node_type"": ""evaluate""}]}",1.0
独热编码这个步骤是冗余的，帮我删除掉。在这之后还需要你将随机森林数的数量改为30，缺失值的处理方法改为用随机值填补。,1.0,11573,578,23.92515000000276,9.88580855026521,11.486380577087402,2.5529608726501465,0.0,"{""edges"": [{""edge_id"": ""16446406667347099945"", ""source_node_id"": ""1488"", ""target_node_id"": ""1489""}, {""edge_id"": ""2326871235555508350"", ""source_node_id"": ""1491"", ""target_node_id"": ""1492""}, {""edge_id"": ""9087775700030846450"", ""source_node_id"": ""1491"", ""target_node_id"": ""1493""}, {""edge_id"": ""5454291991792004664"", ""source_node_id"": ""1492"", ""target_node_id"": ""1493""}, {""edge_id"": ""12152265195977390569"", ""source_node_id"": ""1489"", ""target_node_id"": ""1491""}], ""nodes"": [{""node_id"": ""1488"", ""widget_name"": ""File"", ""node_name"": ""数据"", ""node_params"": {""type"": ""sample"", ""filename"": ""iris.csv""}}, {""node_id"": ""1489"", ""widget_name"": ""Impute"", ""node_name"": ""缺失值处理"", ""node_params"": {""method"": 4}}, {""node_id"": ""1491"", ""widget_name"": ""Data Sampler"", ""node_name"": ""数据采样"", ""node_params"": {""sampling_type"": 0, ""percentage"": 10, ""n_samples"": 15, ""replacement"": false, ""n_folds"": 10, ""selected_folds"": 1, ""replicable"": false, ""stratified"": false}}, {""node_id"": ""1492"", ""widget_name"": ""Random Forest"", ""node_name"": ""随机森林"", ""node_params"": {""n_estimators"": 30, ""use_max_features"": false, ""max_features"": ""auto"", ""use_random_state"": false, ""use_max_depth"": false, ""max_depth"": 3, ""use_min_samples_split"": true, ""min_samples_split"": 2}}, {""node_id"": ""1493"", ""widget_name"": ""Test and Score"", ""node_name"": ""测试得分"", ""node_params"": {}}]}","{""dependency_requirements"": [{""edge_id"": ""2497"", ""source_node_id"": ""3002"", ""target_node_id"": ""3003""}, {""edge_id"": ""2500"", ""source_node_id"": ""3005"", ""target_node_id"": ""3006""}, {""edge_id"": ""2501"", ""source_node_id"": ""3005"", ""target_node_id"": ""3007""}, {""edge_id"": ""2503"", ""source_node_id"": ""3006"", ""target_node_id"": ""3007""}, {""edge_id"": ""2504"", ""source_node_id"": ""3003"", ""target_node_id"": ""3005""}], ""step_requirements"": [{""node_id"": ""3002"", ""algorithm_step_name"": ""Tabular Dataset Loading"", ""node_name"": ""数据"", ""node_params"": {""type"": ""sample"", ""filename"": ""iris.csv""}, ""contrast_level"": 2, ""node_type"": ""io""}, {""node_id"": ""3003"", ""algorithm_step_name"": ""Missing Value Handling"", ""node_name"": ""缺失值处理"", ""node_params"": {""method"": 4}, ""contrast_level"": 2, ""node_type"": ""preprocess""}, {""node_id"": ""3005"", ""algorithm_step_name"": ""Dataset Division"", ""node_name"": ""数据采样"", ""node_params"": {""sampling_type"": 0, ""percentage"": 10, ""n_samples"": 15, ""replacement"": false, ""n_folds"": 10, ""selected_folds"": 1, ""replicable"": false, ""stratified"": false}, ""contrast_level"": 2, ""node_type"": ""preprocess""}, {""node_id"": ""3006"", ""algorithm_step_name"": ""Random Forest"", ""node_name"": ""随机森林"", ""node_params"": {""n_estimators"": 30, ""use_max_features"": false, ""max_features"": ""auto"", ""use_random_state"": false, ""use_max_depth"": false, ""max_depth"": 3, ""use_min_samples_split"": true, ""min_samples_split"": 2}, ""contrast_level"": 2, ""node_type"": ""model""}, {""node_id"": ""3007"", ""algorithm_step_name"": ""Model Evaluate"", ""node_name"": ""测试得分"", ""node_params"": {}, ""contrast_level"": 2, ""node_type"": ""evaluate""}]}",1.0
帮我把多余的模型都删除掉，只留下梯度提升模型，并把它的学习率改为0.01。,1.0,5652,397,10.684865399998671,5.308284923237807,3.6359474658966064,1.7406330108642578,0.0,"{""edges"": [{""edge_id"": ""13443373333951169010"", ""source_node_id"": ""1494"", ""target_node_id"": ""1495""}, {""edge_id"": ""17210416265931764725"", ""source_node_id"": ""1495"", ""target_node_id"": ""1497""}, {""edge_id"": ""2768332131876941233"", ""source_node_id"": ""1495"", ""target_node_id"": ""1500""}, {""edge_id"": ""4991812497874710104"", ""source_node_id"": ""1497"", ""target_node_id"": ""1500""}], ""nodes"": [{""node_id"": ""1494"", ""widget_name"": ""File"", ""node_name"": ""数据"", ""node_params"": {""type"": ""sample"", ""filename"": ""iris.csv""}}, {""node_id"": ""1495"", ""widget_name"": ""Data Sampler"", ""node_name"": ""数据采样"", ""node_params"": {""sampling_type"": 0, ""percentage"": 10, ""n_samples"": 15, ""replacement"": false, ""n_folds"": 10, ""selected_folds"": 1, ""replicable"": false, ""stratified"": false}}, {""node_id"": ""1497"", ""widget_name"": ""Gradient Boosting"", ""node_name"": ""Gradient Boosting"", ""node_params"": {""loss_function"": 0, ""n_estimators"": 10, ""learning_rate"": 0.01, ""use_max_depth"": false, ""max_depth"": 3, ""use_min_samples"": false, ""min_samples"": 2}}, {""node_id"": ""1500"", ""widget_name"": ""Test and Score"", ""node_name"": ""测试得分"", ""node_params"": {}}]}","{""dependency_requirements"": [{""edge_id"": ""2536"", ""source_node_id"": ""3032"", ""target_node_id"": ""3033""}, {""edge_id"": ""2538"", ""source_node_id"": ""3033"", ""target_node_id"": ""3035""}, {""edge_id"": ""2541"", ""source_node_id"": ""3033"", ""target_node_id"": ""3038""}, {""edge_id"": ""2544"", ""source_node_id"": ""3035"", ""target_node_id"": ""3038""}], ""step_requirements"": [{""node_id"": ""3032"", ""algorithm_step_name"": ""Tabular Dataset Loading"", ""node_name"": ""数据"", ""node_params"": {""type"": ""sample"", ""filename"": ""iris.csv""}, ""contrast_level"": 2, ""node_type"": ""io""}, {""node_id"": ""3033"", ""algorithm_step_name"": ""Dataset Division"", ""node_name"": ""数据采样"", ""node_params"": {""sampling_type"": 0, ""percentage"": 10, ""n_samples"": 15, ""replacement"": false, ""n_folds"": 10, ""selected_folds"": 1, ""replicable"": false, ""stratified"": false}, ""contrast_level"": 2, ""node_type"": ""preprocess""}, {""node_id"": ""3035"", ""algorithm_step_name"": ""Gradient Boosting Decision Tree"", ""node_name"": ""梯度提升"", ""node_params"": {""loss_function"": 0, ""n_estimators"": 10, ""learning_rate"": 0.01, ""use_max_depth"": false, ""max_depth"": 3, ""use_min_samples"": false, ""min_samples"": 2}, ""contrast_level"": 2, ""node_type"": ""model""}, {""node_id"": ""3038"", ""algorithm_step_name"": ""Model Evaluate"", ""node_name"": ""测试得分"", ""node_params"": {}, ""contrast_level"": 2, ""node_type"": ""evaluate""}]}",1.0
帮我把梯度提升模型更换为随机森林模型。,1.0,4874,241,8.968733400004567,4.012316554682911,3.7847557067871094,1.171661138534546,0.0,"{""edges"": [{""edge_id"": ""14861409357335661842"", ""source_node_id"": ""1501"", ""target_node_id"": ""1502""}, {""edge_id"": ""17268804929250276241"", ""source_node_id"": ""1502"", ""target_node_id"": ""1503""}, {""edge_id"": ""15817100438772611444"", ""source_node_id"": ""1503"", ""target_node_id"": ""1505""}, {""edge_id"": ""12242558777470884899"", ""source_node_id"": ""1503"", ""target_node_id"": ""1506""}, {""edge_id"": ""3055524735725101803"", ""source_node_id"": ""1506"", ""target_node_id"": ""1505""}], ""nodes"": [{""node_id"": ""1501"", ""widget_name"": ""File"", ""node_name"": ""鸢尾花示例数据"", ""node_params"": {""type"": ""sample"", ""filename"": ""iris.csv""}}, {""node_id"": ""1502"", ""widget_name"": ""Impute"", ""node_name"": ""缺失值处理"", ""node_params"": {""method"": 1}}, {""node_id"": ""1503"", ""widget_name"": ""Data Sampler"", ""node_name"": ""数据划分处理"", ""node_params"": {""sampling_type"": 0, ""percentage"": 10, ""n_samples"": 15, ""replacement"": false, ""n_folds"": 10, ""selected_folds"": 1, ""replicable"": false, ""stratified"": false}}, {""node_id"": ""1505"", ""widget_name"": ""Test and Score"", ""node_name"": ""模型评估"", ""node_params"": {}}, {""node_id"": ""1506"", ""widget_name"": ""Random Forest"", ""node_name"": ""随机森林分类器"", ""node_params"": {""n_estimators"": 10, ""use_max_features"": false, ""max_features"": ""auto"", ""use_random_state"": false, ""use_max_depth"": false, ""max_depth"": 3, ""use_min_samples_split"": true, ""min_samples_split"": 2}}]}","{""dependency_requirements"": [{""edge_id"": ""2455"", ""source_node_id"": ""2964"", ""target_node_id"": ""2965""}, {""edge_id"": ""2456"", ""source_node_id"": ""2965"", ""target_node_id"": ""2966""}, {""edge_id"": ""2458"", ""source_node_id"": ""2966"", ""target_node_id"": ""2968""}, {""edge_id"": ""2461"", ""source_node_id"": ""2966"", ""target_node_id"": ""2969""}, {""edge_id"": ""2462"", ""source_node_id"": ""2969"", ""target_node_id"": ""2968""}], ""step_requirements"": [{""node_id"": ""2964"", ""algorithm_step_name"": ""Tabular Dataset Loading"", ""node_name"": ""鸢尾花示例数据"", ""node_params"": {""type"": ""sample"", ""filename"": ""iris.csv""}, ""contrast_level"": 2, ""node_type"": ""io""}, {""node_id"": ""2965"", ""algorithm_step_name"": ""Missing Value Handling"", ""node_name"": ""缺失值处理"", ""node_params"": {""method"": 1}, ""contrast_level"": 2, ""node_type"": ""preprocess""}, {""node_id"": ""2966"", ""algorithm_step_name"": ""Dataset Division"", ""node_name"": ""数据划分处理"", ""node_params"": {""sampling_type"": 0, ""percentage"": 10, ""n_samples"": 15, ""replacement"": false, ""n_folds"": 10, ""selected_folds"": 1, ""replicable"": false, ""stratified"": false}, ""contrast_level"": 2, ""node_type"": ""preprocess""}, {""node_id"": ""2968"", ""algorithm_step_name"": ""Model Evaluate"", ""node_name"": ""模型评估"", ""node_params"": {}, ""contrast_level"": 2, ""node_type"": ""evaluate""}, {""node_id"": ""2969"", ""algorithm_step_name"": ""Random Forest"", ""node_name"": ""随机森林分类器"", ""node_params"": {}, ""contrast_level"": 1, ""node_type"": ""model""}]}",1.0
我不需要对模型进行评估了，帮我把模型评估组件换成预测组件。,1.0,4782,369,8.48421199999575,3.6908908673358383,1.7464828491210938,3.0468382835388184,0.0,"{""edges"": [{""edge_id"": ""9187335244385233840"", ""source_node_id"": ""1507"", ""target_node_id"": ""1508""}, {""edge_id"": ""10730083209425114773"", ""source_node_id"": ""1508"", ""target_node_id"": ""1509""}, {""edge_id"": ""8865675103855671706"", ""source_node_id"": ""1509"", ""target_node_id"": ""1510""}, {""edge_id"": ""14824237412581455134"", ""source_node_id"": ""1510"", ""target_node_id"": ""1512""}, {""edge_id"": ""2270077507072757423"", ""source_node_id"": ""1509"", ""target_node_id"": ""1512""}], ""nodes"": [{""node_id"": ""1507"", ""widget_name"": ""File"", ""node_name"": ""鸢尾花示例数据"", ""node_params"": {""type"": ""sample"", ""filename"": ""iris.csv""}}, {""node_id"": ""1508"", ""widget_name"": ""Impute"", ""node_name"": ""缺失值处理"", ""node_params"": {""method"": 1}}, {""node_id"": ""1509"", ""widget_name"": ""Data Sampler"", ""node_name"": ""数据划分处理"", ""node_params"": {""sampling_type"": 0, ""percentage"": 10, ""n_samples"": 15, ""replacement"": false, ""n_folds"": 10, ""selected_folds"": 1, ""replicable"": false, ""stratified"": false}}, {""node_id"": ""1510"", ""widget_name"": ""Gradient Boosting"", ""node_name"": ""梯度提升分类器"", ""node_params"": {""loss_function"": 0, ""n_estimators"": 10, ""learning_rate"": 0.1, ""use_max_depth"": false, ""max_depth"": 3, ""use_min_samples"": false, ""min_samples"": 2}}, {""node_id"": ""1512"", ""widget_name"": ""Predictions"", ""node_name"": ""预测"", ""node_params"": {""output_attrs"": true, ""output_predictions"": true, ""output_probabilities"": true}}]}","{""dependency_requirements"": [{""edge_id"": ""2463"", ""source_node_id"": ""2970"", ""target_node_id"": ""2971""}, {""edge_id"": ""2464"", ""source_node_id"": ""2971"", ""target_node_id"": ""2972""}, {""edge_id"": ""2465"", ""source_node_id"": ""2972"", ""target_node_id"": ""2973""}, {""edge_id"": ""2469"", ""source_node_id"": ""2972"", ""target_node_id"": ""2975""}, {""edge_id"": ""2470"", ""source_node_id"": ""2973"", ""target_node_id"": ""2975""}], ""step_requirements"": [{""node_id"": ""2970"", ""algorithm_step_name"": ""Tabular Dataset Loading"", ""node_name"": ""鸢尾花示例数据"", ""node_params"": {""type"": ""sample"", ""filename"": ""iris.csv""}, ""contrast_level"": 2, ""node_type"": ""io""}, {""node_id"": ""2971"", ""algorithm_step_name"": ""Missing Value Handling"", ""node_name"": ""缺失值处理"", ""node_params"": {""method"": 1}, ""contrast_level"": 2, ""node_type"": ""preprocess""}, {""node_id"": ""2972"", ""algorithm_step_name"": ""Dataset Division"", ""node_name"": ""数据划分处理"", ""node_params"": {""sampling_type"": 0, ""percentage"": 10, ""n_samples"": 15, ""replacement"": false, ""n_folds"": 10, ""selected_folds"": 1, ""replicable"": false, ""stratified"": false}, ""contrast_level"": 2, ""node_type"": ""preprocess""}, {""node_id"": ""2973"", ""algorithm_step_name"": ""Gradient Boosting Decision Tree"", ""node_name"": ""梯度提升分类器"", ""node_params"": {""loss_function"": 0, ""n_estimators"": 10, ""learning_rate"": 0.1, ""use_max_depth"": false, ""max_depth"": 3, ""use_min_samples"": false, ""min_samples"": 2}, ""contrast_level"": 2, ""node_type"": ""model""}, {""node_id"": ""2975"", ""algorithm_step_name"": ""Test Dataset Predictions"", ""node_name"": ""预测"", ""node_params"": {}, ""contrast_level"": 1, ""node_type"": ""predict""}]}",1.0
帮我把缺失值处理步骤删除掉，并把梯度提升模型更换为随机森林模型。,1.0,8129,445,16.180196799999976,6.520948447949195,7.489624738693237,2.169623613357544,0.0,"{""edges"": [{""edge_id"": ""17628625078815722906"", ""source_node_id"": ""1515"", ""target_node_id"": ""1517""}, {""edge_id"": ""14444896834060309585"", ""source_node_id"": ""1513"", ""target_node_id"": ""1515""}, {""edge_id"": ""6831939359108173981"", ""source_node_id"": ""1515"", ""target_node_id"": ""1518""}, {""edge_id"": ""14735443320773126129"", ""source_node_id"": ""1518"", ""target_node_id"": ""1517""}], ""nodes"": [{""node_id"": ""1513"", ""widget_name"": ""File"", ""node_name"": ""鸢尾花示例数据"", ""node_params"": {""type"": ""sample"", ""filename"": ""iris.csv""}}, {""node_id"": ""1515"", ""widget_name"": ""Data Sampler"", ""node_name"": ""数据划分处理"", ""node_params"": {""sampling_type"": 0, ""percentage"": 10, ""n_samples"": 15, ""replacement"": false, ""n_folds"": 10, ""selected_folds"": 1, ""replicable"": false, ""stratified"": false}}, {""node_id"": ""1517"", ""widget_name"": ""Test and Score"", ""node_name"": ""模型评估"", ""node_params"": {}}, {""node_id"": ""1518"", ""widget_name"": ""Random Forest"", ""node_name"": ""随机森林模型"", ""node_params"": {""n_estimators"": 10, ""use_max_features"": false, ""max_features"": ""auto"", ""use_random_state"": false, ""use_max_depth"": false, ""max_depth"": 3, ""use_min_samples_split"": true, ""min_samples_split"": 2}}]}","{""dependency_requirements"": [{""edge_id"": ""2474"", ""source_node_id"": ""2978"", ""target_node_id"": ""2980""}, {""edge_id"": ""2477"", ""source_node_id"": ""2976"", ""target_node_id"": ""2978""}, {""edge_id"": ""2478"", ""source_node_id"": ""2978"", ""target_node_id"": ""2981""}, {""edge_id"": ""2479"", ""source_node_id"": ""2981"", ""target_node_id"": ""2980""}], ""step_requirements"": [{""node_id"": ""2976"", ""algorithm_step_name"": ""Tabular Dataset Loading"", ""node_name"": ""鸢尾花示例数据"", ""node_params"": {""type"": ""sample"", ""filename"": ""iris.csv""}, ""contrast_level"": 2, ""node_type"": ""io""}, {""node_id"": ""2978"", ""algorithm_step_name"": ""Dataset Division"", ""node_name"": ""数据划分处理"", ""node_params"": {""sampling_type"": 0, ""percentage"": 10, ""n_samples"": 15, ""replacement"": false, ""n_folds"": 10, ""selected_folds"": 1, ""replicable"": false, ""stratified"": false}, ""contrast_level"": 2, ""node_type"": ""preprocess""}, {""node_id"": ""2980"", ""algorithm_step_name"": ""Model Evaluate"", ""node_name"": ""模型评估"", ""node_params"": {}, ""contrast_level"": 2, ""node_type"": ""evaluate""}, {""node_id"": ""2981"", ""algorithm_step_name"": ""Random Forest"", ""node_name"": ""随机森林"", ""node_params"": {}, ""contrast_level"": 1, ""node_type"": ""model""}]}",1.0
我的数据集没有缺失值，所以请你帮我删除掉缺失值处理这一步，然后把数据抽样的比例改为7:3，最后帮我添加一个可视化混淆矩阵的步骤。,1.0,8056,513,14.781126100002439,7.1470781149255345,5.063598155975342,2.5704498291015625,0.0,"{""edges"": [{""edge_id"": ""2887316346523297332"", ""source_node_id"": ""1521"", ""target_node_id"": ""1522""}, {""edge_id"": ""11764103584736050677"", ""source_node_id"": ""1521"", ""target_node_id"": ""1523""}, {""edge_id"": ""13694774079544992101"", ""source_node_id"": ""1522"", ""target_node_id"": ""1523""}, {""edge_id"": ""10189663509453047621"", ""source_node_id"": ""1519"", ""target_node_id"": ""1521""}, {""edge_id"": ""9639341337089086003"", ""source_node_id"": ""1523"", ""target_node_id"": ""1524""}], ""nodes"": [{""node_id"": ""1519"", ""widget_name"": ""File"", ""node_name"": ""数据"", ""node_params"": {""type"": ""sample"", ""filename"": ""iris.csv""}}, {""node_id"": ""1521"", ""widget_name"": ""Data Sampler"", ""node_name"": ""数据采样"", ""node_params"": {""sampling_type"": 0, ""percentage"": 30, ""n_samples"": 15, ""replacement"": false, ""n_folds"": 10, ""selected_folds"": 1, ""replicable"": false, ""stratified"": false}}, {""node_id"": ""1522"", ""widget_name"": ""Gradient Boosting"", ""node_name"": ""Gradient Boosting"", ""node_params"": {""loss_function"": 0, ""n_estimators"": 10, ""learning_rate"": 0.1, ""use_max_depth"": false, ""max_depth"": 3, ""use_min_samples"": false, ""min_samples"": 2}}, {""node_id"": ""1523"", ""widget_name"": ""Test and Score"", ""node_name"": ""测试得分"", ""node_params"": {}}, {""node_id"": ""1524"", ""widget_name"": ""Confusion Matrix"", ""node_name"": ""混淆矩阵"", ""node_params"": {}}]}","{""dependency_requirements"": [{""edge_id"": ""2556"", ""source_node_id"": ""3047"", ""target_node_id"": ""3048""}, {""edge_id"": ""2557"", ""source_node_id"": ""3047"", ""target_node_id"": ""3049""}, {""edge_id"": ""2559"", ""source_node_id"": ""3048"", ""target_node_id"": ""3049""}, {""edge_id"": ""2560"", ""source_node_id"": ""3045"", ""target_node_id"": ""3047""}, {""edge_id"": ""2561"", ""source_node_id"": ""3049"", ""target_node_id"": ""3050""}], ""step_requirements"": [{""node_id"": ""3045"", ""algorithm_step_name"": ""Tabular Dataset Loading"", ""node_name"": ""数据"", ""node_params"": {""type"": ""sample"", ""filename"": ""iris.csv""}, ""contrast_level"": 2, ""node_type"": ""io""}, {""node_id"": ""3047"", ""algorithm_step_name"": ""Dataset Division"", ""node_name"": ""数据采样"", ""node_params"": {""sampling_type"": 0, ""percentage"": 30, ""n_samples"": 15, ""replacement"": false, ""n_folds"": 10, ""selected_folds"": 1, ""replicable"": false, ""stratified"": false}, ""contrast_level"": 2, ""node_type"": ""preprocess""}, {""node_id"": ""3048"", ""algorithm_step_name"": ""Gradient Boosting Decision Tree"", ""node_name"": ""梯度提升"", ""node_params"": {""loss_function"": 0, ""n_estimators"": 10, ""learning_rate"": 0.1, ""use_max_depth"": false, ""max_depth"": 3, ""use_min_samples"": false, ""min_samples"": 2}, ""contrast_level"": 2, ""node_type"": ""model""}, {""node_id"": ""3049"", ""algorithm_step_name"": ""Model Evaluate"", ""node_name"": ""测试得分"", ""node_params"": {}, ""contrast_level"": 2, ""node_type"": ""evaluate""}, {""node_id"": ""3050"", ""algorithm_step_name"": ""Confusion Matrix"", ""node_name"": ""混淆矩阵"", ""node_params"": {}, ""contrast_level"": 2, ""node_type"": ""visualize""}]}",1.0
帮我把加载的数据集换成房价示例数据集。然后，把kNN模型换成梯度提升模型。,1.0,7377,320,12.753987400006736,6.826852409314597,4.047210454940796,1.8799245357513428,0.0,"{""edges"": [{""edge_id"": ""12720553533997036565"", ""source_node_id"": ""1525"", ""target_node_id"": ""1526""}, {""edge_id"": ""3663896207542870916"", ""source_node_id"": ""1526"", ""target_node_id"": ""1528""}, {""edge_id"": ""14920533973387384141"", ""source_node_id"": ""1526"", ""target_node_id"": ""1529""}, {""edge_id"": ""18103215887722315422"", ""source_node_id"": ""1529"", ""target_node_id"": ""1528""}], ""nodes"": [{""node_id"": ""1525"", ""widget_name"": ""File"", ""node_name"": ""数据"", ""node_params"": {""type"": ""sample"", ""filename"": ""housing.csv""}}, {""node_id"": ""1526"", ""widget_name"": ""Data Sampler"", ""node_name"": ""数据采样"", ""node_params"": {""sampling_type"": 0, ""percentage"": 10, ""n_samples"": 15, ""replacement"": false, ""n_folds"": 10, ""selected_folds"": 1, ""replicable"": false, ""stratified"": false}}, {""node_id"": ""1528"", ""widget_name"": ""Test and Score"", ""node_name"": ""测试得分"", ""node_params"": {}}, {""node_id"": ""1529"", ""widget_name"": ""Gradient Boosting"", ""node_name"": ""梯度提升"", ""node_params"": {""loss_function"": 0, ""n_estimators"": 10, ""learning_rate"": 0.1, ""use_max_depth"": false, ""max_depth"": 3, ""use_min_samples"": false, ""min_samples"": 2}}]}","{""dependency_requirements"": [{""edge_id"": ""2562"", ""source_node_id"": ""3051"", ""target_node_id"": ""3052""}, {""edge_id"": ""2564"", ""source_node_id"": ""3052"", ""target_node_id"": ""3054""}, {""edge_id"": ""2567"", ""source_node_id"": ""3052"", ""target_node_id"": ""3055""}, {""edge_id"": ""2568"", ""source_node_id"": ""3055"", ""target_node_id"": ""3054""}], ""step_requirements"": [{""node_id"": ""3051"", ""algorithm_step_name"": ""Tabular Dataset Loading"", ""node_name"": ""数据"", ""node_params"": {""type"": ""sample"", ""filename"": ""housing.csv""}, ""contrast_level"": 2, ""node_type"": ""io""}, {""node_id"": ""3052"", ""algorithm_step_name"": ""Dataset Division"", ""node_name"": ""数据采样"", ""node_params"": {""sampling_type"": 0, ""percentage"": 10, ""n_samples"": 15, ""replacement"": false, ""n_folds"": 10, ""selected_folds"": 1, ""replicable"": false, ""stratified"": false}, ""contrast_level"": 2, ""node_type"": ""preprocess""}, {""node_id"": ""3054"", ""algorithm_step_name"": ""Model Evaluate"", ""node_name"": ""测试得分"", ""node_params"": {}, ""contrast_level"": 2, ""node_type"": ""evaluate""}, {""node_id"": ""3055"", ""algorithm_step_name"": ""Gradient Boosting Decision Tree"", ""node_name"": ""梯度提升"", ""node_params"": {}, ""contrast_level"": 1, ""node_type"": ""model""}]}",1.0
帮我把连续化处理换成特征选择，KNN的邻节点个数改为7。,1.0,7063,399,13.402659300001687,6.539633396299905,5.109158277511597,1.7538676261901855,0.0,"{""edges"": [{""edge_id"": ""9642816875624473894"", ""source_node_id"": ""1532"", ""target_node_id"": ""1533""}, {""edge_id"": ""9154021166560596804"", ""source_node_id"": ""1532"", ""target_node_id"": ""1534""}, {""edge_id"": ""11167762593116204583"", ""source_node_id"": ""1533"", ""target_node_id"": ""1534""}, {""edge_id"": ""7131857678663848200"", ""source_node_id"": ""1530"", ""target_node_id"": ""1535""}, {""edge_id"": ""17961159364118883727"", ""source_node_id"": ""1535"", ""target_node_id"": ""1532""}], ""nodes"": [{""node_id"": ""1530"", ""widget_name"": ""File"", ""node_name"": ""数据"", ""node_params"": {""type"": ""sample"", ""filename"": ""iris.csv""}}, {""node_id"": ""1532"", ""widget_name"": ""Data Sampler"", ""node_name"": ""数据采样"", ""node_params"": {""sampling_type"": 0, ""percentage"": 10, ""n_samples"": 15, ""replacement"": false, ""n_folds"": 10, ""selected_folds"": 1, ""replicable"": false, ""stratified"": false}}, {""node_id"": ""1533"", ""widget_name"": ""kNN"", ""node_name"": ""kNN"", ""node_params"": {""n_neighbors"": 7, ""metric"": ""euclidean"", ""weights"": ""uniform""}}, {""node_id"": ""1534"", ""widget_name"": ""Test and Score"", ""node_name"": ""测试得分"", ""node_params"": {}}, {""node_id"": ""1535"", ""widget_name"": ""Rank"", ""node_name"": ""特征选择"", ""node_params"": {}}]}","{""dependency_requirements"": [{""edge_id"": ""2576"", ""source_node_id"": ""3067"", ""target_node_id"": ""3068""}, {""edge_id"": ""2577"", ""source_node_id"": ""3067"", ""target_node_id"": ""3069""}, {""edge_id"": ""2579"", ""source_node_id"": ""3068"", ""target_node_id"": ""3069""}, {""edge_id"": ""2580"", ""source_node_id"": ""3065"", ""target_node_id"": ""3070""}, {""edge_id"": ""2581"", ""source_node_id"": ""3070"", ""target_node_id"": ""3067""}], ""step_requirements"": [{""node_id"": ""3065"", ""algorithm_step_name"": ""Tabular Dataset Loading"", ""node_name"": ""数据"", ""node_params"": {""type"": ""sample"", ""filename"": ""iris.csv""}, ""contrast_level"": 2, ""node_type"": ""io""}, {""node_id"": ""3067"", ""algorithm_step_name"": ""Dataset Division"", ""node_name"": ""数据采样"", ""node_params"": {""sampling_type"": 0, ""percentage"": 10, ""n_samples"": 15, ""replacement"": false, ""n_folds"": 10, ""selected_folds"": 1, ""replicable"": false, ""stratified"": false}, ""contrast_level"": 2, ""node_type"": ""preprocess""}, {""node_id"": ""3068"", ""algorithm_step_name"": ""KNN"", ""node_name"": ""kNN"", ""node_params"": {""n_neighbors"": 7, ""metric"": ""euclidean"", ""weights"": ""uniform""}, ""contrast_level"": 2, ""node_type"": ""model""}, {""node_id"": ""3069"", ""algorithm_step_name"": ""Model Evaluate"", ""node_name"": ""测试得分"", ""node_params"": {}, ""contrast_level"": 2, ""node_type"": ""evaluate""}, {""node_id"": ""3070"", ""algorithm_step_name"": ""Feature Selection"", ""node_name"": ""特征选择"", ""node_params"": {}, ""contrast_level"": 1, ""node_type"": ""feature engineering""}]}",1.0
帮我把加载的鸢尾花示例数据修改为加载房价示例数据集。,1.0,3274,123,4.6149884999977075,3.954143458722683,0.001531362533569336,0.6593136787414551,0.0,"{""edges"": [{""edge_id"": ""11614168606291303400"", ""source_node_id"": ""1536"", ""target_node_id"": ""1537""}], ""nodes"": [{""node_id"": ""1536"", ""widget_name"": ""File"", ""node_name"": ""鸢尾花示例数据"", ""node_params"": {""type"": ""sample"", ""filename"": ""housing.csv""}}, {""node_id"": ""1537"", ""widget_name"": ""Gradient Boosting"", ""node_name"": ""梯度提升分类器"", ""node_params"": {""loss_function"": 0, ""n_estimators"": 10, ""learning_rate"": 0.1, ""use_max_depth"": false, ""max_depth"": 3, ""use_min_samples"": false, ""min_samples"": 2}}]}","{""dependency_requirements"": [{""edge_id"": ""2376"", ""source_node_id"": ""2895"", ""target_node_id"": ""2896""}], ""step_requirements"": [{""node_id"": ""2895"", ""algorithm_step_name"": ""Tabular Dataset Loading"", ""node_name"": ""鸢尾花示例数据"", ""node_params"": {""type"": ""sample"", ""filename"": ""housing.csv""}, ""contrast_level"": 2, ""node_type"": ""io""}, {""node_id"": ""2896"", ""algorithm_step_name"": ""Gradient Boosting Decision Tree"", ""node_name"": ""梯度提升分类器"", ""node_params"": {""loss_function"": 0, ""n_estimators"": 10, ""learning_rate"": 0.1, ""use_max_depth"": false, ""max_depth"": 3, ""use_min_samples"": false, ""min_samples"": 2}, ""contrast_level"": 2, ""node_type"": ""model""}]}",1.0
帮我把梯度提升模型的树数量设置为100，学习率修改为0.01。,1.0,4331,259,9.20944540000346,3.946198386911419,4.343928575515747,0.919318437576294,0.0,"{""edges"": [{""edge_id"": ""10586300564752105941"", ""source_node_id"": ""1538"", ""target_node_id"": ""1539""}], ""nodes"": [{""node_id"": ""1538"", ""widget_name"": ""File"", ""node_name"": ""鸢尾花示例数据"", ""node_params"": {""type"": ""sample"", ""filename"": ""iris.csv""}}, {""node_id"": ""1539"", ""widget_name"": ""Gradient Boosting"", ""node_name"": ""梯度提升分类器"", ""node_params"": {""loss_function"": 0, ""n_estimators"": 100, ""learning_rate"": 0.01, ""use_max_depth"": false, ""max_depth"": 3, ""use_min_samples"": false, ""min_samples"": 2}}]}","{""dependency_requirements"": [{""edge_id"": ""2376"", ""source_node_id"": ""2895"", ""target_node_id"": ""2896""}], ""step_requirements"": [{""node_id"": ""2895"", ""algorithm_step_name"": ""Tabular Dataset Loading"", ""node_name"": ""鸢尾花示例数据"", ""node_params"": {""type"": ""sample"", ""filename"": ""iris.csv""}, ""contrast_level"": 2, ""node_type"": ""io""}, {""node_id"": ""2896"", ""algorithm_step_name"": ""Gradient Boosting Decision Tree"", ""node_name"": ""梯度提升分类器"", ""node_params"": {""loss_function"": 0, ""n_estimators"": 100, ""learning_rate"": 0.01, ""use_max_depth"": false, ""max_depth"": 3, ""use_min_samples"": false, ""min_samples"": 2}, ""contrast_level"": 2, ""node_type"": ""model""}]}",1.0
帮我添加一个缺失值处理步骤，以便对鸢尾花数据进行缺失值处理,0.8,6998,494,12.437659099996381,3.741951778829389,4.320733070373535,4.374974250793457,0.0,"{""edges"": [{""edge_id"": ""529383639825069811"", ""source_node_id"": ""1540"", ""target_node_id"": ""1542""}, {""edge_id"": ""15386979917050546558"", ""source_node_id"": ""1540"", ""target_node_id"": ""1543""}, {""edge_id"": ""3403524896186030087"", ""source_node_id"": ""1543"", ""target_node_id"": ""1541""}], ""nodes"": [{""node_id"": ""1540"", ""widget_name"": ""File"", ""node_name"": ""鸢尾花示例数据"", ""node_params"": {""type"": ""sample"", ""filename"": ""iris.csv""}}, {""node_id"": ""1541"", ""widget_name"": ""Gradient Boosting"", ""node_name"": ""梯度提升分类器"", ""node_params"": {""loss_function"": 0, ""n_estimators"": 10, ""learning_rate"": 0.1, ""use_max_depth"": false, ""max_depth"": 3, ""use_min_samples"": false, ""min_samples"": 2}}, {""node_id"": ""1542"", ""widget_name"": ""Impute"", ""node_name"": ""缺失值处理"", ""node_params"": {""method"": 1}}, {""node_id"": ""1543"", ""widget_name"": ""Impute"", ""node_name"": ""缺失值处理"", ""node_params"": {""method"": 1}}]}","{""dependency_requirements"": [{""edge_id"": ""4027"", ""source_node_id"": ""5159"", ""target_node_id"": ""5158""}, {""edge_id"": ""4028"", ""source_node_id"": ""5157"", ""target_node_id"": ""5159""}], ""step_requirements"": [{""node_id"": ""5157"", ""algorithm_step_name"": ""Tabular Dataset Loading"", ""node_name"": ""鸢尾花示例数据"", ""node_params"": {""type"": ""sample"", ""filename"": ""iris.csv""}, ""contrast_level"": 2, ""node_type"": ""io""}, {""node_id"": ""5158"", ""algorithm_step_name"": ""Gradient Boosting Decision Tree"", ""node_name"": ""梯度提升分类器"", ""node_params"": {""loss_function"": 0, ""n_estimators"": 10, ""learning_rate"": 0.1, ""use_max_depth"": false, ""max_depth"": 3, ""use_min_samples"": false, ""min_samples"": 2}, ""contrast_level"": 2, ""node_type"": ""model""}, {""node_id"": ""5159"", ""algorithm_step_name"": ""Missing Value Handling"", ""node_name"": ""Impute"", ""node_params"": {}, ""contrast_level"": 1, ""node_type"": ""preprocess""}]}",0.8571
帮我在模型训练之前添加一个数据划分步骤，以便将处理后的数据进行拆分。,0.8571,11724,747,16.337194799998542,3.615174173930427,3.731294870376587,8.990725755691528,0.0,"{""edges"": [{""edge_id"": ""2989365801287383940"", ""source_node_id"": ""1544"", ""target_node_id"": ""1547""}, {""edge_id"": ""6871805797876027455"", ""source_node_id"": ""1547"", ""target_node_id"": ""1545""}, {""edge_id"": ""12755835298402644608"", ""source_node_id"": ""1545"", ""target_node_id"": ""1546""}], ""nodes"": [{""node_id"": ""1544"", ""widget_name"": ""File"", ""node_name"": ""鸢尾花示例数据"", ""node_params"": {""type"": ""sample"", ""filename"": ""iris.csv""}}, {""node_id"": ""1545"", ""widget_name"": ""Impute"", ""node_name"": ""缺失值填充"", ""node_params"": {""method"": 1}}, {""node_id"": ""1546"", ""widget_name"": ""Gradient Boosting"", ""node_name"": ""梯度提升分类器"", ""node_params"": {""loss_function"": 0, ""n_estimators"": 10, ""learning_rate"": 0.1, ""use_max_depth"": false, ""max_depth"": 3, ""use_min_samples"": false, ""min_samples"": 2}}, {""node_id"": ""1547"", ""widget_name"": ""Data Sampler"", ""node_name"": ""数据划分"", ""node_params"": {""sampling_type"": 0, ""percentage"": 10, ""n_samples"": 15, ""replacement"": false, ""n_folds"": 10, ""selected_folds"": 1, ""replicable"": false, ""stratified"": false}}]}","{""dependency_requirements"": [{""edge_id"": ""4029"", ""source_node_id"": ""5160"", ""target_node_id"": ""5161""}, {""edge_id"": ""4030"", ""source_node_id"": ""5163"", ""target_node_id"": ""5162""}, {""edge_id"": ""4031"", ""source_node_id"": ""5161"", ""target_node_id"": ""5163""}], ""step_requirements"": [{""node_id"": ""5160"", ""algorithm_step_name"": ""Tabular Dataset Loading"", ""node_name"": ""鸢尾花示例数据"", ""node_params"": {""type"": ""sample"", ""filename"": ""iris.csv""}, ""contrast_level"": 2, ""node_type"": ""io""}, {""node_id"": ""5161"", ""algorithm_step_name"": ""Missing Value Handling"", ""node_name"": ""缺失值填充"", ""node_params"": {""method"": 1}, ""contrast_level"": 2, ""node_type"": ""preprocess""}, {""node_id"": ""5162"", ""algorithm_step_name"": ""Gradient Boosting Decision Tree"", ""node_name"": ""梯度提升分类器"", ""node_params"": {""loss_function"": 0, ""n_estimators"": 10, ""learning_rate"": 0.1, ""use_max_depth"": false, ""max_depth"": 3, ""use_min_samples"": false, ""min_samples"": 2}, ""contrast_level"": 2, ""node_type"": ""model""}, {""node_id"": ""5163"", ""algorithm_step_name"": ""Dataset Division"", ""node_name"": ""Data Sampler"", ""node_params"": {}, ""contrast_level"": 1, ""node_type"": ""preprocess""}]}",0.75
我需要将数据划分的比例设置为8:2,1.0,4478,225,8.273975500000233,3.653700717819447,3.877626657485962,0.7426481246948242,0.0,"{""edges"": [{""edge_id"": ""14131450780443778820"", ""source_node_id"": ""1548"", ""target_node_id"": ""1549""}, {""edge_id"": ""12367743688897737030"", ""source_node_id"": ""1549"", ""target_node_id"": ""1550""}, {""edge_id"": ""6674941434628196528"", ""source_node_id"": ""1550"", ""target_node_id"": ""1551""}], ""nodes"": [{""node_id"": ""1548"", ""widget_name"": ""File"", ""node_name"": ""鸢尾花示例数据"", ""node_params"": {""type"": ""sample"", ""filename"": ""iris.csv""}}, {""node_id"": ""1549"", ""widget_name"": ""Impute"", ""node_name"": ""缺失值填充"", ""node_params"": {""method"": 1}}, {""node_id"": ""1550"", ""widget_name"": ""Data Sampler"", ""node_name"": ""数据采样"", ""node_params"": {""sampling_type"": 0, ""percentage"": 20, ""n_samples"": 15, ""replacement"": false, ""n_folds"": 10, ""selected_folds"": 1, ""replicable"": false, ""stratified"": false}}, {""node_id"": ""1551"", ""widget_name"": ""Gradient Boosting"", ""node_name"": ""梯度提升分类器"", ""node_params"": {""loss_function"": 0, ""n_estimators"": 10, ""learning_rate"": 0.1, ""use_max_depth"": false, ""max_depth"": 3, ""use_min_samples"": false, ""min_samples"": 2}}]}","{""dependency_requirements"": [{""edge_id"": ""4032"", ""source_node_id"": ""5164"", ""target_node_id"": ""5165""}, {""edge_id"": ""4033"", ""source_node_id"": ""5165"", ""target_node_id"": ""5166""}, {""edge_id"": ""4034"", ""source_node_id"": ""5166"", ""target_node_id"": ""5167""}], ""step_requirements"": [{""node_id"": ""5164"", ""algorithm_step_name"": ""Tabular Dataset Loading"", ""node_name"": ""鸢尾花示例数据"", ""node_params"": {""type"": ""sample"", ""filename"": ""iris.csv""}, ""contrast_level"": 2, ""node_type"": ""io""}, {""node_id"": ""5165"", ""algorithm_step_name"": ""Missing Value Handling"", ""node_name"": ""缺失值填充"", ""node_params"": {""method"": 1}, ""contrast_level"": 2, ""node_type"": ""preprocess""}, {""node_id"": ""5166"", ""algorithm_step_name"": ""Dataset Division"", ""node_name"": ""数据采样"", ""node_params"": {""sampling_type"": 0, ""percentage"": 20, ""n_samples"": 15, ""replacement"": false, ""n_folds"": 10, ""selected_folds"": 1, ""replicable"": false, ""stratified"": false}, ""contrast_level"": 2, ""node_type"": ""preprocess""}, {""node_id"": ""5167"", ""algorithm_step_name"": ""Gradient Boosting Decision Tree"", ""node_name"": ""梯度提升分类器"", ""node_params"": {""loss_function"": 0, ""n_estimators"": 10, ""learning_rate"": 0.1, ""use_max_depth"": false, ""max_depth"": 3, ""use_min_samples"": false, ""min_samples"": 2}, ""contrast_level"": 2, ""node_type"": ""model""}]}",1.0
帮我添加一个模型评估步骤,1.0,3859,331,7.137974899997062,3.5096675574677647,1.6037425994873047,2.024564743041992,0.0,"{""edges"": [{""edge_id"": ""10343461981396124847"", ""source_node_id"": ""1552"", ""target_node_id"": ""1553""}, {""edge_id"": ""6393216087136473015"", ""source_node_id"": ""1553"", ""target_node_id"": ""1554""}, {""edge_id"": ""18444318676303565166"", ""source_node_id"": ""1554"", ""target_node_id"": ""1555""}, {""edge_id"": ""4818132632967533486"", ""source_node_id"": ""1554"", ""target_node_id"": ""1556""}, {""edge_id"": ""18441068674521687551"", ""source_node_id"": ""1554"", ""target_node_id"": ""1556""}, {""edge_id"": ""5917244313942409567"", ""source_node_id"": ""1555"", ""target_node_id"": ""1556""}], ""nodes"": [{""node_id"": ""1552"", ""widget_name"": ""File"", ""node_name"": ""鸢尾花示例数据"", ""node_params"": {""type"": ""sample"", ""filename"": ""iris.csv""}}, {""node_id"": ""1553"", ""widget_name"": ""Impute"", ""node_name"": ""缺失值处理"", ""node_params"": {""method"": 1}}, {""node_id"": ""1554"", ""widget_name"": ""Data Sampler"", ""node_name"": ""数据划分处理"", ""node_params"": {""sampling_type"": 0, ""percentage"": 10, ""n_samples"": 15, ""replacement"": false, ""n_folds"": 10, ""selected_folds"": 1, ""replicable"": false, ""stratified"": false}}, {""node_id"": ""1555"", ""widget_name"": ""Gradient Boosting"", ""node_name"": ""梯度提升分类器"", ""node_params"": {""loss_function"": 0, ""n_estimators"": 10, ""learning_rate"": 0.1, ""use_max_depth"": false, ""max_depth"": 3, ""use_min_samples"": false, ""min_samples"": 2}}, {""node_id"": ""1556"", ""widget_name"": ""Test and Score"", ""node_name"": ""模型评估"", ""node_params"": {}}]}","{""dependency_requirements"": [{""edge_id"": ""2379"", ""source_node_id"": ""2899"", ""target_node_id"": ""2900""}, {""edge_id"": ""2380"", ""source_node_id"": ""2900"", ""target_node_id"": ""2901""}, {""edge_id"": ""2381"", ""source_node_id"": ""2901"", ""target_node_id"": ""2902""}, {""edge_id"": ""2382"", ""source_node_id"": ""2901"", ""target_node_id"": ""2903""}, {""edge_id"": ""2384"", ""source_node_id"": ""2902"", ""target_node_id"": ""2903""}], ""step_requirements"": [{""node_id"": ""2899"", ""algorithm_step_name"": ""Tabular Dataset Loading"", ""node_name"": ""鸢尾花示例数据"", ""node_params"": {""type"": ""sample"", ""filename"": ""iris.csv""}, ""contrast_level"": 2, ""node_type"": ""io""}, {""node_id"": ""2900"", ""algorithm_step_name"": ""Missing Value Handling"", ""node_name"": ""缺失值处理"", ""node_params"": {""method"": 1}, ""contrast_level"": 2, ""node_type"": ""preprocess""}, {""node_id"": ""2901"", ""algorithm_step_name"": ""Dataset Division"", ""node_name"": ""数据划分处理"", ""node_params"": {""sampling_type"": 0, ""percentage"": 10, ""n_samples"": 15, ""replacement"": false, ""n_folds"": 10, ""selected_folds"": 1, ""replicable"": false, ""stratified"": false}, ""contrast_level"": 2, ""node_type"": ""preprocess""}, {""node_id"": ""2902"", ""algorithm_step_name"": ""Gradient Boosting Decision Tree"", ""node_name"": ""梯度提升分类器"", ""node_params"": {""loss_function"": 0, ""n_estimators"": 10, ""learning_rate"": 0.1, ""use_max_depth"": false, ""max_depth"": 3, ""use_min_samples"": false, ""min_samples"": 2}, ""contrast_level"": 2, ""node_type"": ""model""}, {""node_id"": ""2903"", ""algorithm_step_name"": ""Model Evaluate"", ""node_name"": ""模型评估"", ""node_params"": {}, ""contrast_level"": 1, ""node_type"": ""evaluate""}]}",1.0
数据集中没有缺失值，所以帮我把缺失值这个步骤删除掉。,1.0,4652,226,8.288479499999085,3.6483427812490845,3.6243975162506104,1.0157392024993896,0.0,"{""edges"": [{""edge_id"": ""9708805441428686039"", ""source_node_id"": ""1559"", ""target_node_id"": ""1560""}, {""edge_id"": ""14032079213622472443"", ""source_node_id"": ""1559"", ""target_node_id"": ""1561""}, {""edge_id"": ""3729275075259094823"", ""source_node_id"": ""1560"", ""target_node_id"": ""1561""}, {""edge_id"": ""5663238163675004975"", ""source_node_id"": ""1557"", ""target_node_id"": ""1559""}], ""nodes"": [{""node_id"": ""1557"", ""widget_name"": ""File"", ""node_name"": ""鸢尾花示例数据"", ""node_params"": {""type"": ""sample"", ""filename"": ""iris.csv""}}, {""node_id"": ""1559"", ""widget_name"": ""Data Sampler"", ""node_name"": ""数据划分处理"", ""node_params"": {""sampling_type"": 0, ""percentage"": 10, ""n_samples"": 15, ""replacement"": false, ""n_folds"": 10, ""selected_folds"": 1, ""replicable"": false, ""stratified"": false}}, {""node_id"": ""1560"", ""widget_name"": ""Gradient Boosting"", ""node_name"": ""梯度提升分类器"", ""node_params"": {""loss_function"": 0, ""n_estimators"": 10, ""learning_rate"": 0.1, ""use_max_depth"": false, ""max_depth"": 3, ""use_min_samples"": false, ""min_samples"": 2}}, {""node_id"": ""1561"", ""widget_name"": ""Test and Score"", ""node_name"": ""模型评估"", ""node_params"": {}}]}","{""dependency_requirements"": [{""edge_id"": ""2387"", ""source_node_id"": ""2906"", ""target_node_id"": ""2907""}, {""edge_id"": ""2388"", ""source_node_id"": ""2906"", ""target_node_id"": ""2908""}, {""edge_id"": ""2390"", ""source_node_id"": ""2907"", ""target_node_id"": ""2908""}, {""edge_id"": ""2391"", ""source_node_id"": ""2904"", ""target_node_id"": ""2906""}], ""step_requirements"": [{""node_id"": ""2904"", ""algorithm_step_name"": ""Tabular Dataset Loading"", ""node_name"": ""鸢尾花示例数据"", ""node_params"": {""type"": ""sample"", ""filename"": ""iris.csv""}, ""contrast_level"": 2, ""node_type"": ""io""}, {""node_id"": ""2906"", ""algorithm_step_name"": ""Dataset Division"", ""node_name"": ""数据划分处理"", ""node_params"": {""sampling_type"": 0, ""percentage"": 10, ""n_samples"": 15, ""replacement"": false, ""n_folds"": 10, ""selected_folds"": 1, ""replicable"": false, ""stratified"": false}, ""contrast_level"": 2, ""node_type"": ""preprocess""}, {""node_id"": ""2907"", ""algorithm_step_name"": ""Gradient Boosting Decision Tree"", ""node_name"": ""梯度提升分类器"", ""node_params"": {""loss_function"": 0, ""n_estimators"": 10, ""learning_rate"": 0.1, ""use_max_depth"": false, ""max_depth"": 3, ""use_min_samples"": false, ""min_samples"": 2}, ""contrast_level"": 2, ""node_type"": ""model""}, {""node_id"": ""2908"", ""algorithm_step_name"": ""Model Evaluate"", ""node_name"": ""模型评估"", ""node_params"": {}, ""contrast_level"": 2, ""node_type"": ""evaluate""}]}",1.0
删除工作流中的KNN模型。,1.0,4773,220,8.333489399999962,3.653785449118004,3.641920804977417,1.037783145904541,0.0,"{""edges"": [{""edge_id"": ""8051102060829252685"", ""source_node_id"": ""1562"", ""target_node_id"": ""1563""}, {""edge_id"": ""5883913136956846626"", ""source_node_id"": ""1563"", ""target_node_id"": ""1564""}, {""edge_id"": ""18160049985285971190"", ""source_node_id"": ""1563"", ""target_node_id"": ""1566""}, {""edge_id"": ""14817979800584889049"", ""source_node_id"": ""1564"", ""target_node_id"": ""1566""}, {""edge_id"": ""10940443059242399055"", ""source_node_id"": ""1563"", ""target_node_id"": ""1566""}], ""nodes"": [{""node_id"": ""1562"", ""widget_name"": ""File"", ""node_name"": ""鸢尾花示例数据"", ""node_params"": {""type"": ""sample"", ""filename"": ""iris.csv""}}, {""node_id"": ""1563"", ""widget_name"": ""Data Sampler"", ""node_name"": ""数据划分处理"", ""node_params"": {""sampling_type"": 0, ""percentage"": 10, ""n_samples"": 15, ""replacement"": false, ""n_folds"": 10, ""selected_folds"": 1, ""replicable"": false, ""stratified"": false}}, {""node_id"": ""1564"", ""widget_name"": ""Gradient Boosting"", ""node_name"": ""梯度提升分类器"", ""node_params"": {""loss_function"": 0, ""n_estimators"": 10, ""learning_rate"": 0.1, ""use_max_depth"": false, ""max_depth"": 3, ""use_min_samples"": false, ""min_samples"": 2}}, {""node_id"": ""1566"", ""widget_name"": ""Test and Score"", ""node_name"": ""模型评估"", ""node_params"": {}}]}","{""dependency_requirements"": [{""edge_id"": ""2399"", ""source_node_id"": ""2914"", ""target_node_id"": ""2915""}, {""edge_id"": ""2400"", ""source_node_id"": ""2915"", ""target_node_id"": ""2916""}, {""edge_id"": ""2402"", ""source_node_id"": ""2915"", ""target_node_id"": ""2918""}, {""edge_id"": ""2404"", ""source_node_id"": ""2916"", ""target_node_id"": ""2918""}], ""step_requirements"": [{""node_id"": ""2914"", ""algorithm_step_name"": ""Tabular Dataset Loading"", ""node_name"": ""鸢尾花示例数据"", ""node_params"": {""type"": ""sample"", ""filename"": ""iris.csv""}, ""contrast_level"": 2, ""node_type"": ""io""}, {""node_id"": ""2915"", ""algorithm_step_name"": ""Dataset Division"", ""node_name"": ""数据划分处理"", ""node_params"": {""sampling_type"": 0, ""percentage"": 10, ""n_samples"": 15, ""replacement"": false, ""n_folds"": 10, ""selected_folds"": 1, ""replicable"": false, ""stratified"": false}, ""contrast_level"": 2, ""node_type"": ""preprocess""}, {""node_id"": ""2916"", ""algorithm_step_name"": ""Gradient Boosting Decision Tree"", ""node_name"": ""梯度提升分类器"", ""node_params"": {""loss_function"": 0, ""n_estimators"": 10, ""learning_rate"": 0.1, ""use_max_depth"": false, ""max_depth"": 3, ""use_min_samples"": false, ""min_samples"": 2}, ""contrast_level"": 2, ""node_type"": ""model""}, {""node_id"": ""2918"", ""algorithm_step_name"": ""Model Evaluate"", ""node_name"": ""模型评估"", ""node_params"": {}, ""contrast_level"": 2, ""node_type"": ""evaluate""}]}",1.0
帮我把工作流中的缺失值处理步骤和多余的KNN模型都删除掉,1.0,8352,398,15.581288599998516,6.5357842684097704,7.398404598236084,1.6470997333526611,0.0,"{""edges"": [{""edge_id"": ""10186564397853262802"", ""source_node_id"": ""1569"", ""target_node_id"": ""1570""}, {""edge_id"": ""16841824159305023899"", ""source_node_id"": ""1569"", ""target_node_id"": ""1572""}, {""edge_id"": ""10591744189981307455"", ""source_node_id"": ""1570"", ""target_node_id"": ""1572""}, {""edge_id"": ""14900716580775108659"", ""source_node_id"": ""1567"", ""target_node_id"": ""1569""}], ""nodes"": [{""node_id"": ""1567"", ""widget_name"": ""File"", ""node_name"": ""鸢尾花示例数据"", ""node_params"": {""type"": ""sample"", ""filename"": ""iris.csv""}}, {""node_id"": ""1569"", ""widget_name"": ""Data Sampler"", ""node_name"": ""数据划分处理"", ""node_params"": {""sampling_type"": 0, ""percentage"": 10, ""n_samples"": 15, ""replacement"": false, ""n_folds"": 10, ""selected_folds"": 1, ""replicable"": false, ""stratified"": false}}, {""node_id"": ""1570"", ""widget_name"": ""Gradient Boosting"", ""node_name"": ""梯度提升分类器"", ""node_params"": {""loss_function"": 0, ""n_estimators"": 10, ""learning_rate"": 0.1, ""use_max_depth"": false, ""max_depth"": 3, ""use_min_samples"": false, ""min_samples"": 2}}, {""node_id"": ""1572"", ""widget_name"": ""Test and Score"", ""node_name"": ""模型评估"", ""node_params"": {}}]}","{""dependency_requirements"": [{""edge_id"": ""2408"", ""source_node_id"": ""2921"", ""target_node_id"": ""2922""}, {""edge_id"": ""2410"", ""source_node_id"": ""2921"", ""target_node_id"": ""2924""}, {""edge_id"": ""2412"", ""source_node_id"": ""2922"", ""target_node_id"": ""2924""}, {""edge_id"": ""2414"", ""source_node_id"": ""2919"", ""target_node_id"": ""2921""}], ""step_requirements"": [{""node_id"": ""2919"", ""algorithm_step_name"": ""Tabular Dataset Loading"", ""node_name"": ""鸢尾花示例数据"", ""node_params"": {""type"": ""sample"", ""filename"": ""iris.csv""}, ""contrast_level"": 2, ""node_type"": ""io""}, {""node_id"": ""2921"", ""algorithm_step_name"": ""Dataset Division"", ""node_name"": ""数据划分处理"", ""node_params"": {""sampling_type"": 0, ""percentage"": 10, ""n_samples"": 15, ""replacement"": false, ""n_folds"": 10, ""selected_folds"": 1, ""replicable"": false, ""stratified"": false}, ""contrast_level"": 2, ""node_type"": ""preprocess""}, {""node_id"": ""2922"", ""algorithm_step_name"": ""Gradient Boosting Decision Tree"", ""node_name"": ""梯度提升分类器"", ""node_params"": {""loss_function"": 0, ""n_estimators"": 10, ""learning_rate"": 0.1, ""use_max_depth"": false, ""max_depth"": 3, ""use_min_samples"": false, ""min_samples"": 2}, ""contrast_level"": 2, ""node_type"": ""model""}, {""node_id"": ""2924"", ""algorithm_step_name"": ""Model Evaluate"", ""node_name"": ""模型评估"", ""node_params"": {}, ""contrast_level"": 2, ""node_type"": ""evaluate""}]}",1.0
在数据抽样之前添加一个特征选择步骤，然后把数据抽样的抽样比例设置为抽取30%。,0.7,15136,905,20.931922499999928,6.568160836563038,5.135821580886841,9.227940082550049,0.0,"{""edges"": [{""edge_id"": ""2866602698416893314"", ""source_node_id"": ""1573"", ""target_node_id"": ""1574""}, {""edge_id"": ""18267678571488608443"", ""source_node_id"": ""1575"", ""target_node_id"": ""1576""}, {""edge_id"": ""9840813125159479420"", ""source_node_id"": ""1574"", ""target_node_id"": ""1577""}], ""nodes"": [{""node_id"": ""1573"", ""widget_name"": ""File"", ""node_name"": ""鸢尾花示例数据"", ""node_params"": {""type"": ""sample"", ""filename"": ""iris.csv""}}, {""node_id"": ""1574"", ""widget_name"": ""Data Sampler"", ""node_name"": ""数据划分处理"", ""node_params"": {""sampling_type"": 0, ""percentage"": 30, ""n_samples"": 15, ""replacement"": false, ""n_folds"": 10, ""selected_folds"": 1, ""replicable"": false, ""stratified"": false}}, {""node_id"": ""1575"", ""widget_name"": ""Gradient Boosting"", ""node_name"": ""梯度提升分类器"", ""node_params"": {""loss_function"": 0, ""n_estimators"": 10, ""learning_rate"": 0.1, ""use_max_depth"": false, ""max_depth"": 3, ""use_min_samples"": false, ""min_samples"": 2}}, {""node_id"": ""1576"", ""widget_name"": ""Predictions"", ""node_name"": ""预测"", ""node_params"": {""output_attrs"": true, ""output_predictions"": true, ""output_probabilities"": false}}, {""node_id"": ""1577"", ""widget_name"": ""Rank"", ""node_name"": ""特征选择"", ""node_params"": {}}]}","{""dependency_requirements"": [{""edge_id"": ""2485"", ""source_node_id"": ""2991"", ""target_node_id"": ""2988""}, {""edge_id"": ""2486"", ""source_node_id"": ""2988"", ""target_node_id"": ""2989""}, {""edge_id"": ""2487"", ""source_node_id"": ""2988"", ""target_node_id"": ""2990""}, {""edge_id"": ""2488"", ""source_node_id"": ""2989"", ""target_node_id"": ""2990""}, {""edge_id"": ""2489"", ""source_node_id"": ""2987"", ""target_node_id"": ""2991""}], ""step_requirements"": [{""node_id"": ""2987"", ""algorithm_step_name"": ""Tabular Dataset Loading"", ""node_name"": ""鸢尾花示例数据"", ""node_params"": {""type"": ""sample"", ""filename"": ""iris.csv""}, ""contrast_level"": 2, ""node_type"": ""io""}, {""node_id"": ""2988"", ""algorithm_step_name"": ""Dataset Division"", ""node_name"": ""数据划分处理"", ""node_params"": {""sampling_type"": 0, ""percentage"": 30, ""n_samples"": 15, ""replacement"": false, ""n_folds"": 10, ""selected_folds"": 1, ""replicable"": false, ""stratified"": false}, ""contrast_level"": 2, ""node_type"": ""preprocess""}, {""node_id"": ""2989"", ""algorithm_step_name"": ""Gradient Boosting Decision Tree"", ""node_name"": ""梯度提升分类器"", ""node_params"": {""loss_function"": 0, ""n_estimators"": 10, ""learning_rate"": 0.1, ""use_max_depth"": false, ""max_depth"": 3, ""use_min_samples"": false, ""min_samples"": 2}, ""contrast_level"": 2, ""node_type"": ""model""}, {""node_id"": ""2990"", ""algorithm_step_name"": ""Test Dataset Predictions"", ""node_name"": ""预测"", ""node_params"": {""output_attrs"": true, ""output_predictions"": true, ""output_probabilities"": false}, ""contrast_level"": 2, ""node_type"": ""predict""}, {""node_id"": ""2991"", ""algorithm_step_name"": ""Feature Selection"", ""node_name"": ""自动特征选择"", ""node_params"": {}, ""contrast_level"": 1, ""node_type"": ""feature engineering""}]}",0.4
帮我把数据划分的比例改为5:5，最后还需要你添加一个步骤帮我把预测结果保存。,1.0,8486,385,13.27347799999552,6.636858193705848,4.92004919052124,1.7165706157684326,0.0,"{""edges"": [{""edge_id"": ""4600998081146683422"", ""source_node_id"": ""1578"", ""target_node_id"": ""1579""}, {""edge_id"": ""13951086141779505257"", ""source_node_id"": ""1579"", ""target_node_id"": ""1580""}, {""edge_id"": ""5256220857334085999"", ""source_node_id"": ""1579"", ""target_node_id"": ""1581""}, {""edge_id"": ""152779767276150051"", ""source_node_id"": ""1580"", ""target_node_id"": ""1581""}, {""edge_id"": ""16022488303995166458"", ""source_node_id"": ""1581"", ""target_node_id"": ""1582""}], ""nodes"": [{""node_id"": ""1578"", ""widget_name"": ""File"", ""node_name"": ""鸢尾花示例数据"", ""node_params"": {""type"": ""sample"", ""filename"": ""iris.csv""}}, {""node_id"": ""1579"", ""widget_name"": ""Data Sampler"", ""node_name"": ""数据划分处理"", ""node_params"": {""sampling_type"": 0, ""percentage"": 50, ""n_samples"": 15, ""replacement"": false, ""n_folds"": 10, ""selected_folds"": 1, ""replicable"": false, ""stratified"": false}}, {""node_id"": ""1580"", ""widget_name"": ""Gradient Boosting"", ""node_name"": ""梯度提升分类器"", ""node_params"": {""loss_function"": 0, ""n_estimators"": 10, ""learning_rate"": 0.1, ""use_max_depth"": false, ""max_depth"": 3, ""use_min_samples"": false, ""min_samples"": 2}}, {""node_id"": ""1581"", ""widget_name"": ""Predictions"", ""node_name"": ""预测"", ""node_params"": {""output_attrs"": true, ""output_predictions"": true, ""output_probabilities"": false}}, {""node_id"": ""1582"", ""widget_name"": ""Save Data"", ""node_name"": ""保存预测结果"", ""node_params"": {}}]}","{""dependency_requirements"": [{""edge_id"": ""2480"", ""source_node_id"": ""2982"", ""target_node_id"": ""2983""}, {""edge_id"": ""2481"", ""source_node_id"": ""2983"", ""target_node_id"": ""2984""}, {""edge_id"": ""2482"", ""source_node_id"": ""2983"", ""target_node_id"": ""2985""}, {""edge_id"": ""2483"", ""source_node_id"": ""2984"", ""target_node_id"": ""2985""}, {""edge_id"": ""2484"", ""source_node_id"": ""2985"", ""target_node_id"": ""2986""}], ""step_requirements"": [{""node_id"": ""2982"", ""algorithm_step_name"": ""Tabular Dataset Loading"", ""node_name"": ""鸢尾花示例数据"", ""node_params"": {""type"": ""sample"", ""filename"": ""iris.csv""}, ""contrast_level"": 2, ""node_type"": ""io""}, {""node_id"": ""2983"", ""algorithm_step_name"": ""Dataset Division"", ""node_name"": ""数据划分处理"", ""node_params"": {""sampling_type"": 0, ""percentage"": 50, ""n_samples"": 15, ""replacement"": false, ""n_folds"": 10, ""selected_folds"": 1, ""replicable"": false, ""stratified"": false}, ""contrast_level"": 2, ""node_type"": ""preprocess""}, {""node_id"": ""2984"", ""algorithm_step_name"": ""Gradient Boosting Decision Tree"", ""node_name"": ""梯度提升分类器"", ""node_params"": {""loss_function"": 0, ""n_estimators"": 10, ""learning_rate"": 0.1, ""use_max_depth"": false, ""max_depth"": 3, ""use_min_samples"": false, ""min_samples"": 2}, ""contrast_level"": 2, ""node_type"": ""model""}, {""node_id"": ""2985"", ""algorithm_step_name"": ""Test Dataset Predictions"", ""node_name"": ""预测"", ""node_params"": {""output_attrs"": true, ""output_predictions"": true, ""output_probabilities"": false}, ""contrast_level"": 2, ""node_type"": ""predict""}, {""node_id"": ""2986"", ""algorithm_step_name"": ""Save Data"", ""node_name"": ""Save Data"", ""node_params"": {}, ""contrast_level"": 1, ""node_type"": ""io""}]}",1.0
帮我把梯度提升模型的树数量设置为50，学习率设置为0.02。最后，我还需要添加一个模型评估步骤。,1.0,6498,502,14.4636451999977,6.674615363343037,5.37328314781189,2.4157466888427734,0.0,"{""edges"": [{""edge_id"": ""5589935896458075947"", ""source_node_id"": ""1583"", ""target_node_id"": ""1584""}, {""edge_id"": ""5444216758658716953"", ""source_node_id"": ""1583"", ""target_node_id"": ""1585""}, {""edge_id"": ""3143073072476318464"", ""source_node_id"": ""1584"", ""target_node_id"": ""1585""}], ""nodes"": [{""node_id"": ""1583"", ""widget_name"": ""File"", ""node_name"": ""鸢尾花示例数据"", ""node_params"": {""type"": ""sample"", ""filename"": ""iris.csv""}}, {""node_id"": ""1584"", ""widget_name"": ""Gradient Boosting"", ""node_name"": ""梯度提升分类器"", ""node_params"": {""loss_function"": 0, ""n_estimators"": 50, ""learning_rate"": 0.02, ""use_max_depth"": false, ""max_depth"": 3, ""use_min_samples"": false, ""min_samples"": 2}}, {""node_id"": ""1585"", ""widget_name"": ""Test and Score"", ""node_name"": ""模型评估"", ""node_params"": {}}]}","{""dependency_requirements"": [{""edge_id"": ""2495"", ""source_node_id"": ""2998"", ""target_node_id"": ""2999""}, {""edge_id"": ""2496"", ""source_node_id"": ""2998"", ""target_node_id"": ""3000""}, {""edge_id"": ""2497"", ""source_node_id"": ""2999"", ""target_node_id"": ""3000""}], ""step_requirements"": [{""node_id"": ""2998"", ""algorithm_step_name"": ""Tabular Dataset Loading"", ""node_name"": ""鸢尾花示例数据"", ""node_params"": {""type"": ""sample"", ""filename"": ""iris.csv""}, ""contrast_level"": 2, ""node_type"": ""io""}, {""node_id"": ""2999"", ""algorithm_step_name"": ""Gradient Boosting Decision Tree"", ""node_name"": ""梯度提升分类器"", ""node_params"": {""loss_function"": 0, ""n_estimators"": 50, ""learning_rate"": 0.02, ""use_max_depth"": false, ""max_depth"": 3, ""use_min_samples"": false, ""min_samples"": 2}, ""contrast_level"": 2, ""node_type"": ""model""}, {""node_id"": ""3000"", ""algorithm_step_name"": ""Model Evaluate"", ""node_name"": ""模型评估"", ""node_params"": {}, ""contrast_level"": 1, ""node_type"": ""evaluate""}]}",1.0
帮我把缺失值处理方式修改为使用平均值填补，然后把多余的KNN模型删除掉。,1.0,7760,397,15.626396999999997,6.39872180049133,7.94851016998291,1.2791650295257568,0.0,"{""edges"": [{""edge_id"": ""15460828572654137774"", ""source_node_id"": ""1586"", ""target_node_id"": ""1587""}, {""edge_id"": ""4082988143792305877"", ""source_node_id"": ""1587"", ""target_node_id"": ""1588""}, {""edge_id"": ""14634579743530175289"", ""source_node_id"": ""1588"", ""target_node_id"": ""1589""}, {""edge_id"": ""4242017690096777972"", ""source_node_id"": ""1588"", ""target_node_id"": ""1591""}, {""edge_id"": ""8589449270708513478"", ""source_node_id"": ""1589"", ""target_node_id"": ""1591""}], ""nodes"": [{""node_id"": ""1586"", ""widget_name"": ""File"", ""node_name"": ""鸢尾花示例数据"", ""node_params"": {""type"": ""sample"", ""filename"": ""iris.csv""}}, {""node_id"": ""1587"", ""widget_name"": ""Impute"", ""node_name"": ""缺失值处理"", ""node_params"": {""method"": 2}}, {""node_id"": ""1588"", ""widget_name"": ""Data Sampler"", ""node_name"": ""数据划分处理"", ""node_params"": {""sampling_type"": 0, ""percentage"": 10, ""n_samples"": 15, ""replacement"": false, ""n_folds"": 10, ""selected_folds"": 1, ""replicable"": false, ""stratified"": false}}, {""node_id"": ""1589"", ""widget_name"": ""Gradient Boosting"", ""node_name"": ""梯度提升分类器"", ""node_params"": {""loss_function"": 0, ""n_estimators"": 10, ""learning_rate"": 0.1, ""use_max_depth"": false, ""max_depth"": 3, ""use_min_samples"": false, ""min_samples"": 2}}, {""node_id"": ""1591"", ""widget_name"": ""Test and Score"", ""node_name"": ""模型评估"", ""node_params"": {}}]}","{""dependency_requirements"": [{""edge_id"": ""2447"", ""source_node_id"": ""2958"", ""target_node_id"": ""2959""}, {""edge_id"": ""2448"", ""source_node_id"": ""2959"", ""target_node_id"": ""2960""}, {""edge_id"": ""2449"", ""source_node_id"": ""2960"", ""target_node_id"": ""2961""}, {""edge_id"": ""2451"", ""source_node_id"": ""2960"", ""target_node_id"": ""2963""}, {""edge_id"": ""2453"", ""source_node_id"": ""2961"", ""target_node_id"": ""2963""}], ""step_requirements"": [{""node_id"": ""2958"", ""algorithm_step_name"": ""Tabular Dataset Loading"", ""node_name"": ""鸢尾花示例数据"", ""node_params"": {""type"": ""sample"", ""filename"": ""iris.csv""}, ""contrast_level"": 2, ""node_type"": ""io""}, {""node_id"": ""2959"", ""algorithm_step_name"": ""Missing Value Handling"", ""node_name"": ""缺失值处理"", ""node_params"": {""method"": 2}, ""contrast_level"": 2, ""node_type"": ""preprocess""}, {""node_id"": ""2960"", ""algorithm_step_name"": ""Dataset Division"", ""node_name"": ""数据划分处理"", ""node_params"": {""sampling_type"": 0, ""percentage"": 10, ""n_samples"": 15, ""replacement"": false, ""n_folds"": 10, ""selected_folds"": 1, ""replicable"": false, ""stratified"": false}, ""contrast_level"": 2, ""node_type"": ""preprocess""}, {""node_id"": ""2961"", ""algorithm_step_name"": ""Gradient Boosting Decision Tree"", ""node_name"": ""梯度提升分类器"", ""node_params"": {""loss_function"": 0, ""n_estimators"": 10, ""learning_rate"": 0.1, ""use_max_depth"": false, ""max_depth"": 3, ""use_min_samples"": false, ""min_samples"": 2}, ""contrast_level"": 2, ""node_type"": ""model""}, {""node_id"": ""2963"", ""algorithm_step_name"": ""Model Evaluate"", ""node_name"": ""模型评估"", ""node_params"": {}, ""contrast_level"": 2, ""node_type"": ""evaluate""}]}",1.0
独热编码这个步骤是冗余的，帮我删除掉。在这之后还需要你将随机森林数的数量改为30，缺失值的处理方法改为用随机值填补。,1.0,11587,582,23.847124100000656,9.742967129022873,11.538094758987427,2.5660622119903564,0.0,"{""edges"": [{""edge_id"": ""12912622194772489218"", ""source_node_id"": ""1592"", ""target_node_id"": ""1593""}, {""edge_id"": ""12960809805508180715"", ""source_node_id"": ""1595"", ""target_node_id"": ""1596""}, {""edge_id"": ""17902326723954600876"", ""source_node_id"": ""1595"", ""target_node_id"": ""1597""}, {""edge_id"": ""16779367407519452297"", ""source_node_id"": ""1596"", ""target_node_id"": ""1597""}, {""edge_id"": ""17422006235783370193"", ""source_node_id"": ""1593"", ""target_node_id"": ""1595""}], ""nodes"": [{""node_id"": ""1592"", ""widget_name"": ""File"", ""node_name"": ""数据"", ""node_params"": {""type"": ""sample"", ""filename"": ""iris.csv""}}, {""node_id"": ""1593"", ""widget_name"": ""Impute"", ""node_name"": ""缺失值处理"", ""node_params"": {""method"": 4}}, {""node_id"": ""1595"", ""widget_name"": ""Data Sampler"", ""node_name"": ""数据采样"", ""node_params"": {""sampling_type"": 0, ""percentage"": 10, ""n_samples"": 15, ""replacement"": false, ""n_folds"": 10, ""selected_folds"": 1, ""replicable"": false, ""stratified"": false}}, {""node_id"": ""1596"", ""widget_name"": ""Random Forest"", ""node_name"": ""随机森林"", ""node_params"": {""n_estimators"": 30, ""use_max_features"": false, ""max_features"": ""auto"", ""use_random_state"": false, ""use_max_depth"": false, ""max_depth"": 3, ""use_min_samples_split"": true, ""min_samples_split"": 2}}, {""node_id"": ""1597"", ""widget_name"": ""Test and Score"", ""node_name"": ""测试得分"", ""node_params"": {}}]}","{""dependency_requirements"": [{""edge_id"": ""2497"", ""source_node_id"": ""3002"", ""target_node_id"": ""3003""}, {""edge_id"": ""2500"", ""source_node_id"": ""3005"", ""target_node_id"": ""3006""}, {""edge_id"": ""2501"", ""source_node_id"": ""3005"", ""target_node_id"": ""3007""}, {""edge_id"": ""2503"", ""source_node_id"": ""3006"", ""target_node_id"": ""3007""}, {""edge_id"": ""2504"", ""source_node_id"": ""3003"", ""target_node_id"": ""3005""}], ""step_requirements"": [{""node_id"": ""3002"", ""algorithm_step_name"": ""Tabular Dataset Loading"", ""node_name"": ""数据"", ""node_params"": {""type"": ""sample"", ""filename"": ""iris.csv""}, ""contrast_level"": 2, ""node_type"": ""io""}, {""node_id"": ""3003"", ""algorithm_step_name"": ""Missing Value Handling"", ""node_name"": ""缺失值处理"", ""node_params"": {""method"": 4}, ""contrast_level"": 2, ""node_type"": ""preprocess""}, {""node_id"": ""3005"", ""algorithm_step_name"": ""Dataset Division"", ""node_name"": ""数据采样"", ""node_params"": {""sampling_type"": 0, ""percentage"": 10, ""n_samples"": 15, ""replacement"": false, ""n_folds"": 10, ""selected_folds"": 1, ""replicable"": false, ""stratified"": false}, ""contrast_level"": 2, ""node_type"": ""preprocess""}, {""node_id"": ""3006"", ""algorithm_step_name"": ""Random Forest"", ""node_name"": ""随机森林"", ""node_params"": {""n_estimators"": 30, ""use_max_features"": false, ""max_features"": ""auto"", ""use_random_state"": false, ""use_max_depth"": false, ""max_depth"": 3, ""use_min_samples_split"": true, ""min_samples_split"": 2}, ""contrast_level"": 2, ""node_type"": ""model""}, {""node_id"": ""3007"", ""algorithm_step_name"": ""Model Evaluate"", ""node_name"": ""测试得分"", ""node_params"": {}, ""contrast_level"": 2, ""node_type"": ""evaluate""}]}",1.0
帮我把多余的模型都删除掉，只留下梯度提升模型，并把它的学习率改为0.01。,1.0,5650,399,10.716411200002767,5.190200176672079,3.790051221847534,1.7361598014831543,0.0,"{""edges"": [{""edge_id"": ""6845627921730217180"", ""source_node_id"": ""1598"", ""target_node_id"": ""1599""}, {""edge_id"": ""8067384196810848908"", ""source_node_id"": ""1599"", ""target_node_id"": ""1601""}, {""edge_id"": ""11818571679210167426"", ""source_node_id"": ""1599"", ""target_node_id"": ""1604""}, {""edge_id"": ""11272440715149276953"", ""source_node_id"": ""1601"", ""target_node_id"": ""1604""}], ""nodes"": [{""node_id"": ""1598"", ""widget_name"": ""File"", ""node_name"": ""数据"", ""node_params"": {""type"": ""sample"", ""filename"": ""iris.csv""}}, {""node_id"": ""1599"", ""widget_name"": ""Data Sampler"", ""node_name"": ""数据采样"", ""node_params"": {""sampling_type"": 0, ""percentage"": 10, ""n_samples"": 15, ""replacement"": false, ""n_folds"": 10, ""selected_folds"": 1, ""replicable"": false, ""stratified"": false}}, {""node_id"": ""1601"", ""widget_name"": ""Gradient Boosting"", ""node_name"": ""Gradient Boosting"", ""node_params"": {""loss_function"": 0, ""n_estimators"": 10, ""learning_rate"": 0.01, ""use_max_depth"": false, ""max_depth"": 3, ""use_min_samples"": false, ""min_samples"": 2}}, {""node_id"": ""1604"", ""widget_name"": ""Test and Score"", ""node_name"": ""测试得分"", ""node_params"": {}}]}","{""dependency_requirements"": [{""edge_id"": ""2536"", ""source_node_id"": ""3032"", ""target_node_id"": ""3033""}, {""edge_id"": ""2538"", ""source_node_id"": ""3033"", ""target_node_id"": ""3035""}, {""edge_id"": ""2541"", ""source_node_id"": ""3033"", ""target_node_id"": ""3038""}, {""edge_id"": ""2544"", ""source_node_id"": ""3035"", ""target_node_id"": ""3038""}], ""step_requirements"": [{""node_id"": ""3032"", ""algorithm_step_name"": ""Tabular Dataset Loading"", ""node_name"": ""数据"", ""node_params"": {""type"": ""sample"", ""filename"": ""iris.csv""}, ""contrast_level"": 2, ""node_type"": ""io""}, {""node_id"": ""3033"", ""algorithm_step_name"": ""Dataset Division"", ""node_name"": ""数据采样"", ""node_params"": {""sampling_type"": 0, ""percentage"": 10, ""n_samples"": 15, ""replacement"": false, ""n_folds"": 10, ""selected_folds"": 1, ""replicable"": false, ""stratified"": false}, ""contrast_level"": 2, ""node_type"": ""preprocess""}, {""node_id"": ""3035"", ""algorithm_step_name"": ""Gradient Boosting Decision Tree"", ""node_name"": ""梯度提升"", ""node_params"": {""loss_function"": 0, ""n_estimators"": 10, ""learning_rate"": 0.01, ""use_max_depth"": false, ""max_depth"": 3, ""use_min_samples"": false, ""min_samples"": 2}, ""contrast_level"": 2, ""node_type"": ""model""}, {""node_id"": ""3038"", ""algorithm_step_name"": ""Model Evaluate"", ""node_name"": ""测试得分"", ""node_params"": {}, ""contrast_level"": 2, ""node_type"": ""evaluate""}]}",1.0
帮我把梯度提升模型更换为随机森林模型。,1.0,4870,251,8.78570550000586,3.7651199630490737,3.868010997772217,1.1525745391845703,0.0,"{""edges"": [{""edge_id"": ""5134893628201706876"", ""source_node_id"": ""1605"", ""target_node_id"": ""1606""}, {""edge_id"": ""10548000899907426815"", ""source_node_id"": ""1606"", ""target_node_id"": ""1607""}, {""edge_id"": ""17825170833090769228"", ""source_node_id"": ""1607"", ""target_node_id"": ""1609""}, {""edge_id"": ""17055657584927482937"", ""source_node_id"": ""1607"", ""target_node_id"": ""1610""}, {""edge_id"": ""3299442793007464540"", ""source_node_id"": ""1610"", ""target_node_id"": ""1609""}], ""nodes"": [{""node_id"": ""1605"", ""widget_name"": ""File"", ""node_name"": ""鸢尾花示例数据"", ""node_params"": {""type"": ""sample"", ""filename"": ""iris.csv""}}, {""node_id"": ""1606"", ""widget_name"": ""Impute"", ""node_name"": ""缺失值处理"", ""node_params"": {""method"": 1}}, {""node_id"": ""1607"", ""widget_name"": ""Data Sampler"", ""node_name"": ""数据划分处理"", ""node_params"": {""sampling_type"": 0, ""percentage"": 10, ""n_samples"": 15, ""replacement"": false, ""n_folds"": 10, ""selected_folds"": 1, ""replicable"": false, ""stratified"": false}}, {""node_id"": ""1609"", ""widget_name"": ""Test and Score"", ""node_name"": ""模型评估"", ""node_params"": {}}, {""node_id"": ""1610"", ""widget_name"": ""Random Forest"", ""node_name"": ""随机森林分类器"", ""node_params"": {""n_estimators"": 10, ""use_max_features"": false, ""max_features"": ""auto"", ""use_random_state"": false, ""use_max_depth"": false, ""max_depth"": 3, ""use_min_samples_split"": true, ""min_samples_split"": 2}}]}","{""dependency_requirements"": [{""edge_id"": ""2455"", ""source_node_id"": ""2964"", ""target_node_id"": ""2965""}, {""edge_id"": ""2456"", ""source_node_id"": ""2965"", ""target_node_id"": ""2966""}, {""edge_id"": ""2458"", ""source_node_id"": ""2966"", ""target_node_id"": ""2968""}, {""edge_id"": ""2461"", ""source_node_id"": ""2966"", ""target_node_id"": ""2969""}, {""edge_id"": ""2462"", ""source_node_id"": ""2969"", ""target_node_id"": ""2968""}], ""step_requirements"": [{""node_id"": ""2964"", ""algorithm_step_name"": ""Tabular Dataset Loading"", ""node_name"": ""鸢尾花示例数据"", ""node_params"": {""type"": ""sample"", ""filename"": ""iris.csv""}, ""contrast_level"": 2, ""node_type"": ""io""}, {""node_id"": ""2965"", ""algorithm_step_name"": ""Missing Value Handling"", ""node_name"": ""缺失值处理"", ""node_params"": {""method"": 1}, ""contrast_level"": 2, ""node_type"": ""preprocess""}, {""node_id"": ""2966"", ""algorithm_step_name"": ""Dataset Division"", ""node_name"": ""数据划分处理"", ""node_params"": {""sampling_type"": 0, ""percentage"": 10, ""n_samples"": 15, ""replacement"": false, ""n_folds"": 10, ""selected_folds"": 1, ""replicable"": false, ""stratified"": false}, ""contrast_level"": 2, ""node_type"": ""preprocess""}, {""node_id"": ""2968"", ""algorithm_step_name"": ""Model Evaluate"", ""node_name"": ""模型评估"", ""node_params"": {}, ""contrast_level"": 2, ""node_type"": ""evaluate""}, {""node_id"": ""2969"", ""algorithm_step_name"": ""Random Forest"", ""node_name"": ""随机森林分类器"", ""node_params"": {}, ""contrast_level"": 1, ""node_type"": ""model""}]}",1.0
我不需要对模型进行评估了，帮我把模型评估组件换成预测组件。,1.0,4778,363,8.261753300001146,3.5156643183727283,1.7362735271453857,3.0098154544830322,0.0,"{""edges"": [{""edge_id"": ""4748456435388445095"", ""source_node_id"": ""1611"", ""target_node_id"": ""1612""}, {""edge_id"": ""8000202875116240215"", ""source_node_id"": ""1612"", ""target_node_id"": ""1613""}, {""edge_id"": ""10341313028146559738"", ""source_node_id"": ""1613"", ""target_node_id"": ""1614""}, {""edge_id"": ""203072355115519060"", ""source_node_id"": ""1614"", ""target_node_id"": ""1616""}, {""edge_id"": ""2567262517381737538"", ""source_node_id"": ""1613"", ""target_node_id"": ""1616""}], ""nodes"": [{""node_id"": ""1611"", ""widget_name"": ""File"", ""node_name"": ""鸢尾花示例数据"", ""node_params"": {""type"": ""sample"", ""filename"": ""iris.csv""}}, {""node_id"": ""1612"", ""widget_name"": ""Impute"", ""node_name"": ""缺失值处理"", ""node_params"": {""method"": 1}}, {""node_id"": ""1613"", ""widget_name"": ""Data Sampler"", ""node_name"": ""数据划分处理"", ""node_params"": {""sampling_type"": 0, ""percentage"": 10, ""n_samples"": 15, ""replacement"": false, ""n_folds"": 10, ""selected_folds"": 1, ""replicable"": false, ""stratified"": false}}, {""node_id"": ""1614"", ""widget_name"": ""Gradient Boosting"", ""node_name"": ""梯度提升分类器"", ""node_params"": {""loss_function"": 0, ""n_estimators"": 10, ""learning_rate"": 0.1, ""use_max_depth"": false, ""max_depth"": 3, ""use_min_samples"": false, ""min_samples"": 2}}, {""node_id"": ""1616"", ""widget_name"": ""Predictions"", ""node_name"": ""预测"", ""node_params"": {""output_attrs"": true, ""output_predictions"": true, ""output_probabilities"": true}}]}","{""dependency_requirements"": [{""edge_id"": ""2463"", ""source_node_id"": ""2970"", ""target_node_id"": ""2971""}, {""edge_id"": ""2464"", ""source_node_id"": ""2971"", ""target_node_id"": ""2972""}, {""edge_id"": ""2465"", ""source_node_id"": ""2972"", ""target_node_id"": ""2973""}, {""edge_id"": ""2469"", ""source_node_id"": ""2972"", ""target_node_id"": ""2975""}, {""edge_id"": ""2470"", ""source_node_id"": ""2973"", ""target_node_id"": ""2975""}], ""step_requirements"": [{""node_id"": ""2970"", ""algorithm_step_name"": ""Tabular Dataset Loading"", ""node_name"": ""鸢尾花示例数据"", ""node_params"": {""type"": ""sample"", ""filename"": ""iris.csv""}, ""contrast_level"": 2, ""node_type"": ""io""}, {""node_id"": ""2971"", ""algorithm_step_name"": ""Missing Value Handling"", ""node_name"": ""缺失值处理"", ""node_params"": {""method"": 1}, ""contrast_level"": 2, ""node_type"": ""preprocess""}, {""node_id"": ""2972"", ""algorithm_step_name"": ""Dataset Division"", ""node_name"": ""数据划分处理"", ""node_params"": {""sampling_type"": 0, ""percentage"": 10, ""n_samples"": 15, ""replacement"": false, ""n_folds"": 10, ""selected_folds"": 1, ""replicable"": false, ""stratified"": false}, ""contrast_level"": 2, ""node_type"": ""preprocess""}, {""node_id"": ""2973"", ""algorithm_step_name"": ""Gradient Boosting Decision Tree"", ""node_name"": ""梯度提升分类器"", ""node_params"": {""loss_function"": 0, ""n_estimators"": 10, ""learning_rate"": 0.1, ""use_max_depth"": false, ""max_depth"": 3, ""use_min_samples"": false, ""min_samples"": 2}, ""contrast_level"": 2, ""node_type"": ""model""}, {""node_id"": ""2975"", ""algorithm_step_name"": ""Test Dataset Predictions"", ""node_name"": ""预测"", ""node_params"": {}, ""contrast_level"": 1, ""node_type"": ""predict""}]}",1.0
帮我把缺失值处理步骤删除掉，并把梯度提升模型更换为随机森林模型。,1.0,8121,445,16.53893439999956,6.71548574201006,7.654706001281738,2.1687426567077637,0.0,"{""edges"": [{""edge_id"": ""1224649924356397544"", ""source_node_id"": ""1619"", ""target_node_id"": ""1621""}, {""edge_id"": ""7811091071836806148"", ""source_node_id"": ""1617"", ""target_node_id"": ""1619""}, {""edge_id"": ""8063630847044945753"", ""source_node_id"": ""1619"", ""target_node_id"": ""1622""}, {""edge_id"": ""3273651652135943074"", ""source_node_id"": ""1622"", ""target_node_id"": ""1621""}], ""nodes"": [{""node_id"": ""1617"", ""widget_name"": ""File"", ""node_name"": ""鸢尾花示例数据"", ""node_params"": {""type"": ""sample"", ""filename"": ""iris.csv""}}, {""node_id"": ""1619"", ""widget_name"": ""Data Sampler"", ""node_name"": ""数据划分处理"", ""node_params"": {""sampling_type"": 0, ""percentage"": 10, ""n_samples"": 15, ""replacement"": false, ""n_folds"": 10, ""selected_folds"": 1, ""replicable"": false, ""stratified"": false}}, {""node_id"": ""1621"", ""widget_name"": ""Test and Score"", ""node_name"": ""模型评估"", ""node_params"": {}}, {""node_id"": ""1622"", ""widget_name"": ""Random Forest"", ""node_name"": ""随机森林模型"", ""node_params"": {""n_estimators"": 10, ""use_max_features"": false, ""max_features"": ""auto"", ""use_random_state"": false, ""use_max_depth"": false, ""max_depth"": 3, ""use_min_samples_split"": true, ""min_samples_split"": 2}}]}","{""dependency_requirements"": [{""edge_id"": ""2474"", ""source_node_id"": ""2978"", ""target_node_id"": ""2980""}, {""edge_id"": ""2477"", ""source_node_id"": ""2976"", ""target_node_id"": ""2978""}, {""edge_id"": ""2478"", ""source_node_id"": ""2978"", ""target_node_id"": ""2981""}, {""edge_id"": ""2479"", ""source_node_id"": ""2981"", ""target_node_id"": ""2980""}], ""step_requirements"": [{""node_id"": ""2976"", ""algorithm_step_name"": ""Tabular Dataset Loading"", ""node_name"": ""鸢尾花示例数据"", ""node_params"": {""type"": ""sample"", ""filename"": ""iris.csv""}, ""contrast_level"": 2, ""node_type"": ""io""}, {""node_id"": ""2978"", ""algorithm_step_name"": ""Dataset Division"", ""node_name"": ""数据划分处理"", ""node_params"": {""sampling_type"": 0, ""percentage"": 10, ""n_samples"": 15, ""replacement"": false, ""n_folds"": 10, ""selected_folds"": 1, ""replicable"": false, ""stratified"": false}, ""contrast_level"": 2, ""node_type"": ""preprocess""}, {""node_id"": ""2980"", ""algorithm_step_name"": ""Model Evaluate"", ""node_name"": ""模型评估"", ""node_params"": {}, ""contrast_level"": 2, ""node_type"": ""evaluate""}, {""node_id"": ""2981"", ""algorithm_step_name"": ""Random Forest"", ""node_name"": ""随机森林"", ""node_params"": {}, ""contrast_level"": 1, ""node_type"": ""model""}]}",1.0
我的数据集没有缺失值，所以请你帮我删除掉缺失值处理这一步，然后把数据抽样的比例改为7:3，最后帮我添加一个可视化混淆矩阵的步骤。,1.0,8044,515,14.9224583000032,7.3458160251466325,5.022395372390747,2.5542469024658203,0.0,"{""edges"": [{""edge_id"": ""8554894639398047634"", ""source_node_id"": ""1625"", ""target_node_id"": ""1626""}, {""edge_id"": ""307702304385250661"", ""source_node_id"": ""1625"", ""target_node_id"": ""1627""}, {""edge_id"": ""717921422838055773"", ""source_node_id"": ""1626"", ""target_node_id"": ""1627""}, {""edge_id"": ""12703542553632274491"", ""source_node_id"": ""1623"", ""target_node_id"": ""1625""}, {""edge_id"": ""4001834225560284186"", ""source_node_id"": ""1627"", ""target_node_id"": ""1628""}], ""nodes"": [{""node_id"": ""1623"", ""widget_name"": ""File"", ""node_name"": ""数据"", ""node_params"": {""type"": ""sample"", ""filename"": ""iris.csv""}}, {""node_id"": ""1625"", ""widget_name"": ""Data Sampler"", ""node_name"": ""数据采样"", ""node_params"": {""sampling_type"": 0, ""percentage"": 30, ""n_samples"": 15, ""replacement"": false, ""n_folds"": 10, ""selected_folds"": 1, ""replicable"": false, ""stratified"": false}}, {""node_id"": ""1626"", ""widget_name"": ""Gradient Boosting"", ""node_name"": ""Gradient Boosting"", ""node_params"": {""loss_function"": 0, ""n_estimators"": 10, ""learning_rate"": 0.1, ""use_max_depth"": false, ""max_depth"": 3, ""use_min_samples"": false, ""min_samples"": 2}}, {""node_id"": ""1627"", ""widget_name"": ""Test and Score"", ""node_name"": ""测试得分"", ""node_params"": {}}, {""node_id"": ""1628"", ""widget_name"": ""Confusion Matrix"", ""node_name"": ""混淆矩阵"", ""node_params"": {}}]}","{""dependency_requirements"": [{""edge_id"": ""2556"", ""source_node_id"": ""3047"", ""target_node_id"": ""3048""}, {""edge_id"": ""2557"", ""source_node_id"": ""3047"", ""target_node_id"": ""3049""}, {""edge_id"": ""2559"", ""source_node_id"": ""3048"", ""target_node_id"": ""3049""}, {""edge_id"": ""2560"", ""source_node_id"": ""3045"", ""target_node_id"": ""3047""}, {""edge_id"": ""2561"", ""source_node_id"": ""3049"", ""target_node_id"": ""3050""}], ""step_requirements"": [{""node_id"": ""3045"", ""algorithm_step_name"": ""Tabular Dataset Loading"", ""node_name"": ""数据"", ""node_params"": {""type"": ""sample"", ""filename"": ""iris.csv""}, ""contrast_level"": 2, ""node_type"": ""io""}, {""node_id"": ""3047"", ""algorithm_step_name"": ""Dataset Division"", ""node_name"": ""数据采样"", ""node_params"": {""sampling_type"": 0, ""percentage"": 30, ""n_samples"": 15, ""replacement"": false, ""n_folds"": 10, ""selected_folds"": 1, ""replicable"": false, ""stratified"": false}, ""contrast_level"": 2, ""node_type"": ""preprocess""}, {""node_id"": ""3048"", ""algorithm_step_name"": ""Gradient Boosting Decision Tree"", ""node_name"": ""梯度提升"", ""node_params"": {""loss_function"": 0, ""n_estimators"": 10, ""learning_rate"": 0.1, ""use_max_depth"": false, ""max_depth"": 3, ""use_min_samples"": false, ""min_samples"": 2}, ""contrast_level"": 2, ""node_type"": ""model""}, {""node_id"": ""3049"", ""algorithm_step_name"": ""Model Evaluate"", ""node_name"": ""测试得分"", ""node_params"": {}, ""contrast_level"": 2, ""node_type"": ""evaluate""}, {""node_id"": ""3050"", ""algorithm_step_name"": ""Confusion Matrix"", ""node_name"": ""混淆矩阵"", ""node_params"": {}, ""contrast_level"": 2, ""node_type"": ""visualize""}]}",1.0
帮我把加载的数据集换成房价示例数据集。然后，把kNN模型换成梯度提升模型。,0.625,12928,883,20.882612499997776,6.620669159696263,4.142643690109253,10.11929965019226,0.0,"{""edges"": [{""edge_id"": ""17677632526396095131"", ""source_node_id"": ""1630"", ""target_node_id"": ""1632""}], ""nodes"": [{""node_id"": ""1629"", ""widget_name"": ""File"", ""node_name"": ""数据"", ""node_params"": {""type"": ""sample"", ""filename"": ""housing.csv""}}, {""node_id"": ""1630"", ""widget_name"": ""Data Sampler"", ""node_name"": ""数据采样"", ""node_params"": {""sampling_type"": 0, ""percentage"": 10, ""n_samples"": 15, ""replacement"": false, ""n_folds"": 10, ""selected_folds"": 1, ""replicable"": false, ""stratified"": false}}, {""node_id"": ""1632"", ""widget_name"": ""Test and Score"", ""node_name"": ""测试得分"", ""node_params"": {}}, {""node_id"": ""1633"", ""widget_name"": ""Gradient Boosting"", ""node_name"": ""梯度提升模型"", ""node_params"": {""loss_function"": 0, ""n_estimators"": 10, ""learning_rate"": 0.1, ""use_max_depth"": false, ""max_depth"": 3, ""use_min_samples"": false, ""min_samples"": 2}}]}","{""dependency_requirements"": [{""edge_id"": ""2562"", ""source_node_id"": ""3051"", ""target_node_id"": ""3052""}, {""edge_id"": ""2564"", ""source_node_id"": ""3052"", ""target_node_id"": ""3054""}, {""edge_id"": ""2567"", ""source_node_id"": ""3052"", ""target_node_id"": ""3055""}, {""edge_id"": ""2568"", ""source_node_id"": ""3055"", ""target_node_id"": ""3054""}], ""step_requirements"": [{""node_id"": ""3051"", ""algorithm_step_name"": ""Tabular Dataset Loading"", ""node_name"": ""数据"", ""node_params"": {""type"": ""sample"", ""filename"": ""housing.csv""}, ""contrast_level"": 2, ""node_type"": ""io""}, {""node_id"": ""3052"", ""algorithm_step_name"": ""Dataset Division"", ""node_name"": ""数据采样"", ""node_params"": {""sampling_type"": 0, ""percentage"": 10, ""n_samples"": 15, ""replacement"": false, ""n_folds"": 10, ""selected_folds"": 1, ""replicable"": false, ""stratified"": false}, ""contrast_level"": 2, ""node_type"": ""preprocess""}, {""node_id"": ""3054"", ""algorithm_step_name"": ""Model Evaluate"", ""node_name"": ""测试得分"", ""node_params"": {}, ""contrast_level"": 2, ""node_type"": ""evaluate""}, {""node_id"": ""3055"", ""algorithm_step_name"": ""Gradient Boosting Decision Tree"", ""node_name"": ""梯度提升"", ""node_params"": {}, ""contrast_level"": 1, ""node_type"": ""model""}]}",0.5
帮我把连续化处理换成特征选择，KNN的邻节点个数改为7。,1.0,7062,399,12.885213000001386,6.186443669022992,4.968760251998901,1.7300090789794922,0.0,"{""edges"": [{""edge_id"": ""17667800155735059613"", ""source_node_id"": ""1636"", ""target_node_id"": ""1637""}, {""edge_id"": ""6871672034806339538"", ""source_node_id"": ""1636"", ""target_node_id"": ""1638""}, {""edge_id"": ""6050238368392880093"", ""source_node_id"": ""1637"", ""target_node_id"": ""1638""}, {""edge_id"": ""11937367817532736205"", ""source_node_id"": ""1634"", ""target_node_id"": ""1639""}, {""edge_id"": ""830535440917741855"", ""source_node_id"": ""1639"", ""target_node_id"": ""1636""}], ""nodes"": [{""node_id"": ""1634"", ""widget_name"": ""File"", ""node_name"": ""数据"", ""node_params"": {""type"": ""sample"", ""filename"": ""iris.csv""}}, {""node_id"": ""1636"", ""widget_name"": ""Data Sampler"", ""node_name"": ""数据采样"", ""node_params"": {""sampling_type"": 0, ""percentage"": 10, ""n_samples"": 15, ""replacement"": false, ""n_folds"": 10, ""selected_folds"": 1, ""replicable"": false, ""stratified"": false}}, {""node_id"": ""1637"", ""widget_name"": ""kNN"", ""node_name"": ""kNN"", ""node_params"": {""n_neighbors"": 7, ""metric"": ""euclidean"", ""weights"": ""uniform""}}, {""node_id"": ""1638"", ""widget_name"": ""Test and Score"", ""node_name"": ""测试得分"", ""node_params"": {}}, {""node_id"": ""1639"", ""widget_name"": ""Rank"", ""node_name"": ""特征选择"", ""node_params"": {}}]}","{""dependency_requirements"": [{""edge_id"": ""2576"", ""source_node_id"": ""3067"", ""target_node_id"": ""3068""}, {""edge_id"": ""2577"", ""source_node_id"": ""3067"", ""target_node_id"": ""3069""}, {""edge_id"": ""2579"", ""source_node_id"": ""3068"", ""target_node_id"": ""3069""}, {""edge_id"": ""2580"", ""source_node_id"": ""3065"", ""target_node_id"": ""3070""}, {""edge_id"": ""2581"", ""source_node_id"": ""3070"", ""target_node_id"": ""3067""}], ""step_requirements"": [{""node_id"": ""3065"", ""algorithm_step_name"": ""Tabular Dataset Loading"", ""node_name"": ""数据"", ""node_params"": {""type"": ""sample"", ""filename"": ""iris.csv""}, ""contrast_level"": 2, ""node_type"": ""io""}, {""node_id"": ""3067"", ""algorithm_step_name"": ""Dataset Division"", ""node_name"": ""数据采样"", ""node_params"": {""sampling_type"": 0, ""percentage"": 10, ""n_samples"": 15, ""replacement"": false, ""n_folds"": 10, ""selected_folds"": 1, ""replicable"": false, ""stratified"": false}, ""contrast_level"": 2, ""node_type"": ""preprocess""}, {""node_id"": ""3068"", ""algorithm_step_name"": ""KNN"", ""node_name"": ""kNN"", ""node_params"": {""n_neighbors"": 7, ""metric"": ""euclidean"", ""weights"": ""uniform""}, ""contrast_level"": 2, ""node_type"": ""model""}, {""node_id"": ""3069"", ""algorithm_step_name"": ""Model Evaluate"", ""node_name"": ""测试得分"", ""node_params"": {}, ""contrast_level"": 2, ""node_type"": ""evaluate""}, {""node_id"": ""3070"", ""algorithm_step_name"": ""Feature Selection"", ""node_name"": ""特征选择"", ""node_params"": {}, ""contrast_level"": 1, ""node_type"": ""feature engineering""}]}",1.0
帮我把加载的鸢尾花示例数据修改为加载房价示例数据集。,1.0,3272,123,4.488377900001069,3.8359979103770456,0.0006895065307617188,0.6516904830932617,0.0,"{""edges"": [{""edge_id"": ""3170618238326268927"", ""source_node_id"": ""1640"", ""target_node_id"": ""1641""}], ""nodes"": [{""node_id"": ""1640"", ""widget_name"": ""File"", ""node_name"": ""鸢尾花示例数据"", ""node_params"": {""type"": ""sample"", ""filename"": ""housing.csv""}}, {""node_id"": ""1641"", ""widget_name"": ""Gradient Boosting"", ""node_name"": ""梯度提升分类器"", ""node_params"": {""loss_function"": 0, ""n_estimators"": 10, ""learning_rate"": 0.1, ""use_max_depth"": false, ""max_depth"": 3, ""use_min_samples"": false, ""min_samples"": 2}}]}","{""dependency_requirements"": [{""edge_id"": ""2376"", ""source_node_id"": ""2895"", ""target_node_id"": ""2896""}], ""step_requirements"": [{""node_id"": ""2895"", ""algorithm_step_name"": ""Tabular Dataset Loading"", ""node_name"": ""鸢尾花示例数据"", ""node_params"": {""type"": ""sample"", ""filename"": ""housing.csv""}, ""contrast_level"": 2, ""node_type"": ""io""}, {""node_id"": ""2896"", ""algorithm_step_name"": ""Gradient Boosting Decision Tree"", ""node_name"": ""梯度提升分类器"", ""node_params"": {""loss_function"": 0, ""n_estimators"": 10, ""learning_rate"": 0.1, ""use_max_depth"": false, ""max_depth"": 3, ""use_min_samples"": false, ""min_samples"": 2}, ""contrast_level"": 2, ""node_type"": ""model""}]}",1.0
帮我把梯度提升模型的树数量设置为100，学习率修改为0.01。,1.0,4331,259,8.754892000004475,3.8322075689284247,4.004828691482544,0.9178557395935059,0.0,"{""edges"": [{""edge_id"": ""16460275436189342688"", ""source_node_id"": ""1642"", ""target_node_id"": ""1643""}], ""nodes"": [{""node_id"": ""1642"", ""widget_name"": ""File"", ""node_name"": ""鸢尾花示例数据"", ""node_params"": {""type"": ""sample"", ""filename"": ""iris.csv""}}, {""node_id"": ""1643"", ""widget_name"": ""Gradient Boosting"", ""node_name"": ""梯度提升分类器"", ""node_params"": {""loss_function"": 0, ""n_estimators"": 100, ""learning_rate"": 0.01, ""use_max_depth"": false, ""max_depth"": 3, ""use_min_samples"": false, ""min_samples"": 2}}]}","{""dependency_requirements"": [{""edge_id"": ""2376"", ""source_node_id"": ""2895"", ""target_node_id"": ""2896""}], ""step_requirements"": [{""node_id"": ""2895"", ""algorithm_step_name"": ""Tabular Dataset Loading"", ""node_name"": ""鸢尾花示例数据"", ""node_params"": {""type"": ""sample"", ""filename"": ""iris.csv""}, ""contrast_level"": 2, ""node_type"": ""io""}, {""node_id"": ""2896"", ""algorithm_step_name"": ""Gradient Boosting Decision Tree"", ""node_name"": ""梯度提升分类器"", ""node_params"": {""loss_function"": 0, ""n_estimators"": 100, ""learning_rate"": 0.01, ""use_max_depth"": false, ""max_depth"": 3, ""use_min_samples"": false, ""min_samples"": 2}, ""contrast_level"": 2, ""node_type"": ""model""}]}",1.0
帮我添加一个缺失值处理步骤，以便对鸢尾花数据进行缺失值处理,0.8,7000,536,12.84894269999495,3.680196943845658,4.239142417907715,4.929603338241577,0.0,"{""edges"": [{""edge_id"": ""17539647394047625527"", ""source_node_id"": ""1644"", ""target_node_id"": ""1646""}, {""edge_id"": ""12931055678823224293"", ""source_node_id"": ""1644"", ""target_node_id"": ""1647""}, {""edge_id"": ""8781296525572070524"", ""source_node_id"": ""1647"", ""target_node_id"": ""1645""}], ""nodes"": [{""node_id"": ""1644"", ""widget_name"": ""File"", ""node_name"": ""鸢尾花示例数据"", ""node_params"": {""type"": ""sample"", ""filename"": ""iris.csv""}}, {""node_id"": ""1645"", ""widget_name"": ""Gradient Boosting"", ""node_name"": ""梯度提升分类器"", ""node_params"": {""loss_function"": 0, ""n_estimators"": 10, ""learning_rate"": 0.1, ""use_max_depth"": false, ""max_depth"": 3, ""use_min_samples"": false, ""min_samples"": 2}}, {""node_id"": ""1646"", ""widget_name"": ""Impute"", ""node_name"": ""缺失值处理"", ""node_params"": {""method"": 1}}, {""node_id"": ""1647"", ""widget_name"": ""Impute"", ""node_name"": ""缺失值处理"", ""node_params"": {""method"": 1}}]}","{""dependency_requirements"": [{""edge_id"": ""4027"", ""source_node_id"": ""5159"", ""target_node_id"": ""5158""}, {""edge_id"": ""4028"", ""source_node_id"": ""5157"", ""target_node_id"": ""5159""}], ""step_requirements"": [{""node_id"": ""5157"", ""algorithm_step_name"": ""Tabular Dataset Loading"", ""node_name"": ""鸢尾花示例数据"", ""node_params"": {""type"": ""sample"", ""filename"": ""iris.csv""}, ""contrast_level"": 2, ""node_type"": ""io""}, {""node_id"": ""5158"", ""algorithm_step_name"": ""Gradient Boosting Decision Tree"", ""node_name"": ""梯度提升分类器"", ""node_params"": {""loss_function"": 0, ""n_estimators"": 10, ""learning_rate"": 0.1, ""use_max_depth"": false, ""max_depth"": 3, ""use_min_samples"": false, ""min_samples"": 2}, ""contrast_level"": 2, ""node_type"": ""model""}, {""node_id"": ""5159"", ""algorithm_step_name"": ""Missing Value Handling"", ""node_name"": ""Impute"", ""node_params"": {}, ""contrast_level"": 1, ""node_type"": ""preprocess""}]}",0.8571
帮我在模型训练之前添加一个数据划分步骤，以便将处理后的数据进行拆分。,0.8571,11736,711,15.9923839999974,3.990952534848475,3.6715636253356934,8.329867839813232,0.0,"{""edges"": [{""edge_id"": ""17991963134555329179"", ""source_node_id"": ""1648"", ""target_node_id"": ""1649""}, {""edge_id"": ""4576984437019910269"", ""source_node_id"": ""1649"", ""target_node_id"": ""1651""}], ""nodes"": [{""node_id"": ""1648"", ""widget_name"": ""File"", ""node_name"": ""鸢尾花示例数据"", ""node_params"": {""type"": ""sample"", ""filename"": ""iris.csv""}}, {""node_id"": ""1649"", ""widget_name"": ""Impute"", ""node_name"": ""缺失值填充"", ""node_params"": {""method"": 1}}, {""node_id"": ""1650"", ""widget_name"": ""Gradient Boosting"", ""node_name"": ""梯度提升分类器"", ""node_params"": {""loss_function"": 0, ""n_estimators"": 10, ""learning_rate"": 0.1, ""use_max_depth"": false, ""max_depth"": 3, ""use_min_samples"": false, ""min_samples"": 2}}, {""node_id"": ""1651"", ""widget_name"": ""Data Sampler"", ""node_name"": ""数据划分"", ""node_params"": {""sampling_type"": 0, ""percentage"": 10, ""n_samples"": 15, ""replacement"": false, ""n_folds"": 10, ""selected_folds"": 1, ""replicable"": false, ""stratified"": false}}]}","{""dependency_requirements"": [{""edge_id"": ""4029"", ""source_node_id"": ""5160"", ""target_node_id"": ""5161""}, {""edge_id"": ""4030"", ""source_node_id"": ""5163"", ""target_node_id"": ""5162""}, {""edge_id"": ""4031"", ""source_node_id"": ""5161"", ""target_node_id"": ""5163""}], ""step_requirements"": [{""node_id"": ""5160"", ""algorithm_step_name"": ""Tabular Dataset Loading"", ""node_name"": ""鸢尾花示例数据"", ""node_params"": {""type"": ""sample"", ""filename"": ""iris.csv""}, ""contrast_level"": 2, ""node_type"": ""io""}, {""node_id"": ""5161"", ""algorithm_step_name"": ""Missing Value Handling"", ""node_name"": ""缺失值填充"", ""node_params"": {""method"": 1}, ""contrast_level"": 2, ""node_type"": ""preprocess""}, {""node_id"": ""5162"", ""algorithm_step_name"": ""Gradient Boosting Decision Tree"", ""node_name"": ""梯度提升分类器"", ""node_params"": {""loss_function"": 0, ""n_estimators"": 10, ""learning_rate"": 0.1, ""use_max_depth"": false, ""max_depth"": 3, ""use_min_samples"": false, ""min_samples"": 2}, ""contrast_level"": 2, ""node_type"": ""model""}, {""node_id"": ""5163"", ""algorithm_step_name"": ""Dataset Division"", ""node_name"": ""Data Sampler"", ""node_params"": {}, ""contrast_level"": 1, ""node_type"": ""preprocess""}]}",0.75
我需要将数据划分的比例设置为8:2,1.0,4476,200,7.847421400001622,3.604907743385411,3.4728848934173584,0.7696287631988525,0.0,"{""edges"": [{""edge_id"": ""9618128186828153496"", ""source_node_id"": ""1652"", ""target_node_id"": ""1653""}, {""edge_id"": ""4655036613828270743"", ""source_node_id"": ""1653"", ""target_node_id"": ""1654""}, {""edge_id"": ""12040445686805043392"", ""source_node_id"": ""1654"", ""target_node_id"": ""1655""}], ""nodes"": [{""node_id"": ""1652"", ""widget_name"": ""File"", ""node_name"": ""鸢尾花示例数据"", ""node_params"": {""type"": ""sample"", ""filename"": ""iris.csv""}}, {""node_id"": ""1653"", ""widget_name"": ""Impute"", ""node_name"": ""缺失值填充"", ""node_params"": {""method"": 1}}, {""node_id"": ""1654"", ""widget_name"": ""Data Sampler"", ""node_name"": ""数据采样"", ""node_params"": {""sampling_type"": 0, ""percentage"": 20, ""n_samples"": 15, ""replacement"": false, ""n_folds"": 10, ""selected_folds"": 1, ""replicable"": false, ""stratified"": false}}, {""node_id"": ""1655"", ""widget_name"": ""Gradient Boosting"", ""node_name"": ""梯度提升分类器"", ""node_params"": {""loss_function"": 0, ""n_estimators"": 10, ""learning_rate"": 0.1, ""use_max_depth"": false, ""max_depth"": 3, ""use_min_samples"": false, ""min_samples"": 2}}]}","{""dependency_requirements"": [{""edge_id"": ""4032"", ""source_node_id"": ""5164"", ""target_node_id"": ""5165""}, {""edge_id"": ""4033"", ""source_node_id"": ""5165"", ""target_node_id"": ""5166""}, {""edge_id"": ""4034"", ""source_node_id"": ""5166"", ""target_node_id"": ""5167""}], ""step_requirements"": [{""node_id"": ""5164"", ""algorithm_step_name"": ""Tabular Dataset Loading"", ""node_name"": ""鸢尾花示例数据"", ""node_params"": {""type"": ""sample"", ""filename"": ""iris.csv""}, ""contrast_level"": 2, ""node_type"": ""io""}, {""node_id"": ""5165"", ""algorithm_step_name"": ""Missing Value Handling"", ""node_name"": ""缺失值填充"", ""node_params"": {""method"": 1}, ""contrast_level"": 2, ""node_type"": ""preprocess""}, {""node_id"": ""5166"", ""algorithm_step_name"": ""Dataset Division"", ""node_name"": ""数据采样"", ""node_params"": {""sampling_type"": 0, ""percentage"": 20, ""n_samples"": 15, ""replacement"": false, ""n_folds"": 10, ""selected_folds"": 1, ""replicable"": false, ""stratified"": false}, ""contrast_level"": 2, ""node_type"": ""preprocess""}, {""node_id"": ""5167"", ""algorithm_step_name"": ""Gradient Boosting Decision Tree"", ""node_name"": ""梯度提升分类器"", ""node_params"": {""loss_function"": 0, ""n_estimators"": 10, ""learning_rate"": 0.1, ""use_max_depth"": false, ""max_depth"": 3, ""use_min_samples"": false, ""min_samples"": 2}, ""contrast_level"": 2, ""node_type"": ""model""}]}",1.0
帮我添加一个模型评估步骤,1.0,3859,356,7.333444099996996,3.363720636938524,1.6225078105926514,2.3472156524658203,0.0,"{""edges"": [{""edge_id"": ""14224747978972829511"", ""source_node_id"": ""1656"", ""target_node_id"": ""1657""}, {""edge_id"": ""8994961543407380706"", ""source_node_id"": ""1657"", ""target_node_id"": ""1658""}, {""edge_id"": ""14094160972408990756"", ""source_node_id"": ""1658"", ""target_node_id"": ""1659""}, {""edge_id"": ""17226496583212441526"", ""source_node_id"": ""1658"", ""target_node_id"": ""1660""}, {""edge_id"": ""5540903454252762839"", ""source_node_id"": ""1659"", ""target_node_id"": ""1660""}, {""edge_id"": ""5245625668848936683"", ""source_node_id"": ""1658"", ""target_node_id"": ""1660""}], ""nodes"": [{""node_id"": ""1656"", ""widget_name"": ""File"", ""node_name"": ""鸢尾花示例数据"", ""node_params"": {""type"": ""sample"", ""filename"": ""iris.csv""}}, {""node_id"": ""1657"", ""widget_name"": ""Impute"", ""node_name"": ""缺失值处理"", ""node_params"": {""method"": 1}}, {""node_id"": ""1658"", ""widget_name"": ""Data Sampler"", ""node_name"": ""数据划分处理"", ""node_params"": {""sampling_type"": 0, ""percentage"": 10, ""n_samples"": 15, ""replacement"": false, ""n_folds"": 10, ""selected_folds"": 1, ""replicable"": false, ""stratified"": false}}, {""node_id"": ""1659"", ""widget_name"": ""Gradient Boosting"", ""node_name"": ""梯度提升分类器"", ""node_params"": {""loss_function"": 0, ""n_estimators"": 10, ""learning_rate"": 0.1, ""use_max_depth"": false, ""max_depth"": 3, ""use_min_samples"": false, ""min_samples"": 2}}, {""node_id"": ""1660"", ""widget_name"": ""Test and Score"", ""node_name"": ""模型评估"", ""node_params"": {}}]}","{""dependency_requirements"": [{""edge_id"": ""2379"", ""source_node_id"": ""2899"", ""target_node_id"": ""2900""}, {""edge_id"": ""2380"", ""source_node_id"": ""2900"", ""target_node_id"": ""2901""}, {""edge_id"": ""2381"", ""source_node_id"": ""2901"", ""target_node_id"": ""2902""}, {""edge_id"": ""2382"", ""source_node_id"": ""2901"", ""target_node_id"": ""2903""}, {""edge_id"": ""2384"", ""source_node_id"": ""2902"", ""target_node_id"": ""2903""}], ""step_requirements"": [{""node_id"": ""2899"", ""algorithm_step_name"": ""Tabular Dataset Loading"", ""node_name"": ""鸢尾花示例数据"", ""node_params"": {""type"": ""sample"", ""filename"": ""iris.csv""}, ""contrast_level"": 2, ""node_type"": ""io""}, {""node_id"": ""2900"", ""algorithm_step_name"": ""Missing Value Handling"", ""node_name"": ""缺失值处理"", ""node_params"": {""method"": 1}, ""contrast_level"": 2, ""node_type"": ""preprocess""}, {""node_id"": ""2901"", ""algorithm_step_name"": ""Dataset Division"", ""node_name"": ""数据划分处理"", ""node_params"": {""sampling_type"": 0, ""percentage"": 10, ""n_samples"": 15, ""replacement"": false, ""n_folds"": 10, ""selected_folds"": 1, ""replicable"": false, ""stratified"": false}, ""contrast_level"": 2, ""node_type"": ""preprocess""}, {""node_id"": ""2902"", ""algorithm_step_name"": ""Gradient Boosting Decision Tree"", ""node_name"": ""梯度提升分类器"", ""node_params"": {""loss_function"": 0, ""n_estimators"": 10, ""learning_rate"": 0.1, ""use_max_depth"": false, ""max_depth"": 3, ""use_min_samples"": false, ""min_samples"": 2}, ""contrast_level"": 2, ""node_type"": ""model""}, {""node_id"": ""2903"", ""algorithm_step_name"": ""Model Evaluate"", ""node_name"": ""模型评估"", ""node_params"": {}, ""contrast_level"": 1, ""node_type"": ""evaluate""}]}",1.0
数据集中没有缺失值，所以帮我把缺失值这个步骤删除掉。,1.0,4652,226,8.03506959999504,3.5563763531536097,3.4629998207092285,1.0156934261322021,0.0,"{""edges"": [{""edge_id"": ""10169940399341846813"", ""source_node_id"": ""1663"", ""target_node_id"": ""1664""}, {""edge_id"": ""2057129620654648487"", ""source_node_id"": ""1663"", ""target_node_id"": ""1665""}, {""edge_id"": ""726999402221841234"", ""source_node_id"": ""1664"", ""target_node_id"": ""1665""}, {""edge_id"": ""6704005485848141218"", ""source_node_id"": ""1661"", ""target_node_id"": ""1663""}], ""nodes"": [{""node_id"": ""1661"", ""widget_name"": ""File"", ""node_name"": ""鸢尾花示例数据"", ""node_params"": {""type"": ""sample"", ""filename"": ""iris.csv""}}, {""node_id"": ""1663"", ""widget_name"": ""Data Sampler"", ""node_name"": ""数据划分处理"", ""node_params"": {""sampling_type"": 0, ""percentage"": 10, ""n_samples"": 15, ""replacement"": false, ""n_folds"": 10, ""selected_folds"": 1, ""replicable"": false, ""stratified"": false}}, {""node_id"": ""1664"", ""widget_name"": ""Gradient Boosting"", ""node_name"": ""梯度提升分类器"", ""node_params"": {""loss_function"": 0, ""n_estimators"": 10, ""learning_rate"": 0.1, ""use_max_depth"": false, ""max_depth"": 3, ""use_min_samples"": false, ""min_samples"": 2}}, {""node_id"": ""1665"", ""widget_name"": ""Test and Score"", ""node_name"": ""模型评估"", ""node_params"": {}}]}","{""dependency_requirements"": [{""edge_id"": ""2387"", ""source_node_id"": ""2906"", ""target_node_id"": ""2907""}, {""edge_id"": ""2388"", ""source_node_id"": ""2906"", ""target_node_id"": ""2908""}, {""edge_id"": ""2390"", ""source_node_id"": ""2907"", ""target_node_id"": ""2908""}, {""edge_id"": ""2391"", ""source_node_id"": ""2904"", ""target_node_id"": ""2906""}], ""step_requirements"": [{""node_id"": ""2904"", ""algorithm_step_name"": ""Tabular Dataset Loading"", ""node_name"": ""鸢尾花示例数据"", ""node_params"": {""type"": ""sample"", ""filename"": ""iris.csv""}, ""contrast_level"": 2, ""node_type"": ""io""}, {""node_id"": ""2906"", ""algorithm_step_name"": ""Dataset Division"", ""node_name"": ""数据划分处理"", ""node_params"": {""sampling_type"": 0, ""percentage"": 10, ""n_samples"": 15, ""replacement"": false, ""n_folds"": 10, ""selected_folds"": 1, ""replicable"": false, ""stratified"": false}, ""contrast_level"": 2, ""node_type"": ""preprocess""}, {""node_id"": ""2907"", ""algorithm_step_name"": ""Gradient Boosting Decision Tree"", ""node_name"": ""梯度提升分类器"", ""node_params"": {""loss_function"": 0, ""n_estimators"": 10, ""learning_rate"": 0.1, ""use_max_depth"": false, ""max_depth"": 3, ""use_min_samples"": false, ""min_samples"": 2}, ""contrast_level"": 2, ""node_type"": ""model""}, {""node_id"": ""2908"", ""algorithm_step_name"": ""Model Evaluate"", ""node_name"": ""模型评估"", ""node_params"": {}, ""contrast_level"": 2, ""node_type"": ""evaluate""}]}",1.0
删除工作流中的KNN模型。,1.0,4775,220,8.070367200001783,3.5188969203081797,3.5139474868774414,1.037522792816162,0.0,"{""edges"": [{""edge_id"": ""11299646755013761805"", ""source_node_id"": ""1666"", ""target_node_id"": ""1667""}, {""edge_id"": ""13851321366797316887"", ""source_node_id"": ""1667"", ""target_node_id"": ""1668""}, {""edge_id"": ""17688735495931862329"", ""source_node_id"": ""1667"", ""target_node_id"": ""1670""}, {""edge_id"": ""15298086895286099920"", ""source_node_id"": ""1668"", ""target_node_id"": ""1670""}, {""edge_id"": ""4381311235114193154"", ""source_node_id"": ""1667"", ""target_node_id"": ""1670""}], ""nodes"": [{""node_id"": ""1666"", ""widget_name"": ""File"", ""node_name"": ""鸢尾花示例数据"", ""node_params"": {""type"": ""sample"", ""filename"": ""iris.csv""}}, {""node_id"": ""1667"", ""widget_name"": ""Data Sampler"", ""node_name"": ""数据划分处理"", ""node_params"": {""sampling_type"": 0, ""percentage"": 10, ""n_samples"": 15, ""replacement"": false, ""n_folds"": 10, ""selected_folds"": 1, ""replicable"": false, ""stratified"": false}}, {""node_id"": ""1668"", ""widget_name"": ""Gradient Boosting"", ""node_name"": ""梯度提升分类器"", ""node_params"": {""loss_function"": 0, ""n_estimators"": 10, ""learning_rate"": 0.1, ""use_max_depth"": false, ""max_depth"": 3, ""use_min_samples"": false, ""min_samples"": 2}}, {""node_id"": ""1670"", ""widget_name"": ""Test and Score"", ""node_name"": ""模型评估"", ""node_params"": {}}]}","{""dependency_requirements"": [{""edge_id"": ""2399"", ""source_node_id"": ""2914"", ""target_node_id"": ""2915""}, {""edge_id"": ""2400"", ""source_node_id"": ""2915"", ""target_node_id"": ""2916""}, {""edge_id"": ""2402"", ""source_node_id"": ""2915"", ""target_node_id"": ""2918""}, {""edge_id"": ""2404"", ""source_node_id"": ""2916"", ""target_node_id"": ""2918""}], ""step_requirements"": [{""node_id"": ""2914"", ""algorithm_step_name"": ""Tabular Dataset Loading"", ""node_name"": ""鸢尾花示例数据"", ""node_params"": {""type"": ""sample"", ""filename"": ""iris.csv""}, ""contrast_level"": 2, ""node_type"": ""io""}, {""node_id"": ""2915"", ""algorithm_step_name"": ""Dataset Division"", ""node_name"": ""数据划分处理"", ""node_params"": {""sampling_type"": 0, ""percentage"": 10, ""n_samples"": 15, ""replacement"": false, ""n_folds"": 10, ""selected_folds"": 1, ""replicable"": false, ""stratified"": false}, ""contrast_level"": 2, ""node_type"": ""preprocess""}, {""node_id"": ""2916"", ""algorithm_step_name"": ""Gradient Boosting Decision Tree"", ""node_name"": ""梯度提升分类器"", ""node_params"": {""loss_function"": 0, ""n_estimators"": 10, ""learning_rate"": 0.1, ""use_max_depth"": false, ""max_depth"": 3, ""use_min_samples"": false, ""min_samples"": 2}, ""contrast_level"": 2, ""node_type"": ""model""}, {""node_id"": ""2918"", ""algorithm_step_name"": ""Model Evaluate"", ""node_name"": ""模型评估"", ""node_params"": {}, ""contrast_level"": 2, ""node_type"": ""evaluate""}]}",1.0
帮我把工作流中的缺失值处理步骤和多余的KNN模型都删除掉,1.0,8347,397,15.277695999997377,6.329402314084291,7.296767473220825,1.6515262126922607,0.0,"{""edges"": [{""edge_id"": ""2734686429936748831"", ""source_node_id"": ""1673"", ""target_node_id"": ""1674""}, {""edge_id"": ""11334332399675575271"", ""source_node_id"": ""1673"", ""target_node_id"": ""1676""}, {""edge_id"": ""14772321252461856876"", ""source_node_id"": ""1674"", ""target_node_id"": ""1676""}, {""edge_id"": ""13640079701944128800"", ""source_node_id"": ""1671"", ""target_node_id"": ""1673""}], ""nodes"": [{""node_id"": ""1671"", ""widget_name"": ""File"", ""node_name"": ""鸢尾花示例数据"", ""node_params"": {""type"": ""sample"", ""filename"": ""iris.csv""}}, {""node_id"": ""1673"", ""widget_name"": ""Data Sampler"", ""node_name"": ""数据划分处理"", ""node_params"": {""sampling_type"": 0, ""percentage"": 10, ""n_samples"": 15, ""replacement"": false, ""n_folds"": 10, ""selected_folds"": 1, ""replicable"": false, ""stratified"": false}}, {""node_id"": ""1674"", ""widget_name"": ""Gradient Boosting"", ""node_name"": ""梯度提升分类器"", ""node_params"": {""loss_function"": 0, ""n_estimators"": 10, ""learning_rate"": 0.1, ""use_max_depth"": false, ""max_depth"": 3, ""use_min_samples"": false, ""min_samples"": 2}}, {""node_id"": ""1676"", ""widget_name"": ""Test and Score"", ""node_name"": ""模型评估"", ""node_params"": {}}]}","{""dependency_requirements"": [{""edge_id"": ""2408"", ""source_node_id"": ""2921"", ""target_node_id"": ""2922""}, {""edge_id"": ""2410"", ""source_node_id"": ""2921"", ""target_node_id"": ""2924""}, {""edge_id"": ""2412"", ""source_node_id"": ""2922"", ""target_node_id"": ""2924""}, {""edge_id"": ""2414"", ""source_node_id"": ""2919"", ""target_node_id"": ""2921""}], ""step_requirements"": [{""node_id"": ""2919"", ""algorithm_step_name"": ""Tabular Dataset Loading"", ""node_name"": ""鸢尾花示例数据"", ""node_params"": {""type"": ""sample"", ""filename"": ""iris.csv""}, ""contrast_level"": 2, ""node_type"": ""io""}, {""node_id"": ""2921"", ""algorithm_step_name"": ""Dataset Division"", ""node_name"": ""数据划分处理"", ""node_params"": {""sampling_type"": 0, ""percentage"": 10, ""n_samples"": 15, ""replacement"": false, ""n_folds"": 10, ""selected_folds"": 1, ""replicable"": false, ""stratified"": false}, ""contrast_level"": 2, ""node_type"": ""preprocess""}, {""node_id"": ""2922"", ""algorithm_step_name"": ""Gradient Boosting Decision Tree"", ""node_name"": ""梯度提升分类器"", ""node_params"": {""loss_function"": 0, ""n_estimators"": 10, ""learning_rate"": 0.1, ""use_max_depth"": false, ""max_depth"": 3, ""use_min_samples"": false, ""min_samples"": 2}, ""contrast_level"": 2, ""node_type"": ""model""}, {""node_id"": ""2924"", ""algorithm_step_name"": ""Model Evaluate"", ""node_name"": ""模型评估"", ""node_params"": {}, ""contrast_level"": 2, ""node_type"": ""evaluate""}]}",1.0
在数据抽样之前添加一个特征选择步骤，然后把数据抽样的抽样比例设置为抽取30%。,0.9,15189,890,21.266807400003017,6.668396555200161,4.923905611038208,9.674505233764648,0.0,"{""edges"": [{""edge_id"": ""12256422934503747295"", ""source_node_id"": ""1677"", ""target_node_id"": ""1678""}, {""edge_id"": ""8600153824832579880"", ""source_node_id"": ""1679"", ""target_node_id"": ""1680""}, {""edge_id"": ""10467323396330219293"", ""source_node_id"": ""1678"", ""target_node_id"": ""1681""}, {""edge_id"": ""12189355361948707980"", ""source_node_id"": ""1681"", ""target_node_id"": ""1679""}, {""edge_id"": ""2154928116563342981"", ""source_node_id"": ""1681"", ""target_node_id"": ""1680""}], ""nodes"": [{""node_id"": ""1677"", ""widget_name"": ""File"", ""node_name"": ""鸢尾花示例数据"", ""node_params"": {""type"": ""sample"", ""filename"": ""iris.csv""}}, {""node_id"": ""1678"", ""widget_name"": ""Data Sampler"", ""node_name"": ""数据划分处理"", ""node_params"": {""sampling_type"": 0, ""percentage"": 30, ""n_samples"": 15, ""replacement"": false, ""n_folds"": 10, ""selected_folds"": 1, ""replicable"": false, ""stratified"": false}}, {""node_id"": ""1679"", ""widget_name"": ""Gradient Boosting"", ""node_name"": ""梯度提升分类器"", ""node_params"": {""loss_function"": 0, ""n_estimators"": 10, ""learning_rate"": 0.1, ""use_max_depth"": false, ""max_depth"": 3, ""use_min_samples"": false, ""min_samples"": 2}}, {""node_id"": ""1680"", ""widget_name"": ""Predictions"", ""node_name"": ""预测"", ""node_params"": {""output_attrs"": true, ""output_predictions"": true, ""output_probabilities"": false}}, {""node_id"": ""1681"", ""widget_name"": ""Rank"", ""node_name"": ""特征选择"", ""node_params"": {}}]}","{""dependency_requirements"": [{""edge_id"": ""2485"", ""source_node_id"": ""2991"", ""target_node_id"": ""2988""}, {""edge_id"": ""2486"", ""source_node_id"": ""2988"", ""target_node_id"": ""2989""}, {""edge_id"": ""2487"", ""source_node_id"": ""2988"", ""target_node_id"": ""2990""}, {""edge_id"": ""2488"", ""source_node_id"": ""2989"", ""target_node_id"": ""2990""}, {""edge_id"": ""2489"", ""source_node_id"": ""2987"", ""target_node_id"": ""2991""}], ""step_requirements"": [{""node_id"": ""2987"", ""algorithm_step_name"": ""Tabular Dataset Loading"", ""node_name"": ""鸢尾花示例数据"", ""node_params"": {""type"": ""sample"", ""filename"": ""iris.csv""}, ""contrast_level"": 2, ""node_type"": ""io""}, {""node_id"": ""2988"", ""algorithm_step_name"": ""Dataset Division"", ""node_name"": ""数据划分处理"", ""node_params"": {""sampling_type"": 0, ""percentage"": 30, ""n_samples"": 15, ""replacement"": false, ""n_folds"": 10, ""selected_folds"": 1, ""replicable"": false, ""stratified"": false}, ""contrast_level"": 2, ""node_type"": ""preprocess""}, {""node_id"": ""2989"", ""algorithm_step_name"": ""Gradient Boosting Decision Tree"", ""node_name"": ""梯度提升分类器"", ""node_params"": {""loss_function"": 0, ""n_estimators"": 10, ""learning_rate"": 0.1, ""use_max_depth"": false, ""max_depth"": 3, ""use_min_samples"": false, ""min_samples"": 2}, ""contrast_level"": 2, ""node_type"": ""model""}, {""node_id"": ""2990"", ""algorithm_step_name"": ""Test Dataset Predictions"", ""node_name"": ""预测"", ""node_params"": {""output_attrs"": true, ""output_predictions"": true, ""output_probabilities"": false}, ""contrast_level"": 2, ""node_type"": ""predict""}, {""node_id"": ""2991"", ""algorithm_step_name"": ""Feature Selection"", ""node_name"": ""自动特征选择"", ""node_params"": {}, ""contrast_level"": 1, ""node_type"": ""feature engineering""}]}",0.8
帮我把数据划分的比例改为5:5，最后还需要你添加一个步骤帮我把预测结果保存。,1.0,8489,385,13.090523000006215,6.450755830053822,4.910922288894653,1.7288448810577393,0.0,"{""edges"": [{""edge_id"": ""12562446892320262071"", ""source_node_id"": ""1682"", ""target_node_id"": ""1683""}, {""edge_id"": ""3844596797546794938"", ""source_node_id"": ""1683"", ""target_node_id"": ""1684""}, {""edge_id"": ""2298399014500180245"", ""source_node_id"": ""1683"", ""target_node_id"": ""1685""}, {""edge_id"": ""3095661463098561350"", ""source_node_id"": ""1684"", ""target_node_id"": ""1685""}, {""edge_id"": ""6286147988145007895"", ""source_node_id"": ""1685"", ""target_node_id"": ""1686""}], ""nodes"": [{""node_id"": ""1682"", ""widget_name"": ""File"", ""node_name"": ""鸢尾花示例数据"", ""node_params"": {""type"": ""sample"", ""filename"": ""iris.csv""}}, {""node_id"": ""1683"", ""widget_name"": ""Data Sampler"", ""node_name"": ""数据划分处理"", ""node_params"": {""sampling_type"": 0, ""percentage"": 50, ""n_samples"": 15, ""replacement"": false, ""n_folds"": 10, ""selected_folds"": 1, ""replicable"": false, ""stratified"": false}}, {""node_id"": ""1684"", ""widget_name"": ""Gradient Boosting"", ""node_name"": ""梯度提升分类器"", ""node_params"": {""loss_function"": 0, ""n_estimators"": 10, ""learning_rate"": 0.1, ""use_max_depth"": false, ""max_depth"": 3, ""use_min_samples"": false, ""min_samples"": 2}}, {""node_id"": ""1685"", ""widget_name"": ""Predictions"", ""node_name"": ""预测"", ""node_params"": {""output_attrs"": true, ""output_predictions"": true, ""output_probabilities"": false}}, {""node_id"": ""1686"", ""widget_name"": ""Save Data"", ""node_name"": ""保存预测结果"", ""node_params"": {}}]}","{""dependency_requirements"": [{""edge_id"": ""2480"", ""source_node_id"": ""2982"", ""target_node_id"": ""2983""}, {""edge_id"": ""2481"", ""source_node_id"": ""2983"", ""target_node_id"": ""2984""}, {""edge_id"": ""2482"", ""source_node_id"": ""2983"", ""target_node_id"": ""2985""}, {""edge_id"": ""2483"", ""source_node_id"": ""2984"", ""target_node_id"": ""2985""}, {""edge_id"": ""2484"", ""source_node_id"": ""2985"", ""target_node_id"": ""2986""}], ""step_requirements"": [{""node_id"": ""2982"", ""algorithm_step_name"": ""Tabular Dataset Loading"", ""node_name"": ""鸢尾花示例数据"", ""node_params"": {""type"": ""sample"", ""filename"": ""iris.csv""}, ""contrast_level"": 2, ""node_type"": ""io""}, {""node_id"": ""2983"", ""algorithm_step_name"": ""Dataset Division"", ""node_name"": ""数据划分处理"", ""node_params"": {""sampling_type"": 0, ""percentage"": 50, ""n_samples"": 15, ""replacement"": false, ""n_folds"": 10, ""selected_folds"": 1, ""replicable"": false, ""stratified"": false}, ""contrast_level"": 2, ""node_type"": ""preprocess""}, {""node_id"": ""2984"", ""algorithm_step_name"": ""Gradient Boosting Decision Tree"", ""node_name"": ""梯度提升分类器"", ""node_params"": {""loss_function"": 0, ""n_estimators"": 10, ""learning_rate"": 0.1, ""use_max_depth"": false, ""max_depth"": 3, ""use_min_samples"": false, ""min_samples"": 2}, ""contrast_level"": 2, ""node_type"": ""model""}, {""node_id"": ""2985"", ""algorithm_step_name"": ""Test Dataset Predictions"", ""node_name"": ""预测"", ""node_params"": {""output_attrs"": true, ""output_predictions"": true, ""output_probabilities"": false}, ""contrast_level"": 2, ""node_type"": ""predict""}, {""node_id"": ""2986"", ""algorithm_step_name"": ""Save Data"", ""node_name"": ""Save Data"", ""node_params"": {}, ""contrast_level"": 1, ""node_type"": ""io""}]}",1.0
帮我把梯度提升模型的树数量设置为50，学习率设置为0.02。最后，我还需要添加一个模型评估步骤。,1.0,6501,503,14.535174899996491,6.6047685679805,5.5193703174591064,2.4110360145568848,0.0,"{""edges"": [{""edge_id"": ""10199895833380907308"", ""source_node_id"": ""1687"", ""target_node_id"": ""1688""}, {""edge_id"": ""16813232619168524678"", ""source_node_id"": ""1687"", ""target_node_id"": ""1689""}, {""edge_id"": ""9075337742847681346"", ""source_node_id"": ""1688"", ""target_node_id"": ""1689""}], ""nodes"": [{""node_id"": ""1687"", ""widget_name"": ""File"", ""node_name"": ""鸢尾花示例数据"", ""node_params"": {""type"": ""sample"", ""filename"": ""iris.csv""}}, {""node_id"": ""1688"", ""widget_name"": ""Gradient Boosting"", ""node_name"": ""梯度提升分类器"", ""node_params"": {""loss_function"": 0, ""n_estimators"": 50, ""learning_rate"": 0.02, ""use_max_depth"": false, ""max_depth"": 3, ""use_min_samples"": false, ""min_samples"": 2}}, {""node_id"": ""1689"", ""widget_name"": ""Test and Score"", ""node_name"": ""模型评估"", ""node_params"": {}}]}","{""dependency_requirements"": [{""edge_id"": ""2495"", ""source_node_id"": ""2998"", ""target_node_id"": ""2999""}, {""edge_id"": ""2496"", ""source_node_id"": ""2998"", ""target_node_id"": ""3000""}, {""edge_id"": ""2497"", ""source_node_id"": ""2999"", ""target_node_id"": ""3000""}], ""step_requirements"": [{""node_id"": ""2998"", ""algorithm_step_name"": ""Tabular Dataset Loading"", ""node_name"": ""鸢尾花示例数据"", ""node_params"": {""type"": ""sample"", ""filename"": ""iris.csv""}, ""contrast_level"": 2, ""node_type"": ""io""}, {""node_id"": ""2999"", ""algorithm_step_name"": ""Gradient Boosting Decision Tree"", ""node_name"": ""梯度提升分类器"", ""node_params"": {""loss_function"": 0, ""n_estimators"": 50, ""learning_rate"": 0.02, ""use_max_depth"": false, ""max_depth"": 3, ""use_min_samples"": false, ""min_samples"": 2}, ""contrast_level"": 2, ""node_type"": ""model""}, {""node_id"": ""3000"", ""algorithm_step_name"": ""Model Evaluate"", ""node_name"": ""模型评估"", ""node_params"": {}, ""contrast_level"": 1, ""node_type"": ""evaluate""}]}",1.0
帮我把缺失值处理方式修改为使用平均值填补，然后把多余的KNN模型删除掉。,1.0,7754,406,15.421149499998137,6.414924152479216,7.721440553665161,1.2847847938537598,0.0,"{""edges"": [{""edge_id"": ""4851238073571323058"", ""source_node_id"": ""1690"", ""target_node_id"": ""1691""}, {""edge_id"": ""9977612588685034776"", ""source_node_id"": ""1691"", ""target_node_id"": ""1692""}, {""edge_id"": ""4397409852638158958"", ""source_node_id"": ""1692"", ""target_node_id"": ""1693""}, {""edge_id"": ""3352183620301714455"", ""source_node_id"": ""1692"", ""target_node_id"": ""1695""}, {""edge_id"": ""4833637859025620124"", ""source_node_id"": ""1693"", ""target_node_id"": ""1695""}], ""nodes"": [{""node_id"": ""1690"", ""widget_name"": ""File"", ""node_name"": ""鸢尾花示例数据"", ""node_params"": {""type"": ""sample"", ""filename"": ""iris.csv""}}, {""node_id"": ""1691"", ""widget_name"": ""Impute"", ""node_name"": ""缺失值处理"", ""node_params"": {""method"": 2}}, {""node_id"": ""1692"", ""widget_name"": ""Data Sampler"", ""node_name"": ""数据划分处理"", ""node_params"": {""sampling_type"": 0, ""percentage"": 10, ""n_samples"": 15, ""replacement"": false, ""n_folds"": 10, ""selected_folds"": 1, ""replicable"": false, ""stratified"": false}}, {""node_id"": ""1693"", ""widget_name"": ""Gradient Boosting"", ""node_name"": ""梯度提升分类器"", ""node_params"": {""loss_function"": 0, ""n_estimators"": 10, ""learning_rate"": 0.1, ""use_max_depth"": false, ""max_depth"": 3, ""use_min_samples"": false, ""min_samples"": 2}}, {""node_id"": ""1695"", ""widget_name"": ""Test and Score"", ""node_name"": ""模型评估"", ""node_params"": {}}]}","{""dependency_requirements"": [{""edge_id"": ""2447"", ""source_node_id"": ""2958"", ""target_node_id"": ""2959""}, {""edge_id"": ""2448"", ""source_node_id"": ""2959"", ""target_node_id"": ""2960""}, {""edge_id"": ""2449"", ""source_node_id"": ""2960"", ""target_node_id"": ""2961""}, {""edge_id"": ""2451"", ""source_node_id"": ""2960"", ""target_node_id"": ""2963""}, {""edge_id"": ""2453"", ""source_node_id"": ""2961"", ""target_node_id"": ""2963""}], ""step_requirements"": [{""node_id"": ""2958"", ""algorithm_step_name"": ""Tabular Dataset Loading"", ""node_name"": ""鸢尾花示例数据"", ""node_params"": {""type"": ""sample"", ""filename"": ""iris.csv""}, ""contrast_level"": 2, ""node_type"": ""io""}, {""node_id"": ""2959"", ""algorithm_step_name"": ""Missing Value Handling"", ""node_name"": ""缺失值处理"", ""node_params"": {""method"": 2}, ""contrast_level"": 2, ""node_type"": ""preprocess""}, {""node_id"": ""2960"", ""algorithm_step_name"": ""Dataset Division"", ""node_name"": ""数据划分处理"", ""node_params"": {""sampling_type"": 0, ""percentage"": 10, ""n_samples"": 15, ""replacement"": false, ""n_folds"": 10, ""selected_folds"": 1, ""replicable"": false, ""stratified"": false}, ""contrast_level"": 2, ""node_type"": ""preprocess""}, {""node_id"": ""2961"", ""algorithm_step_name"": ""Gradient Boosting Decision Tree"", ""node_name"": ""梯度提升分类器"", ""node_params"": {""loss_function"": 0, ""n_estimators"": 10, ""learning_rate"": 0.1, ""use_max_depth"": false, ""max_depth"": 3, ""use_min_samples"": false, ""min_samples"": 2}, ""contrast_level"": 2, ""node_type"": ""model""}, {""node_id"": ""2963"", ""algorithm_step_name"": ""Model Evaluate"", ""node_name"": ""模型评估"", ""node_params"": {}, ""contrast_level"": 2, ""node_type"": ""evaluate""}]}",1.0
独热编码这个步骤是冗余的，帮我删除掉。在这之后还需要你将随机森林数的数量改为30，缺失值的处理方法改为用随机值填补。,1.0,11571,577,23.152370099996915,9.460912590002408,11.122804641723633,2.568652868270874,0.0,"{""edges"": [{""edge_id"": ""13788080673161634497"", ""source_node_id"": ""1696"", ""target_node_id"": ""1697""}, {""edge_id"": ""1079589941436374835"", ""source_node_id"": ""1699"", ""target_node_id"": ""1700""}, {""edge_id"": ""2562496616820655729"", ""source_node_id"": ""1699"", ""target_node_id"": ""1701""}, {""edge_id"": ""5234119721439492258"", ""source_node_id"": ""1700"", ""target_node_id"": ""1701""}, {""edge_id"": ""9026358182161373648"", ""source_node_id"": ""1697"", ""target_node_id"": ""1699""}], ""nodes"": [{""node_id"": ""1696"", ""widget_name"": ""File"", ""node_name"": ""数据"", ""node_params"": {""type"": ""sample"", ""filename"": ""iris.csv""}}, {""node_id"": ""1697"", ""widget_name"": ""Impute"", ""node_name"": ""缺失值处理"", ""node_params"": {""method"": 4}}, {""node_id"": ""1699"", ""widget_name"": ""Data Sampler"", ""node_name"": ""数据采样"", ""node_params"": {""sampling_type"": 0, ""percentage"": 10, ""n_samples"": 15, ""replacement"": false, ""n_folds"": 10, ""selected_folds"": 1, ""replicable"": false, ""stratified"": false}}, {""node_id"": ""1700"", ""widget_name"": ""Random Forest"", ""node_name"": ""随机森林"", ""node_params"": {""n_estimators"": 30, ""use_max_features"": false, ""max_features"": ""auto"", ""use_random_state"": false, ""use_max_depth"": false, ""max_depth"": 3, ""use_min_samples_split"": true, ""min_samples_split"": 2}}, {""node_id"": ""1701"", ""widget_name"": ""Test and Score"", ""node_name"": ""测试得分"", ""node_params"": {}}]}","{""dependency_requirements"": [{""edge_id"": ""2497"", ""source_node_id"": ""3002"", ""target_node_id"": ""3003""}, {""edge_id"": ""2500"", ""source_node_id"": ""3005"", ""target_node_id"": ""3006""}, {""edge_id"": ""2501"", ""source_node_id"": ""3005"", ""target_node_id"": ""3007""}, {""edge_id"": ""2503"", ""source_node_id"": ""3006"", ""target_node_id"": ""3007""}, {""edge_id"": ""2504"", ""source_node_id"": ""3003"", ""target_node_id"": ""3005""}], ""step_requirements"": [{""node_id"": ""3002"", ""algorithm_step_name"": ""Tabular Dataset Loading"", ""node_name"": ""数据"", ""node_params"": {""type"": ""sample"", ""filename"": ""iris.csv""}, ""contrast_level"": 2, ""node_type"": ""io""}, {""node_id"": ""3003"", ""algorithm_step_name"": ""Missing Value Handling"", ""node_name"": ""缺失值处理"", ""node_params"": {""method"": 4}, ""contrast_level"": 2, ""node_type"": ""preprocess""}, {""node_id"": ""3005"", ""algorithm_step_name"": ""Dataset Division"", ""node_name"": ""数据采样"", ""node_params"": {""sampling_type"": 0, ""percentage"": 10, ""n_samples"": 15, ""replacement"": false, ""n_folds"": 10, ""selected_folds"": 1, ""replicable"": false, ""stratified"": false}, ""contrast_level"": 2, ""node_type"": ""preprocess""}, {""node_id"": ""3006"", ""algorithm_step_name"": ""Random Forest"", ""node_name"": ""随机森林"", ""node_params"": {""n_estimators"": 30, ""use_max_features"": false, ""max_features"": ""auto"", ""use_random_state"": false, ""use_max_depth"": false, ""max_depth"": 3, ""use_min_samples_split"": true, ""min_samples_split"": 2}, ""contrast_level"": 2, ""node_type"": ""model""}, {""node_id"": ""3007"", ""algorithm_step_name"": ""Model Evaluate"", ""node_name"": ""测试得分"", ""node_params"": {}, ""contrast_level"": 2, ""node_type"": ""evaluate""}]}",1.0
帮我把多余的模型都删除掉，只留下梯度提升模型，并把它的学习率改为0.01。,1.0,5656,397,10.526486900002055,5.101725366264873,3.68483829498291,1.7399232387542725,0.0,"{""edges"": [{""edge_id"": ""2886223233767658181"", ""source_node_id"": ""1702"", ""target_node_id"": ""1703""}, {""edge_id"": ""11128128587888974769"", ""source_node_id"": ""1703"", ""target_node_id"": ""1705""}, {""edge_id"": ""14002645543082829218"", ""source_node_id"": ""1703"", ""target_node_id"": ""1708""}, {""edge_id"": ""9418251800602072783"", ""source_node_id"": ""1705"", ""target_node_id"": ""1708""}], ""nodes"": [{""node_id"": ""1702"", ""widget_name"": ""File"", ""node_name"": ""数据"", ""node_params"": {""type"": ""sample"", ""filename"": ""iris.csv""}}, {""node_id"": ""1703"", ""widget_name"": ""Data Sampler"", ""node_name"": ""数据采样"", ""node_params"": {""sampling_type"": 0, ""percentage"": 10, ""n_samples"": 15, ""replacement"": false, ""n_folds"": 10, ""selected_folds"": 1, ""replicable"": false, ""stratified"": false}}, {""node_id"": ""1705"", ""widget_name"": ""Gradient Boosting"", ""node_name"": ""Gradient Boosting"", ""node_params"": {""loss_function"": 0, ""n_estimators"": 10, ""learning_rate"": 0.01, ""use_max_depth"": false, ""max_depth"": 3, ""use_min_samples"": false, ""min_samples"": 2}}, {""node_id"": ""1708"", ""widget_name"": ""Test and Score"", ""node_name"": ""测试得分"", ""node_params"": {}}]}","{""dependency_requirements"": [{""edge_id"": ""2536"", ""source_node_id"": ""3032"", ""target_node_id"": ""3033""}, {""edge_id"": ""2538"", ""source_node_id"": ""3033"", ""target_node_id"": ""3035""}, {""edge_id"": ""2541"", ""source_node_id"": ""3033"", ""target_node_id"": ""3038""}, {""edge_id"": ""2544"", ""source_node_id"": ""3035"", ""target_node_id"": ""3038""}], ""step_requirements"": [{""node_id"": ""3032"", ""algorithm_step_name"": ""Tabular Dataset Loading"", ""node_name"": ""数据"", ""node_params"": {""type"": ""sample"", ""filename"": ""iris.csv""}, ""contrast_level"": 2, ""node_type"": ""io""}, {""node_id"": ""3033"", ""algorithm_step_name"": ""Dataset Division"", ""node_name"": ""数据采样"", ""node_params"": {""sampling_type"": 0, ""percentage"": 10, ""n_samples"": 15, ""replacement"": false, ""n_folds"": 10, ""selected_folds"": 1, ""replicable"": false, ""stratified"": false}, ""contrast_level"": 2, ""node_type"": ""preprocess""}, {""node_id"": ""3035"", ""algorithm_step_name"": ""Gradient Boosting Decision Tree"", ""node_name"": ""梯度提升"", ""node_params"": {""loss_function"": 0, ""n_estimators"": 10, ""learning_rate"": 0.01, ""use_max_depth"": false, ""max_depth"": 3, ""use_min_samples"": false, ""min_samples"": 2}, ""contrast_level"": 2, ""node_type"": ""model""}, {""node_id"": ""3038"", ""algorithm_step_name"": ""Model Evaluate"", ""node_name"": ""测试得分"", ""node_params"": {}, ""contrast_level"": 2, ""node_type"": ""evaluate""}]}",1.0
帮我把梯度提升模型更换为随机森林模型。,1.0,4872,251,8.579563799998141,3.717165413996554,3.7034425735473633,1.1589558124542236,0.0,"{""edges"": [{""edge_id"": ""2294411946455450431"", ""source_node_id"": ""1709"", ""target_node_id"": ""1710""}, {""edge_id"": ""8388996044835531742"", ""source_node_id"": ""1710"", ""target_node_id"": ""1711""}, {""edge_id"": ""16645599839582962726"", ""source_node_id"": ""1711"", ""target_node_id"": ""1713""}, {""edge_id"": ""3762476255887678802"", ""source_node_id"": ""1711"", ""target_node_id"": ""1714""}, {""edge_id"": ""347968458386170576"", ""source_node_id"": ""1714"", ""target_node_id"": ""1713""}], ""nodes"": [{""node_id"": ""1709"", ""widget_name"": ""File"", ""node_name"": ""鸢尾花示例数据"", ""node_params"": {""type"": ""sample"", ""filename"": ""iris.csv""}}, {""node_id"": ""1710"", ""widget_name"": ""Impute"", ""node_name"": ""缺失值处理"", ""node_params"": {""method"": 1}}, {""node_id"": ""1711"", ""widget_name"": ""Data Sampler"", ""node_name"": ""数据划分处理"", ""node_params"": {""sampling_type"": 0, ""percentage"": 10, ""n_samples"": 15, ""replacement"": false, ""n_folds"": 10, ""selected_folds"": 1, ""replicable"": false, ""stratified"": false}}, {""node_id"": ""1713"", ""widget_name"": ""Test and Score"", ""node_name"": ""模型评估"", ""node_params"": {}}, {""node_id"": ""1714"", ""widget_name"": ""Random Forest"", ""node_name"": ""随机森林分类器"", ""node_params"": {""n_estimators"": 10, ""use_max_features"": false, ""max_features"": ""auto"", ""use_random_state"": false, ""use_max_depth"": false, ""max_depth"": 3, ""use_min_samples_split"": true, ""min_samples_split"": 2}}]}","{""dependency_requirements"": [{""edge_id"": ""2455"", ""source_node_id"": ""2964"", ""target_node_id"": ""2965""}, {""edge_id"": ""2456"", ""source_node_id"": ""2965"", ""target_node_id"": ""2966""}, {""edge_id"": ""2458"", ""source_node_id"": ""2966"", ""target_node_id"": ""2968""}, {""edge_id"": ""2461"", ""source_node_id"": ""2966"", ""target_node_id"": ""2969""}, {""edge_id"": ""2462"", ""source_node_id"": ""2969"", ""target_node_id"": ""2968""}], ""step_requirements"": [{""node_id"": ""2964"", ""algorithm_step_name"": ""Tabular Dataset Loading"", ""node_name"": ""鸢尾花示例数据"", ""node_params"": {""type"": ""sample"", ""filename"": ""iris.csv""}, ""contrast_level"": 2, ""node_type"": ""io""}, {""node_id"": ""2965"", ""algorithm_step_name"": ""Missing Value Handling"", ""node_name"": ""缺失值处理"", ""node_params"": {""method"": 1}, ""contrast_level"": 2, ""node_type"": ""preprocess""}, {""node_id"": ""2966"", ""algorithm_step_name"": ""Dataset Division"", ""node_name"": ""数据划分处理"", ""node_params"": {""sampling_type"": 0, ""percentage"": 10, ""n_samples"": 15, ""replacement"": false, ""n_folds"": 10, ""selected_folds"": 1, ""replicable"": false, ""stratified"": false}, ""contrast_level"": 2, ""node_type"": ""preprocess""}, {""node_id"": ""2968"", ""algorithm_step_name"": ""Model Evaluate"", ""node_name"": ""模型评估"", ""node_params"": {}, ""contrast_level"": 2, ""node_type"": ""evaluate""}, {""node_id"": ""2969"", ""algorithm_step_name"": ""Random Forest"", ""node_name"": ""随机森林分类器"", ""node_params"": {}, ""contrast_level"": 1, ""node_type"": ""model""}]}",1.0
我不需要对模型进行评估了，帮我把模型评估组件换成预测组件。,1.0,4780,365,8.280658600000606,3.5142363282720908,1.7490737438201904,3.017348527908325,0.0,"{""edges"": [{""edge_id"": ""10538266236152992016"", ""source_node_id"": ""1715"", ""target_node_id"": ""1716""}, {""edge_id"": ""14546670874645636925"", ""source_node_id"": ""1716"", ""target_node_id"": ""1717""}, {""edge_id"": ""7154507580803441437"", ""source_node_id"": ""1717"", ""target_node_id"": ""1718""}, {""edge_id"": ""2140121934026106215"", ""source_node_id"": ""1718"", ""target_node_id"": ""1720""}, {""edge_id"": ""17201447521210930232"", ""source_node_id"": ""1717"", ""target_node_id"": ""1720""}], ""nodes"": [{""node_id"": ""1715"", ""widget_name"": ""File"", ""node_name"": ""鸢尾花示例数据"", ""node_params"": {""type"": ""sample"", ""filename"": ""iris.csv""}}, {""node_id"": ""1716"", ""widget_name"": ""Impute"", ""node_name"": ""缺失值处理"", ""node_params"": {""method"": 1}}, {""node_id"": ""1717"", ""widget_name"": ""Data Sampler"", ""node_name"": ""数据划分处理"", ""node_params"": {""sampling_type"": 0, ""percentage"": 10, ""n_samples"": 15, ""replacement"": false, ""n_folds"": 10, ""selected_folds"": 1, ""replicable"": false, ""stratified"": false}}, {""node_id"": ""1718"", ""widget_name"": ""Gradient Boosting"", ""node_name"": ""梯度提升分类器"", ""node_params"": {""loss_function"": 0, ""n_estimators"": 10, ""learning_rate"": 0.1, ""use_max_depth"": false, ""max_depth"": 3, ""use_min_samples"": false, ""min_samples"": 2}}, {""node_id"": ""1720"", ""widget_name"": ""Predictions"", ""node_name"": ""预测"", ""node_params"": {""output_attrs"": true, ""output_predictions"": true, ""output_probabilities"": true}}]}","{""dependency_requirements"": [{""edge_id"": ""2463"", ""source_node_id"": ""2970"", ""target_node_id"": ""2971""}, {""edge_id"": ""2464"", ""source_node_id"": ""2971"", ""target_node_id"": ""2972""}, {""edge_id"": ""2465"", ""source_node_id"": ""2972"", ""target_node_id"": ""2973""}, {""edge_id"": ""2469"", ""source_node_id"": ""2972"", ""target_node_id"": ""2975""}, {""edge_id"": ""2470"", ""source_node_id"": ""2973"", ""target_node_id"": ""2975""}], ""step_requirements"": [{""node_id"": ""2970"", ""algorithm_step_name"": ""Tabular Dataset Loading"", ""node_name"": ""鸢尾花示例数据"", ""node_params"": {""type"": ""sample"", ""filename"": ""iris.csv""}, ""contrast_level"": 2, ""node_type"": ""io""}, {""node_id"": ""2971"", ""algorithm_step_name"": ""Missing Value Handling"", ""node_name"": ""缺失值处理"", ""node_params"": {""method"": 1}, ""contrast_level"": 2, ""node_type"": ""preprocess""}, {""node_id"": ""2972"", ""algorithm_step_name"": ""Dataset Division"", ""node_name"": ""数据划分处理"", ""node_params"": {""sampling_type"": 0, ""percentage"": 10, ""n_samples"": 15, ""replacement"": false, ""n_folds"": 10, ""selected_folds"": 1, ""replicable"": false, ""stratified"": false}, ""contrast_level"": 2, ""node_type"": ""preprocess""}, {""node_id"": ""2973"", ""algorithm_step_name"": ""Gradient Boosting Decision Tree"", ""node_name"": ""梯度提升分类器"", ""node_params"": {""loss_function"": 0, ""n_estimators"": 10, ""learning_rate"": 0.1, ""use_max_depth"": false, ""max_depth"": 3, ""use_min_samples"": false, ""min_samples"": 2}, ""contrast_level"": 2, ""node_type"": ""model""}, {""node_id"": ""2975"", ""algorithm_step_name"": ""Test Dataset Predictions"", ""node_name"": ""预测"", ""node_params"": {}, ""contrast_level"": 1, ""node_type"": ""predict""}]}",1.0
帮我把缺失值处理步骤删除掉，并把梯度提升模型更换为随机森林模型。,1.0,8127,445,16.209889899997506,6.607983600406442,7.4418604373931885,2.160045862197876,0.0,"{""edges"": [{""edge_id"": ""17386319847174989451"", ""source_node_id"": ""1723"", ""target_node_id"": ""1725""}, {""edge_id"": ""10567484068111687287"", ""source_node_id"": ""1721"", ""target_node_id"": ""1723""}, {""edge_id"": ""1218593443222042641"", ""source_node_id"": ""1723"", ""target_node_id"": ""1726""}, {""edge_id"": ""7826078749887064284"", ""source_node_id"": ""1726"", ""target_node_id"": ""1725""}], ""nodes"": [{""node_id"": ""1721"", ""widget_name"": ""File"", ""node_name"": ""鸢尾花示例数据"", ""node_params"": {""type"": ""sample"", ""filename"": ""iris.csv""}}, {""node_id"": ""1723"", ""widget_name"": ""Data Sampler"", ""node_name"": ""数据划分处理"", ""node_params"": {""sampling_type"": 0, ""percentage"": 10, ""n_samples"": 15, ""replacement"": false, ""n_folds"": 10, ""selected_folds"": 1, ""replicable"": false, ""stratified"": false}}, {""node_id"": ""1725"", ""widget_name"": ""Test and Score"", ""node_name"": ""模型评估"", ""node_params"": {}}, {""node_id"": ""1726"", ""widget_name"": ""Random Forest"", ""node_name"": ""随机森林模型"", ""node_params"": {""n_estimators"": 10, ""use_max_features"": false, ""max_features"": ""auto"", ""use_random_state"": false, ""use_max_depth"": false, ""max_depth"": 3, ""use_min_samples_split"": true, ""min_samples_split"": 2}}]}","{""dependency_requirements"": [{""edge_id"": ""2474"", ""source_node_id"": ""2978"", ""target_node_id"": ""2980""}, {""edge_id"": ""2477"", ""source_node_id"": ""2976"", ""target_node_id"": ""2978""}, {""edge_id"": ""2478"", ""source_node_id"": ""2978"", ""target_node_id"": ""2981""}, {""edge_id"": ""2479"", ""source_node_id"": ""2981"", ""target_node_id"": ""2980""}], ""step_requirements"": [{""node_id"": ""2976"", ""algorithm_step_name"": ""Tabular Dataset Loading"", ""node_name"": ""鸢尾花示例数据"", ""node_params"": {""type"": ""sample"", ""filename"": ""iris.csv""}, ""contrast_level"": 2, ""node_type"": ""io""}, {""node_id"": ""2978"", ""algorithm_step_name"": ""Dataset Division"", ""node_name"": ""数据划分处理"", ""node_params"": {""sampling_type"": 0, ""percentage"": 10, ""n_samples"": 15, ""replacement"": false, ""n_folds"": 10, ""selected_folds"": 1, ""replicable"": false, ""stratified"": false}, ""contrast_level"": 2, ""node_type"": ""preprocess""}, {""node_id"": ""2980"", ""algorithm_step_name"": ""Model Evaluate"", ""node_name"": ""模型评估"", ""node_params"": {}, ""contrast_level"": 2, ""node_type"": ""evaluate""}, {""node_id"": ""2981"", ""algorithm_step_name"": ""Random Forest"", ""node_name"": ""随机森林"", ""node_params"": {}, ""contrast_level"": 1, ""node_type"": ""model""}]}",1.0
我的数据集没有缺失值，所以请你帮我删除掉缺失值处理这一步，然后把数据抽样的比例改为7:3，最后帮我添加一个可视化混淆矩阵的步骤。,1.0,8057,516,15.431550799999968,7.47779637495114,5.398029804229736,2.555724620819092,0.0,"{""edges"": [{""edge_id"": ""13896494399542756140"", ""source_node_id"": ""1729"", ""target_node_id"": ""1730""}, {""edge_id"": ""11971994731785189527"", ""source_node_id"": ""1729"", ""target_node_id"": ""1731""}, {""edge_id"": ""12929241411074996296"", ""source_node_id"": ""1730"", ""target_node_id"": ""1731""}, {""edge_id"": ""627015790748051355"", ""source_node_id"": ""1727"", ""target_node_id"": ""1729""}, {""edge_id"": ""5181253383522447226"", ""source_node_id"": ""1731"", ""target_node_id"": ""1732""}], ""nodes"": [{""node_id"": ""1727"", ""widget_name"": ""File"", ""node_name"": ""数据"", ""node_params"": {""type"": ""sample"", ""filename"": ""iris.csv""}}, {""node_id"": ""1729"", ""widget_name"": ""Data Sampler"", ""node_name"": ""数据采样"", ""node_params"": {""sampling_type"": 0, ""percentage"": 30, ""n_samples"": 15, ""replacement"": false, ""n_folds"": 10, ""selected_folds"": 1, ""replicable"": false, ""stratified"": false}}, {""node_id"": ""1730"", ""widget_name"": ""Gradient Boosting"", ""node_name"": ""Gradient Boosting"", ""node_params"": {""loss_function"": 0, ""n_estimators"": 10, ""learning_rate"": 0.1, ""use_max_depth"": false, ""max_depth"": 3, ""use_min_samples"": false, ""min_samples"": 2}}, {""node_id"": ""1731"", ""widget_name"": ""Test and Score"", ""node_name"": ""测试得分"", ""node_params"": {}}, {""node_id"": ""1732"", ""widget_name"": ""Confusion Matrix"", ""node_name"": ""混淆矩阵"", ""node_params"": {}}]}","{""dependency_requirements"": [{""edge_id"": ""2556"", ""source_node_id"": ""3047"", ""target_node_id"": ""3048""}, {""edge_id"": ""2557"", ""source_node_id"": ""3047"", ""target_node_id"": ""3049""}, {""edge_id"": ""2559"", ""source_node_id"": ""3048"", ""target_node_id"": ""3049""}, {""edge_id"": ""2560"", ""source_node_id"": ""3045"", ""target_node_id"": ""3047""}, {""edge_id"": ""2561"", ""source_node_id"": ""3049"", ""target_node_id"": ""3050""}], ""step_requirements"": [{""node_id"": ""3045"", ""algorithm_step_name"": ""Tabular Dataset Loading"", ""node_name"": ""数据"", ""node_params"": {""type"": ""sample"", ""filename"": ""iris.csv""}, ""contrast_level"": 2, ""node_type"": ""io""}, {""node_id"": ""3047"", ""algorithm_step_name"": ""Dataset Division"", ""node_name"": ""数据采样"", ""node_params"": {""sampling_type"": 0, ""percentage"": 30, ""n_samples"": 15, ""replacement"": false, ""n_folds"": 10, ""selected_folds"": 1, ""replicable"": false, ""stratified"": false}, ""contrast_level"": 2, ""node_type"": ""preprocess""}, {""node_id"": ""3048"", ""algorithm_step_name"": ""Gradient Boosting Decision Tree"", ""node_name"": ""梯度提升"", ""node_params"": {""loss_function"": 0, ""n_estimators"": 10, ""learning_rate"": 0.1, ""use_max_depth"": false, ""max_depth"": 3, ""use_min_samples"": false, ""min_samples"": 2}, ""contrast_level"": 2, ""node_type"": ""model""}, {""node_id"": ""3049"", ""algorithm_step_name"": ""Model Evaluate"", ""node_name"": ""测试得分"", ""node_params"": {}, ""contrast_level"": 2, ""node_type"": ""evaluate""}, {""node_id"": ""3050"", ""algorithm_step_name"": ""Confusion Matrix"", ""node_name"": ""混淆矩阵"", ""node_params"": {}, ""contrast_level"": 2, ""node_type"": ""visualize""}]}",1.0
帮我把加载的数据集换成房价示例数据集。然后，把kNN模型换成梯度提升模型。,1.0,7374,320,13.340781299993978,7.248728125021444,4.233129024505615,1.858924150466919,0.0,"{""edges"": [{""edge_id"": ""6137524125112932468"", ""source_node_id"": ""1733"", ""target_node_id"": ""1734""}, {""edge_id"": ""2255166288424175138"", ""source_node_id"": ""1734"", ""target_node_id"": ""1736""}, {""edge_id"": ""4435030373374469044"", ""source_node_id"": ""1734"", ""target_node_id"": ""1737""}, {""edge_id"": ""14829718215794210865"", ""source_node_id"": ""1737"", ""target_node_id"": ""1736""}], ""nodes"": [{""node_id"": ""1733"", ""widget_name"": ""File"", ""node_name"": ""数据"", ""node_params"": {""type"": ""sample"", ""filename"": ""housing.csv""}}, {""node_id"": ""1734"", ""widget_name"": ""Data Sampler"", ""node_name"": ""数据采样"", ""node_params"": {""sampling_type"": 0, ""percentage"": 10, ""n_samples"": 15, ""replacement"": false, ""n_folds"": 10, ""selected_folds"": 1, ""replicable"": false, ""stratified"": false}}, {""node_id"": ""1736"", ""widget_name"": ""Test and Score"", ""node_name"": ""测试得分"", ""node_params"": {}}, {""node_id"": ""1737"", ""widget_name"": ""Gradient Boosting"", ""node_name"": ""梯度提升"", ""node_params"": {""loss_function"": 0, ""n_estimators"": 10, ""learning_rate"": 0.1, ""use_max_depth"": false, ""max_depth"": 3, ""use_min_samples"": false, ""min_samples"": 2}}]}","{""dependency_requirements"": [{""edge_id"": ""2562"", ""source_node_id"": ""3051"", ""target_node_id"": ""3052""}, {""edge_id"": ""2564"", ""source_node_id"": ""3052"", ""target_node_id"": ""3054""}, {""edge_id"": ""2567"", ""source_node_id"": ""3052"", ""target_node_id"": ""3055""}, {""edge_id"": ""2568"", ""source_node_id"": ""3055"", ""target_node_id"": ""3054""}], ""step_requirements"": [{""node_id"": ""3051"", ""algorithm_step_name"": ""Tabular Dataset Loading"", ""node_name"": ""数据"", ""node_params"": {""type"": ""sample"", ""filename"": ""housing.csv""}, ""contrast_level"": 2, ""node_type"": ""io""}, {""node_id"": ""3052"", ""algorithm_step_name"": ""Dataset Division"", ""node_name"": ""数据采样"", ""node_params"": {""sampling_type"": 0, ""percentage"": 10, ""n_samples"": 15, ""replacement"": false, ""n_folds"": 10, ""selected_folds"": 1, ""replicable"": false, ""stratified"": false}, ""contrast_level"": 2, ""node_type"": ""preprocess""}, {""node_id"": ""3054"", ""algorithm_step_name"": ""Model Evaluate"", ""node_name"": ""测试得分"", ""node_params"": {}, ""contrast_level"": 2, ""node_type"": ""evaluate""}, {""node_id"": ""3055"", ""algorithm_step_name"": ""Gradient Boosting Decision Tree"", ""node_name"": ""梯度提升"", ""node_params"": {}, ""contrast_level"": 1, ""node_type"": ""model""}]}",1.0
帮我把连续化处理换成特征选择，KNN的邻节点个数改为7。,1.0,7062,399,14.014349100005347,6.9079419344780035,5.392269849777222,1.714137315750122,0.0,"{""edges"": [{""edge_id"": ""7561364719037376054"", ""source_node_id"": ""1740"", ""target_node_id"": ""1741""}, {""edge_id"": ""3123341806597808727"", ""source_node_id"": ""1740"", ""target_node_id"": ""1742""}, {""edge_id"": ""12287510501191251632"", ""source_node_id"": ""1741"", ""target_node_id"": ""1742""}, {""edge_id"": ""12781739916815476400"", ""source_node_id"": ""1738"", ""target_node_id"": ""1743""}, {""edge_id"": ""14547234952589837479"", ""source_node_id"": ""1743"", ""target_node_id"": ""1740""}], ""nodes"": [{""node_id"": ""1738"", ""widget_name"": ""File"", ""node_name"": ""数据"", ""node_params"": {""type"": ""sample"", ""filename"": ""iris.csv""}}, {""node_id"": ""1740"", ""widget_name"": ""Data Sampler"", ""node_name"": ""数据采样"", ""node_params"": {""sampling_type"": 0, ""percentage"": 10, ""n_samples"": 15, ""replacement"": false, ""n_folds"": 10, ""selected_folds"": 1, ""replicable"": false, ""stratified"": false}}, {""node_id"": ""1741"", ""widget_name"": ""kNN"", ""node_name"": ""kNN"", ""node_params"": {""n_neighbors"": 7, ""metric"": ""euclidean"", ""weights"": ""uniform""}}, {""node_id"": ""1742"", ""widget_name"": ""Test and Score"", ""node_name"": ""测试得分"", ""node_params"": {}}, {""node_id"": ""1743"", ""widget_name"": ""Rank"", ""node_name"": ""特征选择"", ""node_params"": {}}]}","{""dependency_requirements"": [{""edge_id"": ""2576"", ""source_node_id"": ""3067"", ""target_node_id"": ""3068""}, {""edge_id"": ""2577"", ""source_node_id"": ""3067"", ""target_node_id"": ""3069""}, {""edge_id"": ""2579"", ""source_node_id"": ""3068"", ""target_node_id"": ""3069""}, {""edge_id"": ""2580"", ""source_node_id"": ""3065"", ""target_node_id"": ""3070""}, {""edge_id"": ""2581"", ""source_node_id"": ""3070"", ""target_node_id"": ""3067""}], ""step_requirements"": [{""node_id"": ""3065"", ""algorithm_step_name"": ""Tabular Dataset Loading"", ""node_name"": ""数据"", ""node_params"": {""type"": ""sample"", ""filename"": ""iris.csv""}, ""contrast_level"": 2, ""node_type"": ""io""}, {""node_id"": ""3067"", ""algorithm_step_name"": ""Dataset Division"", ""node_name"": ""数据采样"", ""node_params"": {""sampling_type"": 0, ""percentage"": 10, ""n_samples"": 15, ""replacement"": false, ""n_folds"": 10, ""selected_folds"": 1, ""replicable"": false, ""stratified"": false}, ""contrast_level"": 2, ""node_type"": ""preprocess""}, {""node_id"": ""3068"", ""algorithm_step_name"": ""KNN"", ""node_name"": ""kNN"", ""node_params"": {""n_neighbors"": 7, ""metric"": ""euclidean"", ""weights"": ""uniform""}, ""contrast_level"": 2, ""node_type"": ""model""}, {""node_id"": ""3069"", ""algorithm_step_name"": ""Model Evaluate"", ""node_name"": ""测试得分"", ""node_params"": {}, ""contrast_level"": 2, ""node_type"": ""evaluate""}, {""node_id"": ""3070"", ""algorithm_step_name"": ""Feature Selection"", ""node_name"": ""特征选择"", ""node_params"": {}, ""contrast_level"": 1, ""node_type"": ""feature engineering""}]}",1.0
帮我把加载的鸢尾花示例数据修改为加载房价示例数据集。,1.0,3272,123,4.714941199999885,4.053661760073737,0.0011861324310302734,0.6600933074951172,0.0,"{""edges"": [{""edge_id"": ""5479660570268463716"", ""source_node_id"": ""1744"", ""target_node_id"": ""1745""}], ""nodes"": [{""node_id"": ""1744"", ""widget_name"": ""File"", ""node_name"": ""鸢尾花示例数据"", ""node_params"": {""type"": ""sample"", ""filename"": ""housing.csv""}}, {""node_id"": ""1745"", ""widget_name"": ""Gradient Boosting"", ""node_name"": ""梯度提升分类器"", ""node_params"": {""loss_function"": 0, ""n_estimators"": 10, ""learning_rate"": 0.1, ""use_max_depth"": false, ""max_depth"": 3, ""use_min_samples"": false, ""min_samples"": 2}}]}","{""dependency_requirements"": [{""edge_id"": ""2376"", ""source_node_id"": ""2895"", ""target_node_id"": ""2896""}], ""step_requirements"": [{""node_id"": ""2895"", ""algorithm_step_name"": ""Tabular Dataset Loading"", ""node_name"": ""鸢尾花示例数据"", ""node_params"": {""type"": ""sample"", ""filename"": ""housing.csv""}, ""contrast_level"": 2, ""node_type"": ""io""}, {""node_id"": ""2896"", ""algorithm_step_name"": ""Gradient Boosting Decision Tree"", ""node_name"": ""梯度提升分类器"", ""node_params"": {""loss_function"": 0, ""n_estimators"": 10, ""learning_rate"": 0.1, ""use_max_depth"": false, ""max_depth"": 3, ""use_min_samples"": false, ""min_samples"": 2}, ""contrast_level"": 2, ""node_type"": ""model""}]}",1.0
帮我把梯度提升模型的树数量设置为100，学习率修改为0.01。,1.0,4331,259,8.96750400000019,3.8591487162630074,4.18895411491394,0.9194011688232422,0.0,"{""edges"": [{""edge_id"": ""14152323278400132579"", ""source_node_id"": ""1746"", ""target_node_id"": ""1747""}], ""nodes"": [{""node_id"": ""1746"", ""widget_name"": ""File"", ""node_name"": ""鸢尾花示例数据"", ""node_params"": {""type"": ""sample"", ""filename"": ""iris.csv""}}, {""node_id"": ""1747"", ""widget_name"": ""Gradient Boosting"", ""node_name"": ""梯度提升分类器"", ""node_params"": {""loss_function"": 0, ""n_estimators"": 100, ""learning_rate"": 0.01, ""use_max_depth"": false, ""max_depth"": 3, ""use_min_samples"": false, ""min_samples"": 2}}]}","{""dependency_requirements"": [{""edge_id"": ""2376"", ""source_node_id"": ""2895"", ""target_node_id"": ""2896""}], ""step_requirements"": [{""node_id"": ""2895"", ""algorithm_step_name"": ""Tabular Dataset Loading"", ""node_name"": ""鸢尾花示例数据"", ""node_params"": {""type"": ""sample"", ""filename"": ""iris.csv""}, ""contrast_level"": 2, ""node_type"": ""io""}, {""node_id"": ""2896"", ""algorithm_step_name"": ""Gradient Boosting Decision Tree"", ""node_name"": ""梯度提升分类器"", ""node_params"": {""loss_function"": 0, ""n_estimators"": 100, ""learning_rate"": 0.01, ""use_max_depth"": false, ""max_depth"": 3, ""use_min_samples"": false, ""min_samples"": 2}, ""contrast_level"": 2, ""node_type"": ""model""}]}",1.0
帮我添加一个缺失值处理步骤，以便对鸢尾花数据进行缺失值处理,0.8,6996,494,12.339416299997538,3.7351506101476843,4.225350379943848,4.378915309906006,0.0,"{""edges"": [{""edge_id"": ""12870756799011889739"", ""source_node_id"": ""1748"", ""target_node_id"": ""1750""}, {""edge_id"": ""9997023711403111840"", ""source_node_id"": ""1748"", ""target_node_id"": ""1751""}, {""edge_id"": ""13627059047183468330"", ""source_node_id"": ""1751"", ""target_node_id"": ""1749""}], ""nodes"": [{""node_id"": ""1748"", ""widget_name"": ""File"", ""node_name"": ""鸢尾花示例数据"", ""node_params"": {""type"": ""sample"", ""filename"": ""iris.csv""}}, {""node_id"": ""1749"", ""widget_name"": ""Gradient Boosting"", ""node_name"": ""梯度提升分类器"", ""node_params"": {""loss_function"": 0, ""n_estimators"": 10, ""learning_rate"": 0.1, ""use_max_depth"": false, ""max_depth"": 3, ""use_min_samples"": false, ""min_samples"": 2}}, {""node_id"": ""1750"", ""widget_name"": ""Impute"", ""node_name"": ""缺失值处理"", ""node_params"": {""method"": 1}}, {""node_id"": ""1751"", ""widget_name"": ""Impute"", ""node_name"": ""缺失值处理"", ""node_params"": {""method"": 1}}]}","{""dependency_requirements"": [{""edge_id"": ""4027"", ""source_node_id"": ""5159"", ""target_node_id"": ""5158""}, {""edge_id"": ""4028"", ""source_node_id"": ""5157"", ""target_node_id"": ""5159""}], ""step_requirements"": [{""node_id"": ""5157"", ""algorithm_step_name"": ""Tabular Dataset Loading"", ""node_name"": ""鸢尾花示例数据"", ""node_params"": {""type"": ""sample"", ""filename"": ""iris.csv""}, ""contrast_level"": 2, ""node_type"": ""io""}, {""node_id"": ""5158"", ""algorithm_step_name"": ""Gradient Boosting Decision Tree"", ""node_name"": ""梯度提升分类器"", ""node_params"": {""loss_function"": 0, ""n_estimators"": 10, ""learning_rate"": 0.1, ""use_max_depth"": false, ""max_depth"": 3, ""use_min_samples"": false, ""min_samples"": 2}, ""contrast_level"": 2, ""node_type"": ""model""}, {""node_id"": ""5159"", ""algorithm_step_name"": ""Missing Value Handling"", ""node_name"": ""Impute"", ""node_params"": {}, ""contrast_level"": 1, ""node_type"": ""preprocess""}]}",0.8571
帮我在模型训练之前添加一个数据划分步骤，以便将处理后的数据进行拆分。,1.0,11660,589,14.676371200002905,3.9554525446073967,3.799793004989624,6.921125650405884,0.0,"{""edges"": [{""edge_id"": ""15691335190274351965"", ""source_node_id"": ""1752"", ""target_node_id"": ""1753""}, {""edge_id"": ""3135564726101012176"", ""source_node_id"": ""1753"", ""target_node_id"": ""1755""}, {""edge_id"": ""6944833960179570909"", ""source_node_id"": ""1755"", ""target_node_id"": ""1754""}], ""nodes"": [{""node_id"": ""1752"", ""widget_name"": ""File"", ""node_name"": ""鸢尾花示例数据"", ""node_params"": {""type"": ""sample"", ""filename"": ""iris.csv""}}, {""node_id"": ""1753"", ""widget_name"": ""Impute"", ""node_name"": ""缺失值填充"", ""node_params"": {""method"": 1}}, {""node_id"": ""1754"", ""widget_name"": ""Gradient Boosting"", ""node_name"": ""梯度提升分类器"", ""node_params"": {""loss_function"": 0, ""n_estimators"": 10, ""learning_rate"": 0.1, ""use_max_depth"": false, ""max_depth"": 3, ""use_min_samples"": false, ""min_samples"": 2}}, {""node_id"": ""1755"", ""widget_name"": ""Data Sampler"", ""node_name"": ""数据划分"", ""node_params"": {""sampling_type"": 0, ""percentage"": 10, ""n_samples"": 15, ""replacement"": false, ""n_folds"": 10, ""selected_folds"": 1, ""replicable"": false, ""stratified"": false}}]}","{""dependency_requirements"": [{""edge_id"": ""4029"", ""source_node_id"": ""5160"", ""target_node_id"": ""5161""}, {""edge_id"": ""4030"", ""source_node_id"": ""5163"", ""target_node_id"": ""5162""}, {""edge_id"": ""4031"", ""source_node_id"": ""5161"", ""target_node_id"": ""5163""}], ""step_requirements"": [{""node_id"": ""5160"", ""algorithm_step_name"": ""Tabular Dataset Loading"", ""node_name"": ""鸢尾花示例数据"", ""node_params"": {""type"": ""sample"", ""filename"": ""iris.csv""}, ""contrast_level"": 2, ""node_type"": ""io""}, {""node_id"": ""5161"", ""algorithm_step_name"": ""Missing Value Handling"", ""node_name"": ""缺失值填充"", ""node_params"": {""method"": 1}, ""contrast_level"": 2, ""node_type"": ""preprocess""}, {""node_id"": ""5162"", ""algorithm_step_name"": ""Gradient Boosting Decision Tree"", ""node_name"": ""梯度提升分类器"", ""node_params"": {""loss_function"": 0, ""n_estimators"": 10, ""learning_rate"": 0.1, ""use_max_depth"": false, ""max_depth"": 3, ""use_min_samples"": false, ""min_samples"": 2}, ""contrast_level"": 2, ""node_type"": ""model""}, {""node_id"": ""5163"", ""algorithm_step_name"": ""Dataset Division"", ""node_name"": ""Data Sampler"", ""node_params"": {}, ""contrast_level"": 1, ""node_type"": ""preprocess""}]}",1.0
我需要将数据划分的比例设置为8:2,1.0,4476,225,8.201232399995206,3.6791977549146395,3.7918858528137207,0.7301487922668457,0.0,"{""edges"": [{""edge_id"": ""1283495765966381651"", ""source_node_id"": ""1756"", ""target_node_id"": ""1757""}, {""edge_id"": ""14194435628103085826"", ""source_node_id"": ""1757"", ""target_node_id"": ""1758""}, {""edge_id"": ""9465929043862125223"", ""source_node_id"": ""1758"", ""target_node_id"": ""1759""}], ""nodes"": [{""node_id"": ""1756"", ""widget_name"": ""File"", ""node_name"": ""鸢尾花示例数据"", ""node_params"": {""type"": ""sample"", ""filename"": ""iris.csv""}}, {""node_id"": ""1757"", ""widget_name"": ""Impute"", ""node_name"": ""缺失值填充"", ""node_params"": {""method"": 1}}, {""node_id"": ""1758"", ""widget_name"": ""Data Sampler"", ""node_name"": ""数据采样"", ""node_params"": {""sampling_type"": 0, ""percentage"": 20, ""n_samples"": 15, ""replacement"": false, ""n_folds"": 10, ""selected_folds"": 1, ""replicable"": false, ""stratified"": false}}, {""node_id"": ""1759"", ""widget_name"": ""Gradient Boosting"", ""node_name"": ""梯度提升分类器"", ""node_params"": {""loss_function"": 0, ""n_estimators"": 10, ""learning_rate"": 0.1, ""use_max_depth"": false, ""max_depth"": 3, ""use_min_samples"": false, ""min_samples"": 2}}]}","{""dependency_requirements"": [{""edge_id"": ""4032"", ""source_node_id"": ""5164"", ""target_node_id"": ""5165""}, {""edge_id"": ""4033"", ""source_node_id"": ""5165"", ""target_node_id"": ""5166""}, {""edge_id"": ""4034"", ""source_node_id"": ""5166"", ""target_node_id"": ""5167""}], ""step_requirements"": [{""node_id"": ""5164"", ""algorithm_step_name"": ""Tabular Dataset Loading"", ""node_name"": ""鸢尾花示例数据"", ""node_params"": {""type"": ""sample"", ""filename"": ""iris.csv""}, ""contrast_level"": 2, ""node_type"": ""io""}, {""node_id"": ""5165"", ""algorithm_step_name"": ""Missing Value Handling"", ""node_name"": ""缺失值填充"", ""node_params"": {""method"": 1}, ""contrast_level"": 2, ""node_type"": ""preprocess""}, {""node_id"": ""5166"", ""algorithm_step_name"": ""Dataset Division"", ""node_name"": ""数据采样"", ""node_params"": {""sampling_type"": 0, ""percentage"": 20, ""n_samples"": 15, ""replacement"": false, ""n_folds"": 10, ""selected_folds"": 1, ""replicable"": false, ""stratified"": false}, ""contrast_level"": 2, ""node_type"": ""preprocess""}, {""node_id"": ""5167"", ""algorithm_step_name"": ""Gradient Boosting Decision Tree"", ""node_name"": ""梯度提升分类器"", ""node_params"": {""loss_function"": 0, ""n_estimators"": 10, ""learning_rate"": 0.1, ""use_max_depth"": false, ""max_depth"": 3, ""use_min_samples"": false, ""min_samples"": 2}, ""contrast_level"": 2, ""node_type"": ""model""}]}",1.0
帮我添加一个模型评估步骤,1.0,3855,331,7.03930560000299,3.3970479095733026,1.5996716022491455,2.042586088180542,0.0,"{""edges"": [{""edge_id"": ""9254347529347636443"", ""source_node_id"": ""1760"", ""target_node_id"": ""1761""}, {""edge_id"": ""3357472502513305771"", ""source_node_id"": ""1761"", ""target_node_id"": ""1762""}, {""edge_id"": ""9750503275889042426"", ""source_node_id"": ""1762"", ""target_node_id"": ""1763""}, {""edge_id"": ""6337297171692189152"", ""source_node_id"": ""1762"", ""target_node_id"": ""1764""}, {""edge_id"": ""4626325555439477093"", ""source_node_id"": ""1763"", ""target_node_id"": ""1764""}, {""edge_id"": ""10298007398916030927"", ""source_node_id"": ""1762"", ""target_node_id"": ""1764""}], ""nodes"": [{""node_id"": ""1760"", ""widget_name"": ""File"", ""node_name"": ""鸢尾花示例数据"", ""node_params"": {""type"": ""sample"", ""filename"": ""iris.csv""}}, {""node_id"": ""1761"", ""widget_name"": ""Impute"", ""node_name"": ""缺失值处理"", ""node_params"": {""method"": 1}}, {""node_id"": ""1762"", ""widget_name"": ""Data Sampler"", ""node_name"": ""数据划分处理"", ""node_params"": {""sampling_type"": 0, ""percentage"": 10, ""n_samples"": 15, ""replacement"": false, ""n_folds"": 10, ""selected_folds"": 1, ""replicable"": false, ""stratified"": false}}, {""node_id"": ""1763"", ""widget_name"": ""Gradient Boosting"", ""node_name"": ""梯度提升分类器"", ""node_params"": {""loss_function"": 0, ""n_estimators"": 10, ""learning_rate"": 0.1, ""use_max_depth"": false, ""max_depth"": 3, ""use_min_samples"": false, ""min_samples"": 2}}, {""node_id"": ""1764"", ""widget_name"": ""Test and Score"", ""node_name"": ""模型评估"", ""node_params"": {}}]}","{""dependency_requirements"": [{""edge_id"": ""2379"", ""source_node_id"": ""2899"", ""target_node_id"": ""2900""}, {""edge_id"": ""2380"", ""source_node_id"": ""2900"", ""target_node_id"": ""2901""}, {""edge_id"": ""2381"", ""source_node_id"": ""2901"", ""target_node_id"": ""2902""}, {""edge_id"": ""2382"", ""source_node_id"": ""2901"", ""target_node_id"": ""2903""}, {""edge_id"": ""2384"", ""source_node_id"": ""2902"", ""target_node_id"": ""2903""}], ""step_requirements"": [{""node_id"": ""2899"", ""algorithm_step_name"": ""Tabular Dataset Loading"", ""node_name"": ""鸢尾花示例数据"", ""node_params"": {""type"": ""sample"", ""filename"": ""iris.csv""}, ""contrast_level"": 2, ""node_type"": ""io""}, {""node_id"": ""2900"", ""algorithm_step_name"": ""Missing Value Handling"", ""node_name"": ""缺失值处理"", ""node_params"": {""method"": 1}, ""contrast_level"": 2, ""node_type"": ""preprocess""}, {""node_id"": ""2901"", ""algorithm_step_name"": ""Dataset Division"", ""node_name"": ""数据划分处理"", ""node_params"": {""sampling_type"": 0, ""percentage"": 10, ""n_samples"": 15, ""replacement"": false, ""n_folds"": 10, ""selected_folds"": 1, ""replicable"": false, ""stratified"": false}, ""contrast_level"": 2, ""node_type"": ""preprocess""}, {""node_id"": ""2902"", ""algorithm_step_name"": ""Gradient Boosting Decision Tree"", ""node_name"": ""梯度提升分类器"", ""node_params"": {""loss_function"": 0, ""n_estimators"": 10, ""learning_rate"": 0.1, ""use_max_depth"": false, ""max_depth"": 3, ""use_min_samples"": false, ""min_samples"": 2}, ""contrast_level"": 2, ""node_type"": ""model""}, {""node_id"": ""2903"", ""algorithm_step_name"": ""Model Evaluate"", ""node_name"": ""模型评估"", ""node_params"": {}, ""contrast_level"": 1, ""node_type"": ""evaluate""}]}",1.0
数据集中没有缺失值，所以帮我把缺失值这个步骤删除掉。,1.0,4656,226,8.195186299999477,3.6768755147058982,3.5,1.018310785293579,0.0,"{""edges"": [{""edge_id"": ""16608673839508311011"", ""source_node_id"": ""1767"", ""target_node_id"": ""1768""}, {""edge_id"": ""11173955779264936540"", ""source_node_id"": ""1767"", ""target_node_id"": ""1769""}, {""edge_id"": ""1074657977207455459"", ""source_node_id"": ""1768"", ""target_node_id"": ""1769""}, {""edge_id"": ""11695731480654624958"", ""source_node_id"": ""1765"", ""target_node_id"": ""1767""}], ""nodes"": [{""node_id"": ""1765"", ""widget_name"": ""File"", ""node_name"": ""鸢尾花示例数据"", ""node_params"": {""type"": ""sample"", ""filename"": ""iris.csv""}}, {""node_id"": ""1767"", ""widget_name"": ""Data Sampler"", ""node_name"": ""数据划分处理"", ""node_params"": {""sampling_type"": 0, ""percentage"": 10, ""n_samples"": 15, ""replacement"": false, ""n_folds"": 10, ""selected_folds"": 1, ""replicable"": false, ""stratified"": false}}, {""node_id"": ""1768"", ""widget_name"": ""Gradient Boosting"", ""node_name"": ""梯度提升分类器"", ""node_params"": {""loss_function"": 0, ""n_estimators"": 10, ""learning_rate"": 0.1, ""use_max_depth"": false, ""max_depth"": 3, ""use_min_samples"": false, ""min_samples"": 2}}, {""node_id"": ""1769"", ""widget_name"": ""Test and Score"", ""node_name"": ""模型评估"", ""node_params"": {}}]}","{""dependency_requirements"": [{""edge_id"": ""2387"", ""source_node_id"": ""2906"", ""target_node_id"": ""2907""}, {""edge_id"": ""2388"", ""source_node_id"": ""2906"", ""target_node_id"": ""2908""}, {""edge_id"": ""2390"", ""source_node_id"": ""2907"", ""target_node_id"": ""2908""}, {""edge_id"": ""2391"", ""source_node_id"": ""2904"", ""target_node_id"": ""2906""}], ""step_requirements"": [{""node_id"": ""2904"", ""algorithm_step_name"": ""Tabular Dataset Loading"", ""node_name"": ""鸢尾花示例数据"", ""node_params"": {""type"": ""sample"", ""filename"": ""iris.csv""}, ""contrast_level"": 2, ""node_type"": ""io""}, {""node_id"": ""2906"", ""algorithm_step_name"": ""Dataset Division"", ""node_name"": ""数据划分处理"", ""node_params"": {""sampling_type"": 0, ""percentage"": 10, ""n_samples"": 15, ""replacement"": false, ""n_folds"": 10, ""selected_folds"": 1, ""replicable"": false, ""stratified"": false}, ""contrast_level"": 2, ""node_type"": ""preprocess""}, {""node_id"": ""2907"", ""algorithm_step_name"": ""Gradient Boosting Decision Tree"", ""node_name"": ""梯度提升分类器"", ""node_params"": {""loss_function"": 0, ""n_estimators"": 10, ""learning_rate"": 0.1, ""use_max_depth"": false, ""max_depth"": 3, ""use_min_samples"": false, ""min_samples"": 2}, ""contrast_level"": 2, ""node_type"": ""model""}, {""node_id"": ""2908"", ""algorithm_step_name"": ""Model Evaluate"", ""node_name"": ""模型评估"", ""node_params"": {}, ""contrast_level"": 2, ""node_type"": ""evaluate""}]}",1.0
删除工作流中的KNN模型。,1.0,4771,220,8.472696000004362,3.6525093850141275,3.7758071422576904,1.044379472732544,0.0,"{""edges"": [{""edge_id"": ""16314061815813540203"", ""source_node_id"": ""1770"", ""target_node_id"": ""1771""}, {""edge_id"": ""7998649265944747962"", ""source_node_id"": ""1771"", ""target_node_id"": ""1772""}, {""edge_id"": ""8954812429547570328"", ""source_node_id"": ""1771"", ""target_node_id"": ""1774""}, {""edge_id"": ""1527946269779039896"", ""source_node_id"": ""1772"", ""target_node_id"": ""1774""}, {""edge_id"": ""13776393325099723896"", ""source_node_id"": ""1771"", ""target_node_id"": ""1774""}], ""nodes"": [{""node_id"": ""1770"", ""widget_name"": ""File"", ""node_name"": ""鸢尾花示例数据"", ""node_params"": {""type"": ""sample"", ""filename"": ""iris.csv""}}, {""node_id"": ""1771"", ""widget_name"": ""Data Sampler"", ""node_name"": ""数据划分处理"", ""node_params"": {""sampling_type"": 0, ""percentage"": 10, ""n_samples"": 15, ""replacement"": false, ""n_folds"": 10, ""selected_folds"": 1, ""replicable"": false, ""stratified"": false}}, {""node_id"": ""1772"", ""widget_name"": ""Gradient Boosting"", ""node_name"": ""梯度提升分类器"", ""node_params"": {""loss_function"": 0, ""n_estimators"": 10, ""learning_rate"": 0.1, ""use_max_depth"": false, ""max_depth"": 3, ""use_min_samples"": false, ""min_samples"": 2}}, {""node_id"": ""1774"", ""widget_name"": ""Test and Score"", ""node_name"": ""模型评估"", ""node_params"": {}}]}","{""dependency_requirements"": [{""edge_id"": ""2399"", ""source_node_id"": ""2914"", ""target_node_id"": ""2915""}, {""edge_id"": ""2400"", ""source_node_id"": ""2915"", ""target_node_id"": ""2916""}, {""edge_id"": ""2402"", ""source_node_id"": ""2915"", ""target_node_id"": ""2918""}, {""edge_id"": ""2404"", ""source_node_id"": ""2916"", ""target_node_id"": ""2918""}], ""step_requirements"": [{""node_id"": ""2914"", ""algorithm_step_name"": ""Tabular Dataset Loading"", ""node_name"": ""鸢尾花示例数据"", ""node_params"": {""type"": ""sample"", ""filename"": ""iris.csv""}, ""contrast_level"": 2, ""node_type"": ""io""}, {""node_id"": ""2915"", ""algorithm_step_name"": ""Dataset Division"", ""node_name"": ""数据划分处理"", ""node_params"": {""sampling_type"": 0, ""percentage"": 10, ""n_samples"": 15, ""replacement"": false, ""n_folds"": 10, ""selected_folds"": 1, ""replicable"": false, ""stratified"": false}, ""contrast_level"": 2, ""node_type"": ""preprocess""}, {""node_id"": ""2916"", ""algorithm_step_name"": ""Gradient Boosting Decision Tree"", ""node_name"": ""梯度提升分类器"", ""node_params"": {""loss_function"": 0, ""n_estimators"": 10, ""learning_rate"": 0.1, ""use_max_depth"": false, ""max_depth"": 3, ""use_min_samples"": false, ""min_samples"": 2}, ""contrast_level"": 2, ""node_type"": ""model""}, {""node_id"": ""2918"", ""algorithm_step_name"": ""Model Evaluate"", ""node_name"": ""模型评估"", ""node_params"": {}, ""contrast_level"": 2, ""node_type"": ""evaluate""}]}",1.0
帮我把工作流中的缺失值处理步骤和多余的KNN模型都删除掉,0.875,14873,763,21.726650299999164,6.619290890666889,7.544814586639404,7.562544822692871,0.0,"{""edges"": [{""edge_id"": ""803637091798370747"", ""source_node_id"": ""1777"", ""target_node_id"": ""1778""}, {""edge_id"": ""15663052595256219009"", ""source_node_id"": ""1777"", ""target_node_id"": ""1780""}, {""edge_id"": ""528293156497377116"", ""source_node_id"": ""1775"", ""target_node_id"": ""1777""}], ""nodes"": [{""node_id"": ""1775"", ""widget_name"": ""File"", ""node_name"": ""鸢尾花示例数据"", ""node_params"": {""type"": ""sample"", ""filename"": ""iris.csv""}}, {""node_id"": ""1777"", ""widget_name"": ""Data Sampler"", ""node_name"": ""数据划分处理"", ""node_params"": {""sampling_type"": 0, ""percentage"": 10, ""n_samples"": 15, ""replacement"": false, ""n_folds"": 10, ""selected_folds"": 1, ""replicable"": false, ""stratified"": false}}, {""node_id"": ""1778"", ""widget_name"": ""Gradient Boosting"", ""node_name"": ""梯度提升分类器"", ""node_params"": {""loss_function"": 0, ""n_estimators"": 10, ""learning_rate"": 0.1, ""use_max_depth"": false, ""max_depth"": 3, ""use_min_samples"": false, ""min_samples"": 2}}, {""node_id"": ""1780"", ""widget_name"": ""Test and Score"", ""node_name"": ""模型评估"", ""node_params"": {}}]}","{""dependency_requirements"": [{""edge_id"": ""2408"", ""source_node_id"": ""2921"", ""target_node_id"": ""2922""}, {""edge_id"": ""2410"", ""source_node_id"": ""2921"", ""target_node_id"": ""2924""}, {""edge_id"": ""2412"", ""source_node_id"": ""2922"", ""target_node_id"": ""2924""}, {""edge_id"": ""2414"", ""source_node_id"": ""2919"", ""target_node_id"": ""2921""}], ""step_requirements"": [{""node_id"": ""2919"", ""algorithm_step_name"": ""Tabular Dataset Loading"", ""node_name"": ""鸢尾花示例数据"", ""node_params"": {""type"": ""sample"", ""filename"": ""iris.csv""}, ""contrast_level"": 2, ""node_type"": ""io""}, {""node_id"": ""2921"", ""algorithm_step_name"": ""Dataset Division"", ""node_name"": ""数据划分处理"", ""node_params"": {""sampling_type"": 0, ""percentage"": 10, ""n_samples"": 15, ""replacement"": false, ""n_folds"": 10, ""selected_folds"": 1, ""replicable"": false, ""stratified"": false}, ""contrast_level"": 2, ""node_type"": ""preprocess""}, {""node_id"": ""2922"", ""algorithm_step_name"": ""Gradient Boosting Decision Tree"", ""node_name"": ""梯度提升分类器"", ""node_params"": {""loss_function"": 0, ""n_estimators"": 10, ""learning_rate"": 0.1, ""use_max_depth"": false, ""max_depth"": 3, ""use_min_samples"": false, ""min_samples"": 2}, ""contrast_level"": 2, ""node_type"": ""model""}, {""node_id"": ""2924"", ""algorithm_step_name"": ""Model Evaluate"", ""node_name"": ""模型评估"", ""node_params"": {}, ""contrast_level"": 2, ""node_type"": ""evaluate""}]}",0.75
在数据抽样之前添加一个特征选择步骤，然后把数据抽样的抽样比例设置为抽取30%。,0.9,15198,882,20.90442990000156,6.3655378692856175,4.803454637527466,9.735437393188477,0.0,"{""edges"": [{""edge_id"": ""13937384953115071028"", ""source_node_id"": ""1781"", ""target_node_id"": ""1782""}, {""edge_id"": ""12677384689397005181"", ""source_node_id"": ""1783"", ""target_node_id"": ""1784""}, {""edge_id"": ""11677155600682023614"", ""source_node_id"": ""1782"", ""target_node_id"": ""1785""}, {""edge_id"": ""14420120138344038415"", ""source_node_id"": ""1785"", ""target_node_id"": ""1783""}, {""edge_id"": ""10268579806702623799"", ""source_node_id"": ""1785"", ""target_node_id"": ""1784""}], ""nodes"": [{""node_id"": ""1781"", ""widget_name"": ""File"", ""node_name"": ""鸢尾花示例数据"", ""node_params"": {""type"": ""sample"", ""filename"": ""iris.csv""}}, {""node_id"": ""1782"", ""widget_name"": ""Data Sampler"", ""node_name"": ""数据划分处理"", ""node_params"": {""sampling_type"": 0, ""percentage"": 30, ""n_samples"": 15, ""replacement"": false, ""n_folds"": 10, ""selected_folds"": 1, ""replicable"": false, ""stratified"": false}}, {""node_id"": ""1783"", ""widget_name"": ""Gradient Boosting"", ""node_name"": ""梯度提升分类器"", ""node_params"": {""loss_function"": 0, ""n_estimators"": 10, ""learning_rate"": 0.1, ""use_max_depth"": false, ""max_depth"": 3, ""use_min_samples"": false, ""min_samples"": 2}}, {""node_id"": ""1784"", ""widget_name"": ""Predictions"", ""node_name"": ""预测"", ""node_params"": {""output_attrs"": true, ""output_predictions"": true, ""output_probabilities"": false}}, {""node_id"": ""1785"", ""widget_name"": ""Rank"", ""node_name"": ""特征选择"", ""node_params"": {}}]}","{""dependency_requirements"": [{""edge_id"": ""2485"", ""source_node_id"": ""2991"", ""target_node_id"": ""2988""}, {""edge_id"": ""2486"", ""source_node_id"": ""2988"", ""target_node_id"": ""2989""}, {""edge_id"": ""2487"", ""source_node_id"": ""2988"", ""target_node_id"": ""2990""}, {""edge_id"": ""2488"", ""source_node_id"": ""2989"", ""target_node_id"": ""2990""}, {""edge_id"": ""2489"", ""source_node_id"": ""2987"", ""target_node_id"": ""2991""}], ""step_requirements"": [{""node_id"": ""2987"", ""algorithm_step_name"": ""Tabular Dataset Loading"", ""node_name"": ""鸢尾花示例数据"", ""node_params"": {""type"": ""sample"", ""filename"": ""iris.csv""}, ""contrast_level"": 2, ""node_type"": ""io""}, {""node_id"": ""2988"", ""algorithm_step_name"": ""Dataset Division"", ""node_name"": ""数据划分处理"", ""node_params"": {""sampling_type"": 0, ""percentage"": 30, ""n_samples"": 15, ""replacement"": false, ""n_folds"": 10, ""selected_folds"": 1, ""replicable"": false, ""stratified"": false}, ""contrast_level"": 2, ""node_type"": ""preprocess""}, {""node_id"": ""2989"", ""algorithm_step_name"": ""Gradient Boosting Decision Tree"", ""node_name"": ""梯度提升分类器"", ""node_params"": {""loss_function"": 0, ""n_estimators"": 10, ""learning_rate"": 0.1, ""use_max_depth"": false, ""max_depth"": 3, ""use_min_samples"": false, ""min_samples"": 2}, ""contrast_level"": 2, ""node_type"": ""model""}, {""node_id"": ""2990"", ""algorithm_step_name"": ""Test Dataset Predictions"", ""node_name"": ""预测"", ""node_params"": {""output_attrs"": true, ""output_predictions"": true, ""output_probabilities"": false}, ""contrast_level"": 2, ""node_type"": ""predict""}, {""node_id"": ""2991"", ""algorithm_step_name"": ""Feature Selection"", ""node_name"": ""自动特征选择"", ""node_params"": {}, ""contrast_level"": 1, ""node_type"": ""feature engineering""}]}",0.8
帮我把数据划分的比例改为5:5，最后还需要你添加一个步骤帮我把预测结果保存。,1.0,8492,385,12.95882359999814,6.3519927646557335,4.869948625564575,1.736882209777832,0.0,"{""edges"": [{""edge_id"": ""6839783818104938799"", ""source_node_id"": ""1786"", ""target_node_id"": ""1787""}, {""edge_id"": ""10659360978924731220"", ""source_node_id"": ""1787"", ""target_node_id"": ""1788""}, {""edge_id"": ""2813693817173005516"", ""source_node_id"": ""1787"", ""target_node_id"": ""1789""}, {""edge_id"": ""16882491278811552339"", ""source_node_id"": ""1788"", ""target_node_id"": ""1789""}, {""edge_id"": ""8744430796974584910"", ""source_node_id"": ""1789"", ""target_node_id"": ""1790""}], ""nodes"": [{""node_id"": ""1786"", ""widget_name"": ""File"", ""node_name"": ""鸢尾花示例数据"", ""node_params"": {""type"": ""sample"", ""filename"": ""iris.csv""}}, {""node_id"": ""1787"", ""widget_name"": ""Data Sampler"", ""node_name"": ""数据划分处理"", ""node_params"": {""sampling_type"": 0, ""percentage"": 50, ""n_samples"": 15, ""replacement"": false, ""n_folds"": 10, ""selected_folds"": 1, ""replicable"": false, ""stratified"": false}}, {""node_id"": ""1788"", ""widget_name"": ""Gradient Boosting"", ""node_name"": ""梯度提升分类器"", ""node_params"": {""loss_function"": 0, ""n_estimators"": 10, ""learning_rate"": 0.1, ""use_max_depth"": false, ""max_depth"": 3, ""use_min_samples"": false, ""min_samples"": 2}}, {""node_id"": ""1789"", ""widget_name"": ""Predictions"", ""node_name"": ""预测"", ""node_params"": {""output_attrs"": true, ""output_predictions"": true, ""output_probabilities"": false}}, {""node_id"": ""1790"", ""widget_name"": ""Save Data"", ""node_name"": ""保存预测结果"", ""node_params"": {}}]}","{""dependency_requirements"": [{""edge_id"": ""2480"", ""source_node_id"": ""2982"", ""target_node_id"": ""2983""}, {""edge_id"": ""2481"", ""source_node_id"": ""2983"", ""target_node_id"": ""2984""}, {""edge_id"": ""2482"", ""source_node_id"": ""2983"", ""target_node_id"": ""2985""}, {""edge_id"": ""2483"", ""source_node_id"": ""2984"", ""target_node_id"": ""2985""}, {""edge_id"": ""2484"", ""source_node_id"": ""2985"", ""target_node_id"": ""2986""}], ""step_requirements"": [{""node_id"": ""2982"", ""algorithm_step_name"": ""Tabular Dataset Loading"", ""node_name"": ""鸢尾花示例数据"", ""node_params"": {""type"": ""sample"", ""filename"": ""iris.csv""}, ""contrast_level"": 2, ""node_type"": ""io""}, {""node_id"": ""2983"", ""algorithm_step_name"": ""Dataset Division"", ""node_name"": ""数据划分处理"", ""node_params"": {""sampling_type"": 0, ""percentage"": 50, ""n_samples"": 15, ""replacement"": false, ""n_folds"": 10, ""selected_folds"": 1, ""replicable"": false, ""stratified"": false}, ""contrast_level"": 2, ""node_type"": ""preprocess""}, {""node_id"": ""2984"", ""algorithm_step_name"": ""Gradient Boosting Decision Tree"", ""node_name"": ""梯度提升分类器"", ""node_params"": {""loss_function"": 0, ""n_estimators"": 10, ""learning_rate"": 0.1, ""use_max_depth"": false, ""max_depth"": 3, ""use_min_samples"": false, ""min_samples"": 2}, ""contrast_level"": 2, ""node_type"": ""model""}, {""node_id"": ""2985"", ""algorithm_step_name"": ""Test Dataset Predictions"", ""node_name"": ""预测"", ""node_params"": {""output_attrs"": true, ""output_predictions"": true, ""output_probabilities"": false}, ""contrast_level"": 2, ""node_type"": ""predict""}, {""node_id"": ""2986"", ""algorithm_step_name"": ""Save Data"", ""node_name"": ""Save Data"", ""node_params"": {}, ""contrast_level"": 1, ""node_type"": ""io""}]}",1.0
帮我把梯度提升模型的树数量设置为50，学习率设置为0.02。最后，我还需要添加一个模型评估步骤。,1.0,6501,503,14.368619399996533,6.572757440539135,5.382882118225098,2.4129798412323,0.0,"{""edges"": [{""edge_id"": ""14054092455343144217"", ""source_node_id"": ""1791"", ""target_node_id"": ""1792""}, {""edge_id"": ""6295827118943783648"", ""source_node_id"": ""1791"", ""target_node_id"": ""1793""}, {""edge_id"": ""3118990275273013531"", ""source_node_id"": ""1792"", ""target_node_id"": ""1793""}], ""nodes"": [{""node_id"": ""1791"", ""widget_name"": ""File"", ""node_name"": ""鸢尾花示例数据"", ""node_params"": {""type"": ""sample"", ""filename"": ""iris.csv""}}, {""node_id"": ""1792"", ""widget_name"": ""Gradient Boosting"", ""node_name"": ""梯度提升分类器"", ""node_params"": {""loss_function"": 0, ""n_estimators"": 50, ""learning_rate"": 0.02, ""use_max_depth"": false, ""max_depth"": 3, ""use_min_samples"": false, ""min_samples"": 2}}, {""node_id"": ""1793"", ""widget_name"": ""Test and Score"", ""node_name"": ""模型评估"", ""node_params"": {}}]}","{""dependency_requirements"": [{""edge_id"": ""2495"", ""source_node_id"": ""2998"", ""target_node_id"": ""2999""}, {""edge_id"": ""2496"", ""source_node_id"": ""2998"", ""target_node_id"": ""3000""}, {""edge_id"": ""2497"", ""source_node_id"": ""2999"", ""target_node_id"": ""3000""}], ""step_requirements"": [{""node_id"": ""2998"", ""algorithm_step_name"": ""Tabular Dataset Loading"", ""node_name"": ""鸢尾花示例数据"", ""node_params"": {""type"": ""sample"", ""filename"": ""iris.csv""}, ""contrast_level"": 2, ""node_type"": ""io""}, {""node_id"": ""2999"", ""algorithm_step_name"": ""Gradient Boosting Decision Tree"", ""node_name"": ""梯度提升分类器"", ""node_params"": {""loss_function"": 0, ""n_estimators"": 50, ""learning_rate"": 0.02, ""use_max_depth"": false, ""max_depth"": 3, ""use_min_samples"": false, ""min_samples"": 2}, ""contrast_level"": 2, ""node_type"": ""model""}, {""node_id"": ""3000"", ""algorithm_step_name"": ""Model Evaluate"", ""node_name"": ""模型评估"", ""node_params"": {}, ""contrast_level"": 1, ""node_type"": ""evaluate""}]}",1.0
帮我把缺失值处理方式修改为使用平均值填补，然后把多余的KNN模型删除掉。,1.0,8314,414,15.917025499999,6.55035274571128,7.591290712356567,1.7753820419311523,0.0,"{""edges"": [{""edge_id"": ""4981879300291138998"", ""source_node_id"": ""1794"", ""target_node_id"": ""1795""}, {""edge_id"": ""2260796897480539043"", ""source_node_id"": ""1795"", ""target_node_id"": ""1796""}, {""edge_id"": ""6113916958275691797"", ""source_node_id"": ""1796"", ""target_node_id"": ""1797""}, {""edge_id"": ""7941138811681045573"", ""source_node_id"": ""1796"", ""target_node_id"": ""1799""}, {""edge_id"": ""1778532311090446866"", ""source_node_id"": ""1797"", ""target_node_id"": ""1799""}, {""edge_id"": ""5934397835531007254"", ""source_node_id"": ""1796"", ""target_node_id"": ""1799""}], ""nodes"": [{""node_id"": ""1794"", ""widget_name"": ""File"", ""node_name"": ""鸢尾花示例数据"", ""node_params"": {""type"": ""sample"", ""filename"": ""iris.csv""}}, {""node_id"": ""1795"", ""widget_name"": ""Impute"", ""node_name"": ""缺失值处理"", ""node_params"": {""method"": 2}}, {""node_id"": ""1796"", ""widget_name"": ""Data Sampler"", ""node_name"": ""数据划分处理"", ""node_params"": {""sampling_type"": 0, ""percentage"": 10, ""n_samples"": 15, ""replacement"": false, ""n_folds"": 10, ""selected_folds"": 1, ""replicable"": false, ""stratified"": false}}, {""node_id"": ""1797"", ""widget_name"": ""Gradient Boosting"", ""node_name"": ""梯度提升分类器"", ""node_params"": {""loss_function"": 0, ""n_estimators"": 10, ""learning_rate"": 0.1, ""use_max_depth"": false, ""max_depth"": 3, ""use_min_samples"": false, ""min_samples"": 2}}, {""node_id"": ""1799"", ""widget_name"": ""Test and Score"", ""node_name"": ""模型评估"", ""node_params"": {}}]}","{""dependency_requirements"": [{""edge_id"": ""2447"", ""source_node_id"": ""2958"", ""target_node_id"": ""2959""}, {""edge_id"": ""2448"", ""source_node_id"": ""2959"", ""target_node_id"": ""2960""}, {""edge_id"": ""2449"", ""source_node_id"": ""2960"", ""target_node_id"": ""2961""}, {""edge_id"": ""2451"", ""source_node_id"": ""2960"", ""target_node_id"": ""2963""}, {""edge_id"": ""2453"", ""source_node_id"": ""2961"", ""target_node_id"": ""2963""}], ""step_requirements"": [{""node_id"": ""2958"", ""algorithm_step_name"": ""Tabular Dataset Loading"", ""node_name"": ""鸢尾花示例数据"", ""node_params"": {""type"": ""sample"", ""filename"": ""iris.csv""}, ""contrast_level"": 2, ""node_type"": ""io""}, {""node_id"": ""2959"", ""algorithm_step_name"": ""Missing Value Handling"", ""node_name"": ""缺失值处理"", ""node_params"": {""method"": 2}, ""contrast_level"": 2, ""node_type"": ""preprocess""}, {""node_id"": ""2960"", ""algorithm_step_name"": ""Dataset Division"", ""node_name"": ""数据划分处理"", ""node_params"": {""sampling_type"": 0, ""percentage"": 10, ""n_samples"": 15, ""replacement"": false, ""n_folds"": 10, ""selected_folds"": 1, ""replicable"": false, ""stratified"": false}, ""contrast_level"": 2, ""node_type"": ""preprocess""}, {""node_id"": ""2961"", ""algorithm_step_name"": ""Gradient Boosting Decision Tree"", ""node_name"": ""梯度提升分类器"", ""node_params"": {""loss_function"": 0, ""n_estimators"": 10, ""learning_rate"": 0.1, ""use_max_depth"": false, ""max_depth"": 3, ""use_min_samples"": false, ""min_samples"": 2}, ""contrast_level"": 2, ""node_type"": ""model""}, {""node_id"": ""2963"", ""algorithm_step_name"": ""Model Evaluate"", ""node_name"": ""模型评估"", ""node_params"": {}, ""contrast_level"": 2, ""node_type"": ""evaluate""}]}",1.0
独热编码这个步骤是冗余的，帮我删除掉。在这之后还需要你将随机森林数的数量改为30，缺失值的处理方法改为用随机值填补。,1.0,11581,579,22.943060499994317,9.389636856882134,11.020128726959229,2.533294916152954,0.0,"{""edges"": [{""edge_id"": ""17564543864973412297"", ""source_node_id"": ""1800"", ""target_node_id"": ""1801""}, {""edge_id"": ""5644064189266999965"", ""source_node_id"": ""1803"", ""target_node_id"": ""1804""}, {""edge_id"": ""13102237754890068872"", ""source_node_id"": ""1803"", ""target_node_id"": ""1805""}, {""edge_id"": ""13990464089017970615"", ""source_node_id"": ""1804"", ""target_node_id"": ""1805""}, {""edge_id"": ""15370020092980333920"", ""source_node_id"": ""1801"", ""target_node_id"": ""1803""}], ""nodes"": [{""node_id"": ""1800"", ""widget_name"": ""File"", ""node_name"": ""数据"", ""node_params"": {""type"": ""sample"", ""filename"": ""iris.csv""}}, {""node_id"": ""1801"", ""widget_name"": ""Impute"", ""node_name"": ""缺失值处理"", ""node_params"": {""method"": 4}}, {""node_id"": ""1803"", ""widget_name"": ""Data Sampler"", ""node_name"": ""数据采样"", ""node_params"": {""sampling_type"": 0, ""percentage"": 10, ""n_samples"": 15, ""replacement"": false, ""n_folds"": 10, ""selected_folds"": 1, ""replicable"": false, ""stratified"": false}}, {""node_id"": ""1804"", ""widget_name"": ""Random Forest"", ""node_name"": ""随机森林"", ""node_params"": {""n_estimators"": 30, ""use_max_features"": false, ""max_features"": ""auto"", ""use_random_state"": false, ""use_max_depth"": false, ""max_depth"": 3, ""use_min_samples_split"": true, ""min_samples_split"": 2}}, {""node_id"": ""1805"", ""widget_name"": ""Test and Score"", ""node_name"": ""测试得分"", ""node_params"": {}}]}","{""dependency_requirements"": [{""edge_id"": ""2497"", ""source_node_id"": ""3002"", ""target_node_id"": ""3003""}, {""edge_id"": ""2500"", ""source_node_id"": ""3005"", ""target_node_id"": ""3006""}, {""edge_id"": ""2501"", ""source_node_id"": ""3005"", ""target_node_id"": ""3007""}, {""edge_id"": ""2503"", ""source_node_id"": ""3006"", ""target_node_id"": ""3007""}, {""edge_id"": ""2504"", ""source_node_id"": ""3003"", ""target_node_id"": ""3005""}], ""step_requirements"": [{""node_id"": ""3002"", ""algorithm_step_name"": ""Tabular Dataset Loading"", ""node_name"": ""数据"", ""node_params"": {""type"": ""sample"", ""filename"": ""iris.csv""}, ""contrast_level"": 2, ""node_type"": ""io""}, {""node_id"": ""3003"", ""algorithm_step_name"": ""Missing Value Handling"", ""node_name"": ""缺失值处理"", ""node_params"": {""method"": 4}, ""contrast_level"": 2, ""node_type"": ""preprocess""}, {""node_id"": ""3005"", ""algorithm_step_name"": ""Dataset Division"", ""node_name"": ""数据采样"", ""node_params"": {""sampling_type"": 0, ""percentage"": 10, ""n_samples"": 15, ""replacement"": false, ""n_folds"": 10, ""selected_folds"": 1, ""replicable"": false, ""stratified"": false}, ""contrast_level"": 2, ""node_type"": ""preprocess""}, {""node_id"": ""3006"", ""algorithm_step_name"": ""Random Forest"", ""node_name"": ""随机森林"", ""node_params"": {""n_estimators"": 30, ""use_max_features"": false, ""max_features"": ""auto"", ""use_random_state"": false, ""use_max_depth"": false, ""max_depth"": 3, ""use_min_samples_split"": true, ""min_samples_split"": 2}, ""contrast_level"": 2, ""node_type"": ""model""}, {""node_id"": ""3007"", ""algorithm_step_name"": ""Model Evaluate"", ""node_name"": ""测试得分"", ""node_params"": {}, ""contrast_level"": 2, ""node_type"": ""evaluate""}]}",1.0
帮我把多余的模型都删除掉，只留下梯度提升模型，并把它的学习率改为0.01。,1.0,5652,389,10.456519600003958,5.155231472104788,3.6891093254089355,1.6121788024902344,0.0,"{""edges"": [{""edge_id"": ""3513972476691441812"", ""source_node_id"": ""1806"", ""target_node_id"": ""1807""}, {""edge_id"": ""16310392486020988321"", ""source_node_id"": ""1807"", ""target_node_id"": ""1809""}, {""edge_id"": ""1975544019527483458"", ""source_node_id"": ""1807"", ""target_node_id"": ""1812""}, {""edge_id"": ""6364036504665667069"", ""source_node_id"": ""1809"", ""target_node_id"": ""1812""}], ""nodes"": [{""node_id"": ""1806"", ""widget_name"": ""File"", ""node_name"": ""数据"", ""node_params"": {""type"": ""sample"", ""filename"": ""iris.csv""}}, {""node_id"": ""1807"", ""widget_name"": ""Data Sampler"", ""node_name"": ""数据采样"", ""node_params"": {""sampling_type"": 0, ""percentage"": 10, ""n_samples"": 15, ""replacement"": false, ""n_folds"": 10, ""selected_folds"": 1, ""replicable"": false, ""stratified"": false}}, {""node_id"": ""1809"", ""widget_name"": ""Gradient Boosting"", ""node_name"": ""Gradient Boosting"", ""node_params"": {""loss_function"": 0, ""n_estimators"": 10, ""learning_rate"": 0.01, ""use_max_depth"": false, ""max_depth"": 3, ""use_min_samples"": false, ""min_samples"": 2}}, {""node_id"": ""1812"", ""widget_name"": ""Test and Score"", ""node_name"": ""测试得分"", ""node_params"": {}}]}","{""dependency_requirements"": [{""edge_id"": ""2536"", ""source_node_id"": ""3032"", ""target_node_id"": ""3033""}, {""edge_id"": ""2538"", ""source_node_id"": ""3033"", ""target_node_id"": ""3035""}, {""edge_id"": ""2541"", ""source_node_id"": ""3033"", ""target_node_id"": ""3038""}, {""edge_id"": ""2544"", ""source_node_id"": ""3035"", ""target_node_id"": ""3038""}], ""step_requirements"": [{""node_id"": ""3032"", ""algorithm_step_name"": ""Tabular Dataset Loading"", ""node_name"": ""数据"", ""node_params"": {""type"": ""sample"", ""filename"": ""iris.csv""}, ""contrast_level"": 2, ""node_type"": ""io""}, {""node_id"": ""3033"", ""algorithm_step_name"": ""Dataset Division"", ""node_name"": ""数据采样"", ""node_params"": {""sampling_type"": 0, ""percentage"": 10, ""n_samples"": 15, ""replacement"": false, ""n_folds"": 10, ""selected_folds"": 1, ""replicable"": false, ""stratified"": false}, ""contrast_level"": 2, ""node_type"": ""preprocess""}, {""node_id"": ""3035"", ""algorithm_step_name"": ""Gradient Boosting Decision Tree"", ""node_name"": ""梯度提升"", ""node_params"": {""loss_function"": 0, ""n_estimators"": 10, ""learning_rate"": 0.01, ""use_max_depth"": false, ""max_depth"": 3, ""use_min_samples"": false, ""min_samples"": 2}, ""contrast_level"": 2, ""node_type"": ""model""}, {""node_id"": ""3038"", ""algorithm_step_name"": ""Model Evaluate"", ""node_name"": ""测试得分"", ""node_params"": {}, ""contrast_level"": 2, ""node_type"": ""evaluate""}]}",1.0
帮我把梯度提升模型更换为随机森林模型。,1.0,4868,251,8.62110709999979,3.7280373558896827,3.7355504035949707,1.1575193405151367,0.0,"{""edges"": [{""edge_id"": ""11206450121567616222"", ""source_node_id"": ""1813"", ""target_node_id"": ""1814""}, {""edge_id"": ""5898077567217165104"", ""source_node_id"": ""1814"", ""target_node_id"": ""1815""}, {""edge_id"": ""1433258351599960685"", ""source_node_id"": ""1815"", ""target_node_id"": ""1817""}, {""edge_id"": ""4635529267663860717"", ""source_node_id"": ""1815"", ""target_node_id"": ""1818""}, {""edge_id"": ""2263994150928661901"", ""source_node_id"": ""1818"", ""target_node_id"": ""1817""}], ""nodes"": [{""node_id"": ""1813"", ""widget_name"": ""File"", ""node_name"": ""鸢尾花示例数据"", ""node_params"": {""type"": ""sample"", ""filename"": ""iris.csv""}}, {""node_id"": ""1814"", ""widget_name"": ""Impute"", ""node_name"": ""缺失值处理"", ""node_params"": {""method"": 1}}, {""node_id"": ""1815"", ""widget_name"": ""Data Sampler"", ""node_name"": ""数据划分处理"", ""node_params"": {""sampling_type"": 0, ""percentage"": 10, ""n_samples"": 15, ""replacement"": false, ""n_folds"": 10, ""selected_folds"": 1, ""replicable"": false, ""stratified"": false}}, {""node_id"": ""1817"", ""widget_name"": ""Test and Score"", ""node_name"": ""模型评估"", ""node_params"": {}}, {""node_id"": ""1818"", ""widget_name"": ""Random Forest"", ""node_name"": ""随机森林分类器"", ""node_params"": {""n_estimators"": 10, ""use_max_features"": false, ""max_features"": ""auto"", ""use_random_state"": false, ""use_max_depth"": false, ""max_depth"": 3, ""use_min_samples_split"": true, ""min_samples_split"": 2}}]}","{""dependency_requirements"": [{""edge_id"": ""2455"", ""source_node_id"": ""2964"", ""target_node_id"": ""2965""}, {""edge_id"": ""2456"", ""source_node_id"": ""2965"", ""target_node_id"": ""2966""}, {""edge_id"": ""2458"", ""source_node_id"": ""2966"", ""target_node_id"": ""2968""}, {""edge_id"": ""2461"", ""source_node_id"": ""2966"", ""target_node_id"": ""2969""}, {""edge_id"": ""2462"", ""source_node_id"": ""2969"", ""target_node_id"": ""2968""}], ""step_requirements"": [{""node_id"": ""2964"", ""algorithm_step_name"": ""Tabular Dataset Loading"", ""node_name"": ""鸢尾花示例数据"", ""node_params"": {""type"": ""sample"", ""filename"": ""iris.csv""}, ""contrast_level"": 2, ""node_type"": ""io""}, {""node_id"": ""2965"", ""algorithm_step_name"": ""Missing Value Handling"", ""node_name"": ""缺失值处理"", ""node_params"": {""method"": 1}, ""contrast_level"": 2, ""node_type"": ""preprocess""}, {""node_id"": ""2966"", ""algorithm_step_name"": ""Dataset Division"", ""node_name"": ""数据划分处理"", ""node_params"": {""sampling_type"": 0, ""percentage"": 10, ""n_samples"": 15, ""replacement"": false, ""n_folds"": 10, ""selected_folds"": 1, ""replicable"": false, ""stratified"": false}, ""contrast_level"": 2, ""node_type"": ""preprocess""}, {""node_id"": ""2968"", ""algorithm_step_name"": ""Model Evaluate"", ""node_name"": ""模型评估"", ""node_params"": {}, ""contrast_level"": 2, ""node_type"": ""evaluate""}, {""node_id"": ""2969"", ""algorithm_step_name"": ""Random Forest"", ""node_name"": ""随机森林分类器"", ""node_params"": {}, ""contrast_level"": 1, ""node_type"": ""model""}]}",1.0
我不需要对模型进行评估了，帮我把模型评估组件换成预测组件。,1.0,4778,363,8.216893000004347,3.491500658390578,1.7411017417907715,2.984290599822998,0.0,"{""edges"": [{""edge_id"": ""4674023860206465007"", ""source_node_id"": ""1819"", ""target_node_id"": ""1820""}, {""edge_id"": ""15040091983204879826"", ""source_node_id"": ""1820"", ""target_node_id"": ""1821""}, {""edge_id"": ""4038356115982512170"", ""source_node_id"": ""1821"", ""target_node_id"": ""1822""}, {""edge_id"": ""14506557609953973776"", ""source_node_id"": ""1822"", ""target_node_id"": ""1824""}, {""edge_id"": ""1581832118857673261"", ""source_node_id"": ""1821"", ""target_node_id"": ""1824""}], ""nodes"": [{""node_id"": ""1819"", ""widget_name"": ""File"", ""node_name"": ""鸢尾花示例数据"", ""node_params"": {""type"": ""sample"", ""filename"": ""iris.csv""}}, {""node_id"": ""1820"", ""widget_name"": ""Impute"", ""node_name"": ""缺失值处理"", ""node_params"": {""method"": 1}}, {""node_id"": ""1821"", ""widget_name"": ""Data Sampler"", ""node_name"": ""数据划分处理"", ""node_params"": {""sampling_type"": 0, ""percentage"": 10, ""n_samples"": 15, ""replacement"": false, ""n_folds"": 10, ""selected_folds"": 1, ""replicable"": false, ""stratified"": false}}, {""node_id"": ""1822"", ""widget_name"": ""Gradient Boosting"", ""node_name"": ""梯度提升分类器"", ""node_params"": {""loss_function"": 0, ""n_estimators"": 10, ""learning_rate"": 0.1, ""use_max_depth"": false, ""max_depth"": 3, ""use_min_samples"": false, ""min_samples"": 2}}, {""node_id"": ""1824"", ""widget_name"": ""Predictions"", ""node_name"": ""预测"", ""node_params"": {""output_attrs"": true, ""output_predictions"": true, ""output_probabilities"": true}}]}","{""dependency_requirements"": [{""edge_id"": ""2463"", ""source_node_id"": ""2970"", ""target_node_id"": ""2971""}, {""edge_id"": ""2464"", ""source_node_id"": ""2971"", ""target_node_id"": ""2972""}, {""edge_id"": ""2465"", ""source_node_id"": ""2972"", ""target_node_id"": ""2973""}, {""edge_id"": ""2469"", ""source_node_id"": ""2972"", ""target_node_id"": ""2975""}, {""edge_id"": ""2470"", ""source_node_id"": ""2973"", ""target_node_id"": ""2975""}], ""step_requirements"": [{""node_id"": ""2970"", ""algorithm_step_name"": ""Tabular Dataset Loading"", ""node_name"": ""鸢尾花示例数据"", ""node_params"": {""type"": ""sample"", ""filename"": ""iris.csv""}, ""contrast_level"": 2, ""node_type"": ""io""}, {""node_id"": ""2971"", ""algorithm_step_name"": ""Missing Value Handling"", ""node_name"": ""缺失值处理"", ""node_params"": {""method"": 1}, ""contrast_level"": 2, ""node_type"": ""preprocess""}, {""node_id"": ""2972"", ""algorithm_step_name"": ""Dataset Division"", ""node_name"": ""数据划分处理"", ""node_params"": {""sampling_type"": 0, ""percentage"": 10, ""n_samples"": 15, ""replacement"": false, ""n_folds"": 10, ""selected_folds"": 1, ""replicable"": false, ""stratified"": false}, ""contrast_level"": 2, ""node_type"": ""preprocess""}, {""node_id"": ""2973"", ""algorithm_step_name"": ""Gradient Boosting Decision Tree"", ""node_name"": ""梯度提升分类器"", ""node_params"": {""loss_function"": 0, ""n_estimators"": 10, ""learning_rate"": 0.1, ""use_max_depth"": false, ""max_depth"": 3, ""use_min_samples"": false, ""min_samples"": 2}, ""contrast_level"": 2, ""node_type"": ""model""}, {""node_id"": ""2975"", ""algorithm_step_name"": ""Test Dataset Predictions"", ""node_name"": ""预测"", ""node_params"": {}, ""contrast_level"": 1, ""node_type"": ""predict""}]}",1.0
帮我把缺失值处理步骤删除掉，并把梯度提升模型更换为随机森林模型。,1.0,8129,445,16.412979000000632,6.665405862717307,7.584174394607544,2.1633987426757812,0.0,"{""edges"": [{""edge_id"": ""3782282089924935023"", ""source_node_id"": ""1827"", ""target_node_id"": ""1829""}, {""edge_id"": ""8181664305588623009"", ""source_node_id"": ""1825"", ""target_node_id"": ""1827""}, {""edge_id"": ""7822798504255648770"", ""source_node_id"": ""1827"", ""target_node_id"": ""1830""}, {""edge_id"": ""14249382471389830509"", ""source_node_id"": ""1830"", ""target_node_id"": ""1829""}], ""nodes"": [{""node_id"": ""1825"", ""widget_name"": ""File"", ""node_name"": ""鸢尾花示例数据"", ""node_params"": {""type"": ""sample"", ""filename"": ""iris.csv""}}, {""node_id"": ""1827"", ""widget_name"": ""Data Sampler"", ""node_name"": ""数据划分处理"", ""node_params"": {""sampling_type"": 0, ""percentage"": 10, ""n_samples"": 15, ""replacement"": false, ""n_folds"": 10, ""selected_folds"": 1, ""replicable"": false, ""stratified"": false}}, {""node_id"": ""1829"", ""widget_name"": ""Test and Score"", ""node_name"": ""模型评估"", ""node_params"": {}}, {""node_id"": ""1830"", ""widget_name"": ""Random Forest"", ""node_name"": ""随机森林模型"", ""node_params"": {""n_estimators"": 10, ""use_max_features"": false, ""max_features"": ""auto"", ""use_random_state"": false, ""use_max_depth"": false, ""max_depth"": 3, ""use_min_samples_split"": true, ""min_samples_split"": 2}}]}","{""dependency_requirements"": [{""edge_id"": ""2474"", ""source_node_id"": ""2978"", ""target_node_id"": ""2980""}, {""edge_id"": ""2477"", ""source_node_id"": ""2976"", ""target_node_id"": ""2978""}, {""edge_id"": ""2478"", ""source_node_id"": ""2978"", ""target_node_id"": ""2981""}, {""edge_id"": ""2479"", ""source_node_id"": ""2981"", ""target_node_id"": ""2980""}], ""step_requirements"": [{""node_id"": ""2976"", ""algorithm_step_name"": ""Tabular Dataset Loading"", ""node_name"": ""鸢尾花示例数据"", ""node_params"": {""type"": ""sample"", ""filename"": ""iris.csv""}, ""contrast_level"": 2, ""node_type"": ""io""}, {""node_id"": ""2978"", ""algorithm_step_name"": ""Dataset Division"", ""node_name"": ""数据划分处理"", ""node_params"": {""sampling_type"": 0, ""percentage"": 10, ""n_samples"": 15, ""replacement"": false, ""n_folds"": 10, ""selected_folds"": 1, ""replicable"": false, ""stratified"": false}, ""contrast_level"": 2, ""node_type"": ""preprocess""}, {""node_id"": ""2980"", ""algorithm_step_name"": ""Model Evaluate"", ""node_name"": ""模型评估"", ""node_params"": {}, ""contrast_level"": 2, ""node_type"": ""evaluate""}, {""node_id"": ""2981"", ""algorithm_step_name"": ""Random Forest"", ""node_name"": ""随机森林"", ""node_params"": {}, ""contrast_level"": 1, ""node_type"": ""model""}]}",1.0
我的数据集没有缺失值，所以请你帮我删除掉缺失值处理这一步，然后把数据抽样的比例改为7:3，最后帮我添加一个可视化混淆矩阵的步骤。,1.0,8058,513,14.65605030000006,7.060641145108093,5.040912866592407,2.5544962882995605,0.0,"{""edges"": [{""edge_id"": ""14956115974470257367"", ""source_node_id"": ""1833"", ""target_node_id"": ""1834""}, {""edge_id"": ""16306175918872138406"", ""source_node_id"": ""1833"", ""target_node_id"": ""1835""}, {""edge_id"": ""1885593700294522103"", ""source_node_id"": ""1834"", ""target_node_id"": ""1835""}, {""edge_id"": ""16345853668698285208"", ""source_node_id"": ""1831"", ""target_node_id"": ""1833""}, {""edge_id"": ""3879457314614104347"", ""source_node_id"": ""1835"", ""target_node_id"": ""1836""}], ""nodes"": [{""node_id"": ""1831"", ""widget_name"": ""File"", ""node_name"": ""数据"", ""node_params"": {""type"": ""sample"", ""filename"": ""iris.csv""}}, {""node_id"": ""1833"", ""widget_name"": ""Data Sampler"", ""node_name"": ""数据采样"", ""node_params"": {""sampling_type"": 0, ""percentage"": 30, ""n_samples"": 15, ""replacement"": false, ""n_folds"": 10, ""selected_folds"": 1, ""replicable"": false, ""stratified"": false}}, {""node_id"": ""1834"", ""widget_name"": ""Gradient Boosting"", ""node_name"": ""Gradient Boosting"", ""node_params"": {""loss_function"": 0, ""n_estimators"": 10, ""learning_rate"": 0.1, ""use_max_depth"": false, ""max_depth"": 3, ""use_min_samples"": false, ""min_samples"": 2}}, {""node_id"": ""1835"", ""widget_name"": ""Test and Score"", ""node_name"": ""测试得分"", ""node_params"": {}}, {""node_id"": ""1836"", ""widget_name"": ""Confusion Matrix"", ""node_name"": ""混淆矩阵"", ""node_params"": {}}]}","{""dependency_requirements"": [{""edge_id"": ""2556"", ""source_node_id"": ""3047"", ""target_node_id"": ""3048""}, {""edge_id"": ""2557"", ""source_node_id"": ""3047"", ""target_node_id"": ""3049""}, {""edge_id"": ""2559"", ""source_node_id"": ""3048"", ""target_node_id"": ""3049""}, {""edge_id"": ""2560"", ""source_node_id"": ""3045"", ""target_node_id"": ""3047""}, {""edge_id"": ""2561"", ""source_node_id"": ""3049"", ""target_node_id"": ""3050""}], ""step_requirements"": [{""node_id"": ""3045"", ""algorithm_step_name"": ""Tabular Dataset Loading"", ""node_name"": ""数据"", ""node_params"": {""type"": ""sample"", ""filename"": ""iris.csv""}, ""contrast_level"": 2, ""node_type"": ""io""}, {""node_id"": ""3047"", ""algorithm_step_name"": ""Dataset Division"", ""node_name"": ""数据采样"", ""node_params"": {""sampling_type"": 0, ""percentage"": 30, ""n_samples"": 15, ""replacement"": false, ""n_folds"": 10, ""selected_folds"": 1, ""replicable"": false, ""stratified"": false}, ""contrast_level"": 2, ""node_type"": ""preprocess""}, {""node_id"": ""3048"", ""algorithm_step_name"": ""Gradient Boosting Decision Tree"", ""node_name"": ""梯度提升"", ""node_params"": {""loss_function"": 0, ""n_estimators"": 10, ""learning_rate"": 0.1, ""use_max_depth"": false, ""max_depth"": 3, ""use_min_samples"": false, ""min_samples"": 2}, ""contrast_level"": 2, ""node_type"": ""model""}, {""node_id"": ""3049"", ""algorithm_step_name"": ""Model Evaluate"", ""node_name"": ""测试得分"", ""node_params"": {}, ""contrast_level"": 2, ""node_type"": ""evaluate""}, {""node_id"": ""3050"", ""algorithm_step_name"": ""Confusion Matrix"", ""node_name"": ""混淆矩阵"", ""node_params"": {}, ""contrast_level"": 2, ""node_type"": ""visualize""}]}",1.0
帮我把加载的数据集换成房价示例数据集。然后，把kNN模型换成梯度提升模型。,0.75,13016,849,19.91102249999676,6.337909296948055,3.8797335624694824,9.693379640579224,0.0,"{""edges"": [{""edge_id"": ""8485538521057264396"", ""source_node_id"": ""1837"", ""target_node_id"": ""1838""}, {""edge_id"": ""14246562483003947645"", ""source_node_id"": ""1838"", ""target_node_id"": ""1840""}], ""nodes"": [{""node_id"": ""1837"", ""widget_name"": ""File"", ""node_name"": ""数据"", ""node_params"": {""type"": ""sample"", ""filename"": ""housing.csv""}}, {""node_id"": ""1838"", ""widget_name"": ""Data Sampler"", ""node_name"": ""数据采样"", ""node_params"": {""sampling_type"": 0, ""percentage"": 10, ""n_samples"": 15, ""replacement"": false, ""n_folds"": 10, ""selected_folds"": 1, ""replicable"": false, ""stratified"": false}}, {""node_id"": ""1840"", ""widget_name"": ""Test and Score"", ""node_name"": ""测试得分"", ""node_params"": {}}, {""node_id"": ""1841"", ""widget_name"": ""Gradient Boosting"", ""node_name"": ""梯度提升模型"", ""node_params"": {""loss_function"": 0, ""n_estimators"": 10, ""learning_rate"": 0.1, ""use_max_depth"": false, ""max_depth"": 3, ""use_min_samples"": false, ""min_samples"": 2}}]}","{""dependency_requirements"": [{""edge_id"": ""2562"", ""source_node_id"": ""3051"", ""target_node_id"": ""3052""}, {""edge_id"": ""2564"", ""source_node_id"": ""3052"", ""target_node_id"": ""3054""}, {""edge_id"": ""2567"", ""source_node_id"": ""3052"", ""target_node_id"": ""3055""}, {""edge_id"": ""2568"", ""source_node_id"": ""3055"", ""target_node_id"": ""3054""}], ""step_requirements"": [{""node_id"": ""3051"", ""algorithm_step_name"": ""Tabular Dataset Loading"", ""node_name"": ""数据"", ""node_params"": {""type"": ""sample"", ""filename"": ""housing.csv""}, ""contrast_level"": 2, ""node_type"": ""io""}, {""node_id"": ""3052"", ""algorithm_step_name"": ""Dataset Division"", ""node_name"": ""数据采样"", ""node_params"": {""sampling_type"": 0, ""percentage"": 10, ""n_samples"": 15, ""replacement"": false, ""n_folds"": 10, ""selected_folds"": 1, ""replicable"": false, ""stratified"": false}, ""contrast_level"": 2, ""node_type"": ""preprocess""}, {""node_id"": ""3054"", ""algorithm_step_name"": ""Model Evaluate"", ""node_name"": ""测试得分"", ""node_params"": {}, ""contrast_level"": 2, ""node_type"": ""evaluate""}, {""node_id"": ""3055"", ""algorithm_step_name"": ""Gradient Boosting Decision Tree"", ""node_name"": ""梯度提升"", ""node_params"": {}, ""contrast_level"": 1, ""node_type"": ""model""}]}",0.75
帮我把连续化处理换成特征选择，KNN的邻节点个数改为7。,1.0,7061,399,12.834569300001021,6.161846721952315,4.9650962352752686,1.7076263427734375,0.0,"{""edges"": [{""edge_id"": ""14261223860986342469"", ""source_node_id"": ""1844"", ""target_node_id"": ""1845""}, {""edge_id"": ""9321830557317238550"", ""source_node_id"": ""1844"", ""target_node_id"": ""1846""}, {""edge_id"": ""4658924168870341224"", ""source_node_id"": ""1845"", ""target_node_id"": ""1846""}, {""edge_id"": ""1819751170811007700"", ""source_node_id"": ""1842"", ""target_node_id"": ""1847""}, {""edge_id"": ""345424929023436454"", ""source_node_id"": ""1847"", ""target_node_id"": ""1844""}], ""nodes"": [{""node_id"": ""1842"", ""widget_name"": ""File"", ""node_name"": ""数据"", ""node_params"": {""type"": ""sample"", ""filename"": ""iris.csv""}}, {""node_id"": ""1844"", ""widget_name"": ""Data Sampler"", ""node_name"": ""数据采样"", ""node_params"": {""sampling_type"": 0, ""percentage"": 10, ""n_samples"": 15, ""replacement"": false, ""n_folds"": 10, ""selected_folds"": 1, ""replicable"": false, ""stratified"": false}}, {""node_id"": ""1845"", ""widget_name"": ""kNN"", ""node_name"": ""kNN"", ""node_params"": {""n_neighbors"": 7, ""metric"": ""euclidean"", ""weights"": ""uniform""}}, {""node_id"": ""1846"", ""widget_name"": ""Test and Score"", ""node_name"": ""测试得分"", ""node_params"": {}}, {""node_id"": ""1847"", ""widget_name"": ""Rank"", ""node_name"": ""特征选择"", ""node_params"": {}}]}","{""dependency_requirements"": [{""edge_id"": ""2576"", ""source_node_id"": ""3067"", ""target_node_id"": ""3068""}, {""edge_id"": ""2577"", ""source_node_id"": ""3067"", ""target_node_id"": ""3069""}, {""edge_id"": ""2579"", ""source_node_id"": ""3068"", ""target_node_id"": ""3069""}, {""edge_id"": ""2580"", ""source_node_id"": ""3065"", ""target_node_id"": ""3070""}, {""edge_id"": ""2581"", ""source_node_id"": ""3070"", ""target_node_id"": ""3067""}], ""step_requirements"": [{""node_id"": ""3065"", ""algorithm_step_name"": ""Tabular Dataset Loading"", ""node_name"": ""数据"", ""node_params"": {""type"": ""sample"", ""filename"": ""iris.csv""}, ""contrast_level"": 2, ""node_type"": ""io""}, {""node_id"": ""3067"", ""algorithm_step_name"": ""Dataset Division"", ""node_name"": ""数据采样"", ""node_params"": {""sampling_type"": 0, ""percentage"": 10, ""n_samples"": 15, ""replacement"": false, ""n_folds"": 10, ""selected_folds"": 1, ""replicable"": false, ""stratified"": false}, ""contrast_level"": 2, ""node_type"": ""preprocess""}, {""node_id"": ""3068"", ""algorithm_step_name"": ""KNN"", ""node_name"": ""kNN"", ""node_params"": {""n_neighbors"": 7, ""metric"": ""euclidean"", ""weights"": ""uniform""}, ""contrast_level"": 2, ""node_type"": ""model""}, {""node_id"": ""3069"", ""algorithm_step_name"": ""Model Evaluate"", ""node_name"": ""测试得分"", ""node_params"": {}, ""contrast_level"": 2, ""node_type"": ""evaluate""}, {""node_id"": ""3070"", ""algorithm_step_name"": ""Feature Selection"", ""node_name"": ""特征选择"", ""node_params"": {}, ""contrast_level"": 1, ""node_type"": ""feature engineering""}]}",1.0
