instruction,score,total_tokens,workflow,requirements,wgf1
"Train data: bank_customer_churn_train
test data: bank_customer_churn_test
Use the training data and test data to go through all of the following tasks, taking care not to leave anything out:
1. Drop the columns that will not be interesting to models, such as ""CustomerId"", ""Complain"", and ""Surname"".
2. Use one-hot encoding for ""Geography"" and ""Card Type"".
3. Construct a model using XGBoost to predict categorical target variable ""Exited"".
4. Make predictions on the test set.
5. Save predictions.",0.0,15664,{},"{""dependency_requirements"": [{""edge_id"": ""503"", ""source_node_id"": ""694"", ""target_node_id"": ""696""}, {""edge_id"": ""504"", ""source_node_id"": ""695"", ""target_node_id"": ""697""}, {""edge_id"": ""505"", ""source_node_id"": ""696"", ""target_node_id"": ""698""}, {""edge_id"": ""506"", ""source_node_id"": ""697"", ""target_node_id"": ""699""}, {""edge_id"": ""507"", ""source_node_id"": ""698"", ""target_node_id"": ""700""}, {""edge_id"": ""508"", ""source_node_id"": ""699"", ""target_node_id"": ""701""}, {""edge_id"": ""509"", ""source_node_id"": ""700"", ""target_node_id"": ""701""}, {""edge_id"": ""510"", ""source_node_id"": ""701"", ""target_node_id"": ""702""}], ""step_requirements"": [{""node_id"": ""694"", ""algorithm_step_name"": ""Tabular Dataset Loading"", ""node_name"": ""银行客户流失训练数据"", ""node_params"": {""table_name"": ""bank_customer_churn_train"", ""target_column"": ""Exited""}, ""contrast_level"": 2, ""node_type"": ""io""}, {""node_id"": ""695"", ""algorithm_step_name"": ""Tabular Dataset Loading"", ""node_name"": ""银行客户流失测试数据"", ""node_params"": {""table_name"": ""bank_customer_churn_test"", ""target_column"": ""Exited""}, ""contrast_level"": 2, ""node_type"": ""io""}, {""node_id"": ""696"", ""algorithm_step_name"": ""Select Columns"", ""node_name"": ""选择训练数据列"", ""node_params"": {""ignores"": [], ""features"": [0, 1, 2, 3, 4, 5, 6, 7, 8, 9, 11, 12, 13], ""targets"": [10]}, ""contrast_level"": 2, ""node_type"": ""preprocess""}, {""node_id"": ""697"", ""algorithm_step_name"": ""Select Columns"", ""node_name"": ""选择测试数据列"", ""node_params"": {""ignores"": [], ""features"": [0, 1, 2, 3, 4, 5, 6, 7, 8, 9, 11, 12, 13], ""targets"": [10]}, ""contrast_level"": 2, ""node_type"": ""preprocess""}, {""node_id"": ""698"", ""algorithm_step_name"": ""One Hot Encoding"", ""node_name"": ""训练数据独热编码"", ""node_params"": {""encode_vars"": [""Geography"", ""CardType""]}, ""contrast_level"": 2, ""node_type"": ""feature engineering""}, {""node_id"": ""699"", ""algorithm_step_name"": ""One Hot Encoding"", ""node_name"": ""测试数据独热编码"", ""node_params"": {""encode_vars"": [""Geography"", ""CardType""]}, ""contrast_level"": 2, ""node_type"": ""feature engineering""}, {""node_id"": ""700"", ""algorithm_step_name"": ""XGBoost"", ""node_name"": ""XGBoost"", ""node_params"": {}, ""contrast_level"": 1, ""node_type"": ""model""}, {""node_id"": ""701"", ""algorithm_step_name"": ""Test Dataset Predictions"", ""node_name"": ""预测"", ""node_params"": {""output_probabilities"": true}, ""contrast_level"": 2, ""node_type"": ""predict""}, {""node_id"": ""702"", ""algorithm_step_name"": ""Save Data"", ""node_name"": ""保存预测结果"", ""node_params"": {}, ""contrast_level"": 1, ""node_type"": ""io""}]}",0.0
"Train data: cardiovascular_diseases_risk_prediction_train
test data: cardiovascular_diseases_risk_prediction_test
Use the training data and test data to go through all of the following tasks, taking care not to leave anything out:
1. Drop all rows with missing values from the dataset. And then drop the duplicates.
2. Perform feature construction to build a new feature named ""BMI_Category"" to categorize the BMI (Body Mass Index) of each individual into one of four categories:
    - ""Underweight"" is a BMI less than 18.5,
    - ""Normal weight"" is a BMI from 18.5 to 24.9,
    - ""Overweight"" is a BMI from 25 to 29.9,
    - ""Obesity"" is a BMI of 30 or higher.
3. Try to predict Heart_Disease based on all other variables.
Construct a model to predict Heart_Disease.
Fit the model on the training set.
4. Make predictions on the test set.
5. Save predictions.",0.4615,31219,"{""edges"": [{""edge_id"": ""12651"", ""source_node_id"": ""15955"", ""target_node_id"": ""1040""}, {""edge_id"": ""12652"", ""source_node_id"": ""15955"", ""target_node_id"": ""15957""}, {""edge_id"": ""12653"", ""source_node_id"": ""15955"", ""target_node_id"": ""1041""}, {""edge_id"": ""12654"", ""source_node_id"": ""1040"", ""target_node_id"": ""1041""}, {""edge_id"": ""12655"", ""source_node_id"": ""1041"", ""target_node_id"": ""1042""}], ""nodes"": [{""node_id"": ""15953"", ""widget_name"": ""Select Rows"", ""node_name"": ""Select Rows"", ""node_params"": {""conditions"": []}, ""matched"": false}, {""node_id"": ""1036"", ""widget_name"": ""Unique"", ""node_name"": ""Unique"", ""node_params"": {""selGroupByVariables"": [], ""configure"": ""Last instance""}, ""matched"": true}, {""node_id"": ""15955"", ""widget_name"": ""Feature Constructor"", ""node_name"": ""BMI_Category"", ""node_params"": {""expressions"": [{""key"": 0, ""name"": ""BMI_Category"", ""expression"": ""if BMI <= 18.5 then \""Underweight\"" else if BMI <= 24.9 then \""Normal weight\"" else if BMI <= 29.9 then \""Overweight\"" else \""Obesity\"""", ""type"": ""str"", ""image"": ""C"", ""categories"": ""Underweight, Normal weight, Overweight, Obesity""}]}, ""matched"": false}, {""node_id"": ""1040"", ""widget_name"": ""Logistic Regression"", ""node_name"": ""Logistic Regression"", ""node_params"": {""C"": 1, ""penalty"": ""l2""}, ""matched"": true}, {""node_id"": ""15957"", ""widget_name"": ""Logistic Regression"", ""node_name"": ""训练"", ""node_params"": {""C"": 1, ""penalty"": ""l2""}, ""matched"": false}, {""node_id"": ""1041"", ""widget_name"": ""Predictions"", ""node_name"": ""预测"", ""node_params"": {""output_attrs"": true, ""output_predictions"": true, ""output_probabilities"": true}, ""matched"": true}, {""node_id"": ""1042"", ""widget_name"": ""Save Data"", ""node_name"": ""保存预测结果"", ""node_params"": {}, ""matched"": true}]}","{""dependency_requirements"": [{""edge_id"": ""811"", ""source_node_id"": ""1043"", ""target_node_id"": ""1036""}, {""edge_id"": ""812"", ""source_node_id"": ""1044"", ""target_node_id"": ""1037""}, {""edge_id"": ""813"", ""source_node_id"": ""1036"", ""target_node_id"": ""1038""}, {""edge_id"": ""814"", ""source_node_id"": ""1037"", ""target_node_id"": ""1039""}, {""edge_id"": ""815"", ""source_node_id"": ""1038"", ""target_node_id"": ""1040""}, {""edge_id"": ""816"", ""source_node_id"": ""1039"", ""target_node_id"": ""1041""}, {""edge_id"": ""817"", ""source_node_id"": ""1040"", ""target_node_id"": ""1041""}, {""edge_id"": ""818"", ""source_node_id"": ""1041"", ""target_node_id"": ""1042""}, {""edge_id"": ""819"", ""source_node_id"": ""1035"", ""target_node_id"": ""1044""}, {""edge_id"": ""820"", ""source_node_id"": ""1034"", ""target_node_id"": ""1043""}], ""step_requirements"": [{""node_id"": ""1034"", ""algorithm_step_name"": ""Tabular Dataset Loading"", ""node_name"": ""心血管疾病风险预测训练数据"", ""node_params"": {""table_name"": ""cardiovascular_diseases_risk_prediction_train"", ""target_column"": ""Heart_Disease""}, ""contrast_level"": 2, ""node_type"": ""io""}, {""node_id"": ""1035"", ""algorithm_step_name"": ""Tabular Dataset Loading"", ""node_name"": ""心血管疾病风险预测测试数据"", ""node_params"": {""table_name"": ""cardiovascular_diseases_risk_prediction_test"", ""target_column"": ""Heart_Disease""}, ""contrast_level"": 2, ""node_type"": ""io""}, {""node_id"": ""1036"", ""algorithm_step_name"": ""Unique"", ""node_name"": ""训练数据去重"", ""node_params"": {}, ""contrast_level"": 1, ""node_type"": ""preprocess""}, {""node_id"": ""1037"", ""algorithm_step_name"": ""Unique"", ""node_name"": ""测试数据去重"", ""node_params"": {}, ""contrast_level"": 1, ""node_type"": ""preprocess""}, {""node_id"": ""1038"", ""algorithm_step_name"": ""Feature Construction"", ""node_name"": ""训练数据特征构建"", ""node_params"": {""expressions"": [{""key"": 0, ""name"": ""BMI_Category"", ""expression"": ""'Underweight' if BMI < 18.5 else 'Normal weight' if 18.5 <= BMI < 24.9 else 'Overweight' if 25 <= BMI < 29.9 else 'Obesity'"", ""type"": ""1"", ""image"": ""C"", ""categories"": ""Underweight, Normal weight, Overweight, Obesity""}]}, ""contrast_level"": 2, ""node_type"": ""feature engineering""}, {""node_id"": ""1039"", ""algorithm_step_name"": ""Feature Construction"", ""node_name"": ""测试数据特征构建"", ""node_params"": {""expressions"": [{""key"": 0, ""name"": ""BMI_Category"", ""expression"": ""'Underweight' if BMI < 18.5 else 'Normal weight' if 18.5 <= BMI < 24.9 else 'Overweight' if 25 <= BMI < 29.9 else 'Obesity'"", ""type"": ""1"", ""image"": ""C"", ""categories"": ""Underweight, Normal weight, Overweight, Obesity""}]}, ""contrast_level"": 2, ""node_type"": ""feature engineering""}, {""node_id"": ""1040"", ""algorithm_step_name"": ""Random Forest"", ""node_name"": ""随机森林模型"", ""node_params"": {}, ""contrast_level"": 0, ""node_type"": ""model""}, {""node_id"": ""1041"", ""algorithm_step_name"": ""Test Dataset Predictions"", ""node_name"": ""预测"", ""node_params"": {""output_probabilities"": true}, ""contrast_level"": 2, ""node_type"": ""predict""}, {""node_id"": ""1042"", ""algorithm_step_name"": ""Save Data"", ""node_name"": ""保存预测结果"", ""node_params"": {}, ""contrast_level"": 1, ""node_type"": ""io""}, {""node_id"": ""1043"", ""algorithm_step_name"": ""Missing Value Handling"", ""node_name"": ""缺失值处理"", ""node_params"": {}, ""contrast_level"": 1, ""node_type"": ""preprocess""}, {""node_id"": ""1044"", ""algorithm_step_name"": ""Missing Value Handling"", ""node_name"": ""缺失值处理"", ""node_params"": {}, ""contrast_level"": 1, ""node_type"": ""preprocess""}]}",0.3333
"Train data: coffee_quality_data_cqi_train
test data path: coffee_quality_data_cqi_test
Use the training data and test data to go through all of the following tasks, taking care not to leave anything out:
1. Drop duplicated rows from the dataset.
2. Drop the following columns from the dataset: ""ID"", ""ICO Number"", ""Owner"", ""Region"", ""Certification Contact"", ""Certification Address"", ""Farm Name"", ""Lot Number"", ""Mill"", ""ICO Number"", ""Producer"", ""Company"", ""Expiration"", ""Harvest Year"", ""Unnamed: 0"", ""Number of Bags"", ""Bag Weight"", ""In-Country Partner"", ""Country of Origin"", ""Processing Method"", ""Grading Date"", ""Variety"", ""Status"", ""Defects"", ""Uniformity"", ""Clean Cup"", ""Sweetness"", and ""Certification Body"".
3. For categorical column ""Color"", use one-hot encoding.
4. Try to predict Total Cup Points.
Build a regressor on the training set with RandomForestRegressor.
5. Make predictions on the test set.
6. Save predictions.",0.0,17799,{},"{""dependency_requirements"": [{""edge_id"": ""600"", ""source_node_id"": ""805"", ""target_node_id"": ""807""}, {""edge_id"": ""601"", ""source_node_id"": ""806"", ""target_node_id"": ""808""}, {""edge_id"": ""602"", ""source_node_id"": ""807"", ""target_node_id"": ""809""}, {""edge_id"": ""603"", ""source_node_id"": ""808"", ""target_node_id"": ""810""}, {""edge_id"": ""604"", ""source_node_id"": ""809"", ""target_node_id"": ""811""}, {""edge_id"": ""605"", ""source_node_id"": ""810"", ""target_node_id"": ""812""}, {""edge_id"": ""606"", ""source_node_id"": ""811"", ""target_node_id"": ""813""}, {""edge_id"": ""607"", ""source_node_id"": ""812"", ""target_node_id"": ""814""}, {""edge_id"": ""608"", ""source_node_id"": ""813"", ""target_node_id"": ""814""}, {""edge_id"": ""609"", ""source_node_id"": ""814"", ""target_node_id"": ""815""}], ""step_requirements"": [{""node_id"": ""805"", ""algorithm_step_name"": ""Tabular Dataset Loading"", ""node_name"": ""咖啡质量训练数据"", ""node_params"": {""table_name"": ""coffee_quality_data_cqi_train"", ""target_column"": ""Total_Cup_Points""}, ""contrast_level"": 2, ""node_type"": ""io""}, {""node_id"": ""806"", ""algorithm_step_name"": ""Tabular Dataset Loading"", ""node_name"": ""咖啡质量测试数据"", ""node_params"": {""table_name"": ""coffee_quality_data_cqi_test"", ""target_column"": ""Total_Cup_Points""}, ""contrast_level"": 2, ""node_type"": ""io""}, {""node_id"": ""807"", ""algorithm_step_name"": ""Unique"", ""node_name"": ""训练数据去重"", ""node_params"": {}, ""contrast_level"": 1, ""node_type"": ""preprocess""}, {""node_id"": ""808"", ""algorithm_step_name"": ""Unique"", ""node_name"": ""测试数据去重"", ""node_params"": {}, ""contrast_level"": 1, ""node_type"": ""preprocess""}, {""node_id"": ""809"", ""algorithm_step_name"": ""Select Columns"", ""node_name"": ""训练数据列选择"", ""node_params"": {""ignores"": [], ""features"": [0, 1, 2, 3, 4, 5, 6, 7, 9, 10, 11, 12, 13], ""targets"": [8]}, ""contrast_level"": 2, ""node_type"": ""preprocess""}, {""node_id"": ""810"", ""algorithm_step_name"": ""Select Columns"", ""node_name"": ""测试数据列选择"", ""node_params"": {""ignores"": [], ""features"": [0, 1, 2, 3, 4, 5, 6, 7, 9, 10, 11, 12, 13], ""targets"": [8]}, ""contrast_level"": 2, ""node_type"": ""preprocess""}, {""node_id"": ""811"", ""algorithm_step_name"": ""One Hot Encoding"", ""node_name"": ""训练数据独热编码"", ""node_params"": {""encode_vars"": [""Color""]}, ""contrast_level"": 2, ""node_type"": ""feature engineering""}, {""node_id"": ""812"", ""algorithm_step_name"": ""One Hot Encoding"", ""node_name"": ""测试数据独热编码"", ""node_params"": {""encode_vars"": [""Color""]}, ""contrast_level"": 2, ""node_type"": ""feature engineering""}, {""node_id"": ""813"", ""algorithm_step_name"": ""Random Forest"", ""node_name"": ""随机森林回归模型"", ""node_params"": {}, ""contrast_level"": 1, ""node_type"": ""model""}, {""node_id"": ""814"", ""algorithm_step_name"": ""Test Dataset Predictions"", ""node_name"": ""预测"", ""node_params"": {""output_probabilities"": false}, ""contrast_level"": 2, ""node_type"": ""predict""}, {""node_id"": ""815"", ""algorithm_step_name"": ""Save Data"", ""node_name"": ""保存预测结果"", ""node_params"": {}, ""contrast_level"": 1, ""node_type"": ""io""}]}",0.0
"Train data: diabetes_prediction_dataset_train
test data: diabetes_prediction_dataset_test
Use the training data and test data to go through all of the following tasks, taking care not to leave anything out:
1. Drop duplicate rows from the dataset.
2. Perform one-hot encoding on the ""gender"" and ""smoking_history"" columns.
3. Rank the most important features.
4. Build a random forest classifier to predict diabetes using all features. Fit the model on the training set.
5. Make predictions on the test set.
6. Save predictions.
7. Show the confusion matrix.",0.75,27871,"{""edges"": [{""edge_id"": ""12657"", ""source_node_id"": ""816"", ""target_node_id"": ""820""}, {""edge_id"": ""12658"", ""source_node_id"": ""820"", ""target_node_id"": ""822""}, {""edge_id"": ""12659"", ""source_node_id"": ""820"", ""target_node_id"": ""823""}, {""edge_id"": ""12660"", ""source_node_id"": ""820"", ""target_node_id"": ""824""}, {""edge_id"": ""12661"", ""source_node_id"": ""823"", ""target_node_id"": ""824""}, {""edge_id"": ""12662"", ""source_node_id"": ""824"", ""target_node_id"": ""825""}, {""edge_id"": ""12663"", ""source_node_id"": ""824"", ""target_node_id"": ""826""}], ""nodes"": [{""node_id"": ""816"", ""widget_name"": ""SQL Table"", ""node_name"": ""糖尿病预测训练数据"", ""node_params"": {""table_name"": ""diabetes_prediction_dataset_train"", ""target_column"": ""diabetes""}, ""matched"": true}, {""node_id"": ""820"", ""widget_name"": ""One Hot Encoder"", ""node_name"": ""性别和吸烟史one-hot编码"", ""node_params"": {""encode_vars"": [""gender"", ""smoking_history""]}, ""matched"": true}, {""node_id"": ""822"", ""widget_name"": ""Rank"", ""node_name"": ""特征重要性排序"", ""node_params"": {}, ""matched"": true}, {""node_id"": ""823"", ""widget_name"": ""Random Forest"", ""node_name"": ""随机森林分类器"", ""node_params"": {""n_estimators"": 100, ""use_max_features"": true, ""max_features"": ""auto"", ""use_random_state"": false, ""use_max_depth"": false, ""max_depth"": 3, ""use_min_samples_split"": true, ""min_samples_split"": 2}, ""matched"": true}, {""node_id"": ""824"", ""widget_name"": ""Predictions"", ""node_name"": ""预测"", ""node_params"": {""output_attrs"": true, ""output_predictions"": true, ""output_probabilities"": true}, ""matched"": true}, {""node_id"": ""825"", ""widget_name"": ""Save Data"", ""node_name"": ""保存预测结果"", ""node_params"": {}, ""matched"": true}, {""node_id"": ""826"", ""widget_name"": ""Confusion Matrix"", ""node_name"": ""混淆矩阵"", ""node_params"": {}, ""matched"": true}]}","{""dependency_requirements"": [{""edge_id"": ""610"", ""source_node_id"": ""816"", ""target_node_id"": ""818""}, {""edge_id"": ""611"", ""source_node_id"": ""817"", ""target_node_id"": ""819""}, {""edge_id"": ""612"", ""source_node_id"": ""818"", ""target_node_id"": ""820""}, {""edge_id"": ""613"", ""source_node_id"": ""819"", ""target_node_id"": ""821""}, {""edge_id"": ""614"", ""source_node_id"": ""820"", ""target_node_id"": ""822""}, {""edge_id"": ""615"", ""source_node_id"": ""820"", ""target_node_id"": ""823""}, {""edge_id"": ""616"", ""source_node_id"": ""821"", ""target_node_id"": ""824""}, {""edge_id"": ""617"", ""source_node_id"": ""823"", ""target_node_id"": ""824""}, {""edge_id"": ""618"", ""source_node_id"": ""824"", ""target_node_id"": ""825""}, {""edge_id"": ""619"", ""source_node_id"": ""824"", ""target_node_id"": ""826""}], ""step_requirements"": [{""node_id"": ""816"", ""algorithm_step_name"": ""Tabular Dataset Loading"", ""node_name"": ""糖尿病预测训练数据"", ""node_params"": {""table_name"": ""diabetes_prediction_dataset_train"", ""target_column"": ""diabetes""}, ""contrast_level"": 2, ""node_type"": ""io""}, {""node_id"": ""817"", ""algorithm_step_name"": ""Tabular Dataset Loading"", ""node_name"": ""糖尿病预测测试数据"", ""node_params"": {""table_name"": ""diabetes_prediction_dataset_test"", ""target_column"": ""diabetes""}, ""contrast_level"": 2, ""node_type"": ""io""}, {""node_id"": ""818"", ""algorithm_step_name"": ""Unique"", ""node_name"": ""训练数据去重"", ""node_params"": {}, ""contrast_level"": 1, ""node_type"": ""preprocess""}, {""node_id"": ""819"", ""algorithm_step_name"": ""Unique"", ""node_name"": ""测试数据去重"", ""node_params"": {}, ""contrast_level"": 1, ""node_type"": ""preprocess""}, {""node_id"": ""820"", ""algorithm_step_name"": ""One Hot Encoding"", ""node_name"": ""训练数据独热编码"", ""node_params"": {""encode_vars"": [""gender"", ""smoking_history""]}, ""contrast_level"": 2, ""node_type"": ""feature engineering""}, {""node_id"": ""821"", ""algorithm_step_name"": ""One Hot Encoding"", ""node_name"": ""测试数据独热编码"", ""node_params"": {""encode_vars"": [""gender"", ""smoking_history""]}, ""contrast_level"": 2, ""node_type"": ""feature engineering""}, {""node_id"": ""822"", ""algorithm_step_name"": ""Rank"", ""node_name"": ""特征重要性排序"", ""node_params"": {}, ""contrast_level"": 1, ""node_type"": ""feature engineering""}, {""node_id"": ""823"", ""algorithm_step_name"": ""Random Forest"", ""node_name"": ""随机森林模型"", ""node_params"": {}, ""contrast_level"": 1, ""node_type"": ""model""}, {""node_id"": ""824"", ""algorithm_step_name"": ""Test Dataset Predictions"", ""node_name"": ""预测"", ""node_params"": {""output_probabilities"": true}, ""contrast_level"": 2, ""node_type"": ""predict""}, {""node_id"": ""825"", ""algorithm_step_name"": ""Save Data"", ""node_name"": ""保存预测结果"", ""node_params"": {}, ""contrast_level"": 1, ""node_type"": ""io""}, {""node_id"": ""826"", ""algorithm_step_name"": ""Confusion Matrix"", ""node_name"": ""混淆矩阵"", ""node_params"": {}, ""contrast_level"": 1, ""node_type"": ""visualize""}]}",0.7778
"Train data: disease_symptoms_and_patient_profile_dataset_train
test data: disease_symptoms_and_patient_profile_dataset_test
Use the training data and test data to go through all of the following tasks, taking care not to leave anything out:
you need build two logistic regression models to predict categorical target variable 'outcome variable'.
1. categorical features (except ""Disease"" column) into numerical features using one-hot encoding.
2. Use a feature selection technique to select the most important 5 features.
3. Build a logistic regression model1 using all features one-hot encoded.
4. Build a logistic regression model2 using only the most important 5 features.
5. Evaluate the performance of the model1 and model2 on the test set.",0.7273,42149,"{""edges"": [{""edge_id"": ""12664"", ""source_node_id"": ""860"", ""target_node_id"": ""15973""}, {""edge_id"": ""12665"", ""source_node_id"": ""15973"", ""target_node_id"": ""864""}, {""edge_id"": ""12667"", ""source_node_id"": ""864"", ""target_node_id"": ""865""}, {""edge_id"": ""12668"", ""source_node_id"": ""864"", ""target_node_id"": ""867""}, {""edge_id"": ""12669"", ""source_node_id"": ""865"", ""target_node_id"": ""867""}, {""edge_id"": ""12670"", ""source_node_id"": ""865"", ""target_node_id"": ""868""}, {""edge_id"": ""12671"", ""source_node_id"": ""861"", ""target_node_id"": ""15980""}, {""edge_id"": ""12672"", ""source_node_id"": ""861"", ""target_node_id"": ""15981""}], ""nodes"": [{""node_id"": ""860"", ""widget_name"": ""SQL Table"", ""node_name"": ""疾病症状和患者资料训练数据"", ""node_params"": {""table_name"": ""disease_symptoms_and_patient_profile_dataset_train"", ""target_column"": ""Outcome_Variable""}, ""matched"": true}, {""node_id"": ""15973"", ""widget_name"": ""Edit Domain"", ""node_name"": ""数据转换"", ""node_params"": {""column_name"": ""Fever"", ""valueMappings"": [{""key"": 0, ""originValue"": ""Yes"", ""currentValue"": ""1""}, {""key"": 1, ""originValue"": ""No"", ""currentValue"": ""0""}]}, ""matched"": false}, {""node_id"": ""864"", ""widget_name"": ""Select Best N Attributes"", ""node_name"": ""特征选择"", ""node_params"": {""n"": 5}, ""matched"": true}, {""node_id"": ""865"", ""widget_name"": ""Logistic Regression"", ""node_name"": ""逻辑回归模型2"", ""node_params"": {""C"": 1.0, ""penalty"": ""l2""}, ""matched"": true}, {""node_id"": ""867"", ""widget_name"": ""Test & Score"", ""node_name"": ""模型评估"", ""node_params"": {}, ""matched"": true}, {""node_id"": ""868"", ""widget_name"": ""Test & Score"", ""node_name"": ""模型评估"", ""node_params"": {}, ""matched"": true}, {""node_id"": ""861"", ""widget_name"": ""SQL Table"", ""node_name"": ""疾病症状和患者资料测试数据"", ""node_params"": {""table_name"": ""disease_symptoms_and_patient_profile_dataset_test"", ""target_column"": ""Outcome_Variable""}, ""matched"": true}, {""node_id"": ""15980"", ""widget_name"": ""Predictions"", ""node_name"": ""预测"", ""node_params"": {""output_attrs"": true, ""output_predictions"": true, ""output_probabilities"": true}, ""matched"": false}, {""node_id"": ""15981"", ""widget_name"": ""Predictions"", ""node_name"": ""预测"", ""node_params"": {""output_attrs"": true, ""output_predictions"": true, ""output_probabilities"": true}, ""matched"": false}]}","{""dependency_requirements"": [{""edge_id"": ""661"", ""source_node_id"": ""860"", ""target_node_id"": ""862""}, {""edge_id"": ""662"", ""source_node_id"": ""861"", ""target_node_id"": ""863""}, {""edge_id"": ""663"", ""source_node_id"": ""862"", ""target_node_id"": ""864""}, {""edge_id"": ""664"", ""source_node_id"": ""862"", ""target_node_id"": ""865""}, {""edge_id"": ""665"", ""source_node_id"": ""864"", ""target_node_id"": ""866""}, {""edge_id"": ""666"", ""source_node_id"": ""862"", ""target_node_id"": ""867""}, {""edge_id"": ""667"", ""source_node_id"": ""863"", ""target_node_id"": ""867""}, {""edge_id"": ""668"", ""source_node_id"": ""865"", ""target_node_id"": ""867""}, {""edge_id"": ""669"", ""source_node_id"": ""863"", ""target_node_id"": ""868""}, {""edge_id"": ""670"", ""source_node_id"": ""866"", ""target_node_id"": ""868""}, {""edge_id"": ""671"", ""source_node_id"": ""864"", ""target_node_id"": ""868""}], ""step_requirements"": [{""node_id"": ""860"", ""algorithm_step_name"": ""Tabular Dataset Loading"", ""node_name"": ""疾病症状和患者资料训练数据"", ""node_params"": {""table_name"": ""disease_symptoms_and_patient_profile_dataset_train"", ""target_column"": ""Outcome_Variable""}, ""contrast_level"": 2, ""node_type"": ""io""}, {""node_id"": ""861"", ""algorithm_step_name"": ""Tabular Dataset Loading"", ""node_name"": ""疾病症状和患者资料测试数据"", ""node_params"": {""table_name"": ""disease_symptoms_and_patient_profile_dataset_test"", ""target_column"": ""Outcome_Variable""}, ""contrast_level"": 2, ""node_type"": ""io""}, {""node_id"": ""862"", ""algorithm_step_name"": ""One Hot Encoding"", ""node_name"": ""训练数据独热编码"", ""node_params"": {""encode_vars"": [""Fever"", ""Cough"", ""Fatigue"", ""Difficulty_Breathing"", ""Gender"", ""Blood_Pressure_Categorical"", ""Cholesterol_Categorical""]}, ""contrast_level"": 2, ""node_type"": ""feature engineering""}, {""node_id"": ""863"", ""algorithm_step_name"": ""One Hot Encoding"", ""node_name"": ""测试数据独热编码"", ""node_params"": {""encode_vars"": [""Fever"", ""Cough"", ""Fatigue"", ""Difficulty_Breathing"", ""Gender"", ""Blood_Pressure_Categorical"", ""Cholesterol_Categorical""]}, ""contrast_level"": 2, ""node_type"": ""feature engineering""}, {""node_id"": ""864"", ""algorithm_step_name"": ""Feature Selection"", ""node_name"": ""特征选择"", ""node_params"": {""n"": 5}, ""contrast_level"": 2, ""node_type"": ""feature engineering""}, {""node_id"": ""865"", ""algorithm_step_name"": ""Logistic Regression"", ""node_name"": ""逻辑回归模型"", ""node_params"": {}, ""contrast_level"": 1, ""node_type"": ""model""}, {""node_id"": ""866"", ""algorithm_step_name"": ""Logistic Regression"", ""node_name"": ""逻辑回归模型2"", ""node_params"": {}, ""contrast_level"": 1, ""node_type"": ""model""}, {""node_id"": ""867"", ""algorithm_step_name"": ""Model Evaluate"", ""node_name"": ""测试评分"", ""node_params"": {}, ""contrast_level"": 1, ""node_type"": ""evaluate""}, {""node_id"": ""868"", ""algorithm_step_name"": ""Model Evaluate"", ""node_name"": ""测试评分"", ""node_params"": {}, ""contrast_level"": 1, ""node_type"": ""evaluate""}]}",0.4444
"Train data: employee_train
test data: employee_test
Use the training data and test data to go through all of the following tasks, taking care not to leave anything out:
1. Perform feature construction to build a new feature named ""YearsInCompany"" to represent the number of years each employee has been in the company. It is calculated as 2023 minus the 'JoiningYear'.
2. Encode the categorical columns using one-hot encoding.
3. Build a random forest classifier to predict the 'LeaveOrNot' variable.
4. Make predictions on the test set.
5. Save predictions.
6. Confusion matrix showing predicted results.",0.5833,31644,"{""edges"": [{""edge_id"": ""12673"", ""source_node_id"": ""967"", ""target_node_id"": ""15984""}, {""edge_id"": ""12674"", ""source_node_id"": ""15984"", ""target_node_id"": ""15985""}, {""edge_id"": ""12675"", ""source_node_id"": ""15985"", ""target_node_id"": ""973""}, {""edge_id"": ""12676"", ""source_node_id"": ""15985"", ""target_node_id"": ""974""}, {""edge_id"": ""12677"", ""source_node_id"": ""973"", ""target_node_id"": ""974""}, {""edge_id"": ""12678"", ""source_node_id"": ""974"", ""target_node_id"": ""975""}, {""edge_id"": ""12679"", ""source_node_id"": ""973"", ""target_node_id"": ""15989""}], ""nodes"": [{""node_id"": ""967"", ""widget_name"": ""SQL Table"", ""node_name"": ""员工训练数据"", ""node_params"": {""table_name"": ""employee_train"", ""target_column"": ""LeaveOrNot""}, ""matched"": true}, {""node_id"": ""968"", ""widget_name"": ""SQL Table"", ""node_name"": ""员工测试数据"", ""node_params"": {""table_name"": ""employee_test"", ""target_column"": ""LeaveOrNot""}, ""matched"": true}, {""node_id"": ""15984"", ""widget_name"": ""Edit Domain"", ""node_name"": ""特征工程"", ""node_params"": {""column_name"": ""JoiningYear"", ""valueMappings"": [{""key"": 0, ""originValue"": 2014, ""currentValue"": 0}, {""key"": 1, ""originValue"": 2015, ""currentValue"": 1}, {""key"": 2, ""originValue"": 2016, ""currentValue"": 2}, {""key"": 3, ""originValue"": 2017, ""currentValue"": 3}, {""key"": 4, ""originValue"": 2018, ""currentValue"": 4}]}, ""matched"": false}, {""node_id"": ""15985"", ""widget_name"": ""Unique"", ""node_name"": ""one-hot编码"", ""node_params"": {""selGroupByVariables"": [""Education"", ""City"", ""PaymentTier"", ""Gender"", ""EverBenched""], ""configure"": ""Last instance""}, ""matched"": false}, {""node_id"": ""973"", ""widget_name"": ""Random Forest"", ""node_name"": ""随机森林分类器"", ""node_params"": {""n_estimators"": 10, ""use_max_features"": false, ""max_features"": ""auto"", ""use_random_state"": false, ""use_max_depth"": false, ""max_depth"": 3, ""use_min_samples_split"": true, ""min_samples_split"": 2}, ""matched"": true}, {""node_id"": ""974"", ""widget_name"": ""Predictions"", ""node_name"": ""预测"", ""node_params"": {""output_attrs"": true, ""output_predictions"": true, ""output_probabilities"": true}, ""matched"": true}, {""node_id"": ""975"", ""widget_name"": ""Save Data"", ""node_name"": ""保存预测结果"", ""node_params"": {}, ""matched"": true}, {""node_id"": ""15989"", ""widget_name"": ""Test & Score"", ""node_name"": ""Test Score"", ""node_params"": {}, ""matched"": false}]}","{""dependency_requirements"": [{""edge_id"": ""749"", ""source_node_id"": ""967"", ""target_node_id"": ""969""}, {""edge_id"": ""750"", ""source_node_id"": ""968"", ""target_node_id"": ""970""}, {""edge_id"": ""751"", ""source_node_id"": ""969"", ""target_node_id"": ""971""}, {""edge_id"": ""752"", ""source_node_id"": ""970"", ""target_node_id"": ""972""}, {""edge_id"": ""753"", ""source_node_id"": ""971"", ""target_node_id"": ""973""}, {""edge_id"": ""754"", ""source_node_id"": ""972"", ""target_node_id"": ""974""}, {""edge_id"": ""755"", ""source_node_id"": ""973"", ""target_node_id"": ""974""}, {""edge_id"": ""756"", ""source_node_id"": ""974"", ""target_node_id"": ""975""}, {""edge_id"": ""757"", ""source_node_id"": ""974"", ""target_node_id"": ""976""}], ""step_requirements"": [{""node_id"": ""967"", ""algorithm_step_name"": ""Tabular Dataset Loading"", ""node_name"": ""员工训练数据"", ""node_params"": {""table_name"": ""employee_train"", ""target_column"": ""LeaveOrNot""}, ""contrast_level"": 2, ""node_type"": ""io""}, {""node_id"": ""968"", ""algorithm_step_name"": ""Tabular Dataset Loading"", ""node_name"": ""员工测试数据"", ""node_params"": {""table_name"": ""employee_test"", ""target_column"": ""LeaveOrNot""}, ""contrast_level"": 2, ""node_type"": ""io""}, {""node_id"": ""969"", ""algorithm_step_name"": ""Feature Construction"", ""node_name"": ""特征构造_训练数据"", ""node_params"": {""expressions"": [{""key"": 0, ""name"": ""YearsInCompany"", ""expression"": ""2023 - JoiningYear"", ""type"": ""2"", ""image"": ""N"", ""categories"": ""A, B""}]}, ""contrast_level"": 2, ""node_type"": ""feature engineering""}, {""node_id"": ""970"", ""algorithm_step_name"": ""Feature Construction"", ""node_name"": ""特征构造_测试数据"", ""node_params"": {""expressions"": [{""key"": 0, ""name"": ""YearsInCompany"", ""expression"": ""2023 - JoiningYear"", ""type"": ""2"", ""image"": ""N"", ""categories"": ""A, B""}]}, ""contrast_level"": 2, ""node_type"": ""feature engineering""}, {""node_id"": ""971"", ""algorithm_step_name"": ""One Hot Encoding"", ""node_name"": ""One Hot Encoder_训练数据"", ""node_params"": {""encode_vars"": [""Education"", ""City"", ""Gender"", ""EverBenched""]}, ""contrast_level"": 2, ""node_type"": ""feature engineering""}, {""node_id"": ""972"", ""algorithm_step_name"": ""One Hot Encoding"", ""node_name"": ""One Hot Encoder_测试数据"", ""node_params"": {""encode_vars"": [""Education"", ""City"", ""Gender"", ""EverBenched""]}, ""contrast_level"": 2, ""node_type"": ""feature engineering""}, {""node_id"": ""973"", ""algorithm_step_name"": ""Random Forest"", ""node_name"": ""随机森林分类器"", ""node_params"": {}, ""contrast_level"": 1, ""node_type"": ""model""}, {""node_id"": ""974"", ""algorithm_step_name"": ""Test Dataset Predictions"", ""node_name"": ""预测"", ""node_params"": {""output_probabilities"": true}, ""contrast_level"": 2, ""node_type"": ""predict""}, {""node_id"": ""975"", ""algorithm_step_name"": ""Save Data"", ""node_name"": ""保存预测结果"", ""node_params"": {}, ""contrast_level"": 1, ""node_type"": ""io""}, {""node_id"": ""976"", ""algorithm_step_name"": ""Confusion Matrix"", ""node_name"": ""混淆矩阵"", ""node_params"": {}, ""contrast_level"": 1, ""node_type"": ""visualize""}]}",0.4444
"Train data: global_data_on_sustainable_energy_train
test data: global_data_on_sustainable_energy__test
Use the training data and test data to go through all of the following tasks, taking care not to leave anything out:
1. The features are all other columns except 'Entity' and 'Year'.
2. The target variable is 'Renewable energy share in the total final energy consumption (%)'. Build a linear regression model to predict the outcome variable using all features. Fit the model on the training set.
3. Make predictions on the test set.
4. Save predictions.",0.0,27940,{},"{""dependency_requirements"": [{""edge_id"": ""759"", ""source_node_id"": ""977"", ""target_node_id"": ""980""}, {""edge_id"": ""760"", ""source_node_id"": ""978"", ""target_node_id"": ""981""}, {""edge_id"": ""762"", ""source_node_id"": ""980"", ""target_node_id"": ""983""}, {""edge_id"": ""766"", ""source_node_id"": ""981"", ""target_node_id"": ""985""}, {""edge_id"": ""767"", ""source_node_id"": ""983"", ""target_node_id"": ""985""}, {""edge_id"": ""768"", ""source_node_id"": ""985"", ""target_node_id"": ""986""}], ""step_requirements"": [{""node_id"": ""977"", ""algorithm_step_name"": ""Tabular Dataset Loading"", ""node_name"": ""全球可持续能源训练数据"", ""node_params"": {""table_name"": ""global_data_on_sustainable_energy_train"", ""target_column"": ""Renewable_energy_share_total_final_energy_consumption_percentage""}, ""contrast_level"": 2, ""node_type"": ""io""}, {""node_id"": ""978"", ""algorithm_step_name"": ""Tabular Dataset Loading"", ""node_name"": ""全球可持续能源测试数据"", ""node_params"": {""table_name"": ""global_data_on_sustainable_energy__test"", ""target_column"": ""Renewable_energy_share_total_final_energy_consumption_percentage""}, ""contrast_level"": 2, ""node_type"": ""io""}, {""node_id"": ""980"", ""algorithm_step_name"": ""Select Columns"", ""node_name"": ""训练数据列选择"", ""node_params"": {""ignores"": [0], ""features"": [1, 2, 3, 4, 6, 7, 8, 9, 10, 11, 12, 13, 14, 15, 16, 17, 18, 19], ""targets"": [5]}, ""contrast_level"": 2, ""node_type"": ""preprocess""}, {""node_id"": ""981"", ""algorithm_step_name"": ""Select Columns"", ""node_name"": ""测试数据列选择"", ""node_params"": {""ignores"": [0], ""features"": [1, 2, 3, 4, 6, 7, 8, 9, 10, 11, 12, 13, 14, 15, 16, 17, 18, 19], ""targets"": [5]}, ""contrast_level"": 2, ""node_type"": ""preprocess""}, {""node_id"": ""983"", ""algorithm_step_name"": ""Linear Regression"", ""node_name"": ""线性回归模型"", ""node_params"": {}, ""contrast_level"": 1, ""node_type"": ""model""}, {""node_id"": ""985"", ""algorithm_step_name"": ""Test Dataset Predictions"", ""node_name"": ""预测"", ""node_params"": {""output_probabilities"": false}, ""contrast_level"": 2, ""node_type"": ""predict""}, {""node_id"": ""986"", ""algorithm_step_name"": ""Save Data"", ""node_name"": ""保存预测结果"", ""node_params"": {}, ""contrast_level"": 1, ""node_type"": ""io""}]}",0.0
"Train data: heart_attack_prediction_dataset_train
test data: heart_attack_prediction_dataset_test
Use the training data and test data to go through all of the following tasks, taking care not to leave anything out:
1. Convert the values in the data for the category column 'Diet'. Use 1, 2, 3 for 'Healthy', 'Average', and 'Unhealthy' respectively.
2. Build a RandomForest model to predict the Heart Attack Risk using all features. Fit the model on the training set.
3. Make predictions on the test set.
4. Save predictions.",0.7778,30659,"{""edges"": [{""edge_id"": ""12685"", ""source_node_id"": ""994"", ""target_node_id"": ""15998""}, {""edge_id"": ""12686"", ""source_node_id"": ""15998"", ""target_node_id"": ""15999""}, {""edge_id"": ""12687"", ""source_node_id"": ""15999"", ""target_node_id"": ""1000""}, {""edge_id"": ""12688"", ""source_node_id"": ""15999"", ""target_node_id"": ""1001""}, {""edge_id"": ""12689"", ""source_node_id"": ""1000"", ""target_node_id"": ""1001""}, {""edge_id"": ""12690"", ""source_node_id"": ""1001"", ""target_node_id"": ""1002""}], ""nodes"": [{""node_id"": ""994"", ""widget_name"": ""SQL Table"", ""node_name"": ""心脏病预测训练数据"", ""node_params"": {""table_name"": ""heart_attack_prediction_dataset_train"", ""target_column"": ""Heart_Attack_Risk""}, ""matched"": true}, {""node_id"": ""995"", ""widget_name"": ""SQL Table"", ""node_name"": ""心脏病预测测试数据"", ""node_params"": {""table_name"": ""heart_attack_prediction_dataset_test"", ""target_column"": ""Heart_Attack_Risk""}, ""matched"": true}, {""node_id"": ""15998"", ""widget_name"": ""Edit Domain"", ""node_name"": ""数据转换"", ""node_params"": {""column_name"": ""Diet"", ""valueMappings"": [{""key"": 1, ""originValue"": ""Average"", ""currentValue"": 1}, {""key"": 2, ""originValue"": ""Average"", ""currentValue"": 2}, {""key"": 3, ""originValue"": ""Healthy"", ""currentValue"": 3}]}, ""matched"": false}, {""node_id"": ""15999"", ""widget_name"": ""One Hot Encoder"", ""node_name"": ""独热编码处理"", ""node_params"": {""encode_vars"": [""Diet""]}, ""matched"": false}, {""node_id"": ""1000"", ""widget_name"": ""Random Forest"", ""node_name"": ""随机森林模型"", ""node_params"": {""n_estimators"": 10, ""use_max_features"": false, ""max_features"": ""auto"", ""use_random_state"": false, ""use_max_depth"": false, ""max_depth"": 3, ""use_min_samples_split"": true, ""min_samples_split"": 2}, ""matched"": true}, {""node_id"": ""1001"", ""widget_name"": ""Predictions"", ""node_name"": ""预测"", ""node_params"": {""output_attrs"": true, ""output_predictions"": true, ""output_probabilities"": true}, ""matched"": true}, {""node_id"": ""1002"", ""widget_name"": ""Save Data"", ""node_name"": ""保存预测结果"", ""node_params"": {}, ""matched"": true}]}","{""dependency_requirements"": [{""edge_id"": ""772"", ""source_node_id"": ""994"", ""target_node_id"": ""996""}, {""edge_id"": ""773"", ""source_node_id"": ""995"", ""target_node_id"": ""997""}, {""edge_id"": ""778"", ""source_node_id"": ""1000"", ""target_node_id"": ""1001""}, {""edge_id"": ""779"", ""source_node_id"": ""1001"", ""target_node_id"": ""1002""}, {""edge_id"": ""780"", ""source_node_id"": ""997"", ""target_node_id"": ""1001""}, {""edge_id"": ""781"", ""source_node_id"": ""996"", ""target_node_id"": ""1000""}], ""step_requirements"": [{""node_id"": ""994"", ""algorithm_step_name"": ""Tabular Dataset Loading"", ""node_name"": ""训练数据"", ""node_params"": {""table_name"": ""heart_attack_prediction_dataset_train"", ""target_column"": ""Heart_Attack_Risk""}, ""contrast_level"": 2, ""node_type"": ""io""}, {""node_id"": ""995"", ""algorithm_step_name"": ""Tabular Dataset Loading"", ""node_name"": ""测试数据"", ""node_params"": {""table_name"": ""heart_attack_prediction_dataset_test"", ""target_column"": ""Heart_Attack_Risk""}, ""contrast_level"": 2, ""node_type"": ""io""}, {""node_id"": ""996"", ""algorithm_step_name"": ""Edit Domain"", ""node_name"": ""编辑域"", ""node_params"": {""column_name"": ""Diet"", ""valueMappings"": [{""key"": 1, ""originValue"": ""Healthy"", ""currentValue"": ""1""}, {""key"": 2, ""originValue"": ""Average"", ""currentValue"": ""2""}, {""key"": 3, ""originValue"": ""Unhealthy"", ""currentValue"": ""3""}]}, ""contrast_level"": 2, ""node_type"": ""preprocess""}, {""node_id"": ""997"", ""algorithm_step_name"": ""Edit Domain"", ""node_name"": ""编辑域"", ""node_params"": {""column_name"": ""Diet"", ""valueMappings"": [{""key"": 1, ""originValue"": ""Healthy"", ""currentValue"": ""1""}, {""key"": 2, ""originValue"": ""Average"", ""currentValue"": ""2""}, {""key"": 3, ""originValue"": ""Unhealthy"", ""currentValue"": ""3""}]}, ""contrast_level"": 2, ""node_type"": ""preprocess""}, {""node_id"": ""1000"", ""algorithm_step_name"": ""Random Forest"", ""node_name"": ""随机森林模型"", ""node_params"": {}, ""contrast_level"": 1, ""node_type"": ""model""}, {""node_id"": ""1001"", ""algorithm_step_name"": ""Test Dataset Predictions"", ""node_name"": ""预测"", ""node_params"": {""output_probabilities"": true}, ""contrast_level"": 2, ""node_type"": ""predict""}, {""node_id"": ""1002"", ""algorithm_step_name"": ""Save Data"", ""node_name"": ""保存预测结果"", ""node_params"": {}, ""contrast_level"": 1, ""node_type"": ""io""}]}",0.5714
"Train data path: housing_price_prediction_train
test data path: housing_price_prediction_test
Use the training data and test data to go through all of the following tasks, taking care not to leave anything out:
1. loading 'housing_price_prediction_train' data and loading 'housing_price_prediction_test' data
2. Build a linear regression model to predict the housing price. Fit the model on the training set.
3. Make predictions on the test set.
4. Save predictions.",0.8889,23510,"{""edges"": [{""edge_id"": ""12691"", ""source_node_id"": ""1004"", ""target_node_id"": ""16007""}, {""edge_id"": ""12692"", ""source_node_id"": ""16007"", ""target_node_id"": ""1009""}, {""edge_id"": ""12693"", ""source_node_id"": ""16007"", ""target_node_id"": ""1012""}, {""edge_id"": ""12694"", ""source_node_id"": ""1009"", ""target_node_id"": ""1012""}, {""edge_id"": ""12695"", ""source_node_id"": ""1012"", ""target_node_id"": ""1013""}], ""nodes"": [{""node_id"": ""1004"", ""widget_name"": ""SQL Table"", ""node_name"": ""房价预测训练数据"", ""node_params"": {""table_name"": ""housing_price_prediction_train"", ""target_column"": ""price""}, ""matched"": true}, {""node_id"": ""1005"", ""widget_name"": ""SQL Table"", ""node_name"": ""房价预测测试数据"", ""node_params"": {""table_name"": ""housing_price_prediction_test"", ""target_column"": ""price""}, ""matched"": true}, {""node_id"": ""16007"", ""widget_name"": ""One Hot Encoder"", ""node_name"": ""独热编码处理"", ""node_params"": {""encode_vars"": [""mainroad"", ""guestroom"", ""basement"", ""hotwaterheating"", ""airconditioning"", ""prefarea"", ""furnishingstatus""]}, ""matched"": false}, {""node_id"": ""1009"", ""widget_name"": ""Linear Regression"", ""node_name"": ""线性回归模型"", ""node_params"": {""regression_type"": ""0""}, ""matched"": true}, {""node_id"": ""1012"", ""widget_name"": ""Predictions"", ""node_name"": ""预测"", ""node_params"": {""output_attrs"": false, ""output_predictions"": true, ""output_probabilities"": false}, ""matched"": true}, {""node_id"": ""1013"", ""widget_name"": ""Save Data"", ""node_name"": ""保存预测结果"", ""node_params"": {}, ""matched"": true}]}","{""dependency_requirements"": [{""edge_id"": ""789"", ""source_node_id"": ""1009"", ""target_node_id"": ""1012""}, {""edge_id"": ""790"", ""source_node_id"": ""1012"", ""target_node_id"": ""1013""}, {""edge_id"": ""791"", ""source_node_id"": ""1005"", ""target_node_id"": ""1012""}, {""edge_id"": ""792"", ""source_node_id"": ""1004"", ""target_node_id"": ""1009""}], ""step_requirements"": [{""node_id"": ""1004"", ""algorithm_step_name"": ""Tabular Dataset Loading"", ""node_name"": ""房价预测训练数据"", ""node_params"": {""table_name"": ""housing_price_prediction_train"", ""target_column"": ""price""}, ""contrast_level"": 2, ""node_type"": ""io""}, {""node_id"": ""1005"", ""algorithm_step_name"": ""Tabular Dataset Loading"", ""node_name"": ""房价预测测试数据"", ""node_params"": {""table_name"": ""housing_price_prediction_test"", ""target_column"": ""price""}, ""contrast_level"": 2, ""node_type"": ""io""}, {""node_id"": ""1009"", ""algorithm_step_name"": ""Linear Regression"", ""node_name"": ""线性回归模型"", ""node_params"": {}, ""contrast_level"": 1, ""node_type"": ""model""}, {""node_id"": ""1012"", ""algorithm_step_name"": ""Test Dataset Predictions"", ""node_name"": ""预测"", ""node_params"": {""output_probabilities"": false}, ""contrast_level"": 2, ""node_type"": ""predict""}, {""node_id"": ""1013"", ""algorithm_step_name"": ""Save Data"", ""node_name"": ""保存预测结果"", ""node_params"": {}, ""contrast_level"": 1, ""node_type"": ""io""}]}",0.7273
"Train data: life_expectancy_data_train
test data: life_expectancy_data_test
Use the training data and test data to go through all of the following tasks, taking care not to leave anything out:
1. Perform feature construction to build a new feature named ""GDP_bins"" to categorize the GDP into several bins. The GDP bins are defined as follows:
  - ""Low GDP"": GDP <= 1000
  - ""Medium GDP"": 1000 < GDP <= 10000
  - ""High GDP"": GDP > 10000
2. Create a predictive model to predict life expectancy. Use Linear regression as the model. Fit the model on the training set.
3. Make predictions on the test set.
4. Save predictions.",0.6667,32217,"{""edges"": [{""edge_id"": ""12696"", ""source_node_id"": ""16011"", ""target_node_id"": ""16014""}, {""edge_id"": ""12697"", ""source_node_id"": ""16014"", ""target_node_id"": ""1022""}, {""edge_id"": ""12698"", ""source_node_id"": ""1022"", ""target_node_id"": ""1023""}, {""edge_id"": ""12699"", ""source_node_id"": ""1023"", ""target_node_id"": ""1024""}], ""nodes"": [{""node_id"": ""16011"", ""widget_name"": ""SQL Table"", ""node_name"": ""生存率训练数据"", ""node_params"": {""table_name"": ""employee_train"", ""target_column"": ""LeaveOrNot""}, ""matched"": false}, {""node_id"": ""1019"", ""widget_name"": ""SQL Table"", ""node_name"": ""生存率测试数据"", ""node_params"": {""table_name"": ""life_expectancy_data_test"", ""target_column"": ""Life_expectancy""}, ""matched"": true}, {""node_id"": ""16013"", ""widget_name"": ""Feature Constructor"", ""node_name"": ""特征构建"", ""node_params"": {""expressions"": []}, ""matched"": false}, {""node_id"": ""16014"", ""widget_name"": ""Feature Constructor"", ""node_name"": ""特征构建"", ""node_params"": {""expressions"": [{""key"": 0, ""name"": ""GDP_bins"", ""expression"": ""np.cut(df[\""GDP\""], bins=[0, 1000, 2000, 3000, float(\""inf\"")], labels=[\""Low\"", \""Medium\"", \""High\""], include_lowest=True)"", ""type"": ""1"", ""image"": ""C"", ""categories"": """"}]}, ""matched"": false}, {""node_id"": ""1022"", ""widget_name"": ""Linear Regression"", ""node_name"": ""线性回归模型"", ""node_params"": {""regression_type"": ""0""}, ""matched"": true}, {""node_id"": ""1023"", ""widget_name"": ""Predictions"", ""node_name"": ""预测"", ""node_params"": {""output_attrs"": false, ""output_predictions"": true, ""output_probabilities"": false}, ""matched"": true}, {""node_id"": ""1024"", ""widget_name"": ""Save Data"", ""node_name"": ""保存预测结果"", ""node_params"": {}, ""matched"": true}]}","{""dependency_requirements"": [{""edge_id"": ""797"", ""source_node_id"": ""1018"", ""target_node_id"": ""1020""}, {""edge_id"": ""798"", ""source_node_id"": ""1019"", ""target_node_id"": ""1021""}, {""edge_id"": ""799"", ""source_node_id"": ""1020"", ""target_node_id"": ""1022""}, {""edge_id"": ""800"", ""source_node_id"": ""1021"", ""target_node_id"": ""1023""}, {""edge_id"": ""801"", ""source_node_id"": ""1022"", ""target_node_id"": ""1023""}, {""edge_id"": ""802"", ""source_node_id"": ""1023"", ""target_node_id"": ""1024""}], ""step_requirements"": [{""node_id"": ""1018"", ""algorithm_step_name"": ""Tabular Dataset Loading"", ""node_name"": ""预期寿命训练数据"", ""node_params"": {""table_name"": ""life_expectancy_data_train"", ""target_column"": ""Life_expectancy""}, ""contrast_level"": 2, ""node_type"": ""io""}, {""node_id"": ""1019"", ""algorithm_step_name"": ""Tabular Dataset Loading"", ""node_name"": ""预期寿命测试数据"", ""node_params"": {""table_name"": ""life_expectancy_data_test"", ""target_column"": ""Life_expectancy""}, ""contrast_level"": 2, ""node_type"": ""io""}, {""node_id"": ""1020"", ""algorithm_step_name"": ""Feature Construction"", ""node_name"": ""特征构建_训练数据"", ""node_params"": {""expressions"": [{""key"": 0, ""name"": ""GDP_bins"", ""expression"": ""'Low GDP' if GDP <= 1000 else 'Medium GDP' if GDP <= 10000 else 'High GDP'"", ""type"": ""1"", ""image"": ""C"", ""categories"": ""Low GDP, Medium GDP, High GDP""}]}, ""contrast_level"": 2, ""node_type"": ""feature engineering""}, {""node_id"": ""1021"", ""algorithm_step_name"": ""Feature Construction"", ""node_name"": ""特征构建_测试数据"", ""node_params"": {""expressions"": [{""key"": 0, ""name"": ""GDP_bins"", ""expression"": ""'Low GDP' if GDP <= 1000 else 'Medium GDP' if GDP <= 10000 else 'High GDP'"", ""type"": ""1"", ""image"": ""C"", ""categories"": ""Low GDP, Medium GDP, High GDP""}]}, ""contrast_level"": 2, ""node_type"": ""feature engineering""}, {""node_id"": ""1022"", ""algorithm_step_name"": ""Linear Regression"", ""node_name"": ""线性回归模型"", ""node_params"": {}, ""contrast_level"": 1, ""node_type"": ""model""}, {""node_id"": ""1023"", ""algorithm_step_name"": ""Test Dataset Predictions"", ""node_name"": ""预测"", ""node_params"": {""output_probabilities"": false}, ""contrast_level"": 2, ""node_type"": ""predict""}, {""node_id"": ""1024"", ""algorithm_step_name"": ""Save Data"", ""node_name"": ""保存预测结果"", ""node_params"": {}, ""contrast_level"": 1, ""node_type"": ""io""}]}",0.4286
"Train data: bank_customer_churn_train
test data: bank_customer_churn_test
Use the training data and test data to go through all of the following tasks, taking care not to leave anything out:
1. Drop the columns that will not be interesting to models, such as ""CustomerId"", ""Complain"", and ""Surname"".
2. Use one-hot encoding for ""Geography"" and ""Card Type"".
3. Construct a model using XGBoost to predict categorical target variable ""Exited"".
4. Make predictions on the test set.
5. Save predictions.",0.0,16138,{},"{""dependency_requirements"": [{""edge_id"": ""503"", ""source_node_id"": ""694"", ""target_node_id"": ""696""}, {""edge_id"": ""504"", ""source_node_id"": ""695"", ""target_node_id"": ""697""}, {""edge_id"": ""505"", ""source_node_id"": ""696"", ""target_node_id"": ""698""}, {""edge_id"": ""506"", ""source_node_id"": ""697"", ""target_node_id"": ""699""}, {""edge_id"": ""507"", ""source_node_id"": ""698"", ""target_node_id"": ""700""}, {""edge_id"": ""508"", ""source_node_id"": ""699"", ""target_node_id"": ""701""}, {""edge_id"": ""509"", ""source_node_id"": ""700"", ""target_node_id"": ""701""}, {""edge_id"": ""510"", ""source_node_id"": ""701"", ""target_node_id"": ""702""}], ""step_requirements"": [{""node_id"": ""694"", ""algorithm_step_name"": ""Tabular Dataset Loading"", ""node_name"": ""银行客户流失训练数据"", ""node_params"": {""table_name"": ""bank_customer_churn_train"", ""target_column"": ""Exited""}, ""contrast_level"": 2, ""node_type"": ""io""}, {""node_id"": ""695"", ""algorithm_step_name"": ""Tabular Dataset Loading"", ""node_name"": ""银行客户流失测试数据"", ""node_params"": {""table_name"": ""bank_customer_churn_test"", ""target_column"": ""Exited""}, ""contrast_level"": 2, ""node_type"": ""io""}, {""node_id"": ""696"", ""algorithm_step_name"": ""Select Columns"", ""node_name"": ""选择训练数据列"", ""node_params"": {""ignores"": [], ""features"": [0, 1, 2, 3, 4, 5, 6, 7, 8, 9, 11, 12, 13], ""targets"": [10]}, ""contrast_level"": 2, ""node_type"": ""preprocess""}, {""node_id"": ""697"", ""algorithm_step_name"": ""Select Columns"", ""node_name"": ""选择测试数据列"", ""node_params"": {""ignores"": [], ""features"": [0, 1, 2, 3, 4, 5, 6, 7, 8, 9, 11, 12, 13], ""targets"": [10]}, ""contrast_level"": 2, ""node_type"": ""preprocess""}, {""node_id"": ""698"", ""algorithm_step_name"": ""One Hot Encoding"", ""node_name"": ""训练数据独热编码"", ""node_params"": {""encode_vars"": [""Geography"", ""CardType""]}, ""contrast_level"": 2, ""node_type"": ""feature engineering""}, {""node_id"": ""699"", ""algorithm_step_name"": ""One Hot Encoding"", ""node_name"": ""测试数据独热编码"", ""node_params"": {""encode_vars"": [""Geography"", ""CardType""]}, ""contrast_level"": 2, ""node_type"": ""feature engineering""}, {""node_id"": ""700"", ""algorithm_step_name"": ""XGBoost"", ""node_name"": ""XGBoost"", ""node_params"": {}, ""contrast_level"": 1, ""node_type"": ""model""}, {""node_id"": ""701"", ""algorithm_step_name"": ""Test Dataset Predictions"", ""node_name"": ""预测"", ""node_params"": {""output_probabilities"": true}, ""contrast_level"": 2, ""node_type"": ""predict""}, {""node_id"": ""702"", ""algorithm_step_name"": ""Save Data"", ""node_name"": ""保存预测结果"", ""node_params"": {}, ""contrast_level"": 1, ""node_type"": ""io""}]}",0.0
"Train data: cardiovascular_diseases_risk_prediction_train
test data: cardiovascular_diseases_risk_prediction_test
Use the training data and test data to go through all of the following tasks, taking care not to leave anything out:
1. Drop all rows with missing values from the dataset. And then drop the duplicates.
2. Perform feature construction to build a new feature named ""BMI_Category"" to categorize the BMI (Body Mass Index) of each individual into one of four categories:
    - ""Underweight"" is a BMI less than 18.5,
    - ""Normal weight"" is a BMI from 18.5 to 24.9,
    - ""Overweight"" is a BMI from 25 to 29.9,
    - ""Obesity"" is a BMI of 30 or higher.
3. Try to predict Heart_Disease based on all other variables.
Construct a model to predict Heart_Disease.
Fit the model on the training set.
4. Make predictions on the test set.
5. Save predictions.",0.4615,29985,"{""edges"": [{""edge_id"": ""12700"", ""source_node_id"": ""1036"", ""target_node_id"": ""1040""}, {""edge_id"": ""12701"", ""source_node_id"": ""1040"", ""target_node_id"": ""1041""}, {""edge_id"": ""12702"", ""source_node_id"": ""1041"", ""target_node_id"": ""1042""}], ""nodes"": [{""node_id"": ""1036"", ""widget_name"": ""Unique"", ""node_name"": ""去重"", ""node_params"": {""selGroupByVariables"": [], ""configure"": ""Drop""}, ""matched"": true}, {""node_id"": ""16025"", ""widget_name"": ""Feature Constructor"", ""node_name"": ""BMI_Category"", ""node_params"": {""expressions"": [{""key"": 0, ""name"": ""BMI_Category"", ""expression"": ""if BMI <= 18.5 then \""Underweight\"" else if BMI <= 25 then \""Normal weight\"" else if BMI <= 30 then \""Overweight\"" else \""Obesity\"""", ""type"": ""str"", ""image"": ""C"", ""categories"": ""Underweight, Normal weight, Overweight, Obesity""}]}, ""matched"": false}, {""node_id"": ""1040"", ""widget_name"": ""Logistic Regression"", ""node_name"": ""Logistic Regression"", ""node_params"": {""C"": 1, ""penalty"": ""l2""}, ""matched"": true}, {""node_id"": ""1041"", ""widget_name"": ""Predictions"", ""node_name"": ""预测"", ""node_params"": {""output_attrs"": true, ""output_predictions"": true, ""output_probabilities"": true}, ""matched"": true}, {""node_id"": ""1042"", ""widget_name"": ""Save Data"", ""node_name"": ""保存预测结果"", ""node_params"": {}, ""matched"": true}]}","{""dependency_requirements"": [{""edge_id"": ""811"", ""source_node_id"": ""1043"", ""target_node_id"": ""1036""}, {""edge_id"": ""812"", ""source_node_id"": ""1044"", ""target_node_id"": ""1037""}, {""edge_id"": ""813"", ""source_node_id"": ""1036"", ""target_node_id"": ""1038""}, {""edge_id"": ""814"", ""source_node_id"": ""1037"", ""target_node_id"": ""1039""}, {""edge_id"": ""815"", ""source_node_id"": ""1038"", ""target_node_id"": ""1040""}, {""edge_id"": ""816"", ""source_node_id"": ""1039"", ""target_node_id"": ""1041""}, {""edge_id"": ""817"", ""source_node_id"": ""1040"", ""target_node_id"": ""1041""}, {""edge_id"": ""818"", ""source_node_id"": ""1041"", ""target_node_id"": ""1042""}, {""edge_id"": ""819"", ""source_node_id"": ""1035"", ""target_node_id"": ""1044""}, {""edge_id"": ""820"", ""source_node_id"": ""1034"", ""target_node_id"": ""1043""}], ""step_requirements"": [{""node_id"": ""1034"", ""algorithm_step_name"": ""Tabular Dataset Loading"", ""node_name"": ""心血管疾病风险预测训练数据"", ""node_params"": {""table_name"": ""cardiovascular_diseases_risk_prediction_train"", ""target_column"": ""Heart_Disease""}, ""contrast_level"": 2, ""node_type"": ""io""}, {""node_id"": ""1035"", ""algorithm_step_name"": ""Tabular Dataset Loading"", ""node_name"": ""心血管疾病风险预测测试数据"", ""node_params"": {""table_name"": ""cardiovascular_diseases_risk_prediction_test"", ""target_column"": ""Heart_Disease""}, ""contrast_level"": 2, ""node_type"": ""io""}, {""node_id"": ""1036"", ""algorithm_step_name"": ""Unique"", ""node_name"": ""训练数据去重"", ""node_params"": {}, ""contrast_level"": 1, ""node_type"": ""preprocess""}, {""node_id"": ""1037"", ""algorithm_step_name"": ""Unique"", ""node_name"": ""测试数据去重"", ""node_params"": {}, ""contrast_level"": 1, ""node_type"": ""preprocess""}, {""node_id"": ""1038"", ""algorithm_step_name"": ""Feature Construction"", ""node_name"": ""训练数据特征构建"", ""node_params"": {""expressions"": [{""key"": 0, ""name"": ""BMI_Category"", ""expression"": ""'Underweight' if BMI < 18.5 else 'Normal weight' if 18.5 <= BMI < 24.9 else 'Overweight' if 25 <= BMI < 29.9 else 'Obesity'"", ""type"": ""1"", ""image"": ""C"", ""categories"": ""Underweight, Normal weight, Overweight, Obesity""}]}, ""contrast_level"": 2, ""node_type"": ""feature engineering""}, {""node_id"": ""1039"", ""algorithm_step_name"": ""Feature Construction"", ""node_name"": ""测试数据特征构建"", ""node_params"": {""expressions"": [{""key"": 0, ""name"": ""BMI_Category"", ""expression"": ""'Underweight' if BMI < 18.5 else 'Normal weight' if 18.5 <= BMI < 24.9 else 'Overweight' if 25 <= BMI < 29.9 else 'Obesity'"", ""type"": ""1"", ""image"": ""C"", ""categories"": ""Underweight, Normal weight, Overweight, Obesity""}]}, ""contrast_level"": 2, ""node_type"": ""feature engineering""}, {""node_id"": ""1040"", ""algorithm_step_name"": ""Random Forest"", ""node_name"": ""随机森林模型"", ""node_params"": {}, ""contrast_level"": 0, ""node_type"": ""model""}, {""node_id"": ""1041"", ""algorithm_step_name"": ""Test Dataset Predictions"", ""node_name"": ""预测"", ""node_params"": {""output_probabilities"": true}, ""contrast_level"": 2, ""node_type"": ""predict""}, {""node_id"": ""1042"", ""algorithm_step_name"": ""Save Data"", ""node_name"": ""保存预测结果"", ""node_params"": {}, ""contrast_level"": 1, ""node_type"": ""io""}, {""node_id"": ""1043"", ""algorithm_step_name"": ""Missing Value Handling"", ""node_name"": ""缺失值处理"", ""node_params"": {}, ""contrast_level"": 1, ""node_type"": ""preprocess""}, {""node_id"": ""1044"", ""algorithm_step_name"": ""Missing Value Handling"", ""node_name"": ""缺失值处理"", ""node_params"": {}, ""contrast_level"": 1, ""node_type"": ""preprocess""}]}",0.5
"Train data: coffee_quality_data_cqi_train
test data path: coffee_quality_data_cqi_test
Use the training data and test data to go through all of the following tasks, taking care not to leave anything out:
1. Drop duplicated rows from the dataset.
2. Drop the following columns from the dataset: ""ID"", ""ICO Number"", ""Owner"", ""Region"", ""Certification Contact"", ""Certification Address"", ""Farm Name"", ""Lot Number"", ""Mill"", ""ICO Number"", ""Producer"", ""Company"", ""Expiration"", ""Harvest Year"", ""Unnamed: 0"", ""Number of Bags"", ""Bag Weight"", ""In-Country Partner"", ""Country of Origin"", ""Processing Method"", ""Grading Date"", ""Variety"", ""Status"", ""Defects"", ""Uniformity"", ""Clean Cup"", ""Sweetness"", and ""Certification Body"".
3. For categorical column ""Color"", use one-hot encoding.
4. Try to predict Total Cup Points.
Build a regressor on the training set with RandomForestRegressor.
5. Make predictions on the test set.
6. Save predictions.",0.0,16997,{},"{""dependency_requirements"": [{""edge_id"": ""600"", ""source_node_id"": ""805"", ""target_node_id"": ""807""}, {""edge_id"": ""601"", ""source_node_id"": ""806"", ""target_node_id"": ""808""}, {""edge_id"": ""602"", ""source_node_id"": ""807"", ""target_node_id"": ""809""}, {""edge_id"": ""603"", ""source_node_id"": ""808"", ""target_node_id"": ""810""}, {""edge_id"": ""604"", ""source_node_id"": ""809"", ""target_node_id"": ""811""}, {""edge_id"": ""605"", ""source_node_id"": ""810"", ""target_node_id"": ""812""}, {""edge_id"": ""606"", ""source_node_id"": ""811"", ""target_node_id"": ""813""}, {""edge_id"": ""607"", ""source_node_id"": ""812"", ""target_node_id"": ""814""}, {""edge_id"": ""608"", ""source_node_id"": ""813"", ""target_node_id"": ""814""}, {""edge_id"": ""609"", ""source_node_id"": ""814"", ""target_node_id"": ""815""}], ""step_requirements"": [{""node_id"": ""805"", ""algorithm_step_name"": ""Tabular Dataset Loading"", ""node_name"": ""咖啡质量训练数据"", ""node_params"": {""table_name"": ""coffee_quality_data_cqi_train"", ""target_column"": ""Total_Cup_Points""}, ""contrast_level"": 2, ""node_type"": ""io""}, {""node_id"": ""806"", ""algorithm_step_name"": ""Tabular Dataset Loading"", ""node_name"": ""咖啡质量测试数据"", ""node_params"": {""table_name"": ""coffee_quality_data_cqi_test"", ""target_column"": ""Total_Cup_Points""}, ""contrast_level"": 2, ""node_type"": ""io""}, {""node_id"": ""807"", ""algorithm_step_name"": ""Unique"", ""node_name"": ""训练数据去重"", ""node_params"": {}, ""contrast_level"": 1, ""node_type"": ""preprocess""}, {""node_id"": ""808"", ""algorithm_step_name"": ""Unique"", ""node_name"": ""测试数据去重"", ""node_params"": {}, ""contrast_level"": 1, ""node_type"": ""preprocess""}, {""node_id"": ""809"", ""algorithm_step_name"": ""Select Columns"", ""node_name"": ""训练数据列选择"", ""node_params"": {""ignores"": [], ""features"": [0, 1, 2, 3, 4, 5, 6, 7, 9, 10, 11, 12, 13], ""targets"": [8]}, ""contrast_level"": 2, ""node_type"": ""preprocess""}, {""node_id"": ""810"", ""algorithm_step_name"": ""Select Columns"", ""node_name"": ""测试数据列选择"", ""node_params"": {""ignores"": [], ""features"": [0, 1, 2, 3, 4, 5, 6, 7, 9, 10, 11, 12, 13], ""targets"": [8]}, ""contrast_level"": 2, ""node_type"": ""preprocess""}, {""node_id"": ""811"", ""algorithm_step_name"": ""One Hot Encoding"", ""node_name"": ""训练数据独热编码"", ""node_params"": {""encode_vars"": [""Color""]}, ""contrast_level"": 2, ""node_type"": ""feature engineering""}, {""node_id"": ""812"", ""algorithm_step_name"": ""One Hot Encoding"", ""node_name"": ""测试数据独热编码"", ""node_params"": {""encode_vars"": [""Color""]}, ""contrast_level"": 2, ""node_type"": ""feature engineering""}, {""node_id"": ""813"", ""algorithm_step_name"": ""Random Forest"", ""node_name"": ""随机森林回归模型"", ""node_params"": {}, ""contrast_level"": 1, ""node_type"": ""model""}, {""node_id"": ""814"", ""algorithm_step_name"": ""Test Dataset Predictions"", ""node_name"": ""预测"", ""node_params"": {""output_probabilities"": false}, ""contrast_level"": 2, ""node_type"": ""predict""}, {""node_id"": ""815"", ""algorithm_step_name"": ""Save Data"", ""node_name"": ""保存预测结果"", ""node_params"": {}, ""contrast_level"": 1, ""node_type"": ""io""}]}",0.0
"Train data: diabetes_prediction_dataset_train
test data: diabetes_prediction_dataset_test
Use the training data and test data to go through all of the following tasks, taking care not to leave anything out:
1. Drop duplicate rows from the dataset.
2. Perform one-hot encoding on the ""gender"" and ""smoking_history"" columns.
3. Rank the most important features.
4. Build a random forest classifier to predict diabetes using all features. Fit the model on the training set.
5. Make predictions on the test set.
6. Save predictions.
7. Show the confusion matrix.",0.75,28024,"{""edges"": [{""edge_id"": ""12704"", ""source_node_id"": ""816"", ""target_node_id"": ""820""}, {""edge_id"": ""12705"", ""source_node_id"": ""820"", ""target_node_id"": ""822""}, {""edge_id"": ""12706"", ""source_node_id"": ""820"", ""target_node_id"": ""823""}, {""edge_id"": ""12707"", ""source_node_id"": ""820"", ""target_node_id"": ""824""}, {""edge_id"": ""12708"", ""source_node_id"": ""823"", ""target_node_id"": ""824""}, {""edge_id"": ""12709"", ""source_node_id"": ""824"", ""target_node_id"": ""825""}, {""edge_id"": ""12710"", ""source_node_id"": ""824"", ""target_node_id"": ""826""}], ""nodes"": [{""node_id"": ""816"", ""widget_name"": ""SQL Table"", ""node_name"": ""糖尿病预测训练数据"", ""node_params"": {""table_name"": ""diabetes_prediction_dataset_train"", ""target_column"": ""diabetes""}, ""matched"": true}, {""node_id"": ""820"", ""widget_name"": ""One Hot Encoder"", ""node_name"": ""性别和吸烟史one-hot编码"", ""node_params"": {""encode_vars"": [""gender"", ""smoking_history""]}, ""matched"": true}, {""node_id"": ""822"", ""widget_name"": ""Rank"", ""node_name"": ""特征重要性排序"", ""node_params"": {}, ""matched"": true}, {""node_id"": ""823"", ""widget_name"": ""Random Forest"", ""node_name"": ""随机森林分类器"", ""node_params"": {""n_estimators"": 100, ""use_max_features"": true, ""max_features"": ""auto"", ""use_random_state"": false, ""use_max_depth"": false, ""max_depth"": 3, ""use_min_samples_split"": true, ""min_samples_split"": 2}, ""matched"": true}, {""node_id"": ""824"", ""widget_name"": ""Predictions"", ""node_name"": ""预测"", ""node_params"": {""output_attrs"": true, ""output_predictions"": true, ""output_probabilities"": true}, ""matched"": true}, {""node_id"": ""825"", ""widget_name"": ""Save Data"", ""node_name"": ""保存预测结果"", ""node_params"": {}, ""matched"": true}, {""node_id"": ""826"", ""widget_name"": ""Confusion Matrix"", ""node_name"": ""混淆矩阵"", ""node_params"": {}, ""matched"": true}]}","{""dependency_requirements"": [{""edge_id"": ""610"", ""source_node_id"": ""816"", ""target_node_id"": ""818""}, {""edge_id"": ""611"", ""source_node_id"": ""817"", ""target_node_id"": ""819""}, {""edge_id"": ""612"", ""source_node_id"": ""818"", ""target_node_id"": ""820""}, {""edge_id"": ""613"", ""source_node_id"": ""819"", ""target_node_id"": ""821""}, {""edge_id"": ""614"", ""source_node_id"": ""820"", ""target_node_id"": ""822""}, {""edge_id"": ""615"", ""source_node_id"": ""820"", ""target_node_id"": ""823""}, {""edge_id"": ""616"", ""source_node_id"": ""821"", ""target_node_id"": ""824""}, {""edge_id"": ""617"", ""source_node_id"": ""823"", ""target_node_id"": ""824""}, {""edge_id"": ""618"", ""source_node_id"": ""824"", ""target_node_id"": ""825""}, {""edge_id"": ""619"", ""source_node_id"": ""824"", ""target_node_id"": ""826""}], ""step_requirements"": [{""node_id"": ""816"", ""algorithm_step_name"": ""Tabular Dataset Loading"", ""node_name"": ""糖尿病预测训练数据"", ""node_params"": {""table_name"": ""diabetes_prediction_dataset_train"", ""target_column"": ""diabetes""}, ""contrast_level"": 2, ""node_type"": ""io""}, {""node_id"": ""817"", ""algorithm_step_name"": ""Tabular Dataset Loading"", ""node_name"": ""糖尿病预测测试数据"", ""node_params"": {""table_name"": ""diabetes_prediction_dataset_test"", ""target_column"": ""diabetes""}, ""contrast_level"": 2, ""node_type"": ""io""}, {""node_id"": ""818"", ""algorithm_step_name"": ""Unique"", ""node_name"": ""训练数据去重"", ""node_params"": {}, ""contrast_level"": 1, ""node_type"": ""preprocess""}, {""node_id"": ""819"", ""algorithm_step_name"": ""Unique"", ""node_name"": ""测试数据去重"", ""node_params"": {}, ""contrast_level"": 1, ""node_type"": ""preprocess""}, {""node_id"": ""820"", ""algorithm_step_name"": ""One Hot Encoding"", ""node_name"": ""训练数据独热编码"", ""node_params"": {""encode_vars"": [""gender"", ""smoking_history""]}, ""contrast_level"": 2, ""node_type"": ""feature engineering""}, {""node_id"": ""821"", ""algorithm_step_name"": ""One Hot Encoding"", ""node_name"": ""测试数据独热编码"", ""node_params"": {""encode_vars"": [""gender"", ""smoking_history""]}, ""contrast_level"": 2, ""node_type"": ""feature engineering""}, {""node_id"": ""822"", ""algorithm_step_name"": ""Rank"", ""node_name"": ""特征重要性排序"", ""node_params"": {}, ""contrast_level"": 1, ""node_type"": ""feature engineering""}, {""node_id"": ""823"", ""algorithm_step_name"": ""Random Forest"", ""node_name"": ""随机森林模型"", ""node_params"": {}, ""contrast_level"": 1, ""node_type"": ""model""}, {""node_id"": ""824"", ""algorithm_step_name"": ""Test Dataset Predictions"", ""node_name"": ""预测"", ""node_params"": {""output_probabilities"": true}, ""contrast_level"": 2, ""node_type"": ""predict""}, {""node_id"": ""825"", ""algorithm_step_name"": ""Save Data"", ""node_name"": ""保存预测结果"", ""node_params"": {}, ""contrast_level"": 1, ""node_type"": ""io""}, {""node_id"": ""826"", ""algorithm_step_name"": ""Confusion Matrix"", ""node_name"": ""混淆矩阵"", ""node_params"": {}, ""contrast_level"": 1, ""node_type"": ""visualize""}]}",0.7778
"Train data: disease_symptoms_and_patient_profile_dataset_train
test data: disease_symptoms_and_patient_profile_dataset_test
Use the training data and test data to go through all of the following tasks, taking care not to leave anything out:
you need build two logistic regression models to predict categorical target variable 'outcome variable'.
1. categorical features (except ""Disease"" column) into numerical features using one-hot encoding.
2. Use a feature selection technique to select the most important 5 features.
3. Build a logistic regression model1 using all features one-hot encoded.
4. Build a logistic regression model2 using only the most important 5 features.
5. Evaluate the performance of the model1 and model2 on the test set.",0.8462,43901,"{""edges"": [{""edge_id"": ""12724"", ""source_node_id"": ""860"", ""target_node_id"": ""16052""}, {""edge_id"": ""12725"", ""source_node_id"": ""16052"", ""target_node_id"": ""16053""}, {""edge_id"": ""12726"", ""source_node_id"": ""16053"", ""target_node_id"": ""864""}, {""edge_id"": ""12727"", ""source_node_id"": ""864"", ""target_node_id"": ""865""}, {""edge_id"": ""12728"", ""source_node_id"": ""864"", ""target_node_id"": ""866""}, {""edge_id"": ""12729"", ""source_node_id"": ""868"", ""target_node_id"": ""867""}, {""edge_id"": ""12730"", ""source_node_id"": ""16052"", ""target_node_id"": ""867""}, {""edge_id"": ""12731"", ""source_node_id"": ""865"", ""target_node_id"": ""867""}, {""edge_id"": ""12732"", ""source_node_id"": ""866"", ""target_node_id"": ""868""}, {""edge_id"": ""12733"", ""source_node_id"": ""868"", ""target_node_id"": ""16060""}, {""edge_id"": ""12734"", ""source_node_id"": ""866"", ""target_node_id"": ""16060""}, {""edge_id"": ""12735"", ""source_node_id"": ""866"", ""target_node_id"": ""16061""}], ""nodes"": [{""node_id"": ""860"", ""widget_name"": ""SQL Table"", ""node_name"": ""疾病症状和患者资料训练数据"", ""node_params"": {""table_name"": ""disease_symptoms_and_patient_profile_dataset_train"", ""target_column"": ""Outcome_Variable""}, ""matched"": true}, {""node_id"": ""16052"", ""widget_name"": ""Data Sampler"", ""node_name"": ""数据抽样"", ""node_params"": {""sampling_type"": 0, ""percentage"": 10, ""n_samples"": 15, ""replacement"": false, ""n_folds"": 10, ""selected_folds"": 1, ""replicable"": false, ""stratified"": false}, ""matched"": false}, {""node_id"": ""16053"", ""widget_name"": ""Rank"", ""node_name"": ""特征重要性排序"", ""node_params"": {}, ""matched"": false}, {""node_id"": ""864"", ""widget_name"": ""Select Best N Attributes"", ""node_name"": ""特征选择"", ""node_params"": {""n"": 5}, ""matched"": true}, {""node_id"": ""865"", ""widget_name"": ""Logistic Regression"", ""node_name"": ""逻辑回归模型"", ""node_params"": {""C"": 1.0, ""penalty"": ""l2""}, ""matched"": true}, {""node_id"": ""866"", ""widget_name"": ""Logistic Regression"", ""node_name"": ""逻辑回归模型2"", ""node_params"": {""C"": 1.0, ""penalty"": ""l2""}, ""matched"": true}, {""node_id"": ""867"", ""widget_name"": ""Test & Score"", ""node_name"": ""Test Score"", ""node_params"": {}, ""matched"": true}, {""node_id"": ""868"", ""widget_name"": ""Test & Score"", ""node_name"": ""Test Score"", ""node_params"": {}, ""matched"": true}, {""node_id"": ""861"", ""widget_name"": ""SQL Table"", ""node_name"": ""疾病症状和患者资料测试数据"", ""node_params"": {""table_name"": ""disease_symptoms_and_patient_profile_dataset_test"", ""target_column"": ""Outcome_Variable""}, ""matched"": true}, {""node_id"": ""16060"", ""widget_name"": ""Predictions"", ""node_name"": ""预测"", ""node_params"": {""output_attrs"": true, ""output_predictions"": true, ""output_probabilities"": true}, ""matched"": false}, {""node_id"": ""16061"", ""widget_name"": ""Predictions"", ""node_name"": ""预测"", ""node_params"": {""output_attrs"": true, ""output_predictions"": true, ""output_probabilities"": true}, ""matched"": false}]}","{""dependency_requirements"": [{""edge_id"": ""661"", ""source_node_id"": ""860"", ""target_node_id"": ""862""}, {""edge_id"": ""662"", ""source_node_id"": ""861"", ""target_node_id"": ""863""}, {""edge_id"": ""663"", ""source_node_id"": ""862"", ""target_node_id"": ""864""}, {""edge_id"": ""664"", ""source_node_id"": ""862"", ""target_node_id"": ""865""}, {""edge_id"": ""665"", ""source_node_id"": ""864"", ""target_node_id"": ""866""}, {""edge_id"": ""666"", ""source_node_id"": ""862"", ""target_node_id"": ""867""}, {""edge_id"": ""667"", ""source_node_id"": ""863"", ""target_node_id"": ""867""}, {""edge_id"": ""668"", ""source_node_id"": ""865"", ""target_node_id"": ""867""}, {""edge_id"": ""669"", ""source_node_id"": ""863"", ""target_node_id"": ""868""}, {""edge_id"": ""670"", ""source_node_id"": ""866"", ""target_node_id"": ""868""}, {""edge_id"": ""671"", ""source_node_id"": ""864"", ""target_node_id"": ""868""}], ""step_requirements"": [{""node_id"": ""860"", ""algorithm_step_name"": ""Tabular Dataset Loading"", ""node_name"": ""疾病症状和患者资料训练数据"", ""node_params"": {""table_name"": ""disease_symptoms_and_patient_profile_dataset_train"", ""target_column"": ""Outcome_Variable""}, ""contrast_level"": 2, ""node_type"": ""io""}, {""node_id"": ""861"", ""algorithm_step_name"": ""Tabular Dataset Loading"", ""node_name"": ""疾病症状和患者资料测试数据"", ""node_params"": {""table_name"": ""disease_symptoms_and_patient_profile_dataset_test"", ""target_column"": ""Outcome_Variable""}, ""contrast_level"": 2, ""node_type"": ""io""}, {""node_id"": ""862"", ""algorithm_step_name"": ""One Hot Encoding"", ""node_name"": ""训练数据独热编码"", ""node_params"": {""encode_vars"": [""Fever"", ""Cough"", ""Fatigue"", ""Difficulty_Breathing"", ""Gender"", ""Blood_Pressure_Categorical"", ""Cholesterol_Categorical""]}, ""contrast_level"": 2, ""node_type"": ""feature engineering""}, {""node_id"": ""863"", ""algorithm_step_name"": ""One Hot Encoding"", ""node_name"": ""测试数据独热编码"", ""node_params"": {""encode_vars"": [""Fever"", ""Cough"", ""Fatigue"", ""Difficulty_Breathing"", ""Gender"", ""Blood_Pressure_Categorical"", ""Cholesterol_Categorical""]}, ""contrast_level"": 2, ""node_type"": ""feature engineering""}, {""node_id"": ""864"", ""algorithm_step_name"": ""Feature Selection"", ""node_name"": ""特征选择"", ""node_params"": {""n"": 5}, ""contrast_level"": 2, ""node_type"": ""feature engineering""}, {""node_id"": ""865"", ""algorithm_step_name"": ""Logistic Regression"", ""node_name"": ""逻辑回归模型"", ""node_params"": {}, ""contrast_level"": 1, ""node_type"": ""model""}, {""node_id"": ""866"", ""algorithm_step_name"": ""Logistic Regression"", ""node_name"": ""逻辑回归模型2"", ""node_params"": {}, ""contrast_level"": 1, ""node_type"": ""model""}, {""node_id"": ""867"", ""algorithm_step_name"": ""Model Evaluate"", ""node_name"": ""测试评分"", ""node_params"": {}, ""contrast_level"": 1, ""node_type"": ""evaluate""}, {""node_id"": ""868"", ""algorithm_step_name"": ""Model Evaluate"", ""node_name"": ""测试评分"", ""node_params"": {}, ""contrast_level"": 1, ""node_type"": ""evaluate""}]}",0.4
"Train data: employee_train
test data: employee_test
Use the training data and test data to go through all of the following tasks, taking care not to leave anything out:
1. Perform feature construction to build a new feature named ""YearsInCompany"" to represent the number of years each employee has been in the company. It is calculated as 2023 minus the 'JoiningYear'.
2. Encode the categorical columns using one-hot encoding.
3. Build a random forest classifier to predict the 'LeaveOrNot' variable.
4. Make predictions on the test set.
5. Save predictions.
6. Confusion matrix showing predicted results.",0.5833,34892,"{""edges"": [{""edge_id"": ""12736"", ""source_node_id"": ""967"", ""target_node_id"": ""16064""}, {""edge_id"": ""12737"", ""source_node_id"": ""16064"", ""target_node_id"": ""16065""}, {""edge_id"": ""12738"", ""source_node_id"": ""16065"", ""target_node_id"": ""973""}, {""edge_id"": ""12739"", ""source_node_id"": ""16065"", ""target_node_id"": ""974""}, {""edge_id"": ""12740"", ""source_node_id"": ""973"", ""target_node_id"": ""974""}, {""edge_id"": ""12741"", ""source_node_id"": ""974"", ""target_node_id"": ""975""}], ""nodes"": [{""node_id"": ""967"", ""widget_name"": ""SQL Table"", ""node_name"": ""员工训练数据"", ""node_params"": {""table_name"": ""employee_train"", ""target_column"": ""LeaveOrNot""}, ""matched"": true}, {""node_id"": ""968"", ""widget_name"": ""SQL Table"", ""node_name"": ""员工测试数据"", ""node_params"": {""table_name"": ""employee_test"", ""target_column"": ""LeaveOrNot""}, ""matched"": true}, {""node_id"": ""16064"", ""widget_name"": ""Edit Domain"", ""node_name"": ""特征工程"", ""node_params"": {""column_name"": ""JoiningYear"", ""valueMappings"": [{""key"": 0, ""originValue"": 2015, ""currentValue"": 0}, {""key"": 1, ""originValue"": 2016, ""currentValue"": 1}, {""key"": 2, ""originValue"": 2017, ""currentValue"": 2}]}, ""matched"": false}, {""node_id"": ""16065"", ""widget_name"": ""Unique"", ""node_name"": ""one-hot编码"", ""node_params"": {""selGroupByVariables"": [""Education"", ""City"", ""PaymentTier"", ""Gender"", ""EverBenched""], ""configure"": ""Last instance""}, ""matched"": false}, {""node_id"": ""973"", ""widget_name"": ""Random Forest"", ""node_name"": ""随机森林分类器"", ""node_params"": {""n_estimators"": 100, ""use_max_features"": true, ""max_features"": ""auto"", ""use_random_state"": false, ""use_max_depth"": false, ""max_depth"": 3, ""use_min_samples_split"": true, ""min_samples_split"": 2}, ""matched"": true}, {""node_id"": ""974"", ""widget_name"": ""Predictions"", ""node_name"": ""预测"", ""node_params"": {""output_attrs"": true, ""output_predictions"": true, ""output_probabilities"": true}, ""matched"": true}, {""node_id"": ""975"", ""widget_name"": ""Save Data"", ""node_name"": ""保存预测结果"", ""node_params"": {}, ""matched"": true}, {""node_id"": ""16069"", ""widget_name"": ""Test & Score"", ""node_name"": ""Test Score"", ""node_params"": {}, ""matched"": false}]}","{""dependency_requirements"": [{""edge_id"": ""749"", ""source_node_id"": ""967"", ""target_node_id"": ""969""}, {""edge_id"": ""750"", ""source_node_id"": ""968"", ""target_node_id"": ""970""}, {""edge_id"": ""751"", ""source_node_id"": ""969"", ""target_node_id"": ""971""}, {""edge_id"": ""752"", ""source_node_id"": ""970"", ""target_node_id"": ""972""}, {""edge_id"": ""753"", ""source_node_id"": ""971"", ""target_node_id"": ""973""}, {""edge_id"": ""754"", ""source_node_id"": ""972"", ""target_node_id"": ""974""}, {""edge_id"": ""755"", ""source_node_id"": ""973"", ""target_node_id"": ""974""}, {""edge_id"": ""756"", ""source_node_id"": ""974"", ""target_node_id"": ""975""}, {""edge_id"": ""757"", ""source_node_id"": ""974"", ""target_node_id"": ""976""}], ""step_requirements"": [{""node_id"": ""967"", ""algorithm_step_name"": ""Tabular Dataset Loading"", ""node_name"": ""员工训练数据"", ""node_params"": {""table_name"": ""employee_train"", ""target_column"": ""LeaveOrNot""}, ""contrast_level"": 2, ""node_type"": ""io""}, {""node_id"": ""968"", ""algorithm_step_name"": ""Tabular Dataset Loading"", ""node_name"": ""员工测试数据"", ""node_params"": {""table_name"": ""employee_test"", ""target_column"": ""LeaveOrNot""}, ""contrast_level"": 2, ""node_type"": ""io""}, {""node_id"": ""969"", ""algorithm_step_name"": ""Feature Construction"", ""node_name"": ""特征构造_训练数据"", ""node_params"": {""expressions"": [{""key"": 0, ""name"": ""YearsInCompany"", ""expression"": ""2023 - JoiningYear"", ""type"": ""2"", ""image"": ""N"", ""categories"": ""A, B""}]}, ""contrast_level"": 2, ""node_type"": ""feature engineering""}, {""node_id"": ""970"", ""algorithm_step_name"": ""Feature Construction"", ""node_name"": ""特征构造_测试数据"", ""node_params"": {""expressions"": [{""key"": 0, ""name"": ""YearsInCompany"", ""expression"": ""2023 - JoiningYear"", ""type"": ""2"", ""image"": ""N"", ""categories"": ""A, B""}]}, ""contrast_level"": 2, ""node_type"": ""feature engineering""}, {""node_id"": ""971"", ""algorithm_step_name"": ""One Hot Encoding"", ""node_name"": ""One Hot Encoder_训练数据"", ""node_params"": {""encode_vars"": [""Education"", ""City"", ""Gender"", ""EverBenched""]}, ""contrast_level"": 2, ""node_type"": ""feature engineering""}, {""node_id"": ""972"", ""algorithm_step_name"": ""One Hot Encoding"", ""node_name"": ""One Hot Encoder_测试数据"", ""node_params"": {""encode_vars"": [""Education"", ""City"", ""Gender"", ""EverBenched""]}, ""contrast_level"": 2, ""node_type"": ""feature engineering""}, {""node_id"": ""973"", ""algorithm_step_name"": ""Random Forest"", ""node_name"": ""随机森林分类器"", ""node_params"": {}, ""contrast_level"": 1, ""node_type"": ""model""}, {""node_id"": ""974"", ""algorithm_step_name"": ""Test Dataset Predictions"", ""node_name"": ""预测"", ""node_params"": {""output_probabilities"": true}, ""contrast_level"": 2, ""node_type"": ""predict""}, {""node_id"": ""975"", ""algorithm_step_name"": ""Save Data"", ""node_name"": ""保存预测结果"", ""node_params"": {}, ""contrast_level"": 1, ""node_type"": ""io""}, {""node_id"": ""976"", ""algorithm_step_name"": ""Confusion Matrix"", ""node_name"": ""混淆矩阵"", ""node_params"": {}, ""contrast_level"": 1, ""node_type"": ""visualize""}]}",0.4444
"Train data: global_data_on_sustainable_energy_train
test data: global_data_on_sustainable_energy__test
Use the training data and test data to go through all of the following tasks, taking care not to leave anything out:
1. The features are all other columns except 'Entity' and 'Year'.
2. The target variable is 'Renewable energy share in the total final energy consumption (%)'. Build a linear regression model to predict the outcome variable using all features. Fit the model on the training set.
3. Make predictions on the test set.
4. Save predictions.",0.0,26949,{},"{""dependency_requirements"": [{""edge_id"": ""759"", ""source_node_id"": ""977"", ""target_node_id"": ""980""}, {""edge_id"": ""760"", ""source_node_id"": ""978"", ""target_node_id"": ""981""}, {""edge_id"": ""762"", ""source_node_id"": ""980"", ""target_node_id"": ""983""}, {""edge_id"": ""766"", ""source_node_id"": ""981"", ""target_node_id"": ""985""}, {""edge_id"": ""767"", ""source_node_id"": ""983"", ""target_node_id"": ""985""}, {""edge_id"": ""768"", ""source_node_id"": ""985"", ""target_node_id"": ""986""}], ""step_requirements"": [{""node_id"": ""977"", ""algorithm_step_name"": ""Tabular Dataset Loading"", ""node_name"": ""全球可持续能源训练数据"", ""node_params"": {""table_name"": ""global_data_on_sustainable_energy_train"", ""target_column"": ""Renewable_energy_share_total_final_energy_consumption_percentage""}, ""contrast_level"": 2, ""node_type"": ""io""}, {""node_id"": ""978"", ""algorithm_step_name"": ""Tabular Dataset Loading"", ""node_name"": ""全球可持续能源测试数据"", ""node_params"": {""table_name"": ""global_data_on_sustainable_energy__test"", ""target_column"": ""Renewable_energy_share_total_final_energy_consumption_percentage""}, ""contrast_level"": 2, ""node_type"": ""io""}, {""node_id"": ""980"", ""algorithm_step_name"": ""Select Columns"", ""node_name"": ""训练数据列选择"", ""node_params"": {""ignores"": [0], ""features"": [1, 2, 3, 4, 6, 7, 8, 9, 10, 11, 12, 13, 14, 15, 16, 17, 18, 19], ""targets"": [5]}, ""contrast_level"": 2, ""node_type"": ""preprocess""}, {""node_id"": ""981"", ""algorithm_step_name"": ""Select Columns"", ""node_name"": ""测试数据列选择"", ""node_params"": {""ignores"": [0], ""features"": [1, 2, 3, 4, 6, 7, 8, 9, 10, 11, 12, 13, 14, 15, 16, 17, 18, 19], ""targets"": [5]}, ""contrast_level"": 2, ""node_type"": ""preprocess""}, {""node_id"": ""983"", ""algorithm_step_name"": ""Linear Regression"", ""node_name"": ""线性回归模型"", ""node_params"": {}, ""contrast_level"": 1, ""node_type"": ""model""}, {""node_id"": ""985"", ""algorithm_step_name"": ""Test Dataset Predictions"", ""node_name"": ""预测"", ""node_params"": {""output_probabilities"": false}, ""contrast_level"": 2, ""node_type"": ""predict""}, {""node_id"": ""986"", ""algorithm_step_name"": ""Save Data"", ""node_name"": ""保存预测结果"", ""node_params"": {}, ""contrast_level"": 1, ""node_type"": ""io""}]}",0.0
"Train data: heart_attack_prediction_dataset_train
test data: heart_attack_prediction_dataset_test
Use the training data and test data to go through all of the following tasks, taking care not to leave anything out:
1. Convert the values in the data for the category column 'Diet'. Use 1, 2, 3 for 'Healthy', 'Average', and 'Unhealthy' respectively.
2. Build a RandomForest model to predict the Heart Attack Risk using all features. Fit the model on the training set.
3. Make predictions on the test set.
4. Save predictions.",0.7778,40044,"{""edges"": [{""edge_id"": ""12747"", ""source_node_id"": ""994"", ""target_node_id"": ""16078""}, {""edge_id"": ""12748"", ""source_node_id"": ""16078"", ""target_node_id"": ""16079""}, {""edge_id"": ""12749"", ""source_node_id"": ""16079"", ""target_node_id"": ""1000""}, {""edge_id"": ""12750"", ""source_node_id"": ""16079"", ""target_node_id"": ""1001""}, {""edge_id"": ""12751"", ""source_node_id"": ""1000"", ""target_node_id"": ""1001""}, {""edge_id"": ""12752"", ""source_node_id"": ""1001"", ""target_node_id"": ""1002""}], ""nodes"": [{""node_id"": ""994"", ""widget_name"": ""SQL Table"", ""node_name"": ""心脏病预测训练数据"", ""node_params"": {""table_name"": ""heart_attack_prediction_dataset_train"", ""target_column"": ""Heart_Attack_Risk""}, ""matched"": true}, {""node_id"": ""995"", ""widget_name"": ""SQL Table"", ""node_name"": ""心脏病预测测试数据"", ""node_params"": {""table_name"": ""heart_attack_prediction_dataset_test"", ""target_column"": ""Heart_Attack_Risk""}, ""matched"": true}, {""node_id"": ""16078"", ""widget_name"": ""Edit Domain"", ""node_name"": ""数据转换"", ""node_params"": {""column_name"": ""Diet"", ""valueMappings"": [{""key"": 1, ""originValue"": ""Unhealthy"", ""currentValue"": ""1""}, {""key"": 2, ""originValue"": ""Average"", ""currentValue"": ""2""}, {""key"": 3, ""originValue"": ""Healthy"", ""currentValue"": ""3""}]}, ""matched"": false}, {""node_id"": ""16079"", ""widget_name"": ""One Hot Encoder"", ""node_name"": ""独热编码处理"", ""node_params"": {""encode_vars"": [""Diet""]}, ""matched"": false}, {""node_id"": ""1000"", ""widget_name"": ""Random Forest"", ""node_name"": ""随机森林模型"", ""node_params"": {""n_estimators"": 10, ""use_max_features"": false, ""max_features"": ""auto"", ""use_random_state"": false, ""use_max_depth"": false, ""max_depth"": 3, ""use_min_samples_split"": true, ""min_samples_split"": 2}, ""matched"": true}, {""node_id"": ""1001"", ""widget_name"": ""Predictions"", ""node_name"": ""预测"", ""node_params"": {""output_attrs"": true, ""output_predictions"": true, ""output_probabilities"": true}, ""matched"": true}, {""node_id"": ""1002"", ""widget_name"": ""Save Data"", ""node_name"": ""保存预测结果"", ""node_params"": {}, ""matched"": true}]}","{""dependency_requirements"": [{""edge_id"": ""772"", ""source_node_id"": ""994"", ""target_node_id"": ""996""}, {""edge_id"": ""773"", ""source_node_id"": ""995"", ""target_node_id"": ""997""}, {""edge_id"": ""778"", ""source_node_id"": ""1000"", ""target_node_id"": ""1001""}, {""edge_id"": ""779"", ""source_node_id"": ""1001"", ""target_node_id"": ""1002""}, {""edge_id"": ""780"", ""source_node_id"": ""997"", ""target_node_id"": ""1001""}, {""edge_id"": ""781"", ""source_node_id"": ""996"", ""target_node_id"": ""1000""}], ""step_requirements"": [{""node_id"": ""994"", ""algorithm_step_name"": ""Tabular Dataset Loading"", ""node_name"": ""训练数据"", ""node_params"": {""table_name"": ""heart_attack_prediction_dataset_train"", ""target_column"": ""Heart_Attack_Risk""}, ""contrast_level"": 2, ""node_type"": ""io""}, {""node_id"": ""995"", ""algorithm_step_name"": ""Tabular Dataset Loading"", ""node_name"": ""测试数据"", ""node_params"": {""table_name"": ""heart_attack_prediction_dataset_test"", ""target_column"": ""Heart_Attack_Risk""}, ""contrast_level"": 2, ""node_type"": ""io""}, {""node_id"": ""996"", ""algorithm_step_name"": ""Edit Domain"", ""node_name"": ""编辑域"", ""node_params"": {""column_name"": ""Diet"", ""valueMappings"": [{""key"": 1, ""originValue"": ""Healthy"", ""currentValue"": ""1""}, {""key"": 2, ""originValue"": ""Average"", ""currentValue"": ""2""}, {""key"": 3, ""originValue"": ""Unhealthy"", ""currentValue"": ""3""}]}, ""contrast_level"": 2, ""node_type"": ""preprocess""}, {""node_id"": ""997"", ""algorithm_step_name"": ""Edit Domain"", ""node_name"": ""编辑域"", ""node_params"": {""column_name"": ""Diet"", ""valueMappings"": [{""key"": 1, ""originValue"": ""Healthy"", ""currentValue"": ""1""}, {""key"": 2, ""originValue"": ""Average"", ""currentValue"": ""2""}, {""key"": 3, ""originValue"": ""Unhealthy"", ""currentValue"": ""3""}]}, ""contrast_level"": 2, ""node_type"": ""preprocess""}, {""node_id"": ""1000"", ""algorithm_step_name"": ""Random Forest"", ""node_name"": ""随机森林模型"", ""node_params"": {}, ""contrast_level"": 1, ""node_type"": ""model""}, {""node_id"": ""1001"", ""algorithm_step_name"": ""Test Dataset Predictions"", ""node_name"": ""预测"", ""node_params"": {""output_probabilities"": true}, ""contrast_level"": 2, ""node_type"": ""predict""}, {""node_id"": ""1002"", ""algorithm_step_name"": ""Save Data"", ""node_name"": ""保存预测结果"", ""node_params"": {}, ""contrast_level"": 1, ""node_type"": ""io""}]}",0.5714
"Train data path: housing_price_prediction_train
test data path: housing_price_prediction_test
Use the training data and test data to go through all of the following tasks, taking care not to leave anything out:
1. loading 'housing_price_prediction_train' data and loading 'housing_price_prediction_test' data
2. Build a linear regression model to predict the housing price. Fit the model on the training set.
3. Make predictions on the test set.
4. Save predictions.",0.7778,26726,"{""edges"": [{""edge_id"": ""12753"", ""source_node_id"": ""1004"", ""target_node_id"": ""16085""}, {""edge_id"": ""12754"", ""source_node_id"": ""16085"", ""target_node_id"": ""16086""}, {""edge_id"": ""12755"", ""source_node_id"": ""16086"", ""target_node_id"": ""1009""}, {""edge_id"": ""12756"", ""source_node_id"": ""16085"", ""target_node_id"": ""1012""}, {""edge_id"": ""12757"", ""source_node_id"": ""1009"", ""target_node_id"": ""1012""}], ""nodes"": [{""node_id"": ""1004"", ""widget_name"": ""SQL Table"", ""node_name"": ""房价预测训练数据"", ""node_params"": {""table_name"": ""housing_price_prediction_train"", ""target_column"": ""price""}, ""matched"": true}, {""node_id"": ""1005"", ""widget_name"": ""SQL Table"", ""node_name"": ""房价预测测试数据"", ""node_params"": {""table_name"": ""housing_price_prediction_test"", ""target_column"": ""price""}, ""matched"": true}, {""node_id"": ""16085"", ""widget_name"": ""Discretize"", ""node_name"": ""离散化"", ""node_params"": {""method"": 1}, ""matched"": false}, {""node_id"": ""16086"", ""widget_name"": ""One Hot Encoder"", ""node_name"": ""独热编码处理"", ""node_params"": {""encode_vars"": [""mainroad"", ""guestroom"", ""basement"", ""hotwaterheating"", ""prefarea"", ""furnishingstatus""]}, ""matched"": false}, {""node_id"": ""1009"", ""widget_name"": ""Linear Regression"", ""node_name"": ""线性回归模型"", ""node_params"": {""regression_type"": ""0""}, ""matched"": true}, {""node_id"": ""1012"", ""widget_name"": ""Predictions"", ""node_name"": ""预测"", ""node_params"": {""output_attrs"": false, ""output_predictions"": true, ""output_probabilities"": false}, ""matched"": true}, {""node_id"": ""1013"", ""widget_name"": ""Save Data"", ""node_name"": ""保存预测结果"", ""node_params"": {}, ""matched"": true}]}","{""dependency_requirements"": [{""edge_id"": ""789"", ""source_node_id"": ""1009"", ""target_node_id"": ""1012""}, {""edge_id"": ""790"", ""source_node_id"": ""1012"", ""target_node_id"": ""1013""}, {""edge_id"": ""791"", ""source_node_id"": ""1005"", ""target_node_id"": ""1012""}, {""edge_id"": ""792"", ""source_node_id"": ""1004"", ""target_node_id"": ""1009""}], ""step_requirements"": [{""node_id"": ""1004"", ""algorithm_step_name"": ""Tabular Dataset Loading"", ""node_name"": ""房价预测训练数据"", ""node_params"": {""table_name"": ""housing_price_prediction_train"", ""target_column"": ""price""}, ""contrast_level"": 2, ""node_type"": ""io""}, {""node_id"": ""1005"", ""algorithm_step_name"": ""Tabular Dataset Loading"", ""node_name"": ""房价预测测试数据"", ""node_params"": {""table_name"": ""housing_price_prediction_test"", ""target_column"": ""price""}, ""contrast_level"": 2, ""node_type"": ""io""}, {""node_id"": ""1009"", ""algorithm_step_name"": ""Linear Regression"", ""node_name"": ""线性回归模型"", ""node_params"": {}, ""contrast_level"": 1, ""node_type"": ""model""}, {""node_id"": ""1012"", ""algorithm_step_name"": ""Test Dataset Predictions"", ""node_name"": ""预测"", ""node_params"": {""output_probabilities"": false}, ""contrast_level"": 2, ""node_type"": ""predict""}, {""node_id"": ""1013"", ""algorithm_step_name"": ""Save Data"", ""node_name"": ""保存预测结果"", ""node_params"": {}, ""contrast_level"": 1, ""node_type"": ""io""}]}",0.5
"Train data: life_expectancy_data_train
test data: life_expectancy_data_test
Use the training data and test data to go through all of the following tasks, taking care not to leave anything out:
1. Perform feature construction to build a new feature named ""GDP_bins"" to categorize the GDP into several bins. The GDP bins are defined as follows:
  - ""Low GDP"": GDP <= 1000
  - ""Medium GDP"": 1000 < GDP <= 10000
  - ""High GDP"": GDP > 10000
2. Create a predictive model to predict life expectancy. Use Linear regression as the model. Fit the model on the training set.
3. Make predictions on the test set.
4. Save predictions.",0.6667,32402,"{""edges"": [{""edge_id"": ""12758"", ""source_node_id"": ""16090"", ""target_node_id"": ""16093""}, {""edge_id"": ""12759"", ""source_node_id"": ""16093"", ""target_node_id"": ""1022""}, {""edge_id"": ""12760"", ""source_node_id"": ""16093"", ""target_node_id"": ""1023""}, {""edge_id"": ""12761"", ""source_node_id"": ""1022"", ""target_node_id"": ""1023""}, {""edge_id"": ""12762"", ""source_node_id"": ""1023"", ""target_node_id"": ""1024""}], ""nodes"": [{""node_id"": ""16090"", ""widget_name"": ""SQL Table"", ""node_name"": ""生存率训练数据"", ""node_params"": {""table_name"": ""employee_train"", ""target_column"": ""LeaveOrNot""}, ""matched"": false}, {""node_id"": ""1019"", ""widget_name"": ""SQL Table"", ""node_name"": ""生存率测试数据"", ""node_params"": {""table_name"": ""life_expectancy_data_test"", ""target_column"": ""Life_expectancy""}, ""matched"": true}, {""node_id"": ""16092"", ""widget_name"": ""Feature Constructor"", ""node_name"": ""特征构建"", ""node_params"": {""expressions"": []}, ""matched"": false}, {""node_id"": ""16093"", ""widget_name"": ""Feature Constructor"", ""node_name"": ""特征构建"", ""node_params"": {""expressions"": [{""key"": 0, ""name"": ""GDP_bins"", ""expression"": ""np.cut(df[\""GDP\""], bins=[0, 1000, 5000, 10000, float(\""inf\"")], labels=[\""low\"", \""mid\"", \""high\""], include_lowest=True)"", ""type"": ""1"", ""image"": ""C"", ""categories"": """"}]}, ""matched"": false}, {""node_id"": ""1022"", ""widget_name"": ""Linear Regression"", ""node_name"": ""线性回归模型"", ""node_params"": {""regression_type"": ""0""}, ""matched"": true}, {""node_id"": ""1023"", ""widget_name"": ""Predictions"", ""node_name"": ""预测"", ""node_params"": {""output_attrs"": false, ""output_predictions"": true, ""output_probabilities"": false}, ""matched"": true}, {""node_id"": ""1024"", ""widget_name"": ""Save Data"", ""node_name"": ""保存预测结果"", ""node_params"": {}, ""matched"": true}]}","{""dependency_requirements"": [{""edge_id"": ""797"", ""source_node_id"": ""1018"", ""target_node_id"": ""1020""}, {""edge_id"": ""798"", ""source_node_id"": ""1019"", ""target_node_id"": ""1021""}, {""edge_id"": ""799"", ""source_node_id"": ""1020"", ""target_node_id"": ""1022""}, {""edge_id"": ""800"", ""source_node_id"": ""1021"", ""target_node_id"": ""1023""}, {""edge_id"": ""801"", ""source_node_id"": ""1022"", ""target_node_id"": ""1023""}, {""edge_id"": ""802"", ""source_node_id"": ""1023"", ""target_node_id"": ""1024""}], ""step_requirements"": [{""node_id"": ""1018"", ""algorithm_step_name"": ""Tabular Dataset Loading"", ""node_name"": ""预期寿命训练数据"", ""node_params"": {""table_name"": ""life_expectancy_data_train"", ""target_column"": ""Life_expectancy""}, ""contrast_level"": 2, ""node_type"": ""io""}, {""node_id"": ""1019"", ""algorithm_step_name"": ""Tabular Dataset Loading"", ""node_name"": ""预期寿命测试数据"", ""node_params"": {""table_name"": ""life_expectancy_data_test"", ""target_column"": ""Life_expectancy""}, ""contrast_level"": 2, ""node_type"": ""io""}, {""node_id"": ""1020"", ""algorithm_step_name"": ""Feature Construction"", ""node_name"": ""特征构建_训练数据"", ""node_params"": {""expressions"": [{""key"": 0, ""name"": ""GDP_bins"", ""expression"": ""'Low GDP' if GDP <= 1000 else 'Medium GDP' if GDP <= 10000 else 'High GDP'"", ""type"": ""1"", ""image"": ""C"", ""categories"": ""Low GDP, Medium GDP, High GDP""}]}, ""contrast_level"": 2, ""node_type"": ""feature engineering""}, {""node_id"": ""1021"", ""algorithm_step_name"": ""Feature Construction"", ""node_name"": ""特征构建_测试数据"", ""node_params"": {""expressions"": [{""key"": 0, ""name"": ""GDP_bins"", ""expression"": ""'Low GDP' if GDP <= 1000 else 'Medium GDP' if GDP <= 10000 else 'High GDP'"", ""type"": ""1"", ""image"": ""C"", ""categories"": ""Low GDP, Medium GDP, High GDP""}]}, ""contrast_level"": 2, ""node_type"": ""feature engineering""}, {""node_id"": ""1022"", ""algorithm_step_name"": ""Linear Regression"", ""node_name"": ""线性回归模型"", ""node_params"": {}, ""contrast_level"": 1, ""node_type"": ""model""}, {""node_id"": ""1023"", ""algorithm_step_name"": ""Test Dataset Predictions"", ""node_name"": ""预测"", ""node_params"": {""output_probabilities"": false}, ""contrast_level"": 2, ""node_type"": ""predict""}, {""node_id"": ""1024"", ""algorithm_step_name"": ""Save Data"", ""node_name"": ""保存预测结果"", ""node_params"": {}, ""contrast_level"": 1, ""node_type"": ""io""}]}",0.4286
"Train data: bank_customer_churn_train
test data: bank_customer_churn_test
Use the training data and test data to go through all of the following tasks, taking care not to leave anything out:
1. Drop the columns that will not be interesting to models, such as ""CustomerId"", ""Complain"", and ""Surname"".
2. Use one-hot encoding for ""Geography"" and ""Card Type"".
3. Construct a model using XGBoost to predict categorical target variable ""Exited"".
4. Make predictions on the test set.
5. Save predictions.",0.0,17100,{},"{""dependency_requirements"": [{""edge_id"": ""503"", ""source_node_id"": ""694"", ""target_node_id"": ""696""}, {""edge_id"": ""504"", ""source_node_id"": ""695"", ""target_node_id"": ""697""}, {""edge_id"": ""505"", ""source_node_id"": ""696"", ""target_node_id"": ""698""}, {""edge_id"": ""506"", ""source_node_id"": ""697"", ""target_node_id"": ""699""}, {""edge_id"": ""507"", ""source_node_id"": ""698"", ""target_node_id"": ""700""}, {""edge_id"": ""508"", ""source_node_id"": ""699"", ""target_node_id"": ""701""}, {""edge_id"": ""509"", ""source_node_id"": ""700"", ""target_node_id"": ""701""}, {""edge_id"": ""510"", ""source_node_id"": ""701"", ""target_node_id"": ""702""}], ""step_requirements"": [{""node_id"": ""694"", ""algorithm_step_name"": ""Tabular Dataset Loading"", ""node_name"": ""银行客户流失训练数据"", ""node_params"": {""table_name"": ""bank_customer_churn_train"", ""target_column"": ""Exited""}, ""contrast_level"": 2, ""node_type"": ""io""}, {""node_id"": ""695"", ""algorithm_step_name"": ""Tabular Dataset Loading"", ""node_name"": ""银行客户流失测试数据"", ""node_params"": {""table_name"": ""bank_customer_churn_test"", ""target_column"": ""Exited""}, ""contrast_level"": 2, ""node_type"": ""io""}, {""node_id"": ""696"", ""algorithm_step_name"": ""Select Columns"", ""node_name"": ""选择训练数据列"", ""node_params"": {""ignores"": [], ""features"": [0, 1, 2, 3, 4, 5, 6, 7, 8, 9, 11, 12, 13], ""targets"": [10]}, ""contrast_level"": 2, ""node_type"": ""preprocess""}, {""node_id"": ""697"", ""algorithm_step_name"": ""Select Columns"", ""node_name"": ""选择测试数据列"", ""node_params"": {""ignores"": [], ""features"": [0, 1, 2, 3, 4, 5, 6, 7, 8, 9, 11, 12, 13], ""targets"": [10]}, ""contrast_level"": 2, ""node_type"": ""preprocess""}, {""node_id"": ""698"", ""algorithm_step_name"": ""One Hot Encoding"", ""node_name"": ""训练数据独热编码"", ""node_params"": {""encode_vars"": [""Geography"", ""CardType""]}, ""contrast_level"": 2, ""node_type"": ""feature engineering""}, {""node_id"": ""699"", ""algorithm_step_name"": ""One Hot Encoding"", ""node_name"": ""测试数据独热编码"", ""node_params"": {""encode_vars"": [""Geography"", ""CardType""]}, ""contrast_level"": 2, ""node_type"": ""feature engineering""}, {""node_id"": ""700"", ""algorithm_step_name"": ""XGBoost"", ""node_name"": ""XGBoost"", ""node_params"": {}, ""contrast_level"": 1, ""node_type"": ""model""}, {""node_id"": ""701"", ""algorithm_step_name"": ""Test Dataset Predictions"", ""node_name"": ""预测"", ""node_params"": {""output_probabilities"": true}, ""contrast_level"": 2, ""node_type"": ""predict""}, {""node_id"": ""702"", ""algorithm_step_name"": ""Save Data"", ""node_name"": ""保存预测结果"", ""node_params"": {}, ""contrast_level"": 1, ""node_type"": ""io""}]}",0.0
"Train data: cardiovascular_diseases_risk_prediction_train
test data: cardiovascular_diseases_risk_prediction_test
Use the training data and test data to go through all of the following tasks, taking care not to leave anything out:
1. Drop all rows with missing values from the dataset. And then drop the duplicates.
2. Perform feature construction to build a new feature named ""BMI_Category"" to categorize the BMI (Body Mass Index) of each individual into one of four categories:
    - ""Underweight"" is a BMI less than 18.5,
    - ""Normal weight"" is a BMI from 18.5 to 24.9,
    - ""Overweight"" is a BMI from 25 to 29.9,
    - ""Obesity"" is a BMI of 30 or higher.
3. Try to predict Heart_Disease based on all other variables.
Construct a model to predict Heart_Disease.
Fit the model on the training set.
4. Make predictions on the test set.
5. Save predictions.",0.4615,35838,"{""edges"": [{""edge_id"": ""12766"", ""source_node_id"": ""16105"", ""target_node_id"": ""1040""}, {""edge_id"": ""12767"", ""source_node_id"": ""16105"", ""target_node_id"": ""16107""}, {""edge_id"": ""12768"", ""source_node_id"": ""1040"", ""target_node_id"": ""1041""}, {""edge_id"": ""12769"", ""source_node_id"": ""1041"", ""target_node_id"": ""1042""}], ""nodes"": [{""node_id"": ""16103"", ""widget_name"": ""Select Rows"", ""node_name"": ""Select Rows"", ""node_params"": {""conditions"": []}, ""matched"": false}, {""node_id"": ""1036"", ""widget_name"": ""Unique"", ""node_name"": ""Unique"", ""node_params"": {""selGroupByVariables"": [], ""configure"": ""Last instance""}, ""matched"": true}, {""node_id"": ""16105"", ""widget_name"": ""Feature Constructor"", ""node_name"": ""BMI_Category"", ""node_params"": {""expressions"": [{""key"": 0, ""name"": ""BMI_Category"", ""expression"": ""if BMI <= 18.5 then \""Underweight\"" else if BMI <= 24.9 then \""Normal weight\"" else if BMI <= 29.9 then \""Overweight\"" else \""Obesity\""""}, {""key"": 1, ""name"": ""BMI"", ""expression"": ""Weight / (Height ** 2)""}]}, ""matched"": false}, {""node_id"": ""1040"", ""widget_name"": ""Logistic Regression"", ""node_name"": ""预测"", ""node_params"": {""C"": 1, ""penalty"": ""l2""}, ""matched"": true}, {""node_id"": ""16107"", ""widget_name"": ""Logistic Regression"", ""node_name"": ""训练"", ""node_params"": {""C"": 1, ""penalty"": ""l2""}, ""matched"": false}, {""node_id"": ""1041"", ""widget_name"": ""Predictions"", ""node_name"": ""预测"", ""node_params"": {""output_attrs"": true, ""output_predictions"": true, ""output_probabilities"": true}, ""matched"": true}, {""node_id"": ""1042"", ""widget_name"": ""Save Data"", ""node_name"": ""保存预测结果"", ""node_params"": {}, ""matched"": true}]}","{""dependency_requirements"": [{""edge_id"": ""811"", ""source_node_id"": ""1043"", ""target_node_id"": ""1036""}, {""edge_id"": ""812"", ""source_node_id"": ""1044"", ""target_node_id"": ""1037""}, {""edge_id"": ""813"", ""source_node_id"": ""1036"", ""target_node_id"": ""1038""}, {""edge_id"": ""814"", ""source_node_id"": ""1037"", ""target_node_id"": ""1039""}, {""edge_id"": ""815"", ""source_node_id"": ""1038"", ""target_node_id"": ""1040""}, {""edge_id"": ""816"", ""source_node_id"": ""1039"", ""target_node_id"": ""1041""}, {""edge_id"": ""817"", ""source_node_id"": ""1040"", ""target_node_id"": ""1041""}, {""edge_id"": ""818"", ""source_node_id"": ""1041"", ""target_node_id"": ""1042""}, {""edge_id"": ""819"", ""source_node_id"": ""1035"", ""target_node_id"": ""1044""}, {""edge_id"": ""820"", ""source_node_id"": ""1034"", ""target_node_id"": ""1043""}], ""step_requirements"": [{""node_id"": ""1034"", ""algorithm_step_name"": ""Tabular Dataset Loading"", ""node_name"": ""心血管疾病风险预测训练数据"", ""node_params"": {""table_name"": ""cardiovascular_diseases_risk_prediction_train"", ""target_column"": ""Heart_Disease""}, ""contrast_level"": 2, ""node_type"": ""io""}, {""node_id"": ""1035"", ""algorithm_step_name"": ""Tabular Dataset Loading"", ""node_name"": ""心血管疾病风险预测测试数据"", ""node_params"": {""table_name"": ""cardiovascular_diseases_risk_prediction_test"", ""target_column"": ""Heart_Disease""}, ""contrast_level"": 2, ""node_type"": ""io""}, {""node_id"": ""1036"", ""algorithm_step_name"": ""Unique"", ""node_name"": ""训练数据去重"", ""node_params"": {}, ""contrast_level"": 1, ""node_type"": ""preprocess""}, {""node_id"": ""1037"", ""algorithm_step_name"": ""Unique"", ""node_name"": ""测试数据去重"", ""node_params"": {}, ""contrast_level"": 1, ""node_type"": ""preprocess""}, {""node_id"": ""1038"", ""algorithm_step_name"": ""Feature Construction"", ""node_name"": ""训练数据特征构建"", ""node_params"": {""expressions"": [{""key"": 0, ""name"": ""BMI_Category"", ""expression"": ""'Underweight' if BMI < 18.5 else 'Normal weight' if 18.5 <= BMI < 24.9 else 'Overweight' if 25 <= BMI < 29.9 else 'Obesity'"", ""type"": ""1"", ""image"": ""C"", ""categories"": ""Underweight, Normal weight, Overweight, Obesity""}]}, ""contrast_level"": 2, ""node_type"": ""feature engineering""}, {""node_id"": ""1039"", ""algorithm_step_name"": ""Feature Construction"", ""node_name"": ""测试数据特征构建"", ""node_params"": {""expressions"": [{""key"": 0, ""name"": ""BMI_Category"", ""expression"": ""'Underweight' if BMI < 18.5 else 'Normal weight' if 18.5 <= BMI < 24.9 else 'Overweight' if 25 <= BMI < 29.9 else 'Obesity'"", ""type"": ""1"", ""image"": ""C"", ""categories"": ""Underweight, Normal weight, Overweight, Obesity""}]}, ""contrast_level"": 2, ""node_type"": ""feature engineering""}, {""node_id"": ""1040"", ""algorithm_step_name"": ""Random Forest"", ""node_name"": ""随机森林模型"", ""node_params"": {}, ""contrast_level"": 0, ""node_type"": ""model""}, {""node_id"": ""1041"", ""algorithm_step_name"": ""Test Dataset Predictions"", ""node_name"": ""预测"", ""node_params"": {""output_probabilities"": true}, ""contrast_level"": 2, ""node_type"": ""predict""}, {""node_id"": ""1042"", ""algorithm_step_name"": ""Save Data"", ""node_name"": ""保存预测结果"", ""node_params"": {}, ""contrast_level"": 1, ""node_type"": ""io""}, {""node_id"": ""1043"", ""algorithm_step_name"": ""Missing Value Handling"", ""node_name"": ""缺失值处理"", ""node_params"": {}, ""contrast_level"": 1, ""node_type"": ""preprocess""}, {""node_id"": ""1044"", ""algorithm_step_name"": ""Missing Value Handling"", ""node_name"": ""缺失值处理"", ""node_params"": {}, ""contrast_level"": 1, ""node_type"": ""preprocess""}]}",0.3333
"Train data: coffee_quality_data_cqi_train
test data path: coffee_quality_data_cqi_test
Use the training data and test data to go through all of the following tasks, taking care not to leave anything out:
1. Drop duplicated rows from the dataset.
2. Drop the following columns from the dataset: ""ID"", ""ICO Number"", ""Owner"", ""Region"", ""Certification Contact"", ""Certification Address"", ""Farm Name"", ""Lot Number"", ""Mill"", ""ICO Number"", ""Producer"", ""Company"", ""Expiration"", ""Harvest Year"", ""Unnamed: 0"", ""Number of Bags"", ""Bag Weight"", ""In-Country Partner"", ""Country of Origin"", ""Processing Method"", ""Grading Date"", ""Variety"", ""Status"", ""Defects"", ""Uniformity"", ""Clean Cup"", ""Sweetness"", and ""Certification Body"".
3. For categorical column ""Color"", use one-hot encoding.
4. Try to predict Total Cup Points.
Build a regressor on the training set with RandomForestRegressor.
5. Make predictions on the test set.
6. Save predictions.",0.0,16872,{},"{""dependency_requirements"": [{""edge_id"": ""600"", ""source_node_id"": ""805"", ""target_node_id"": ""807""}, {""edge_id"": ""601"", ""source_node_id"": ""806"", ""target_node_id"": ""808""}, {""edge_id"": ""602"", ""source_node_id"": ""807"", ""target_node_id"": ""809""}, {""edge_id"": ""603"", ""source_node_id"": ""808"", ""target_node_id"": ""810""}, {""edge_id"": ""604"", ""source_node_id"": ""809"", ""target_node_id"": ""811""}, {""edge_id"": ""605"", ""source_node_id"": ""810"", ""target_node_id"": ""812""}, {""edge_id"": ""606"", ""source_node_id"": ""811"", ""target_node_id"": ""813""}, {""edge_id"": ""607"", ""source_node_id"": ""812"", ""target_node_id"": ""814""}, {""edge_id"": ""608"", ""source_node_id"": ""813"", ""target_node_id"": ""814""}, {""edge_id"": ""609"", ""source_node_id"": ""814"", ""target_node_id"": ""815""}], ""step_requirements"": [{""node_id"": ""805"", ""algorithm_step_name"": ""Tabular Dataset Loading"", ""node_name"": ""咖啡质量训练数据"", ""node_params"": {""table_name"": ""coffee_quality_data_cqi_train"", ""target_column"": ""Total_Cup_Points""}, ""contrast_level"": 2, ""node_type"": ""io""}, {""node_id"": ""806"", ""algorithm_step_name"": ""Tabular Dataset Loading"", ""node_name"": ""咖啡质量测试数据"", ""node_params"": {""table_name"": ""coffee_quality_data_cqi_test"", ""target_column"": ""Total_Cup_Points""}, ""contrast_level"": 2, ""node_type"": ""io""}, {""node_id"": ""807"", ""algorithm_step_name"": ""Unique"", ""node_name"": ""训练数据去重"", ""node_params"": {}, ""contrast_level"": 1, ""node_type"": ""preprocess""}, {""node_id"": ""808"", ""algorithm_step_name"": ""Unique"", ""node_name"": ""测试数据去重"", ""node_params"": {}, ""contrast_level"": 1, ""node_type"": ""preprocess""}, {""node_id"": ""809"", ""algorithm_step_name"": ""Select Columns"", ""node_name"": ""训练数据列选择"", ""node_params"": {""ignores"": [], ""features"": [0, 1, 2, 3, 4, 5, 6, 7, 9, 10, 11, 12, 13], ""targets"": [8]}, ""contrast_level"": 2, ""node_type"": ""preprocess""}, {""node_id"": ""810"", ""algorithm_step_name"": ""Select Columns"", ""node_name"": ""测试数据列选择"", ""node_params"": {""ignores"": [], ""features"": [0, 1, 2, 3, 4, 5, 6, 7, 9, 10, 11, 12, 13], ""targets"": [8]}, ""contrast_level"": 2, ""node_type"": ""preprocess""}, {""node_id"": ""811"", ""algorithm_step_name"": ""One Hot Encoding"", ""node_name"": ""训练数据独热编码"", ""node_params"": {""encode_vars"": [""Color""]}, ""contrast_level"": 2, ""node_type"": ""feature engineering""}, {""node_id"": ""812"", ""algorithm_step_name"": ""One Hot Encoding"", ""node_name"": ""测试数据独热编码"", ""node_params"": {""encode_vars"": [""Color""]}, ""contrast_level"": 2, ""node_type"": ""feature engineering""}, {""node_id"": ""813"", ""algorithm_step_name"": ""Random Forest"", ""node_name"": ""随机森林回归模型"", ""node_params"": {}, ""contrast_level"": 1, ""node_type"": ""model""}, {""node_id"": ""814"", ""algorithm_step_name"": ""Test Dataset Predictions"", ""node_name"": ""预测"", ""node_params"": {""output_probabilities"": false}, ""contrast_level"": 2, ""node_type"": ""predict""}, {""node_id"": ""815"", ""algorithm_step_name"": ""Save Data"", ""node_name"": ""保存预测结果"", ""node_params"": {}, ""contrast_level"": 1, ""node_type"": ""io""}]}",0.0
"Train data: diabetes_prediction_dataset_train
test data: diabetes_prediction_dataset_test
Use the training data and test data to go through all of the following tasks, taking care not to leave anything out:
1. Drop duplicate rows from the dataset.
2. Perform one-hot encoding on the ""gender"" and ""smoking_history"" columns.
3. Rank the most important features.
4. Build a random forest classifier to predict diabetes using all features. Fit the model on the training set.
5. Make predictions on the test set.
6. Save predictions.
7. Show the confusion matrix.",0.7222,27920,"{""edges"": [{""edge_id"": ""12770"", ""source_node_id"": ""816"", ""target_node_id"": ""818""}, {""edge_id"": ""12771"", ""source_node_id"": ""816"", ""target_node_id"": ""820""}, {""edge_id"": ""12772"", ""source_node_id"": ""820"", ""target_node_id"": ""822""}, {""edge_id"": ""12773"", ""source_node_id"": ""816"", ""target_node_id"": ""823""}, {""edge_id"": ""12774"", ""source_node_id"": ""823"", ""target_node_id"": ""824""}, {""edge_id"": ""12775"", ""source_node_id"": ""824"", ""target_node_id"": ""825""}, {""edge_id"": ""12776"", ""source_node_id"": ""824"", ""target_node_id"": ""826""}], ""nodes"": [{""node_id"": ""816"", ""widget_name"": ""SQL Table"", ""node_name"": ""糖尿病预测训练数据"", ""node_params"": {""table_name"": ""diabetes_prediction_dataset_train"", ""target_column"": ""diabetes""}, ""matched"": true}, {""node_id"": ""818"", ""widget_name"": ""Unique"", ""node_name"": ""去重"", ""node_params"": {""selGroupByVariables"": [], ""configure"": ""Last instance""}, ""matched"": true}, {""node_id"": ""820"", ""widget_name"": ""One Hot Encoder"", ""node_name"": ""性别和吸烟史one-hot编码"", ""node_params"": {""encode_vars"": [""gender"", ""smoking_history""]}, ""matched"": true}, {""node_id"": ""822"", ""widget_name"": ""Rank"", ""node_name"": ""特征重要性排序"", ""node_params"": {}, ""matched"": true}, {""node_id"": ""823"", ""widget_name"": ""Random Forest"", ""node_name"": ""随机森林分类器"", ""node_params"": {""n_estimators"": 10, ""use_max_features"": false, ""max_features"": ""auto"", ""use_random_state"": false, ""use_max_depth"": false, ""max_depth"": 3, ""use_min_samples_split"": true, ""min_samples_split"": 2}, ""matched"": true}, {""node_id"": ""824"", ""widget_name"": ""Predictions"", ""node_name"": ""预测"", ""node_params"": {""output_attrs"": true, ""output_predictions"": true, ""output_probabilities"": true}, ""matched"": true}, {""node_id"": ""825"", ""widget_name"": ""Save Data"", ""node_name"": ""保存预测结果"", ""node_params"": {}, ""matched"": true}, {""node_id"": ""826"", ""widget_name"": ""Confusion Matrix"", ""node_name"": ""混淆矩阵"", ""node_params"": {}, ""matched"": true}]}","{""dependency_requirements"": [{""edge_id"": ""610"", ""source_node_id"": ""816"", ""target_node_id"": ""818""}, {""edge_id"": ""611"", ""source_node_id"": ""817"", ""target_node_id"": ""819""}, {""edge_id"": ""612"", ""source_node_id"": ""818"", ""target_node_id"": ""820""}, {""edge_id"": ""613"", ""source_node_id"": ""819"", ""target_node_id"": ""821""}, {""edge_id"": ""614"", ""source_node_id"": ""820"", ""target_node_id"": ""822""}, {""edge_id"": ""615"", ""source_node_id"": ""820"", ""target_node_id"": ""823""}, {""edge_id"": ""616"", ""source_node_id"": ""821"", ""target_node_id"": ""824""}, {""edge_id"": ""617"", ""source_node_id"": ""823"", ""target_node_id"": ""824""}, {""edge_id"": ""618"", ""source_node_id"": ""824"", ""target_node_id"": ""825""}, {""edge_id"": ""619"", ""source_node_id"": ""824"", ""target_node_id"": ""826""}], ""step_requirements"": [{""node_id"": ""816"", ""algorithm_step_name"": ""Tabular Dataset Loading"", ""node_name"": ""糖尿病预测训练数据"", ""node_params"": {""table_name"": ""diabetes_prediction_dataset_train"", ""target_column"": ""diabetes""}, ""contrast_level"": 2, ""node_type"": ""io""}, {""node_id"": ""817"", ""algorithm_step_name"": ""Tabular Dataset Loading"", ""node_name"": ""糖尿病预测测试数据"", ""node_params"": {""table_name"": ""diabetes_prediction_dataset_test"", ""target_column"": ""diabetes""}, ""contrast_level"": 2, ""node_type"": ""io""}, {""node_id"": ""818"", ""algorithm_step_name"": ""Unique"", ""node_name"": ""训练数据去重"", ""node_params"": {}, ""contrast_level"": 1, ""node_type"": ""preprocess""}, {""node_id"": ""819"", ""algorithm_step_name"": ""Unique"", ""node_name"": ""测试数据去重"", ""node_params"": {}, ""contrast_level"": 1, ""node_type"": ""preprocess""}, {""node_id"": ""820"", ""algorithm_step_name"": ""One Hot Encoding"", ""node_name"": ""训练数据独热编码"", ""node_params"": {""encode_vars"": [""gender"", ""smoking_history""]}, ""contrast_level"": 2, ""node_type"": ""feature engineering""}, {""node_id"": ""821"", ""algorithm_step_name"": ""One Hot Encoding"", ""node_name"": ""测试数据独热编码"", ""node_params"": {""encode_vars"": [""gender"", ""smoking_history""]}, ""contrast_level"": 2, ""node_type"": ""feature engineering""}, {""node_id"": ""822"", ""algorithm_step_name"": ""Rank"", ""node_name"": ""特征重要性排序"", ""node_params"": {}, ""contrast_level"": 1, ""node_type"": ""feature engineering""}, {""node_id"": ""823"", ""algorithm_step_name"": ""Random Forest"", ""node_name"": ""随机森林模型"", ""node_params"": {}, ""contrast_level"": 1, ""node_type"": ""model""}, {""node_id"": ""824"", ""algorithm_step_name"": ""Test Dataset Predictions"", ""node_name"": ""预测"", ""node_params"": {""output_probabilities"": true}, ""contrast_level"": 2, ""node_type"": ""predict""}, {""node_id"": ""825"", ""algorithm_step_name"": ""Save Data"", ""node_name"": ""保存预测结果"", ""node_params"": {}, ""contrast_level"": 1, ""node_type"": ""io""}, {""node_id"": ""826"", ""algorithm_step_name"": ""Confusion Matrix"", ""node_name"": ""混淆矩阵"", ""node_params"": {}, ""contrast_level"": 1, ""node_type"": ""visualize""}]}",0.6316
"Train data: disease_symptoms_and_patient_profile_dataset_train
test data: disease_symptoms_and_patient_profile_dataset_test
Use the training data and test data to go through all of the following tasks, taking care not to leave anything out:
you need build two logistic regression models to predict categorical target variable 'outcome variable'.
1. categorical features (except ""Disease"" column) into numerical features using one-hot encoding.
2. Use a feature selection technique to select the most important 5 features.
3. Build a logistic regression model1 using all features one-hot encoded.
4. Build a logistic regression model2 using only the most important 5 features.
5. Evaluate the performance of the model1 and model2 on the test set.",0.7273,51541,"{""edges"": [{""edge_id"": ""12777"", ""source_node_id"": ""860"", ""target_node_id"": ""16123""}, {""edge_id"": ""12778"", ""source_node_id"": ""16123"", ""target_node_id"": ""864""}, {""edge_id"": ""12779"", ""source_node_id"": ""864"", ""target_node_id"": ""865""}, {""edge_id"": ""12780"", ""source_node_id"": ""864"", ""target_node_id"": ""16126""}, {""edge_id"": ""12781"", ""source_node_id"": ""864"", ""target_node_id"": ""867""}, {""edge_id"": ""12782"", ""source_node_id"": ""16123"", ""target_node_id"": ""867""}, {""edge_id"": ""12783"", ""source_node_id"": ""865"", ""target_node_id"": ""867""}, {""edge_id"": ""12784"", ""source_node_id"": ""16126"", ""target_node_id"": ""867""}, {""edge_id"": ""12785"", ""source_node_id"": ""16126"", ""target_node_id"": ""868""}, {""edge_id"": ""12786"", ""source_node_id"": ""865"", ""target_node_id"": ""868""}, {""edge_id"": ""12787"", ""source_node_id"": ""16123"", ""target_node_id"": ""16130""}, {""edge_id"": ""12788"", ""source_node_id"": ""865"", ""target_node_id"": ""16130""}, {""edge_id"": ""12789"", ""source_node_id"": ""16126"", ""target_node_id"": ""16130""}, {""edge_id"": ""12790"", ""source_node_id"": ""16126"", ""target_node_id"": ""16131""}], ""nodes"": [{""node_id"": ""860"", ""widget_name"": ""SQL Table"", ""node_name"": ""疾病症状和患者资料训练数据"", ""node_params"": {""table_name"": ""disease_symptoms_and_patient_profile_dataset_train"", ""target_column"": ""Outcome_Variable""}, ""matched"": true}, {""node_id"": ""16123"", ""widget_name"": ""Data Sampler"", ""node_name"": ""数据抽样"", ""node_params"": {""sampling_type"": 0, ""percentage"": 10, ""n_samples"": 15, ""replacement"": false, ""n_folds"": 10, ""selected_folds"": 1, ""replicable"": false, ""stratified"": false}, ""matched"": false}, {""node_id"": ""864"", ""widget_name"": ""Select Best N Attributes"", ""node_name"": ""特征选择"", ""node_params"": {""n"": 5}, ""matched"": true}, {""node_id"": ""865"", ""widget_name"": ""Logistic Regression"", ""node_name"": ""逻辑回归模型"", ""node_params"": {""C"": 1.0, ""penalty"": ""l2""}, ""matched"": true}, {""node_id"": ""16126"", ""widget_name"": ""LightGBM"", ""node_name"": ""LightGBM分类器"", ""node_params"": {""boosting_type"": ""gbdt"", ""n_estimators"": 10, ""learning_rate"": 0.1, ""sampling_rate"": 0.1, ""max_depth_check"": false, ""max_depth"": 3, ""num_leaves_check"": false, ""num_leaves"": 31}, ""matched"": false}, {""node_id"": ""867"", ""widget_name"": ""Test & Score"", ""node_name"": ""Test Score"", ""node_params"": {}, ""matched"": true}, {""node_id"": ""868"", ""widget_name"": ""Test & Score"", ""node_name"": ""Test Score"", ""node_params"": {}, ""matched"": true}, {""node_id"": ""861"", ""widget_name"": ""SQL Table"", ""node_name"": ""疾病症状和患者资料测试数据"", ""node_params"": {""table_name"": ""disease_symptoms_and_patient_profile_dataset_test"", ""target_column"": ""Outcome_Variable""}, ""matched"": true}, {""node_id"": ""16130"", ""widget_name"": ""Predictions"", ""node_name"": ""预测"", ""node_params"": {""output_attrs"": true, ""output_predictions"": true, ""output_probabilities"": true}, ""matched"": false}, {""node_id"": ""16131"", ""widget_name"": ""Predictions"", ""node_name"": ""预测"", ""node_params"": {""output_attrs"": true, ""output_predictions"": true, ""output_probabilities"": true}, ""matched"": false}]}","{""dependency_requirements"": [{""edge_id"": ""661"", ""source_node_id"": ""860"", ""target_node_id"": ""862""}, {""edge_id"": ""662"", ""source_node_id"": ""861"", ""target_node_id"": ""863""}, {""edge_id"": ""663"", ""source_node_id"": ""862"", ""target_node_id"": ""864""}, {""edge_id"": ""664"", ""source_node_id"": ""862"", ""target_node_id"": ""865""}, {""edge_id"": ""665"", ""source_node_id"": ""864"", ""target_node_id"": ""866""}, {""edge_id"": ""666"", ""source_node_id"": ""862"", ""target_node_id"": ""867""}, {""edge_id"": ""667"", ""source_node_id"": ""863"", ""target_node_id"": ""867""}, {""edge_id"": ""668"", ""source_node_id"": ""865"", ""target_node_id"": ""867""}, {""edge_id"": ""669"", ""source_node_id"": ""863"", ""target_node_id"": ""868""}, {""edge_id"": ""670"", ""source_node_id"": ""866"", ""target_node_id"": ""868""}, {""edge_id"": ""671"", ""source_node_id"": ""864"", ""target_node_id"": ""868""}], ""step_requirements"": [{""node_id"": ""860"", ""algorithm_step_name"": ""Tabular Dataset Loading"", ""node_name"": ""疾病症状和患者资料训练数据"", ""node_params"": {""table_name"": ""disease_symptoms_and_patient_profile_dataset_train"", ""target_column"": ""Outcome_Variable""}, ""contrast_level"": 2, ""node_type"": ""io""}, {""node_id"": ""861"", ""algorithm_step_name"": ""Tabular Dataset Loading"", ""node_name"": ""疾病症状和患者资料测试数据"", ""node_params"": {""table_name"": ""disease_symptoms_and_patient_profile_dataset_test"", ""target_column"": ""Outcome_Variable""}, ""contrast_level"": 2, ""node_type"": ""io""}, {""node_id"": ""862"", ""algorithm_step_name"": ""One Hot Encoding"", ""node_name"": ""训练数据独热编码"", ""node_params"": {""encode_vars"": [""Fever"", ""Cough"", ""Fatigue"", ""Difficulty_Breathing"", ""Gender"", ""Blood_Pressure_Categorical"", ""Cholesterol_Categorical""]}, ""contrast_level"": 2, ""node_type"": ""feature engineering""}, {""node_id"": ""863"", ""algorithm_step_name"": ""One Hot Encoding"", ""node_name"": ""测试数据独热编码"", ""node_params"": {""encode_vars"": [""Fever"", ""Cough"", ""Fatigue"", ""Difficulty_Breathing"", ""Gender"", ""Blood_Pressure_Categorical"", ""Cholesterol_Categorical""]}, ""contrast_level"": 2, ""node_type"": ""feature engineering""}, {""node_id"": ""864"", ""algorithm_step_name"": ""Feature Selection"", ""node_name"": ""特征选择"", ""node_params"": {""n"": 5}, ""contrast_level"": 2, ""node_type"": ""feature engineering""}, {""node_id"": ""865"", ""algorithm_step_name"": ""Logistic Regression"", ""node_name"": ""逻辑回归模型"", ""node_params"": {}, ""contrast_level"": 1, ""node_type"": ""model""}, {""node_id"": ""866"", ""algorithm_step_name"": ""Logistic Regression"", ""node_name"": ""逻辑回归模型2"", ""node_params"": {}, ""contrast_level"": 1, ""node_type"": ""model""}, {""node_id"": ""867"", ""algorithm_step_name"": ""Model Evaluate"", ""node_name"": ""测试评分"", ""node_params"": {}, ""contrast_level"": 1, ""node_type"": ""evaluate""}, {""node_id"": ""868"", ""algorithm_step_name"": ""Model Evaluate"", ""node_name"": ""测试评分"", ""node_params"": {}, ""contrast_level"": 1, ""node_type"": ""evaluate""}]}",0.4211
"Train data: employee_train
test data: employee_test
Use the training data and test data to go through all of the following tasks, taking care not to leave anything out:
1. Perform feature construction to build a new feature named ""YearsInCompany"" to represent the number of years each employee has been in the company. It is calculated as 2023 minus the 'JoiningYear'.
2. Encode the categorical columns using one-hot encoding.
3. Build a random forest classifier to predict the 'LeaveOrNot' variable.
4. Make predictions on the test set.
5. Save predictions.
6. Confusion matrix showing predicted results.",0.0,19917,{},"{""dependency_requirements"": [{""edge_id"": ""749"", ""source_node_id"": ""967"", ""target_node_id"": ""969""}, {""edge_id"": ""750"", ""source_node_id"": ""968"", ""target_node_id"": ""970""}, {""edge_id"": ""751"", ""source_node_id"": ""969"", ""target_node_id"": ""971""}, {""edge_id"": ""752"", ""source_node_id"": ""970"", ""target_node_id"": ""972""}, {""edge_id"": ""753"", ""source_node_id"": ""971"", ""target_node_id"": ""973""}, {""edge_id"": ""754"", ""source_node_id"": ""972"", ""target_node_id"": ""974""}, {""edge_id"": ""755"", ""source_node_id"": ""973"", ""target_node_id"": ""974""}, {""edge_id"": ""756"", ""source_node_id"": ""974"", ""target_node_id"": ""975""}, {""edge_id"": ""757"", ""source_node_id"": ""974"", ""target_node_id"": ""976""}], ""step_requirements"": [{""node_id"": ""967"", ""algorithm_step_name"": ""Tabular Dataset Loading"", ""node_name"": ""员工训练数据"", ""node_params"": {""table_name"": ""employee_train"", ""target_column"": ""LeaveOrNot""}, ""contrast_level"": 2, ""node_type"": ""io""}, {""node_id"": ""968"", ""algorithm_step_name"": ""Tabular Dataset Loading"", ""node_name"": ""员工测试数据"", ""node_params"": {""table_name"": ""employee_test"", ""target_column"": ""LeaveOrNot""}, ""contrast_level"": 2, ""node_type"": ""io""}, {""node_id"": ""969"", ""algorithm_step_name"": ""Feature Construction"", ""node_name"": ""特征构造_训练数据"", ""node_params"": {""expressions"": [{""key"": 0, ""name"": ""YearsInCompany"", ""expression"": ""2023 - JoiningYear"", ""type"": ""2"", ""image"": ""N"", ""categories"": ""A, B""}]}, ""contrast_level"": 2, ""node_type"": ""feature engineering""}, {""node_id"": ""970"", ""algorithm_step_name"": ""Feature Construction"", ""node_name"": ""特征构造_测试数据"", ""node_params"": {""expressions"": [{""key"": 0, ""name"": ""YearsInCompany"", ""expression"": ""2023 - JoiningYear"", ""type"": ""2"", ""image"": ""N"", ""categories"": ""A, B""}]}, ""contrast_level"": 2, ""node_type"": ""feature engineering""}, {""node_id"": ""971"", ""algorithm_step_name"": ""One Hot Encoding"", ""node_name"": ""One Hot Encoder_训练数据"", ""node_params"": {""encode_vars"": [""Education"", ""City"", ""Gender"", ""EverBenched""]}, ""contrast_level"": 2, ""node_type"": ""feature engineering""}, {""node_id"": ""972"", ""algorithm_step_name"": ""One Hot Encoding"", ""node_name"": ""One Hot Encoder_测试数据"", ""node_params"": {""encode_vars"": [""Education"", ""City"", ""Gender"", ""EverBenched""]}, ""contrast_level"": 2, ""node_type"": ""feature engineering""}, {""node_id"": ""973"", ""algorithm_step_name"": ""Random Forest"", ""node_name"": ""随机森林分类器"", ""node_params"": {}, ""contrast_level"": 1, ""node_type"": ""model""}, {""node_id"": ""974"", ""algorithm_step_name"": ""Test Dataset Predictions"", ""node_name"": ""预测"", ""node_params"": {""output_probabilities"": true}, ""contrast_level"": 2, ""node_type"": ""predict""}, {""node_id"": ""975"", ""algorithm_step_name"": ""Save Data"", ""node_name"": ""保存预测结果"", ""node_params"": {}, ""contrast_level"": 1, ""node_type"": ""io""}, {""node_id"": ""976"", ""algorithm_step_name"": ""Confusion Matrix"", ""node_name"": ""混淆矩阵"", ""node_params"": {}, ""contrast_level"": 1, ""node_type"": ""visualize""}]}",0.0
"Train data: global_data_on_sustainable_energy_train
test data: global_data_on_sustainable_energy__test
Use the training data and test data to go through all of the following tasks, taking care not to leave anything out:
1. The features are all other columns except 'Entity' and 'Year'.
2. The target variable is 'Renewable energy share in the total final energy consumption (%)'. Build a linear regression model to predict the outcome variable using all features. Fit the model on the training set.
3. Make predictions on the test set.
4. Save predictions.",0.0,27995,{},"{""dependency_requirements"": [{""edge_id"": ""759"", ""source_node_id"": ""977"", ""target_node_id"": ""980""}, {""edge_id"": ""760"", ""source_node_id"": ""978"", ""target_node_id"": ""981""}, {""edge_id"": ""762"", ""source_node_id"": ""980"", ""target_node_id"": ""983""}, {""edge_id"": ""766"", ""source_node_id"": ""981"", ""target_node_id"": ""985""}, {""edge_id"": ""767"", ""source_node_id"": ""983"", ""target_node_id"": ""985""}, {""edge_id"": ""768"", ""source_node_id"": ""985"", ""target_node_id"": ""986""}], ""step_requirements"": [{""node_id"": ""977"", ""algorithm_step_name"": ""Tabular Dataset Loading"", ""node_name"": ""全球可持续能源训练数据"", ""node_params"": {""table_name"": ""global_data_on_sustainable_energy_train"", ""target_column"": ""Renewable_energy_share_total_final_energy_consumption_percentage""}, ""contrast_level"": 2, ""node_type"": ""io""}, {""node_id"": ""978"", ""algorithm_step_name"": ""Tabular Dataset Loading"", ""node_name"": ""全球可持续能源测试数据"", ""node_params"": {""table_name"": ""global_data_on_sustainable_energy__test"", ""target_column"": ""Renewable_energy_share_total_final_energy_consumption_percentage""}, ""contrast_level"": 2, ""node_type"": ""io""}, {""node_id"": ""980"", ""algorithm_step_name"": ""Select Columns"", ""node_name"": ""训练数据列选择"", ""node_params"": {""ignores"": [0], ""features"": [1, 2, 3, 4, 6, 7, 8, 9, 10, 11, 12, 13, 14, 15, 16, 17, 18, 19], ""targets"": [5]}, ""contrast_level"": 2, ""node_type"": ""preprocess""}, {""node_id"": ""981"", ""algorithm_step_name"": ""Select Columns"", ""node_name"": ""测试数据列选择"", ""node_params"": {""ignores"": [0], ""features"": [1, 2, 3, 4, 6, 7, 8, 9, 10, 11, 12, 13, 14, 15, 16, 17, 18, 19], ""targets"": [5]}, ""contrast_level"": 2, ""node_type"": ""preprocess""}, {""node_id"": ""983"", ""algorithm_step_name"": ""Linear Regression"", ""node_name"": ""线性回归模型"", ""node_params"": {}, ""contrast_level"": 1, ""node_type"": ""model""}, {""node_id"": ""985"", ""algorithm_step_name"": ""Test Dataset Predictions"", ""node_name"": ""预测"", ""node_params"": {""output_probabilities"": false}, ""contrast_level"": 2, ""node_type"": ""predict""}, {""node_id"": ""986"", ""algorithm_step_name"": ""Save Data"", ""node_name"": ""保存预测结果"", ""node_params"": {}, ""contrast_level"": 1, ""node_type"": ""io""}]}",0.0
"Train data: heart_attack_prediction_dataset_train
test data: heart_attack_prediction_dataset_test
Use the training data and test data to go through all of the following tasks, taking care not to leave anything out:
1. Convert the values in the data for the category column 'Diet'. Use 1, 2, 3 for 'Healthy', 'Average', and 'Unhealthy' respectively.
2. Build a RandomForest model to predict the Heart Attack Risk using all features. Fit the model on the training set.
3. Make predictions on the test set.
4. Save predictions.",0.7778,27147,"{""edges"": [{""edge_id"": ""12799"", ""source_node_id"": ""994"", ""target_node_id"": ""16145""}, {""edge_id"": ""12800"", ""source_node_id"": ""16145"", ""target_node_id"": ""1000""}, {""edge_id"": ""12801"", ""source_node_id"": ""16145"", ""target_node_id"": ""1001""}, {""edge_id"": ""12802"", ""source_node_id"": ""1000"", ""target_node_id"": ""1001""}, {""edge_id"": ""12803"", ""source_node_id"": ""1001"", ""target_node_id"": ""1002""}], ""nodes"": [{""node_id"": ""994"", ""widget_name"": ""SQL Table"", ""node_name"": ""心脏病预测训练数据"", ""node_params"": {""table_name"": ""heart_attack_prediction_dataset_train"", ""target_column"": ""Heart_Attack_Risk""}, ""matched"": true}, {""node_id"": ""995"", ""widget_name"": ""SQL Table"", ""node_name"": ""心脏病预测测试数据"", ""node_params"": {""table_name"": ""heart_attack_prediction_dataset_test"", ""target_column"": ""Heart_Attack_Risk""}, ""matched"": true}, {""node_id"": ""16145"", ""widget_name"": ""Edit Domain"", ""node_name"": ""数据转换"", ""node_params"": {""column_name"": ""Diet"", ""valueMappings"": [{""key"": 1, ""originValue"": ""Unhealthy"", ""currentValue"": ""1""}, {""key"": 2, ""originValue"": ""Average"", ""currentValue"": ""2""}, {""key"": 3, ""originValue"": ""Healthy"", ""currentValue"": ""3""}]}, ""matched"": false}, {""node_id"": ""1000"", ""widget_name"": ""Random Forest"", ""node_name"": ""随机森林模型"", ""node_params"": {""n_estimators"": 100, ""use_max_features"": true, ""max_features"": ""auto"", ""use_random_state"": false, ""use_max_depth"": false, ""max_depth"": 3, ""use_min_samples_split"": true, ""min_samples_split"": 2}, ""matched"": true}, {""node_id"": ""1001"", ""widget_name"": ""Predictions"", ""node_name"": ""预测"", ""node_params"": {""output_attrs"": true, ""output_predictions"": true, ""output_probabilities"": true}, ""matched"": true}, {""node_id"": ""1002"", ""widget_name"": ""Save Data"", ""node_name"": ""保存预测结果"", ""node_params"": {}, ""matched"": true}]}","{""dependency_requirements"": [{""edge_id"": ""772"", ""source_node_id"": ""994"", ""target_node_id"": ""996""}, {""edge_id"": ""773"", ""source_node_id"": ""995"", ""target_node_id"": ""997""}, {""edge_id"": ""778"", ""source_node_id"": ""1000"", ""target_node_id"": ""1001""}, {""edge_id"": ""779"", ""source_node_id"": ""1001"", ""target_node_id"": ""1002""}, {""edge_id"": ""780"", ""source_node_id"": ""997"", ""target_node_id"": ""1001""}, {""edge_id"": ""781"", ""source_node_id"": ""996"", ""target_node_id"": ""1000""}], ""step_requirements"": [{""node_id"": ""994"", ""algorithm_step_name"": ""Tabular Dataset Loading"", ""node_name"": ""训练数据"", ""node_params"": {""table_name"": ""heart_attack_prediction_dataset_train"", ""target_column"": ""Heart_Attack_Risk""}, ""contrast_level"": 2, ""node_type"": ""io""}, {""node_id"": ""995"", ""algorithm_step_name"": ""Tabular Dataset Loading"", ""node_name"": ""测试数据"", ""node_params"": {""table_name"": ""heart_attack_prediction_dataset_test"", ""target_column"": ""Heart_Attack_Risk""}, ""contrast_level"": 2, ""node_type"": ""io""}, {""node_id"": ""996"", ""algorithm_step_name"": ""Edit Domain"", ""node_name"": ""编辑域"", ""node_params"": {""column_name"": ""Diet"", ""valueMappings"": [{""key"": 1, ""originValue"": ""Healthy"", ""currentValue"": ""1""}, {""key"": 2, ""originValue"": ""Average"", ""currentValue"": ""2""}, {""key"": 3, ""originValue"": ""Unhealthy"", ""currentValue"": ""3""}]}, ""contrast_level"": 2, ""node_type"": ""preprocess""}, {""node_id"": ""997"", ""algorithm_step_name"": ""Edit Domain"", ""node_name"": ""编辑域"", ""node_params"": {""column_name"": ""Diet"", ""valueMappings"": [{""key"": 1, ""originValue"": ""Healthy"", ""currentValue"": ""1""}, {""key"": 2, ""originValue"": ""Average"", ""currentValue"": ""2""}, {""key"": 3, ""originValue"": ""Unhealthy"", ""currentValue"": ""3""}]}, ""contrast_level"": 2, ""node_type"": ""preprocess""}, {""node_id"": ""1000"", ""algorithm_step_name"": ""Random Forest"", ""node_name"": ""随机森林模型"", ""node_params"": {}, ""contrast_level"": 1, ""node_type"": ""model""}, {""node_id"": ""1001"", ""algorithm_step_name"": ""Test Dataset Predictions"", ""node_name"": ""预测"", ""node_params"": {""output_probabilities"": true}, ""contrast_level"": 2, ""node_type"": ""predict""}, {""node_id"": ""1002"", ""algorithm_step_name"": ""Save Data"", ""node_name"": ""保存预测结果"", ""node_params"": {}, ""contrast_level"": 1, ""node_type"": ""io""}]}",0.6154
"Train data path: housing_price_prediction_train
test data path: housing_price_prediction_test
Use the training data and test data to go through all of the following tasks, taking care not to leave anything out:
1. loading 'housing_price_prediction_train' data and loading 'housing_price_prediction_test' data
2. Build a linear regression model to predict the housing price. Fit the model on the training set.
3. Make predictions on the test set.
4. Save predictions.",0.8889,26805,"{""edges"": [{""edge_id"": ""12804"", ""source_node_id"": ""1004"", ""target_node_id"": ""16153""}, {""edge_id"": ""12805"", ""source_node_id"": ""16153"", ""target_node_id"": ""16154""}, {""edge_id"": ""12806"", ""source_node_id"": ""16154"", ""target_node_id"": ""1009""}, {""edge_id"": ""12807"", ""source_node_id"": ""16154"", ""target_node_id"": ""1012""}, {""edge_id"": ""12808"", ""source_node_id"": ""1009"", ""target_node_id"": ""1012""}, {""edge_id"": ""12809"", ""source_node_id"": ""1012"", ""target_node_id"": ""1013""}], ""nodes"": [{""node_id"": ""1004"", ""widget_name"": ""SQL Table"", ""node_name"": ""房价预测训练数据"", ""node_params"": {""table_name"": ""housing_price_prediction_train"", ""target_column"": ""price""}, ""matched"": true}, {""node_id"": ""1005"", ""widget_name"": ""SQL Table"", ""node_name"": ""房价预测测试数据"", ""node_params"": {""table_name"": ""housing_price_prediction_test"", ""target_column"": ""price""}, ""matched"": true}, {""node_id"": ""16153"", ""widget_name"": ""Discretize"", ""node_name"": ""离散化"", ""node_params"": {""method"": 1}, ""matched"": false}, {""node_id"": ""16154"", ""widget_name"": ""One Hot Encoder"", ""node_name"": ""独热编码处理"", ""node_params"": {""encode_vars"": [""mainroad"", ""guestroom"", ""basement"", ""hotwaterheating"", ""airconditioning"", ""prefarea"", ""furnishingstatus""]}, ""matched"": false}, {""node_id"": ""1009"", ""widget_name"": ""Linear Regression"", ""node_name"": ""线性回归模型"", ""node_params"": {""regression_type"": ""0""}, ""matched"": true}, {""node_id"": ""1012"", ""widget_name"": ""Predictions"", ""node_name"": ""预测"", ""node_params"": {""output_attrs"": false, ""output_predictions"": true, ""output_probabilities"": false}, ""matched"": true}, {""node_id"": ""1013"", ""widget_name"": ""Save Data"", ""node_name"": ""保存预测结果"", ""node_params"": {}, ""matched"": true}]}","{""dependency_requirements"": [{""edge_id"": ""789"", ""source_node_id"": ""1009"", ""target_node_id"": ""1012""}, {""edge_id"": ""790"", ""source_node_id"": ""1012"", ""target_node_id"": ""1013""}, {""edge_id"": ""791"", ""source_node_id"": ""1005"", ""target_node_id"": ""1012""}, {""edge_id"": ""792"", ""source_node_id"": ""1004"", ""target_node_id"": ""1009""}], ""step_requirements"": [{""node_id"": ""1004"", ""algorithm_step_name"": ""Tabular Dataset Loading"", ""node_name"": ""房价预测训练数据"", ""node_params"": {""table_name"": ""housing_price_prediction_train"", ""target_column"": ""price""}, ""contrast_level"": 2, ""node_type"": ""io""}, {""node_id"": ""1005"", ""algorithm_step_name"": ""Tabular Dataset Loading"", ""node_name"": ""房价预测测试数据"", ""node_params"": {""table_name"": ""housing_price_prediction_test"", ""target_column"": ""price""}, ""contrast_level"": 2, ""node_type"": ""io""}, {""node_id"": ""1009"", ""algorithm_step_name"": ""Linear Regression"", ""node_name"": ""线性回归模型"", ""node_params"": {}, ""contrast_level"": 1, ""node_type"": ""model""}, {""node_id"": ""1012"", ""algorithm_step_name"": ""Test Dataset Predictions"", ""node_name"": ""预测"", ""node_params"": {""output_probabilities"": false}, ""contrast_level"": 2, ""node_type"": ""predict""}, {""node_id"": ""1013"", ""algorithm_step_name"": ""Save Data"", ""node_name"": ""保存预测结果"", ""node_params"": {}, ""contrast_level"": 1, ""node_type"": ""io""}]}",0.6667
"Train data: life_expectancy_data_train
test data: life_expectancy_data_test
Use the training data and test data to go through all of the following tasks, taking care not to leave anything out:
1. Perform feature construction to build a new feature named ""GDP_bins"" to categorize the GDP into several bins. The GDP bins are defined as follows:
  - ""Low GDP"": GDP <= 1000
  - ""Medium GDP"": 1000 < GDP <= 10000
  - ""High GDP"": GDP > 10000
2. Create a predictive model to predict life expectancy. Use Linear regression as the model. Fit the model on the training set.
3. Make predictions on the test set.
4. Save predictions.",0.0,22899,{},"{""dependency_requirements"": [{""edge_id"": ""797"", ""source_node_id"": ""1018"", ""target_node_id"": ""1020""}, {""edge_id"": ""798"", ""source_node_id"": ""1019"", ""target_node_id"": ""1021""}, {""edge_id"": ""799"", ""source_node_id"": ""1020"", ""target_node_id"": ""1022""}, {""edge_id"": ""800"", ""source_node_id"": ""1021"", ""target_node_id"": ""1023""}, {""edge_id"": ""801"", ""source_node_id"": ""1022"", ""target_node_id"": ""1023""}, {""edge_id"": ""802"", ""source_node_id"": ""1023"", ""target_node_id"": ""1024""}], ""step_requirements"": [{""node_id"": ""1018"", ""algorithm_step_name"": ""Tabular Dataset Loading"", ""node_name"": ""预期寿命训练数据"", ""node_params"": {""table_name"": ""life_expectancy_data_train"", ""target_column"": ""Life_expectancy""}, ""contrast_level"": 2, ""node_type"": ""io""}, {""node_id"": ""1019"", ""algorithm_step_name"": ""Tabular Dataset Loading"", ""node_name"": ""预期寿命测试数据"", ""node_params"": {""table_name"": ""life_expectancy_data_test"", ""target_column"": ""Life_expectancy""}, ""contrast_level"": 2, ""node_type"": ""io""}, {""node_id"": ""1020"", ""algorithm_step_name"": ""Feature Construction"", ""node_name"": ""特征构建_训练数据"", ""node_params"": {""expressions"": [{""key"": 0, ""name"": ""GDP_bins"", ""expression"": ""'Low GDP' if GDP <= 1000 else 'Medium GDP' if GDP <= 10000 else 'High GDP'"", ""type"": ""1"", ""image"": ""C"", ""categories"": ""Low GDP, Medium GDP, High GDP""}]}, ""contrast_level"": 2, ""node_type"": ""feature engineering""}, {""node_id"": ""1021"", ""algorithm_step_name"": ""Feature Construction"", ""node_name"": ""特征构建_测试数据"", ""node_params"": {""expressions"": [{""key"": 0, ""name"": ""GDP_bins"", ""expression"": ""'Low GDP' if GDP <= 1000 else 'Medium GDP' if GDP <= 10000 else 'High GDP'"", ""type"": ""1"", ""image"": ""C"", ""categories"": ""Low GDP, Medium GDP, High GDP""}]}, ""contrast_level"": 2, ""node_type"": ""feature engineering""}, {""node_id"": ""1022"", ""algorithm_step_name"": ""Linear Regression"", ""node_name"": ""线性回归模型"", ""node_params"": {}, ""contrast_level"": 1, ""node_type"": ""model""}, {""node_id"": ""1023"", ""algorithm_step_name"": ""Test Dataset Predictions"", ""node_name"": ""预测"", ""node_params"": {""output_probabilities"": false}, ""contrast_level"": 2, ""node_type"": ""predict""}, {""node_id"": ""1024"", ""algorithm_step_name"": ""Save Data"", ""node_name"": ""保存预测结果"", ""node_params"": {}, ""contrast_level"": 1, ""node_type"": ""io""}]}",0.0
