instruction,score,total_tokens,workflow,requirements,wgf1
我需要你使用银行信用贷款的训练数据，构建一个能够预测客户是否会流失的随机森林模型。然后，用这个模型对测试数据进行预测，并把预测结果保存下来，最后展示预测结果的混淆矩阵,0.9091,26757,"{""edges"": [{""edge_id"": ""10811"", ""source_node_id"": ""2561"", ""target_node_id"": ""13839""}, {""edge_id"": ""10812"", ""source_node_id"": ""2562"", ""target_node_id"": ""13840""}, {""edge_id"": ""10813"", ""source_node_id"": ""13839"", ""target_node_id"": ""2565""}, {""edge_id"": ""10814"", ""source_node_id"": ""13840"", ""target_node_id"": ""2567""}, {""edge_id"": ""10815"", ""source_node_id"": ""2565"", ""target_node_id"": ""2567""}, {""edge_id"": ""10816"", ""source_node_id"": ""2567"", ""target_node_id"": ""2568""}, {""edge_id"": ""10817"", ""source_node_id"": ""2567"", ""target_node_id"": ""2569""}], ""nodes"": [{""node_id"": ""2561"", ""widget_name"": ""SQL Table"", ""node_name"": ""银行信用贷款训练数据"", ""node_params"": {""table_name"": ""bank_customer_churn_train"", ""target_column"": ""Exited""}, ""matched"": true}, {""node_id"": ""2562"", ""widget_name"": ""SQL Table"", ""node_name"": ""银行信用贷款测试数据"", ""node_params"": {""table_name"": ""bank_customer_churn_test"", ""target_column"": ""Exited""}, ""matched"": true}, {""node_id"": ""13839"", ""widget_name"": ""One Hot Encoder"", ""node_name"": ""训练数据独热编码"", ""node_params"": {""encode_vars"": [""Geography"", ""Gender""]}, ""matched"": false}, {""node_id"": ""13840"", ""widget_name"": ""One Hot Encoder"", ""node_name"": ""测试数据独热编码"", ""node_params"": {""encode_vars"": [""Geography"", ""Gender""]}, ""matched"": false}, {""node_id"": ""2565"", ""widget_name"": ""Random Forest"", ""node_name"": ""随机森林模型"", ""node_params"": {""n_estimators"": 10, ""use_max_features"": false, ""max_features"": ""auto"", ""use_random_state"": false, ""use_max_depth"": false, ""max_depth"": 3, ""use_min_samples_split"": true, ""min_samples_split"": 2}, ""matched"": true}, {""node_id"": ""2567"", ""widget_name"": ""Predictions"", ""node_name"": ""预测"", ""node_params"": {""output_attrs"": true, ""output_predictions"": true, ""output_probabilities"": true}, ""matched"": true}, {""node_id"": ""2568"", ""widget_name"": ""Save Data"", ""node_name"": ""保存预测结果"", ""node_params"": {}, ""matched"": true}, {""node_id"": ""2569"", ""widget_name"": ""Confusion Matrix"", ""node_name"": ""混淆矩阵"", ""node_params"": {}, ""matched"": true}]}","{""dependency_requirements"": [{""edge_id"": ""2111"", ""source_node_id"": ""2561"", ""target_node_id"": ""2565""}, {""edge_id"": ""2112"", ""source_node_id"": ""2562"", ""target_node_id"": ""2567""}, {""edge_id"": ""2113"", ""source_node_id"": ""2565"", ""target_node_id"": ""2567""}, {""edge_id"": ""2114"", ""source_node_id"": ""2567"", ""target_node_id"": ""2568""}, {""edge_id"": ""2116"", ""source_node_id"": ""2568"", ""target_node_id"": ""2569""}], ""step_requirements"": [{""node_id"": ""2561"", ""algorithm_step_name"": ""Tabular Dataset Loading"", ""node_name"": ""银行信用贷款训练数据"", ""node_params"": {""table_name"": ""bank_customer_churn_train"", ""target_column"": ""Exited""}, ""contrast_level"": 2, ""node_type"": ""io""}, {""node_id"": ""2562"", ""algorithm_step_name"": ""Tabular Dataset Loading"", ""node_name"": ""银行信用贷款测试数据"", ""node_params"": {""table_name"": ""bank_customer_churn_test"", ""target_column"": ""Exited""}, ""contrast_level"": 2, ""node_type"": ""io""}, {""node_id"": ""2565"", ""algorithm_step_name"": ""Random Forest"", ""node_name"": ""随机森林模型"", ""node_params"": {}, ""contrast_level"": 1, ""node_type"": ""model""}, {""node_id"": ""2567"", ""algorithm_step_name"": ""Test Dataset Predictions"", ""node_name"": ""预测结果"", ""node_params"": {""output_attrs"": true, ""output_predictions"": true, ""output_probabilities"": true}, ""contrast_level"": 2, ""node_type"": ""predict""}, {""node_id"": ""2568"", ""algorithm_step_name"": ""Save Data"", ""node_name"": ""保存预测结果"", ""node_params"": {}, ""contrast_level"": 1, ""node_type"": ""io""}, {""node_id"": ""2569"", ""algorithm_step_name"": ""Confusion Matrix"", ""node_name"": ""混淆矩阵"", ""node_params"": {}, ""contrast_level"": 1, ""node_type"": ""visualize""}]}",0.7143
请你使用生物信号训练数据集来预测个体是否为吸烟者，你的最终目标是建立一个能够准确判断个体吸烟状态的XGboost模型，学习率使用0.1，学习器使用DART模型。,1.0,11519,"{""edges"": [{""edge_id"": ""10818"", ""source_node_id"": ""2570"", ""target_node_id"": ""2572""}], ""nodes"": [{""node_id"": ""2570"", ""widget_name"": ""SQL Table"", ""node_name"": ""生物信号训练数据"", ""node_params"": {""table_name"": ""smoker_status_bio_signals_train"", ""target_column"": ""smoking""}, ""matched"": true}, {""node_id"": ""2572"", ""widget_name"": ""XGBoost"", ""node_name"": ""XGBoost模型"", ""node_params"": {""booster"": ""dart"", ""learning_rate"": 0.1, ""gamma"": 0, ""max_depth"": 6, ""min_child_widget"": 1, ""max_delta_step"": 0, ""subsample"": 1, ""sampling_method"": ""uniform"", ""lambda"": 1, ""alpha"": 0, ""tree_method"": ""auto"", ""scale_pos_weight"": 1, ""updater"": ""grow_colmaker"", ""process_type"": ""default"", ""grow_policy"": ""depthwise""}, ""matched"": true}]}","{""dependency_requirements"": [{""edge_id"": ""2117"", ""source_node_id"": ""2570"", ""target_node_id"": ""2572""}], ""step_requirements"": [{""node_id"": ""2570"", ""algorithm_step_name"": ""Tabular Dataset Loading"", ""node_name"": ""生物信号训练数据"", ""node_params"": {""table_name"": ""smoker_status_bio_signals_train"", ""target_column"": ""smoking""}, ""contrast_level"": 2, ""node_type"": ""io""}, {""node_id"": ""2572"", ""algorithm_step_name"": ""XGBoost"", ""node_name"": ""XGBoost模型"", ""node_params"": {""booster"": ""dart"", ""learning_rate"": 0.1, ""gamma"": 0, ""max_depth"": 6, ""min_child_widget"": 1, ""max_delta_step"": 0, ""subsample"": 1, ""sampling_method"": ""uniform"", ""lambda"": 1, ""alpha"": 0, ""tree_method"": ""auto"", ""scale_pos_weight"": 1, ""updater"": ""grow_colmaker"", ""process_type"": ""default"", ""grow_policy"": ""depthwise""}, ""contrast_level"": 2, ""node_type"": ""model""}]}",1.0
你需要使用人类的肾结石相关指标数据，开发一个机器学习模型预测一个人是否患有肾结石。我需要你在模型训练之前，加一步数据划分的数据处理，最后还要用划分后的验证集对模型进行评估。,1.0,17629,"{""edges"": [{""edge_id"": ""10819"", ""source_node_id"": ""2577"", ""target_node_id"": ""2578""}, {""edge_id"": ""10820"", ""source_node_id"": ""2578"", ""target_node_id"": ""2579""}, {""edge_id"": ""10821"", ""source_node_id"": ""2578"", ""target_node_id"": ""2580""}, {""edge_id"": ""10823"", ""source_node_id"": ""2579"", ""target_node_id"": ""2580""}], ""nodes"": [{""node_id"": ""2577"", ""widget_name"": ""SQL Table"", ""node_name"": ""人类肾结石训练数据"", ""node_params"": {""table_name"": ""kidney_stone_train"", ""target_column"": ""target""}, ""matched"": true}, {""node_id"": ""2578"", ""widget_name"": ""Data Sampler"", ""node_name"": ""数据划分"", ""node_params"": {""sampling_type"": 2, ""percentage"": 10, ""n_samples"": 15, ""replacement"": false, ""n_folds"": 10, ""selected_folds"": 1, ""replicable"": false, ""stratified"": false}, ""matched"": true}, {""node_id"": ""2579"", ""widget_name"": ""Random Forest"", ""node_name"": ""随机森林模型"", ""node_params"": {""n_estimators"": 10, ""use_max_features"": false, ""max_features"": ""auto"", ""use_random_state"": false, ""use_max_depth"": false, ""max_depth"": 3, ""use_min_samples_split"": true, ""min_samples_split"": 2}, ""matched"": true}, {""node_id"": ""2580"", ""widget_name"": ""Test & Score"", ""node_name"": ""模型评估"", ""node_params"": {}, ""matched"": true}]}","{""dependency_requirements"": [{""edge_id"": ""2119"", ""source_node_id"": ""2577"", ""target_node_id"": ""2578""}, {""edge_id"": ""2120"", ""source_node_id"": ""2578"", ""target_node_id"": ""2579""}, {""edge_id"": ""2121"", ""source_node_id"": ""2578"", ""target_node_id"": ""2580""}, {""edge_id"": ""2123"", ""source_node_id"": ""2579"", ""target_node_id"": ""2580""}], ""step_requirements"": [{""node_id"": ""2577"", ""algorithm_step_name"": ""Tabular Dataset Loading"", ""node_name"": ""肾结石指标训练数据"", ""node_params"": {""table_name"": ""kidney_stone_train"", ""target_column"": ""target""}, ""contrast_level"": 2, ""node_type"": ""io""}, {""node_id"": ""2578"", ""algorithm_step_name"": ""Dataset Division"", ""node_name"": ""数据划分"", ""node_params"": {}, ""contrast_level"": 1, ""node_type"": ""preprocess""}, {""node_id"": ""2579"", ""algorithm_step_name"": ""LightGBM"", ""node_name"": ""LightGBM分类器"", ""node_params"": {}, ""contrast_level"": 0, ""node_type"": ""model""}, {""node_id"": ""2580"", ""algorithm_step_name"": ""Model Evaluate"", ""node_name"": ""模型评估"", ""node_params"": {}, ""contrast_level"": 2, ""node_type"": ""evaluate""}]}",1.0
你的目标是帮助我的酒店更好地预判客户是否会取消预订。你首先要加载酒店预定的训练数据和测试数据，用训练数据训练一个LightGBM模型，然后用LightGBM模型对酒店预定的测试数据进行预测，最后将预测结果保存。,1.0,20794,"{""edges"": [{""edge_id"": ""10824"", ""source_node_id"": ""2582"", ""target_node_id"": ""2586""}, {""edge_id"": ""10825"", ""source_node_id"": ""2583"", ""target_node_id"": ""2587""}, {""edge_id"": ""10826"", ""source_node_id"": ""2586"", ""target_node_id"": ""2587""}, {""edge_id"": ""10827"", ""source_node_id"": ""2587"", ""target_node_id"": ""2588""}], ""nodes"": [{""node_id"": ""2582"", ""widget_name"": ""SQL Table"", ""node_name"": ""酒店预定训练数据"", ""node_params"": {""table_name"": ""reservation_cancellation_train"", ""target_column"": ""booking_status""}, ""matched"": true}, {""node_id"": ""2583"", ""widget_name"": ""SQL Table"", ""node_name"": ""酒店预定测试数据"", ""node_params"": {""table_name"": ""reservation_cancellation_test"", ""target_column"": ""booking_status""}, ""matched"": true}, {""node_id"": ""2586"", ""widget_name"": ""LightGBM"", ""node_name"": ""LightGBM模型"", ""node_params"": {""boosting_type"": ""gbdt"", ""n_estimators"": 10, ""learning_rate"": 0.1, ""sampling_rate"": 0.1, ""max_depth_check"": false, ""max_depth"": 3, ""num_leaves_check"": false, ""num_leaves"": 31}, ""matched"": true}, {""node_id"": ""2587"", ""widget_name"": ""Predictions"", ""node_name"": ""预测"", ""node_params"": {""output_attrs"": true, ""output_predictions"": true, ""output_probabilities"": true}, ""matched"": true}, {""node_id"": ""2588"", ""widget_name"": ""Save Data"", ""node_name"": ""保存预测结果"", ""node_params"": {}, ""matched"": true}]}","{""dependency_requirements"": [{""edge_id"": ""2129"", ""source_node_id"": ""2586"", ""target_node_id"": ""2587""}, {""edge_id"": ""2130"", ""source_node_id"": ""2587"", ""target_node_id"": ""2588""}, {""edge_id"": ""2131"", ""source_node_id"": ""2583"", ""target_node_id"": ""2589""}, {""edge_id"": ""2133"", ""source_node_id"": ""2582"", ""target_node_id"": ""2586""}], ""step_requirements"": [{""node_id"": ""2582"", ""algorithm_step_name"": ""Tabular Dataset Loading"", ""node_name"": ""酒店预定训练数据"", ""node_params"": {""table_name"": ""reservation_cancellation_train"", ""target_column"": ""booking_status""}, ""contrast_level"": 2, ""node_type"": ""io""}, {""node_id"": ""2583"", ""algorithm_step_name"": ""Tabular Dataset Loading"", ""node_name"": ""酒店预定测试数据"", ""node_params"": {""table_name"": ""reservation_cancellation_test"", ""target_column"": ""booking_status""}, ""contrast_level"": 2, ""node_type"": ""io""}, {""node_id"": ""2586"", ""algorithm_step_name"": ""LightGBM"", ""node_name"": ""LightGBM模型"", ""node_params"": {}, ""contrast_level"": 1, ""node_type"": ""model""}, {""node_id"": ""2587"", ""algorithm_step_name"": ""Test Dataset Predictions"", ""node_name"": ""预测"", ""node_params"": {""output_attrs"": true, ""output_predictions"": true, ""output_probabilities"": true}, ""contrast_level"": 2, ""node_type"": ""predict""}, {""node_id"": ""2588"", ""algorithm_step_name"": ""Save Data"", ""node_name"": ""保存预测结果"", ""node_params"": {}, ""contrast_level"": 2, ""node_type"": ""io""}]}",0.8
你的目标是通过与肥胖相关的各种因素，如饮食、生活方式等数据，训练一个模型来预测个体的肥胖风险等级。特征工程处理时，我需要你进行特征构建和特征选择。,1.0,13666,"{""edges"": [{""edge_id"": ""10828"", ""source_node_id"": ""2594"", ""target_node_id"": ""2597""}, {""edge_id"": ""10829"", ""source_node_id"": ""2597"", ""target_node_id"": ""2598""}, {""edge_id"": ""10830"", ""source_node_id"": ""2598"", ""target_node_id"": ""2599""}], ""nodes"": [{""node_id"": ""2594"", ""widget_name"": ""SQL Table"", ""node_name"": ""肥胖相关训练数据"", ""node_params"": {""table_name"": ""obesity_cvd_risk_train"", ""target_column"": ""NObeyesdad""}, ""matched"": true}, {""node_id"": ""2597"", ""widget_name"": ""Feature Constructor"", ""node_name"": ""特征构建"", ""node_params"": {""expressions"": [{""key"": 0, ""name"": ""BMI"", ""expression"": ""Weight / (Height ** 2)"", ""type"": ""2"", ""image"": ""N"", ""categories"": ""A, B""}]}, ""matched"": true}, {""node_id"": ""2598"", ""widget_name"": ""Select Best N Attributes"", ""node_name"": ""特征选择"", ""node_params"": {""n"": 3}, ""matched"": true}, {""node_id"": ""2599"", ""widget_name"": ""LightGBM"", ""node_name"": ""LightGBM分类器"", ""node_params"": {""boosting_type"": ""gbdt"", ""n_estimators"": 100, ""learning_rate"": 0.1, ""sampling_rate"": 0.8, ""max_depth_check"": true, ""max_depth"": 5, ""num_leaves_check"": true, ""num_leaves"": 31}, ""matched"": true}]}","{""dependency_requirements"": [{""edge_id"": ""2139"", ""source_node_id"": ""2594"", ""target_node_id"": ""2597""}, {""edge_id"": ""2140"", ""source_node_id"": ""2597"", ""target_node_id"": ""2598""}, {""edge_id"": ""2141"", ""source_node_id"": ""2598"", ""target_node_id"": ""2599""}], ""step_requirements"": [{""node_id"": ""2594"", ""algorithm_step_name"": ""Tabular Dataset Loading"", ""node_name"": ""肥胖风险训练数据"", ""node_params"": {""table_name"": ""obesity_cvd_risk_train"", ""target_column"": ""NObeyesdad""}, ""contrast_level"": 2, ""node_type"": ""io""}, {""node_id"": ""2597"", ""algorithm_step_name"": ""Feature Construction"", ""node_name"": ""特征构建处理"", ""node_params"": {}, ""contrast_level"": 1, ""node_type"": ""feature engineering""}, {""node_id"": ""2598"", ""algorithm_step_name"": ""Feature Selection"", ""node_name"": ""自动特征选择处理"", ""node_params"": {}, ""contrast_level"": 1, ""node_type"": ""feature engineering""}, {""node_id"": ""2599"", ""algorithm_step_name"": ""XGBoost"", ""node_name"": ""XGBoost分类器"", ""node_params"": {}, ""contrast_level"": 0, ""node_type"": ""model""}]}",1.0
你的目标是构建一个机器学习模型，用于预测肝硬化患者的生存状态。我需要你在处理完数据集之后将数据集划分为训练集和验证集，以便最后用划分的训练数据对模型进行训练，用验证数据对模型进行评估。,1.0,22532,"{""edges"": [{""edge_id"": ""10831"", ""source_node_id"": ""2607"", ""target_node_id"": ""13861""}, {""edge_id"": ""10832"", ""source_node_id"": ""13861"", ""target_node_id"": ""2610""}, {""edge_id"": ""10833"", ""source_node_id"": ""2610"", ""target_node_id"": ""2611""}, {""edge_id"": ""10834"", ""source_node_id"": ""2610"", ""target_node_id"": ""2612""}, {""edge_id"": ""10836"", ""source_node_id"": ""2611"", ""target_node_id"": ""2612""}], ""nodes"": [{""node_id"": ""2607"", ""widget_name"": ""SQL Table"", ""node_name"": ""肝硬化患者数据"", ""node_params"": {""table_name"": ""cirrhosis_patient_train"", ""target_column"": ""Status""}, ""matched"": true}, {""node_id"": ""13861"", ""widget_name"": ""One Hot Encoder"", ""node_name"": ""特征独热编码"", ""node_params"": {""encode_vars"": [""Drug"", ""Sex"", ""Ascites"", ""Hepatomegaly"", ""Spiders"", ""Edema""]}, ""matched"": false}, {""node_id"": ""2610"", ""widget_name"": ""Data Sampler"", ""node_name"": ""数据划分"", ""node_params"": {""sampling_type"": 2, ""percentage"": 10, ""n_samples"": 15, ""replacement"": false, ""n_folds"": 2, ""selected_folds"": 1, ""replicable"": false, ""stratified"": false}, ""matched"": true}, {""node_id"": ""2611"", ""widget_name"": ""Logistic Regression"", ""node_name"": ""逻辑回归模型"", ""node_params"": {""C"": 1, ""penalty"": ""l2""}, ""matched"": true}, {""node_id"": ""2612"", ""widget_name"": ""Test & Score"", ""node_name"": ""模型评估"", ""node_params"": {}, ""matched"": true}]}","{""dependency_requirements"": [{""edge_id"": ""2148"", ""source_node_id"": ""2607"", ""target_node_id"": ""2610""}, {""edge_id"": ""2152"", ""source_node_id"": ""2610"", ""target_node_id"": ""2611""}, {""edge_id"": ""2152"", ""source_node_id"": ""2610"", ""target_node_id"": ""2612""}, {""edge_id"": ""2154"", ""source_node_id"": ""2611"", ""target_node_id"": ""2612""}], ""step_requirements"": [{""node_id"": ""2607"", ""algorithm_step_name"": ""Tabular Dataset Loading"", ""node_name"": ""肝硬化患者生存状态训练数据"", ""node_params"": {""table_name"": ""cirrhosis_patient_train"", ""target_column"": ""Status""}, ""contrast_level"": 2, ""node_type"": ""io""}, {""node_id"": ""2610"", ""algorithm_step_name"": ""Dataset Division"", ""node_name"": ""数据划分"", ""node_params"": {}, ""contrast_level"": 1, ""node_type"": ""preprocess""}, {""node_id"": ""2611"", ""algorithm_step_name"": ""XGBoost"", ""node_name"": ""XGBoost分类器"", ""node_params"": {}, ""contrast_level"": 0, ""node_type"": ""model""}, {""node_id"": ""2612"", ""algorithm_step_name"": ""Model Evaluate"", ""node_name"": ""评估"", ""node_params"": {}, ""contrast_level"": 2, ""node_type"": ""evaluate""}]}",0.8889
根据马匹健康状况的各项指标检测数据，预测马匹的健康状况。我需要你使用训练数据集训练模型，然后用模型预测测试数据，最后将预测结果保存。,1.0,36632,"{""edges"": [{""edge_id"": ""10837"", ""source_node_id"": ""2635"", ""target_node_id"": ""13866""}, {""edge_id"": ""10838"", ""source_node_id"": ""13866"", ""target_node_id"": ""13867""}, {""edge_id"": ""10839"", ""source_node_id"": ""2636"", ""target_node_id"": ""13869""}, {""edge_id"": ""10840"", ""source_node_id"": ""13866"", ""target_node_id"": ""13870""}, {""edge_id"": ""10841"", ""source_node_id"": ""13869"", ""target_node_id"": ""13871""}, {""edge_id"": ""10842"", ""source_node_id"": ""13867"", ""target_node_id"": ""2642""}, {""edge_id"": ""10843"", ""source_node_id"": ""13871"", ""target_node_id"": ""2643""}, {""edge_id"": ""10844"", ""source_node_id"": ""2642"", ""target_node_id"": ""2643""}, {""edge_id"": ""10845"", ""source_node_id"": ""2643"", ""target_node_id"": ""2644""}], ""nodes"": [{""node_id"": ""2635"", ""widget_name"": ""SQL Table"", ""node_name"": ""马匹健康状况训练数据"", ""node_params"": {""table_name"": ""horse_health_outcomes_train"", ""target_column"": ""outcome""}, ""matched"": true}, {""node_id"": ""13866"", ""widget_name"": ""Impute"", ""node_name"": ""缺失值处理"", ""node_params"": {""method"": 1}, ""matched"": false}, {""node_id"": ""13867"", ""widget_name"": ""One Hot Encoder"", ""node_name"": ""独热编码处理"", ""node_params"": {""encode_vars"": [""peripheral_pulse"", ""mucous_membrane"", ""capillary_refill_time""]}, ""matched"": false}, {""node_id"": ""2636"", ""widget_name"": ""SQL Table"", ""node_name"": ""马匹健康状况测试数据"", ""node_params"": {""table_name"": ""horse_health_outcomes_test"", ""target_column"": ""outcome""}, ""matched"": true}, {""node_id"": ""13869"", ""widget_name"": ""Impute"", ""node_name"": ""测试数据缺失值处理"", ""node_params"": {""method"": 1}, ""matched"": false}, {""node_id"": ""13870"", ""widget_name"": ""One Hot Encoder"", ""node_name"": ""独热编码处理"", ""node_params"": {""encode_vars"": [""peripheral_pulse"", ""mucous_membrane"", ""capillary_refill_time""]}, ""matched"": false}, {""node_id"": ""13871"", ""widget_name"": ""One Hot Encoder"", ""node_name"": ""测试数据独热编码处理"", ""node_params"": {""encode_vars"": [""peripheral_pulse"", ""mucous_membrane"", ""capillary_refill_time""]}, ""matched"": false}, {""node_id"": ""2642"", ""widget_name"": ""Logistic Regression"", ""node_name"": ""逻辑回归模型"", ""node_params"": {""C"": 1, ""penalty"": ""l2""}, ""matched"": true}, {""node_id"": ""2643"", ""widget_name"": ""Predictions"", ""node_name"": ""预测"", ""node_params"": {""output_attrs"": true, ""output_predictions"": true, ""output_probabilities"": true}, ""matched"": true}, {""node_id"": ""2644"", ""widget_name"": ""Save Data"", ""node_name"": ""保存预测结果"", ""node_params"": {}, ""matched"": true}]}","{""dependency_requirements"": [{""edge_id"": ""2178"", ""source_node_id"": ""2635"", ""target_node_id"": ""2642""}, {""edge_id"": ""2179"", ""source_node_id"": ""2636"", ""target_node_id"": ""2643""}, {""edge_id"": ""2185"", ""source_node_id"": ""2642"", ""target_node_id"": ""2643""}, {""edge_id"": ""2186"", ""source_node_id"": ""2643"", ""target_node_id"": ""2644""}], ""step_requirements"": [{""node_id"": ""2635"", ""algorithm_step_name"": ""Tabular Dataset Loading"", ""node_name"": ""马匹健康状况训练数据"", ""node_params"": {""table_name"": ""horse_health_outcomes_train"", ""target_column"": ""outcome""}, ""contrast_level"": 2, ""node_type"": ""io""}, {""node_id"": ""2636"", ""algorithm_step_name"": ""Tabular Dataset Loading"", ""node_name"": ""马匹健康状况测试数据"", ""node_params"": {""table_name"": ""horse_health_outcomes_test"", ""target_column"": ""outcome""}, ""contrast_level"": 2, ""node_type"": ""io""}, {""node_id"": ""2642"", ""algorithm_step_name"": ""Decision Tree Model"", ""node_name"": ""健康状态预测模型"", ""node_params"": {}, ""contrast_level"": 0, ""node_type"": ""model""}, {""node_id"": ""2643"", ""algorithm_step_name"": ""Test Dataset Predictions"", ""node_name"": ""健康状况预测"", ""node_params"": {""output_attrs"": true, ""output_predictions"": true, ""output_probabilities"": true}, ""contrast_level"": 2, ""node_type"": ""predict""}, {""node_id"": ""2644"", ""algorithm_step_name"": ""Save Data"", ""node_name"": ""保存预测结果到文件"", ""node_params"": {}, ""contrast_level"": 1, ""node_type"": ""io""}]}",0.6667
我需要你使用怪物的相关指标数据，构建一个能够区分怪物类型的机器学习模型。然后，用这个模型对测试数据进行预测，最后把预测结果保存下来。,1.0,22333,"{""edges"": [{""edge_id"": ""10846"", ""source_node_id"": ""2685"", ""target_node_id"": ""13877""}, {""edge_id"": ""10847"", ""source_node_id"": ""2686"", ""target_node_id"": ""13878""}, {""edge_id"": ""10848"", ""source_node_id"": ""13877"", ""target_node_id"": ""2690""}, {""edge_id"": ""10849"", ""source_node_id"": ""13878"", ""target_node_id"": ""2691""}, {""edge_id"": ""10850"", ""source_node_id"": ""2690"", ""target_node_id"": ""2691""}, {""edge_id"": ""10851"", ""source_node_id"": ""2691"", ""target_node_id"": ""2692""}], ""nodes"": [{""node_id"": ""2685"", ""widget_name"": ""SQL Table"", ""node_name"": ""怪物相关指标训练数据"", ""node_params"": {""table_name"": ""monster_train"", ""target_column"": ""type""}, ""matched"": true}, {""node_id"": ""2686"", ""widget_name"": ""SQL Table"", ""node_name"": ""怪物相关指标测试数据"", ""node_params"": {""table_name"": ""monster_test"", ""target_column"": ""type""}, ""matched"": true}, {""node_id"": ""13877"", ""widget_name"": ""One Hot Encoder"", ""node_name"": ""训练数据独热编码"", ""node_params"": {""encode_vars"": [""color""]}, ""matched"": false}, {""node_id"": ""13878"", ""widget_name"": ""One Hot Encoder"", ""node_name"": ""测试数据独热编码"", ""node_params"": {""encode_vars"": [""color""]}, ""matched"": false}, {""node_id"": ""2690"", ""widget_name"": ""Logistic Regression"", ""node_name"": ""逻辑回归模型"", ""node_params"": {""C"": 1, ""penalty"": ""l2""}, ""matched"": true}, {""node_id"": ""2691"", ""widget_name"": ""Predictions"", ""node_name"": ""预测"", ""node_params"": {""output_attrs"": true, ""output_predictions"": true, ""output_probabilities"": true}, ""matched"": true}, {""node_id"": ""2692"", ""widget_name"": ""Save Data"", ""node_name"": ""保存预测结果"", ""node_params"": {}, ""matched"": true}]}","{""dependency_requirements"": [{""edge_id"": ""2210"", ""source_node_id"": ""2685"", ""target_node_id"": ""2690""}, {""edge_id"": ""2211"", ""source_node_id"": ""2686"", ""target_node_id"": ""2691""}, {""edge_id"": ""2212"", ""source_node_id"": ""2690"", ""target_node_id"": ""2691""}, {""edge_id"": ""2214"", ""source_node_id"": ""2691"", ""target_node_id"": ""2692""}], ""step_requirements"": [{""node_id"": ""2685"", ""algorithm_step_name"": ""Tabular Dataset Loading"", ""node_name"": ""怪物类型训练数据"", ""node_params"": {""table_name"": ""monster_train"", ""target_column"": ""type""}, ""contrast_level"": 2, ""node_type"": ""io""}, {""node_id"": ""2686"", ""algorithm_step_name"": ""Tabular Dataset Loading"", ""node_name"": ""怪物类型测试数据"", ""node_params"": {""table_name"": ""monster_test"", ""target_column"": ""type""}, ""contrast_level"": 2, ""node_type"": ""io""}, {""node_id"": ""2690"", ""algorithm_step_name"": ""Decision Tree Model"", ""node_name"": ""怪物类型决策树模型"", ""node_params"": {}, ""contrast_level"": 0, ""node_type"": ""model""}, {""node_id"": ""2691"", ""algorithm_step_name"": ""Test Dataset Predictions"", ""node_name"": ""预测"", ""node_params"": {""output_attrs"": true, ""output_predictions"": true, ""output_probabilities"": true}, ""contrast_level"": 2, ""node_type"": ""predict""}, {""node_id"": ""2692"", ""algorithm_step_name"": ""Save Data"", ""node_name"": ""保存预测结果"", ""node_params"": {}, ""contrast_level"": 2, ""node_type"": ""io""}]}",0.8333
你的目标是根据旧金山所有社区近12年的犯罪训练数据和测试数据，首先使用训练数据训练一个模型，该模型能够预测犯罪类别。然后，用这个模型对测试数据集进行预测，最后把预测结果保存下来。,1.0,24566,"{""edges"": [{""edge_id"": ""10852"", ""source_node_id"": ""2693"", ""target_node_id"": ""13884""}, {""edge_id"": ""10853"", ""source_node_id"": ""2694"", ""target_node_id"": ""13885""}, {""edge_id"": ""10854"", ""source_node_id"": ""13884"", ""target_node_id"": ""2700""}, {""edge_id"": ""10855"", ""source_node_id"": ""13885"", ""target_node_id"": ""2698""}, {""edge_id"": ""10856"", ""source_node_id"": ""2700"", ""target_node_id"": ""2698""}, {""edge_id"": ""10857"", ""source_node_id"": ""2698"", ""target_node_id"": ""2699""}], ""nodes"": [{""node_id"": ""2693"", ""widget_name"": ""SQL Table"", ""node_name"": ""旧金山社区近12年犯罪训练数据"", ""node_params"": {""table_name"": ""crime_category_train"", ""target_column"": ""category""}, ""matched"": true}, {""node_id"": ""2694"", ""widget_name"": ""SQL Table"", ""node_name"": ""旧金山社区近12年犯罪测试数据"", ""node_params"": {""table_name"": ""crime_category_test"", ""target_column"": ""category""}, ""matched"": true}, {""node_id"": ""13884"", ""widget_name"": ""One Hot Encoder"", ""node_name"": ""训练数据独热编码"", ""node_params"": {""encode_vars"": [""dayOfWeek"", ""pdDistrict""]}, ""matched"": false}, {""node_id"": ""13885"", ""widget_name"": ""One Hot Encoder"", ""node_name"": ""测试数据独热编码"", ""node_params"": {""encode_vars"": [""dayOfWeek"", ""pdDistrict""]}, ""matched"": false}, {""node_id"": ""2700"", ""widget_name"": ""Random Forest"", ""node_name"": ""随机森林模型"", ""node_params"": {""n_estimators"": 10, ""use_max_features"": false, ""max_features"": ""auto"", ""use_random_state"": false, ""use_max_depth"": false, ""max_depth"": 3, ""use_min_samples_split"": true, ""min_samples_split"": 2}, ""matched"": true}, {""node_id"": ""2698"", ""widget_name"": ""Predictions"", ""node_name"": ""预测"", ""node_params"": {""output_attrs"": true, ""output_predictions"": true, ""output_probabilities"": true}, ""matched"": true}, {""node_id"": ""2699"", ""widget_name"": ""Save Data"", ""node_name"": ""保存预测结果"", ""node_params"": {}, ""matched"": true}]}","{""dependency_requirements"": [{""edge_id"": ""2216"", ""source_node_id"": ""2693"", ""target_node_id"": ""2700""}, {""edge_id"": ""2217"", ""source_node_id"": ""2694"", ""target_node_id"": ""2698""}, {""edge_id"": ""2219"", ""source_node_id"": ""2700"", ""target_node_id"": ""2698""}, {""edge_id"": ""2221"", ""source_node_id"": ""2698"", ""target_node_id"": ""2699""}], ""step_requirements"": [{""node_id"": ""2693"", ""algorithm_step_name"": ""Tabular Dataset Loading"", ""node_name"": ""旧金山社区犯罪报告训练数据"", ""node_params"": {""table_name"": ""crime_category_train"", ""target_column"": ""category""}, ""contrast_level"": 2, ""node_type"": ""io""}, {""node_id"": ""2694"", ""algorithm_step_name"": ""Tabular Dataset Loading"", ""node_name"": ""旧金山社区犯罪报告测试数据"", ""node_params"": {""table_name"": ""crime_category_test"", ""target_column"": ""category""}, ""contrast_level"": 2, ""node_type"": ""io""}, {""node_id"": ""2700"", ""algorithm_step_name"": ""XGBoost"", ""node_name"": ""XGBoost"", ""node_params"": {}, ""contrast_level"": 0, ""node_type"": ""model""}, {""node_id"": ""2698"", ""algorithm_step_name"": ""Test Dataset Predictions"", ""node_name"": ""犯罪类别预测"", ""node_params"": {""output_attrs"": true, ""output_predictions"": true, ""output_probabilities"": true}, ""contrast_level"": 2, ""node_type"": ""predict""}, {""node_id"": ""2699"", ""algorithm_step_name"": ""Save Data"", ""node_name"": ""保存犯罪类别预测结果"", ""node_params"": {}, ""contrast_level"": 2, ""node_type"": ""io""}]}",0.8333
请你构建一个模型，用于根据鲍鱼的各种物理测量数据来预测它的年龄。进行独热编码之后对数据集进行划分，最后用划分的数据对训练好的模型进行评估。,0.9,25128,"{""edges"": [{""edge_id"": ""10858"", ""source_node_id"": ""2747"", ""target_node_id"": ""2748""}, {""edge_id"": ""10859"", ""source_node_id"": ""2748"", ""target_node_id"": ""2749""}, {""edge_id"": ""10860"", ""source_node_id"": ""2748"", ""target_node_id"": ""2750""}, {""edge_id"": ""10861"", ""source_node_id"": ""2749"", ""target_node_id"": ""13893""}, {""edge_id"": ""10862"", ""source_node_id"": ""2750"", ""target_node_id"": ""13893""}, {""edge_id"": ""10863"", ""source_node_id"": ""2749"", ""target_node_id"": ""2751""}, {""edge_id"": ""10865"", ""source_node_id"": ""2750"", ""target_node_id"": ""2751""}], ""nodes"": [{""node_id"": ""2747"", ""widget_name"": ""SQL Table"", ""node_name"": ""鲍鱼训练数据"", ""node_params"": {""table_name"": ""abalone_train"", ""target_column"": ""rings""}, ""matched"": true}, {""node_id"": ""2748"", ""widget_name"": ""One Hot Encoder"", ""node_name"": ""独热编码处理"", ""node_params"": {""encode_vars"": [""sex""]}, ""matched"": true}, {""node_id"": ""2749"", ""widget_name"": ""Data Sampler"", ""node_name"": ""数据划分"", ""node_params"": {""sampling_type"": 2, ""percentage"": 10, ""n_samples"": 15, ""replacement"": false, ""n_folds"": 2, ""selected_folds"": 1, ""replicable"": false, ""stratified"": false}, ""matched"": true}, {""node_id"": ""2750"", ""widget_name"": ""Random Forest"", ""node_name"": ""随机森林模型"", ""node_params"": {""n_estimators"": 10, ""use_max_features"": false, ""max_features"": ""auto"", ""use_random_state"": false, ""use_max_depth"": false, ""max_depth"": 3, ""use_min_samples_split"": true, ""min_samples_split"": 2}, ""matched"": true}, {""node_id"": ""13893"", ""widget_name"": ""Predictions"", ""node_name"": ""预测"", ""node_params"": {""output_attrs"": true, ""output_predictions"": true, ""output_probabilities"": false}, ""matched"": false}, {""node_id"": ""2751"", ""widget_name"": ""Test & Score"", ""node_name"": ""测试评分"", ""node_params"": {}, ""matched"": true}]}","{""dependency_requirements"": [{""edge_id"": ""2266"", ""source_node_id"": ""2747"", ""target_node_id"": ""2748""}, {""edge_id"": ""2267"", ""source_node_id"": ""2748"", ""target_node_id"": ""2749""}, {""edge_id"": ""2268"", ""source_node_id"": ""2749"", ""target_node_id"": ""2750""}, {""edge_id"": ""2269"", ""source_node_id"": ""2749"", ""target_node_id"": ""2751""}, {""edge_id"": ""2271"", ""source_node_id"": ""2750"", ""target_node_id"": ""2751""}], ""step_requirements"": [{""node_id"": ""2747"", ""algorithm_step_name"": ""Tabular Dataset Loading"", ""node_name"": ""鲍鱼物理测量训练数据"", ""node_params"": {""table_name"": ""abalone_train"", ""target_column"": ""rings""}, ""contrast_level"": 2, ""node_type"": ""io""}, {""node_id"": ""2748"", ""algorithm_step_name"": ""One Hot Encoding"", ""node_name"": ""独热编码处理"", ""node_params"": {}, ""contrast_level"": 1, ""node_type"": ""feature engineering""}, {""node_id"": ""2749"", ""algorithm_step_name"": ""Dataset Division"", ""node_name"": ""数据划分"", ""node_params"": {}, ""contrast_level"": 1, ""node_type"": ""preprocess""}, {""node_id"": ""2750"", ""algorithm_step_name"": ""XGBoost"", ""node_name"": ""XGBoost回归器"", ""node_params"": {}, ""contrast_level"": 0, ""node_type"": ""model""}, {""node_id"": ""2751"", ""algorithm_step_name"": ""Model Evaluate"", ""node_name"": ""模型评估"", ""node_params"": {}, ""contrast_level"": 2, ""node_type"": ""evaluate""}]}",0.7273
您的任务是训练一个神经网络模型，用于根据矿物莫氏硬度的相关特性，预测矿物的莫氏硬度数值。我希望你的激活函数使用双曲正切函数，优化方法使用随机梯度下降。,0.0,6154,"{""edges"": [{""edge_id"": ""10866"", ""source_node_id"": ""13895"", ""target_node_id"": ""13896""}], ""nodes"": [{""node_id"": ""13895"", ""widget_name"": ""Text"", ""node_name"": ""矿物相关特性文本数据"", ""node_params"": {}, ""matched"": false}, {""node_id"": ""13896"", ""widget_name"": ""Text Classification"", ""node_name"": ""文本分类模型"", ""node_params"": {""frame"": ""pytorch"", ""select_model"": ""BERT"", ""epoch"": 3, ""learning_rate"": 0.01, ""batch_size"": 4}, ""matched"": false}]}","{""dependency_requirements"": [{""edge_id"": ""2303"", ""source_node_id"": ""2772"", ""target_node_id"": ""2774""}], ""step_requirements"": [{""node_id"": ""2772"", ""algorithm_step_name"": ""Tabular Dataset Loading"", ""node_name"": ""矿物硬度训练数据"", ""node_params"": {""table_name"": ""mohs_hardness_train"", ""target_column"": ""Hardness""}, ""contrast_level"": 2, ""node_type"": ""io""}, {""node_id"": ""2774"", ""algorithm_step_name"": ""Neural Network"", ""node_name"": ""神经网络模型"", ""node_params"": {""hidden_layers_input"": ""100,"", ""activation"": ""2"", ""solver"": ""1"", ""alpha"": 0.0001, ""maxItera"": 200, ""replicable"": true}, ""contrast_level"": 2, ""node_type"": ""model""}]}",0.0
你的任务是使用螃蟹年龄的训练数据集去建立一个随机森林模型来预测螃蟹的年龄。然后，用这个模型对螃蟹年龄的测试数据集进行预测，最后把预测结果保存下来。数据集需要进行独热编码,1.0,28060,"{""edges"": [{""edge_id"": ""10867"", ""source_node_id"": ""2710"", ""target_node_id"": ""13899""}, {""edge_id"": ""10868"", ""source_node_id"": ""2711"", ""target_node_id"": ""13900""}, {""edge_id"": ""10869"", ""source_node_id"": ""13899"", ""target_node_id"": ""2712""}, {""edge_id"": ""10870"", ""source_node_id"": ""13900"", ""target_node_id"": ""2713""}, {""edge_id"": ""10871"", ""source_node_id"": ""2712"", ""target_node_id"": ""2714""}, {""edge_id"": ""10872"", ""source_node_id"": ""2713"", ""target_node_id"": ""2715""}, {""edge_id"": ""10873"", ""source_node_id"": ""2714"", ""target_node_id"": ""2715""}, {""edge_id"": ""10874"", ""source_node_id"": ""2715"", ""target_node_id"": ""2716""}], ""nodes"": [{""node_id"": ""2710"", ""widget_name"": ""SQL Table"", ""node_name"": ""螃蟹年龄训练数据"", ""node_params"": {""table_name"": ""crab_age_train"", ""target_column"": ""Age""}, ""matched"": true}, {""node_id"": ""2711"", ""widget_name"": ""SQL Table"", ""node_name"": ""螃蟹年龄测试数据"", ""node_params"": {""table_name"": ""crab_age_test"", ""target_column"": ""Age""}, ""matched"": true}, {""node_id"": ""13899"", ""widget_name"": ""Edit Domain"", ""node_name"": ""训练数据独热编码"", ""node_params"": {""column_name"": ""Sex"", ""valueMappings"": [{""key"": 0, ""originValue"": ""I"", ""currentValue"": ""0""}, {""key"": 1, ""originValue"": ""F"", ""currentValue"": ""1""}, {""key"": 2, ""originValue"": ""M"", ""currentValue"": ""2""}]}, ""matched"": false}, {""node_id"": ""13900"", ""widget_name"": ""Edit Domain"", ""node_name"": ""测试数据独热编码"", ""node_params"": {""column_name"": ""Sex"", ""valueMappings"": [{""key"": 0, ""originValue"": ""I"", ""currentValue"": ""0""}, {""key"": 1, ""originValue"": ""F"", ""currentValue"": ""1""}, {""key"": 2, ""originValue"": ""M"", ""currentValue"": ""2""}]}, ""matched"": false}, {""node_id"": ""2712"", ""widget_name"": ""One Hot Encoder"", ""node_name"": ""训练数据独热编码"", ""node_params"": {""encode_vars"": [""Sex""]}, ""matched"": true}, {""node_id"": ""2713"", ""widget_name"": ""One Hot Encoder"", ""node_name"": ""测试数据独热编码"", ""node_params"": {""encode_vars"": [""Sex""]}, ""matched"": true}, {""node_id"": ""2714"", ""widget_name"": ""Random Forest"", ""node_name"": ""随机森林模型"", ""node_params"": {""n_estimators"": 10, ""use_max_features"": false, ""max_features"": ""auto"", ""use_random_state"": false, ""use_max_depth"": false, ""max_depth"": 3, ""use_min_samples_split"": true, ""min_samples_split"": 2}, ""matched"": true}, {""node_id"": ""2715"", ""widget_name"": ""Predictions"", ""node_name"": ""预测"", ""node_params"": {""output_attrs"": true, ""output_predictions"": true, ""output_probabilities"": false}, ""matched"": true}, {""node_id"": ""2716"", ""widget_name"": ""Save Data"", ""node_name"": ""保存预测结果"", ""node_params"": {}, ""matched"": true}]}","{""dependency_requirements"": [{""edge_id"": ""2233"", ""source_node_id"": ""2710"", ""target_node_id"": ""2712""}, {""edge_id"": ""2234"", ""source_node_id"": ""2711"", ""target_node_id"": ""2713""}, {""edge_id"": ""2235"", ""source_node_id"": ""2712"", ""target_node_id"": ""2714""}, {""edge_id"": ""2236"", ""source_node_id"": ""2713"", ""target_node_id"": ""2715""}, {""edge_id"": ""2237"", ""source_node_id"": ""2714"", ""target_node_id"": ""2715""}, {""edge_id"": ""2238"", ""source_node_id"": ""2715"", ""target_node_id"": ""2716""}], ""step_requirements"": [{""node_id"": ""2710"", ""algorithm_step_name"": ""Tabular Dataset Loading"", ""node_name"": ""螃蟹年龄训练数据"", ""node_params"": {""table_name"": ""crab_age_train"", ""target_column"": ""Age""}, ""contrast_level"": 2, ""node_type"": ""io""}, {""node_id"": ""2711"", ""algorithm_step_name"": ""Tabular Dataset Loading"", ""node_name"": ""螃蟹年龄测试数据"", ""node_params"": {""table_name"": ""crab_age_test"", ""target_column"": ""Age""}, ""contrast_level"": 2, ""node_type"": ""io""}, {""node_id"": ""2712"", ""algorithm_step_name"": ""One Hot Encoding"", ""node_name"": ""训练数据独热编码"", ""node_params"": {}, ""contrast_level"": 1, ""node_type"": ""feature engineering""}, {""node_id"": ""2713"", ""algorithm_step_name"": ""One Hot Encoding"", ""node_name"": ""测试数据独热编码"", ""node_params"": {}, ""contrast_level"": 1, ""node_type"": ""feature engineering""}, {""node_id"": ""2714"", ""algorithm_step_name"": ""Random Forest"", ""node_name"": ""随机森林模型"", ""node_params"": {}, ""contrast_level"": 1, ""node_type"": ""model""}, {""node_id"": ""2715"", ""algorithm_step_name"": ""Test Dataset Predictions"", ""node_name"": ""预测结果"", ""node_params"": {""output_attrs"": true, ""output_predictions"": true, ""output_probabilities"": false}, ""contrast_level"": 2, ""node_type"": ""predict""}, {""node_id"": ""2716"", ""algorithm_step_name"": ""Save Data"", ""node_name"": ""保存预测结果"", ""node_params"": {}, ""contrast_level"": 2, ""node_type"": ""io""}]}",0.875
您的任务是构建一个机器学习模型，帮助我预测野生蓝莓的产量。特征工程的处理方法为：特征构建和特征选择。特征工程处理之后还需要对数据进行抽样处理，最后用抽样的数据对训练好的模型进行评估。,0.8182,24518,"{""edges"": [{""edge_id"": ""10875"", ""source_node_id"": ""13906"", ""target_node_id"": ""2776""}, {""edge_id"": ""10876"", ""source_node_id"": ""2776"", ""target_node_id"": ""2780""}, {""edge_id"": ""10877"", ""source_node_id"": ""2780"", ""target_node_id"": ""2777""}, {""edge_id"": ""10878"", ""source_node_id"": ""2777"", ""target_node_id"": ""2778""}, {""edge_id"": ""10879"", ""source_node_id"": ""2777"", ""target_node_id"": ""2779""}], ""nodes"": [{""node_id"": ""13906"", ""widget_name"": ""SQL Table"", ""node_name"": ""训练数据"", ""node_params"": {""table_name"": ""obesity_cvd_risk_train"", ""target_column"": ""NObeyesdad""}, ""matched"": false}, {""node_id"": ""2776"", ""widget_name"": ""Feature Constructor"", ""node_name"": ""特征构建"", ""node_params"": {""expressions"": []}, ""matched"": true}, {""node_id"": ""2780"", ""widget_name"": ""Select Best N Attributes"", ""node_name"": ""特征选择"", ""node_params"": {""n"": 3}, ""matched"": true}, {""node_id"": ""2777"", ""widget_name"": ""Data Sampler"", ""node_name"": ""数据抽样"", ""node_params"": {""sampling_type"": 0, ""percentage"": 20, ""n_samples"": 15, ""replacement"": false, ""n_folds"": 10, ""selected_folds"": 1, ""replicable"": false, ""stratified"": false}, ""matched"": true}, {""node_id"": ""2778"", ""widget_name"": ""VAR Model"", ""node_name"": ""VAR时序预测模型"", ""node_params"": {""forecast_steps"": 3}, ""matched"": true}, {""node_id"": ""2779"", ""widget_name"": ""Test & Score"", ""node_name"": ""模型评估"", ""node_params"": {}, ""matched"": true}]}","{""dependency_requirements"": [{""edge_id"": ""2304"", ""source_node_id"": ""2775"", ""target_node_id"": ""2776""}, {""edge_id"": ""2305"", ""source_node_id"": ""2780"", ""target_node_id"": ""2777""}, {""edge_id"": ""2306"", ""source_node_id"": ""2777"", ""target_node_id"": ""2778""}, {""edge_id"": ""2307"", ""source_node_id"": ""2777"", ""target_node_id"": ""2779""}, {""edge_id"": ""2309"", ""source_node_id"": ""2778"", ""target_node_id"": ""2779""}, {""edge_id"": ""2310"", ""source_node_id"": ""2776"", ""target_node_id"": ""2780""}], ""step_requirements"": [{""node_id"": ""2775"", ""algorithm_step_name"": ""Tabular Dataset Loading"", ""node_name"": ""野生蓝莓产量训练数据"", ""node_params"": {""table_name"": ""wild_blueberry_yield_train"", ""target_column"": ""yield""}, ""contrast_level"": 2, ""node_type"": ""io""}, {""node_id"": ""2776"", ""algorithm_step_name"": ""Feature Construction"", ""node_name"": ""特征构建"", ""node_params"": {}, ""contrast_level"": 1, ""node_type"": ""feature engineering""}, {""node_id"": ""2777"", ""algorithm_step_name"": ""Dataset Division"", ""node_name"": ""数据划分"", ""node_params"": {}, ""contrast_level"": 1, ""node_type"": ""preprocess""}, {""node_id"": ""2778"", ""algorithm_step_name"": ""XGBoost"", ""node_name"": ""XGBoost回归器"", ""node_params"": {}, ""contrast_level"": 0, ""node_type"": ""model""}, {""node_id"": ""2779"", ""algorithm_step_name"": ""Model Evaluate"", ""node_name"": ""模型评估"", ""node_params"": {}, ""contrast_level"": 2, ""node_type"": ""evaluate""}, {""node_id"": ""2780"", ""algorithm_step_name"": ""Feature Selection"", ""node_name"": ""Select Best N Attributes"", ""node_params"": {}, ""contrast_level"": 1, ""node_type"": ""feature engineering""}]}",0.6667
您的任务是根据媒体宣传成本的训练数据去构建一个机器学习模型，帮助我们预测食品超市的媒体宣传成本。然后，用这个模型对媒体宣传成本的测试数据集进行预测，最后把预测结果保存下来。,1.0,25301,"{""edges"": [{""edge_id"": ""10881"", ""source_node_id"": ""2740"", ""target_node_id"": ""13914""}, {""edge_id"": ""10882"", ""source_node_id"": ""2741"", ""target_node_id"": ""13915""}, {""edge_id"": ""10883"", ""source_node_id"": ""13914"", ""target_node_id"": ""2745""}, {""edge_id"": ""10884"", ""source_node_id"": ""13915"", ""target_node_id"": ""2743""}, {""edge_id"": ""10885"", ""source_node_id"": ""2745"", ""target_node_id"": ""2743""}, {""edge_id"": ""10886"", ""source_node_id"": ""2743"", ""target_node_id"": ""2744""}], ""nodes"": [{""node_id"": ""2740"", ""widget_name"": ""SQL Table"", ""node_name"": ""媒体宣传成本训练数据"", ""node_params"": {""table_name"": ""media_campaign_cost_train"", ""target_column"": ""cost""}, ""matched"": true}, {""node_id"": ""2741"", ""widget_name"": ""SQL Table"", ""node_name"": ""媒体宣传成本测试数据"", ""node_params"": {""table_name"": ""media_campaign_cost_test"", ""target_column"": ""cost""}, ""matched"": true}, {""node_id"": ""13914"", ""widget_name"": ""One Hot Encoder"", ""node_name"": ""训练数据独热编码"", ""node_params"": {""encode_vars"": [""recyclable_package"", ""low_fat"", ""coffee_bar"", ""video_store"", ""salad_bar"", ""prepared_food"", ""florist""]}, ""matched"": false}, {""node_id"": ""13915"", ""widget_name"": ""One Hot Encoder"", ""node_name"": ""测试数据独热编码"", ""node_params"": {""encode_vars"": [""recyclable_package"", ""low_fat"", ""coffee_bar"", ""video_store"", ""salad_bar"", ""prepared_food"", ""florist""]}, ""matched"": false}, {""node_id"": ""2745"", ""widget_name"": ""Random Forest"", ""node_name"": ""随机森林模型"", ""node_params"": {""n_estimators"": 10, ""use_max_features"": false, ""max_features"": ""auto"", ""use_random_state"": false, ""use_max_depth"": false, ""max_depth"": 3, ""use_min_samples_split"": true, ""min_samples_split"": 2}, ""matched"": true}, {""node_id"": ""2743"", ""widget_name"": ""Predictions"", ""node_name"": ""预测"", ""node_params"": {""output_attrs"": true, ""output_predictions"": true, ""output_probabilities"": false}, ""matched"": true}, {""node_id"": ""2744"", ""widget_name"": ""Save Data"", ""node_name"": ""保存预测结果"", ""node_params"": {}, ""matched"": true}]}","{""dependency_requirements"": [{""edge_id"": ""2261"", ""source_node_id"": ""2741"", ""target_node_id"": ""2743""}, {""edge_id"": ""2262"", ""source_node_id"": ""2740"", ""target_node_id"": ""2745""}, {""edge_id"": ""2263"", ""source_node_id"": ""2745"", ""target_node_id"": ""2743""}, {""edge_id"": ""2264"", ""source_node_id"": ""2743"", ""target_node_id"": ""2744""}], ""step_requirements"": [{""node_id"": ""2740"", ""algorithm_step_name"": ""Tabular Dataset Loading"", ""node_name"": ""食品超市媒体宣传成本训练数据"", ""node_params"": {""table_name"": ""media_campaign_cost_train"", ""target_column"": ""cost""}, ""contrast_level"": 2, ""node_type"": ""io""}, {""node_id"": ""2741"", ""algorithm_step_name"": ""Tabular Dataset Loading"", ""node_name"": ""食品超市媒体宣传成本测试数据"", ""node_params"": {""table_name"": ""media_campaign_cost_test"", ""target_column"": ""cost""}, ""contrast_level"": 2, ""node_type"": ""io""}, {""node_id"": ""2743"", ""algorithm_step_name"": ""Test Dataset Predictions"", ""node_name"": ""预测"", ""node_params"": {""output_attrs"": true, ""output_predictions"": true, ""output_probabilities"": false}, ""contrast_level"": 2, ""node_type"": ""predict""}, {""node_id"": ""2744"", ""algorithm_step_name"": ""Save Data"", ""node_name"": ""保存预测结果"", ""node_params"": {}, ""contrast_level"": 2, ""node_type"": ""io""}, {""node_id"": ""2745"", ""algorithm_step_name"": ""XGBoost"", ""node_name"": ""XGBoost"", ""node_params"": {}, ""contrast_level"": 0, ""node_type"": ""model""}]}",0.8333
你的任务是加载历史的标准普尔500指数构建一个时序预测模型，该模型可以根据历史的标准普尔500指数来预测未来的S&P500的值。最后，你需要可视化普尔500指数的走势。,1.0,11270,"{""edges"": [{""edge_id"": ""11119"", ""source_node_id"": ""2812"", ""target_node_id"": ""2813""}, {""edge_id"": ""11120"", ""source_node_id"": ""2812"", ""target_node_id"": ""2814""}, {""edge_id"": ""11121"", ""source_node_id"": ""2813"", ""target_node_id"": ""2814""}], ""nodes"": [{""node_id"": ""2812"", ""widget_name"": ""SQL Table"", ""node_name"": ""标准普尔500指数历史训练数据"", ""node_params"": {""table_name"": ""sp500_index"", ""target_column"": ""SP500""}, ""matched"": true}, {""node_id"": ""2813"", ""widget_name"": ""VAR Model"", ""node_name"": ""VAR时序预测模型"", ""node_params"": {""forecast_steps"": 3}, ""matched"": true}, {""node_id"": ""2814"", ""widget_name"": ""Line Chart"", ""node_name"": ""折线图"", ""node_params"": {}, ""matched"": true}]}","{""dependency_requirements"": [{""edge_id"": ""2333"", ""source_node_id"": ""2812"", ""target_node_id"": ""2813""}, {""edge_id"": ""2334"", ""source_node_id"": ""2812"", ""target_node_id"": ""2814""}, {""edge_id"": ""2335"", ""source_node_id"": ""2813"", ""target_node_id"": ""2814""}], ""step_requirements"": [{""node_id"": ""2812"", ""algorithm_step_name"": ""Tabular Dataset Loading"", ""node_name"": ""标准普尔500指数历史数据"", ""node_params"": {""table_name"": ""sp500_index"", ""target_column"": ""SP500""}, ""contrast_level"": 2, ""node_type"": ""io""}, {""node_id"": ""2813"", ""algorithm_step_name"": ""VAR Model"", ""node_name"": ""VAR时序预测模型"", ""node_params"": {}, ""contrast_level"": 0, ""node_type"": ""model""}, {""node_id"": ""2814"", ""algorithm_step_name"": ""Line Chart"", ""node_name"": ""折线图"", ""node_params"": {}, ""contrast_level"": 2, ""node_type"": ""visualize""}]}",1.0
帮我训练一个ARIMA时序预测模型，它能够根据前一年每个月的电量销售数据，预测下一年每个月的电量销售额。,0.5,13614,"{""edges"": [], ""nodes"": [{""node_id"": ""2816"", ""widget_name"": ""ARIMA Model"", ""node_name"": ""ARIMA时序预测模型"", ""node_params"": {""forecast_steps"": 12}, ""matched"": true}]}","{""dependency_requirements"": [{""edge_id"": ""2336"", ""source_node_id"": ""2815"", ""target_node_id"": ""2816""}], ""step_requirements"": [{""node_id"": ""2815"", ""algorithm_step_name"": ""Tabular Dataset Loading"", ""node_name"": ""电量销售训练数据"", ""node_params"": {""table_name"": ""electricity_sales"", ""target_column"": ""sales""}, ""contrast_level"": 2, ""node_type"": ""io""}, {""node_id"": ""2816"", ""algorithm_step_name"": ""ARIMA Model"", ""node_name"": ""ARIMA时序预测模型"", ""node_params"": {""forecast_steps"": 12}, ""contrast_level"": 2, ""node_type"": ""model""}]}",0.6667
你的任务是根据前一年每个月大气中二氧化碳的月平均浓度，训练一个VAR时序预测模型，预测下一年每个月大气中二氧化碳的月平均浓度。最后，将预测结果保存。,0.75,19679,"{""edges"": [{""edge_id"": ""11123"", ""source_node_id"": ""14252"", ""target_node_id"": ""14253""}, {""edge_id"": ""11124"", ""source_node_id"": ""14253"", ""target_node_id"": ""2824""}, {""edge_id"": ""11125"", ""source_node_id"": ""2824"", ""target_node_id"": ""2825""}], ""nodes"": [{""node_id"": ""14252"", ""widget_name"": ""SQL Table"", ""node_name"": ""训练数据"", ""node_params"": {""table_name"": ""obesity_cvd_risk_train"", ""target_column"": ""NObeyesdad""}, ""matched"": false}, {""node_id"": ""14253"", ""widget_name"": ""One Hot Encoder"", ""node_name"": ""独热编码处理"", ""node_params"": {""encode_vars"": [""Gender"", ""family_history_with_overweight"", ""FAVC"", ""CAEC"", ""SMOKE"", ""SCC"", ""CALC"", ""MTRANS""]}, ""matched"": false}, {""node_id"": ""2824"", ""widget_name"": ""VAR Model"", ""node_name"": ""VAR时序预测模型"", ""node_params"": {""forecast_steps"": 12}, ""matched"": true}, {""node_id"": ""2825"", ""widget_name"": ""Save Data"", ""node_name"": ""保存预测结果"", ""node_params"": {}, ""matched"": true}]}","{""dependency_requirements"": [{""edge_id"": ""2342"", ""source_node_id"": ""2823"", ""target_node_id"": ""2824""}, {""edge_id"": ""2343"", ""source_node_id"": ""2824"", ""target_node_id"": ""2825""}], ""step_requirements"": [{""node_id"": ""2823"", ""algorithm_step_name"": ""Tabular Dataset Loading"", ""node_name"": ""二氧化碳浓度训练数据"", ""node_params"": {""table_name"": ""atmospheric_carbon_dioxide"", ""target_column"": ""Average""}, ""contrast_level"": 2, ""node_type"": ""io""}, {""node_id"": ""2824"", ""algorithm_step_name"": ""VAR Model"", ""node_name"": ""VAR时序预测模型"", ""node_params"": {""forecast_steps"": 12}, ""contrast_level"": 2, ""node_type"": ""model""}, {""node_id"": ""2825"", ""algorithm_step_name"": ""Save Data"", ""node_name"": ""保存预测结果"", ""node_params"": {}, ""contrast_level"": 2, ""node_type"": ""io""}]}",0.5714
我需要你帮我构建一个模型，帮助我快速判断一篇新闻是真新闻还是假新闻。我希望你最后展示一下训练日志。,1.0,7127,"{""edges"": [{""edge_id"": ""11126"", ""source_node_id"": ""2831"", ""target_node_id"": ""2832""}, {""edge_id"": ""11127"", ""source_node_id"": ""2832"", ""target_node_id"": ""2833""}], ""nodes"": [{""node_id"": ""2831"", ""widget_name"": ""Text"", ""node_name"": ""新闻文本数据集"", ""node_params"": {}, ""matched"": true}, {""node_id"": ""2832"", ""widget_name"": ""Text Classification"", ""node_name"": ""文本分类模型"", ""node_params"": {""frame"": ""pytorch"", ""select_model"": ""BERT"", ""epoch"": 3, ""learning_rate"": 0.01, ""batch_size"": 4}, ""matched"": true}, {""node_id"": ""2833"", ""widget_name"": ""Train Log"", ""node_name"": ""训练日志"", ""node_params"": {}, ""matched"": true}]}","{""dependency_requirements"": [{""edge_id"": ""2346"", ""source_node_id"": ""2831"", ""target_node_id"": ""2832""}, {""edge_id"": ""2347"", ""source_node_id"": ""2832"", ""target_node_id"": ""2833""}], ""step_requirements"": [{""node_id"": ""2831"", ""algorithm_step_name"": ""Text Dataset Loading"", ""node_name"": ""真假新闻数据加载"", ""node_params"": {}, ""contrast_level"": 2, ""node_type"": ""io""}, {""node_id"": ""2832"", ""algorithm_step_name"": ""Text Classification Model"", ""node_name"": ""新闻分类模型"", ""node_params"": {}, ""contrast_level"": 1, ""node_type"": ""model""}, {""node_id"": ""2833"", ""algorithm_step_name"": ""Train Log"", ""node_name"": ""训练日志"", ""node_params"": {}, ""contrast_level"": 2, ""node_type"": ""visualize""}]}",1.0
你的任务是帮我训练一个模型，用于进行情感分类。训练轮数设置为5轮，学习率使用0.001。,1.0,4491,"{""edges"": [{""edge_id"": ""11128"", ""source_node_id"": ""2834"", ""target_node_id"": ""2835""}], ""nodes"": [{""node_id"": ""2834"", ""widget_name"": ""Text"", ""node_name"": ""情感分类数据集"", ""node_params"": {}, ""matched"": true}, {""node_id"": ""2835"", ""widget_name"": ""Text Classification"", ""node_name"": ""文本分类模型"", ""node_params"": {""frame"": ""pytorch"", ""select_model"": ""BERT"", ""epoch"": 5, ""learning_rate"": 0.001, ""batch_size"": 4}, ""matched"": true}]}","{""dependency_requirements"": [{""edge_id"": ""2348"", ""source_node_id"": ""2834"", ""target_node_id"": ""2835""}], ""step_requirements"": [{""node_id"": ""2834"", ""algorithm_step_name"": ""Text Dataset Loading"", ""node_name"": ""情感分类数据加载"", ""node_params"": {}, ""contrast_level"": 2, ""node_type"": ""io""}, {""node_id"": ""2835"", ""algorithm_step_name"": ""Text Classification Model"", ""node_name"": ""情感分类模型"", ""node_params"": {""frame"": ""pytorch"", ""select_model"": ""BERT"", ""epoch"": 5, ""learning_rate"": 0.001, ""batch_size"": 4}, ""contrast_level"": 2, ""node_type"": ""model""}]}",1.0
我需要你帮我训练一个垃圾邮件检测模型，用于判断一封邮件是否为垃圾邮件。训练框架使用Tensorflow,0.5,5336,"{""edges"": [{""edge_id"": ""11129"", ""source_node_id"": ""2836"", ""target_node_id"": ""14262""}], ""nodes"": [{""node_id"": ""2836"", ""widget_name"": ""Text"", ""node_name"": ""邮件内容加载节点"", ""node_params"": {}, ""matched"": true}, {""node_id"": ""14262"", ""widget_name"": ""Text Classification"", ""node_name"": ""文本分类模型"", ""node_params"": {""frame"": ""Tensorflow"", ""select_model"": ""BERT"", ""epoch"": 3, ""learning_rate"": 0.01, ""batch_size"": 4}, ""matched"": false}]}","{""dependency_requirements"": [{""edge_id"": ""2349"", ""source_node_id"": ""2836"", ""target_node_id"": ""2837""}], ""step_requirements"": [{""node_id"": ""2836"", ""algorithm_step_name"": ""Text Dataset Loading"", ""node_name"": ""垃圾邮件与非垃圾邮件数据加载"", ""node_params"": {}, ""contrast_level"": 2, ""node_type"": ""io""}, {""node_id"": ""2837"", ""algorithm_step_name"": ""Text Classification Model"", ""node_name"": ""文本分类模型"", ""node_params"": {""frame"": ""tensorflow"", ""select_model"": ""BERT"", ""epoch"": 3, ""learning_rate"": 0.01, ""batch_size"": 4}, ""contrast_level"": 2, ""node_type"": ""model""}]}",0.5
为了解全国各地麦当劳店的顾客体验和意见，我需要你帮我训练一个模型，用于根据用户提交的网上评论，判断客户的满意等级。最后添加一个预测步骤。,1.0,8207,"{""edges"": [{""edge_id"": ""11130"", ""source_node_id"": ""2841"", ""target_node_id"": ""2842""}, {""edge_id"": ""11131"", ""source_node_id"": ""2842"", ""target_node_id"": ""2843""}], ""nodes"": [{""node_id"": ""2841"", ""widget_name"": ""Text"", ""node_name"": ""麦当劳店顾客评论"", ""node_params"": {}, ""matched"": true}, {""node_id"": ""2842"", ""widget_name"": ""Text Classification"", ""node_name"": ""文本分类模型"", ""node_params"": {""frame"": ""pytorch"", ""select_model"": ""BERT"", ""epoch"": 3, ""learning_rate"": 0.01, ""batch_size"": 4}, ""matched"": true}, {""node_id"": ""2843"", ""widget_name"": ""Infer"", ""node_name"": ""预测"", ""node_params"": {}, ""matched"": true}]}","{""dependency_requirements"": [{""edge_id"": ""2351"", ""source_node_id"": ""2841"", ""target_node_id"": ""2842""}, {""edge_id"": ""2352"", ""source_node_id"": ""2842"", ""target_node_id"": ""2843""}], ""step_requirements"": [{""node_id"": ""2841"", ""algorithm_step_name"": ""Text Dataset Loading"", ""node_name"": ""顾客评论数据加载节点"", ""node_params"": {}, ""contrast_level"": 2, ""node_type"": ""io""}, {""node_id"": ""2842"", ""algorithm_step_name"": ""Text Classification Model"", ""node_name"": ""文本分类模型"", ""node_params"": {}, ""contrast_level"": 1, ""node_type"": ""model""}, {""node_id"": ""2843"", ""algorithm_step_name"": ""Test Dataset Predictions"", ""node_name"": ""预测步骤"", ""node_params"": {}, ""contrast_level"": 2, ""node_type"": ""predict""}]}",1.0
BBC新闻文章涵盖体育、商业、政治、科技和娱乐等多个领域。你的任务是训练一个文本分类模型，用于对新闻内容进行主题分类。训练框架使用pytorch，训练轮数设置为7轮，学习率使用0.05。,1.0,4588,"{""edges"": [{""edge_id"": ""11132"", ""source_node_id"": ""2834"", ""target_node_id"": ""2835""}], ""nodes"": [{""node_id"": ""2834"", ""widget_name"": ""Text"", ""node_name"": ""BBC新闻文章"", ""node_params"": {}, ""matched"": true}, {""node_id"": ""2835"", ""widget_name"": ""Text Classification"", ""node_name"": ""文本分类模型"", ""node_params"": {""frame"": ""pytorch"", ""select_model"": ""BERT"", ""epoch"": 7, ""learning_rate"": 0.05, ""batch_size"": 4}, ""matched"": true}]}","{""dependency_requirements"": [{""edge_id"": ""2348"", ""source_node_id"": ""2834"", ""target_node_id"": ""2835""}], ""step_requirements"": [{""node_id"": ""2834"", ""algorithm_step_name"": ""Text Dataset Loading"", ""node_name"": ""BBC新闻文章"", ""node_params"": {}, ""contrast_level"": 2, ""node_type"": ""io""}, {""node_id"": ""2835"", ""algorithm_step_name"": ""Text Classification Model"", ""node_name"": ""文本分类模型"", ""node_params"": {""frame"": ""pytorch"", ""select_model"": ""BERT"", ""epoch"": 7, ""learning_rate"": 0.05, ""batch_size"": 4}, ""contrast_level"": 2, ""node_type"": ""model""}]}",1.0
你的任务是帮我训练一个能够将英文转换为法语的Seq2Seq模型，训练框架使用pytorch，训练轮数设置为9轮，学习率使用0.05。,1.0,6432,"{""edges"": [{""edge_id"": ""11133"", ""source_node_id"": ""2845"", ""target_node_id"": ""2846""}], ""nodes"": [{""node_id"": ""2845"", ""widget_name"": ""Text"", ""node_name"": ""英文到法文翻译数据集"", ""node_params"": {}, ""matched"": true}, {""node_id"": ""2846"", ""widget_name"": ""Translation"", ""node_name"": ""Seq2Seq模型"", ""node_params"": {""frame"": ""pytorch"", ""select_model"": ""Seq2Seq"", ""epoch"": 9, ""learning_rate"": 0.05, ""batch_size"": 4}, ""matched"": true}]}","{""dependency_requirements"": [{""edge_id"": ""2353"", ""source_node_id"": ""2845"", ""target_node_id"": ""2846""}], ""step_requirements"": [{""node_id"": ""2845"", ""algorithm_step_name"": ""Text Dataset Loading"", ""node_name"": ""英文-法语翻译数据集加载节点"", ""node_params"": {}, ""contrast_level"": 2, ""node_type"": ""io""}, {""node_id"": ""2846"", ""algorithm_step_name"": ""Text Translation Model"", ""node_name"": ""Seq2Seq模型训练"", ""node_params"": {""frame"": ""pytorch"", ""select_model"": ""Seq2Seq"", ""epoch"": 9, ""learning_rate"": 0.05, ""batch_size"": 4}, ""contrast_level"": 2, ""node_type"": ""model""}]}",1.0
你的任务是帮我训练一个翻译器，它能够将德语翻译为英语。训练框架使用Tensorflow，训练轮数设置为5轮，学习率使用0.03。,1.0,4987,"{""edges"": [{""edge_id"": ""11134"", ""source_node_id"": ""2845"", ""target_node_id"": ""2846""}], ""nodes"": [{""node_id"": ""2845"", ""widget_name"": ""Text"", ""node_name"": ""德语到英语翻译数据集"", ""node_params"": {}, ""matched"": true}, {""node_id"": ""2846"", ""widget_name"": ""Translation"", ""node_name"": ""机器翻译模型"", ""node_params"": {""frame"": ""tensorflow"", ""select_model"": ""Seq2Seq"", ""epoch"": 5, ""learning_rate"": 0.03, ""batch_size"": 4}, ""matched"": true}]}","{""dependency_requirements"": [{""edge_id"": ""2353"", ""source_node_id"": ""2845"", ""target_node_id"": ""2846""}], ""step_requirements"": [{""node_id"": ""2845"", ""algorithm_step_name"": ""Text Dataset Loading"", ""node_name"": ""英文-法语翻译数据集加载节点"", ""node_params"": {}, ""contrast_level"": 2, ""node_type"": ""io""}, {""node_id"": ""2846"", ""algorithm_step_name"": ""Text Translation Model"", ""node_name"": ""Seq2Seq模型训练"", ""node_params"": {""frame"": ""tensorflow"", ""select_model"": ""Seq2Seq"", ""epoch"": 5, ""learning_rate"": 0.03, ""batch_size"": 4}, ""contrast_level"": 2, ""node_type"": ""model""}]}",1.0
帮我训练一个能够将汉语翻译为英文的翻译器。训练的bath size使用2。,1.0,4290,"{""edges"": [{""edge_id"": ""11135"", ""source_node_id"": ""2845"", ""target_node_id"": ""2846""}], ""nodes"": [{""node_id"": ""2845"", ""widget_name"": ""Text"", ""node_name"": ""文本加载节点"", ""node_params"": {}, ""matched"": true}, {""node_id"": ""2846"", ""widget_name"": ""Translation"", ""node_name"": ""机器翻译模型"", ""node_params"": {""frame"": ""pytorch"", ""select_model"": ""Seq2Seq"", ""epoch"": 3, ""learning_rate"": 0.01, ""batch_size"": 2}, ""matched"": true}]}","{""dependency_requirements"": [{""edge_id"": ""2353"", ""source_node_id"": ""2845"", ""target_node_id"": ""2846""}], ""step_requirements"": [{""node_id"": ""2845"", ""algorithm_step_name"": ""Text Dataset Loading"", ""node_name"": ""英文-法语翻译数据集加载节点"", ""node_params"": {}, ""contrast_level"": 2, ""node_type"": ""io""}, {""node_id"": ""2846"", ""algorithm_step_name"": ""Text Translation Model"", ""node_name"": ""Seq2Seq模型训练"", ""node_params"": {""frame"": ""pytorch"", ""select_model"": ""Seq2Seq"", ""epoch"": 3, ""learning_rate"": 0.01, ""batch_size"": 2}, ""contrast_level"": 2, ""node_type"": ""model""}]}",1.0
我这里有很多骨折和非骨折X光图像，涵盖人体所有解剖区域，包括下肢、上肢、腰部、髋部、膝盖等。你的任务是用这些图片帮我训练一个ConvNeXt模型，用于根据X光图像识别其是否骨折。,1.0,4633,"{""edges"": [{""edge_id"": ""11136"", ""source_node_id"": ""2849"", ""target_node_id"": ""2850""}], ""nodes"": [{""node_id"": ""2849"", ""widget_name"": ""Image"", ""node_name"": ""骨折和非骨折图像加载节点"", ""node_params"": {}, ""matched"": true}, {""node_id"": ""2850"", ""widget_name"": ""Image Classification"", ""node_name"": ""ConvNeXt模型"", ""node_params"": {""frame"": ""pytorch"", ""select_model"": ""ConvNeXt"", ""epoch"": 3, ""learning_rate"": 0.01, ""batch_size"": 2}, ""matched"": true}]}","{""dependency_requirements"": [{""edge_id"": ""2354"", ""source_node_id"": ""2849"", ""target_node_id"": ""2850""}], ""step_requirements"": [{""node_id"": ""2849"", ""algorithm_step_name"": ""Image Dataset Loading"", ""node_name"": ""X光图像加载节点"", ""node_params"": {}, ""contrast_level"": 2, ""node_type"": ""io""}, {""node_id"": ""2850"", ""algorithm_step_name"": ""Image Classification Model"", ""node_name"": ""骨折识别模型"", ""node_params"": {""frame"": ""pytorch"", ""select_model"": ""ConvNeXt"", ""epoch"": 3, ""learning_rate"": 0.01, ""batch_size"": 2}, ""contrast_level"": 2, ""node_type"": ""model""}]}",1.0
你的工作是将一个ViT模型训练到能通过动物图片准确判断动物种类的程度。训练参数可以使用：epoch=11，学习率为0.001，batch_size为4,1.0,4777,"{""edges"": [{""edge_id"": ""11137"", ""source_node_id"": ""2849"", ""target_node_id"": ""2850""}], ""nodes"": [{""node_id"": ""2849"", ""widget_name"": ""Image"", ""node_name"": ""图像加载节点"", ""node_params"": {}, ""matched"": true}, {""node_id"": ""2850"", ""widget_name"": ""Image Classification"", ""node_name"": ""ViT模型"", ""node_params"": {""frame"": ""pytorch"", ""select_model"": ""ViT"", ""epoch"": 11, ""learning_rate"": 0.001, ""batch_size"": 4}, ""matched"": true}]}","{""dependency_requirements"": [{""edge_id"": ""2354"", ""source_node_id"": ""2849"", ""target_node_id"": ""2850""}], ""step_requirements"": [{""node_id"": ""2849"", ""algorithm_step_name"": ""Image Dataset Loading"", ""node_name"": ""X光图像加载节点"", ""node_params"": {}, ""contrast_level"": 2, ""node_type"": ""io""}, {""node_id"": ""2850"", ""algorithm_step_name"": ""Image Classification Model"", ""node_name"": ""骨折识别模型"", ""node_params"": {""frame"": ""pytorch"", ""select_model"": ""ViT"", ""epoch"": 11, ""learning_rate"": 0.001, ""batch_size"": 4}, ""contrast_level"": 2, ""node_type"": ""model""}]}",1.0
帮我训练一个ResNet152模型，用于区分悲伤和快乐的人脸图像。,1.0,4113,"{""edges"": [{""edge_id"": ""11138"", ""source_node_id"": ""2849"", ""target_node_id"": ""2850""}], ""nodes"": [{""node_id"": ""2849"", ""widget_name"": ""Image"", ""node_name"": ""悲伤和快乐人脸图像加载节点"", ""node_params"": {}, ""matched"": true}, {""node_id"": ""2850"", ""widget_name"": ""Image Classification"", ""node_name"": ""ResNet152模型"", ""node_params"": {""frame"": ""pytorch"", ""select_model"": ""ResNet152"", ""epoch"": 3, ""learning_rate"": 0.01, ""batch_size"": 2}, ""matched"": true}]}","{""dependency_requirements"": [{""edge_id"": ""2354"", ""source_node_id"": ""2849"", ""target_node_id"": ""2850""}], ""step_requirements"": [{""node_id"": ""2849"", ""algorithm_step_name"": ""Image Dataset Loading"", ""node_name"": ""X光图像加载节点"", ""node_params"": {}, ""contrast_level"": 2, ""node_type"": ""io""}, {""node_id"": ""2850"", ""algorithm_step_name"": ""Image Classification Model"", ""node_name"": ""骨折识别模型"", ""node_params"": {""frame"": ""pytorch"", ""select_model"": ""ResNet152"", ""epoch"": 3, ""learning_rate"": 0.01, ""batch_size"": 2}, ""contrast_level"": 2, ""node_type"": ""model""}]}",1.0
你的任务是训练一个ConvNeXt-small模型，用于X射线图像的识别，判断一张图片是否为X射线。训练的轮数使用15轮,1.0,4221,"{""edges"": [{""edge_id"": ""11139"", ""source_node_id"": ""2849"", ""target_node_id"": ""2850""}], ""nodes"": [{""node_id"": ""2849"", ""widget_name"": ""Image"", ""node_name"": ""X射线图像加载节点"", ""node_params"": {}, ""matched"": true}, {""node_id"": ""2850"", ""widget_name"": ""Image Classification"", ""node_name"": ""ConvNeXt-small模型"", ""node_params"": {""frame"": ""pytorch"", ""select_model"": ""ConvNeXt-small"", ""epoch"": 15, ""learning_rate"": 0.01, ""batch_size"": 2}, ""matched"": true}]}","{""dependency_requirements"": [{""edge_id"": ""2354"", ""source_node_id"": ""2849"", ""target_node_id"": ""2850""}], ""step_requirements"": [{""node_id"": ""2849"", ""algorithm_step_name"": ""Image Dataset Loading"", ""node_name"": ""X光图像加载节点"", ""node_params"": {}, ""contrast_level"": 2, ""node_type"": ""io""}, {""node_id"": ""2850"", ""algorithm_step_name"": ""Image Classification Model"", ""node_name"": ""骨折识别模型"", ""node_params"": {""frame"": ""pytorch"", ""select_model"": ""ConvNeXt-small"", ""epoch"": 15, ""learning_rate"": 0.01, ""batch_size"": 2}, ""contrast_level"": 2, ""node_type"": ""model""}]}",1.0
你的任务是训练一个检测植物病害的ResNet34模型，它能够根据植物图片判断植物患了哪一类病。,1.0,4758,"{""edges"": [{""edge_id"": ""11140"", ""source_node_id"": ""2849"", ""target_node_id"": ""2850""}], ""nodes"": [{""node_id"": ""2849"", ""widget_name"": ""Image"", ""node_name"": ""植物病害图像加载节点"", ""node_params"": {}, ""matched"": true}, {""node_id"": ""2850"", ""widget_name"": ""Image Classification"", ""node_name"": ""ResNet34模型"", ""node_params"": {""frame"": ""pytorch"", ""select_model"": ""ResNet34"", ""epoch"": 3, ""learning_rate"": 0.01, ""batch_size"": 2}, ""matched"": true}]}","{""dependency_requirements"": [{""edge_id"": ""2354"", ""source_node_id"": ""2849"", ""target_node_id"": ""2850""}], ""step_requirements"": [{""node_id"": ""2849"", ""algorithm_step_name"": ""Image Dataset Loading"", ""node_name"": ""X光图像加载节点"", ""node_params"": {}, ""contrast_level"": 2, ""node_type"": ""io""}, {""node_id"": ""2850"", ""algorithm_step_name"": ""Image Classification Model"", ""node_name"": ""骨折识别模型"", ""node_params"": {""frame"": ""pytorch"", ""select_model"": ""ResNet34"", ""epoch"": 3, ""learning_rate"": 0.01, ""batch_size"": 2}, ""contrast_level"": 2, ""node_type"": ""model""}]}",1.0
你的任务是训练一个yolov3模型，用于识别图片中有哪些车辆，以及车辆在图中的位置。你需要给我展示训练日志，最后还要添加一个预测步骤。,1.0,10113,"{""edges"": [{""edge_id"": ""11141"", ""source_node_id"": ""2852"", ""target_node_id"": ""2853""}, {""edge_id"": ""11142"", ""source_node_id"": ""2853"", ""target_node_id"": ""2854""}, {""edge_id"": ""11143"", ""source_node_id"": ""2853"", ""target_node_id"": ""2855""}], ""nodes"": [{""node_id"": ""2852"", ""widget_name"": ""Image"", ""node_name"": ""车辆图像加载节点"", ""node_params"": {}, ""matched"": true}, {""node_id"": ""2853"", ""widget_name"": ""Object Detection"", ""node_name"": ""目标检测模型"", ""node_params"": {""frame"": ""pytorch"", ""select_model"": ""yolov3"", ""backbone"": ""DarkNet53"", ""epoch"": 3, ""learning_rate"": 0.01, ""batch_size"": 2}, ""matched"": true}, {""node_id"": ""2854"", ""widget_name"": ""Train Log"", ""node_name"": ""训练日志"", ""node_params"": {}, ""matched"": true}, {""node_id"": ""2855"", ""widget_name"": ""Infer"", ""node_name"": ""预测"", ""node_params"": {}, ""matched"": true}]}","{""dependency_requirements"": [{""edge_id"": ""2355"", ""source_node_id"": ""2852"", ""target_node_id"": ""2853""}, {""edge_id"": ""2356"", ""source_node_id"": ""2853"", ""target_node_id"": ""2854""}, {""edge_id"": ""2357"", ""source_node_id"": ""2853"", ""target_node_id"": ""2855""}], ""step_requirements"": [{""node_id"": ""2852"", ""algorithm_step_name"": ""Image Dataset Loading"", ""node_name"": ""车辆图像加载节点"", ""node_params"": {}, ""contrast_level"": 2, ""node_type"": ""io""}, {""node_id"": ""2853"", ""algorithm_step_name"": ""Object Detection Model"", ""node_name"": ""目标检测模型"", ""node_params"": {""frame"": ""pytorch"", ""select_model"": ""yolov3"", ""backbone"": ""DarkNet53"", ""epoch"": 3, ""learning_rate"": 0.01, ""batch_size"": 2}, ""contrast_level"": 2, ""node_type"": ""model""}, {""node_id"": ""2854"", ""algorithm_step_name"": ""Train Log"", ""node_name"": ""训练日志"", ""node_params"": {}, ""contrast_level"": 2, ""node_type"": ""visualize""}, {""node_id"": ""2855"", ""algorithm_step_name"": ""Test Dataset Predictions"", ""node_name"": ""预测"", ""node_params"": {}, ""contrast_level"": 2, ""node_type"": ""predict""}]}",1.0
您需要训练一个SSD模型，此模型将基于MobileNetV2架构，以识别图像中的牛仔装及配饰，包括牛仔夹克、墨镜、靴子和腰带等。,1.0,5165,"{""edges"": [{""edge_id"": ""11144"", ""source_node_id"": ""2860"", ""target_node_id"": ""2861""}], ""nodes"": [{""node_id"": ""2860"", ""widget_name"": ""Image"", ""node_name"": ""穿着牛仔装及配饰图像加载节点"", ""node_params"": {}, ""matched"": true}, {""node_id"": ""2861"", ""widget_name"": ""Object Detection"", ""node_name"": ""目标检测模型"", ""node_params"": {""frame"": ""pytorch"", ""select_model"": ""SSD"", ""backbone"": ""MobileNetV2"", ""epoch"": 3, ""learning_rate"": 0.01, ""batch_size"": 2}, ""matched"": true}]}","{""dependency_requirements"": [{""edge_id"": ""2360"", ""source_node_id"": ""2860"", ""target_node_id"": ""2861""}], ""step_requirements"": [{""node_id"": ""2860"", ""algorithm_step_name"": ""Image Dataset Loading"", ""node_name"": ""图像加载节点"", ""node_params"": {}, ""contrast_level"": 2, ""node_type"": ""io""}, {""node_id"": ""2861"", ""algorithm_step_name"": ""Object Detection Model"", ""node_name"": ""目标检测模型"", ""node_params"": {""frame"": ""pytorch"", ""select_model"": ""SSD"", ""backbone"": ""MobileNetV2"", ""epoch"": 3, ""learning_rate"": 0.01, ""batch_size"": 2}, ""contrast_level"": 2, ""node_type"": ""model""}]}",1.0
训练一个深度学习模型，该模型能够接收包含交通标志的图像作为输入，并输出每个交通标志的类别以及其在图像中的精确边界框坐标。在训练过程中，请将epoch设置为5，学习率设置为0.001。,1.0,4783,"{""edges"": [{""edge_id"": ""11145"", ""source_node_id"": ""2866"", ""target_node_id"": ""2867""}], ""nodes"": [{""node_id"": ""2866"", ""widget_name"": ""Image"", ""node_name"": ""交通标志图像加载节点"", ""node_params"": {}, ""matched"": true}, {""node_id"": ""2867"", ""widget_name"": ""Object Detection"", ""node_name"": ""目标检测模型"", ""node_params"": {""frame"": ""pytorch"", ""select_model"": ""yolov3"", ""backbone"": ""DarkNet53"", ""epoch"": 5, ""learning_rate"": 0.001, ""batch_size"": 2}, ""matched"": true}]}","{""dependency_requirements"": [{""edge_id"": ""2363"", ""source_node_id"": ""2866"", ""target_node_id"": ""2867""}], ""step_requirements"": [{""node_id"": ""2866"", ""algorithm_step_name"": ""Image Dataset Loading"", ""node_name"": ""图像加载节点"", ""node_params"": {}, ""contrast_level"": 2, ""node_type"": ""io""}, {""node_id"": ""2867"", ""algorithm_step_name"": ""Object Detection Model"", ""node_name"": ""目标检测模型"", ""node_params"": {""frame"": ""pytorch"", ""select_model"": ""yolov3"", ""backbone"": ""DarkNet53"", ""epoch"": 5, ""learning_rate"": 0.001, ""batch_size"": 2}, ""contrast_level"": 2, ""node_type"": ""model""}]}",1.0
开发并训练一个FasterRCNN模型，该模型能够接收医学影像（如MRI或CT扫描）作为输入，并能够在图像中精确地识别和定位脑肿瘤。模型应输出每个检测到的脑肿瘤的边界框坐标以及肿瘤的类别（如有必要，区分不同类型的肿瘤）。,1.0,5141,"{""edges"": [{""edge_id"": ""11146"", ""source_node_id"": ""2866"", ""target_node_id"": ""2867""}], ""nodes"": [{""node_id"": ""2866"", ""widget_name"": ""Image"", ""node_name"": ""医学影像加载节点"", ""node_params"": {}, ""matched"": true}, {""node_id"": ""2867"", ""widget_name"": ""Object Detection"", ""node_name"": ""目标检测模型"", ""node_params"": {""frame"": ""pytorch"", ""select_model"": ""FasterRCNN"", ""backbone"": ""DarkNet53"", ""epoch"": 3, ""learning_rate"": 0.01, ""batch_size"": 2}, ""matched"": true}]}","{""dependency_requirements"": [{""edge_id"": ""2363"", ""source_node_id"": ""2866"", ""target_node_id"": ""2867""}], ""step_requirements"": [{""node_id"": ""2866"", ""algorithm_step_name"": ""Image Dataset Loading"", ""node_name"": ""图像加载节点"", ""node_params"": {}, ""contrast_level"": 2, ""node_type"": ""io""}, {""node_id"": ""2867"", ""algorithm_step_name"": ""Object Detection Model"", ""node_name"": ""目标检测模型"", ""node_params"": {""frame"": ""pytorch"", ""select_model"": ""FasterRCNN"", ""backbone"": ""DarkNet53"", ""epoch"": 3, ""learning_rate"": 0.01, ""batch_size"": 2}, ""contrast_level"": 2, ""node_type"": ""model""}]}",1.0
您的任务是训练一个模型，使用10个epoch和0.001的学习率，训练好的模型应该能够根据海洋监控图像识别和定位渔船，从而支持监控捕鱼活动和预防过度捕捞。,1.0,4711,"{""edges"": [{""edge_id"": ""11147"", ""source_node_id"": ""2866"", ""target_node_id"": ""2867""}], ""nodes"": [{""node_id"": ""2866"", ""widget_name"": ""Image"", ""node_name"": ""海洋监控图像加载节点"", ""node_params"": {}, ""matched"": true}, {""node_id"": ""2867"", ""widget_name"": ""Object Detection"", ""node_name"": ""目标检测模型"", ""node_params"": {""frame"": ""pytorch"", ""select_model"": ""yolov3"", ""backbone"": ""DarkNet53"", ""epoch"": 10, ""learning_rate"": 0.001, ""batch_size"": 2}, ""matched"": true}]}","{""dependency_requirements"": [{""edge_id"": ""2363"", ""source_node_id"": ""2866"", ""target_node_id"": ""2867""}], ""step_requirements"": [{""node_id"": ""2866"", ""algorithm_step_name"": ""Image Dataset Loading"", ""node_name"": ""图像加载节点"", ""node_params"": {}, ""contrast_level"": 2, ""node_type"": ""io""}, {""node_id"": ""2867"", ""algorithm_step_name"": ""Object Detection Model"", ""node_name"": ""目标检测模型"", ""node_params"": {""frame"": ""pytorch"", ""select_model"": ""yolov3"", ""backbone"": ""DarkNet53"", ""epoch"": 10, ""learning_rate"": 0.001, ""batch_size"": 2}, ""contrast_level"": 2, ""node_type"": ""model""}]}",1.0
训练一个BEiT-base模型，用于识别图像中每一个像素的类别，判断其属于人类像素还是背景像素。,1.0,5154,"{""edges"": [{""edge_id"": ""11148"", ""source_node_id"": ""2869"", ""target_node_id"": ""2870""}], ""nodes"": [{""node_id"": ""2869"", ""widget_name"": ""Image"", ""node_name"": ""图像加载节点"", ""node_params"": {}, ""matched"": true}, {""node_id"": ""2870"", ""widget_name"": ""Segmentation"", ""node_name"": ""图像分割模型"", ""node_params"": {""frame"": ""pytorch"", ""select_model"": ""BEiT-base"", ""epoch"": 3, ""learning_rate"": 0.02, ""batch_size"": 2}, ""matched"": true}]}","{""dependency_requirements"": [{""edge_id"": ""2364"", ""source_node_id"": ""2869"", ""target_node_id"": ""2870""}], ""step_requirements"": [{""node_id"": ""2869"", ""algorithm_step_name"": ""Image Dataset Loading"", ""node_name"": ""图像数据加载节点"", ""node_params"": {}, ""contrast_level"": 2, ""node_type"": ""io""}, {""node_id"": ""2870"", ""algorithm_step_name"": ""Image Segmentation Model"", ""node_name"": ""图像分割模型"", ""node_params"": {""frame"": ""pytorch"", ""select_model"": ""BEiT-base"", ""epoch"": 3, ""learning_rate"": 0.02, ""batch_size"": 2}, ""contrast_level"": 2, ""node_type"": ""model""}]}",1.0
准确分割血管是眼科的一项关键任务，因为它有助于早期检测和管理各种视网膜病变，如糖尿病视网膜病变和黄斑变性。你的任务是创建可帮助早期检测视网膜病变的模型，这个模型能够对图像中的每一个像素进行分类。训练轮数使用5,1.0,4499,"{""edges"": [{""edge_id"": ""11149"", ""source_node_id"": ""2869"", ""target_node_id"": ""2870""}], ""nodes"": [{""node_id"": ""2869"", ""widget_name"": ""Image"", ""node_name"": ""视网膜图像加载节点"", ""node_params"": {}, ""matched"": true}, {""node_id"": ""2870"", ""widget_name"": ""Segmentation"", ""node_name"": ""图像分割模型"", ""node_params"": {""frame"": ""pytorch"", ""select_model"": ""SegFormer-B0"", ""epoch"": 5, ""learning_rate"": 0.02, ""batch_size"": 2}, ""matched"": true}]}","{""dependency_requirements"": [{""edge_id"": ""2364"", ""source_node_id"": ""2869"", ""target_node_id"": ""2870""}], ""step_requirements"": [{""node_id"": ""2869"", ""algorithm_step_name"": ""Image Dataset Loading"", ""node_name"": ""图像数据加载节点"", ""node_params"": {}, ""contrast_level"": 2, ""node_type"": ""io""}, {""node_id"": ""2870"", ""algorithm_step_name"": ""Image Segmentation Model"", ""node_name"": ""图像分割模型"", ""node_params"": {""frame"": ""pytorch"", ""select_model"": ""SegFormer-B0"", ""epoch"": 5, ""learning_rate"": 0.02, ""batch_size"": 2}, ""contrast_level"": 2, ""node_type"": ""model""}]}",1.0
你的任务是创建一个模型，该模型可以在给定的洪水灾区图片中准确分割出水域区域，即要对图像中的每一个像素进行分类，判断其是否为水域区域。这种模型可用于洪水调查、更好的决策和规划。训练过程中你应该尝试使用0.001的学习率。,1.0,5109,"{""edges"": [{""edge_id"": ""11150"", ""source_node_id"": ""2869"", ""target_node_id"": ""2870""}], ""nodes"": [{""node_id"": ""2869"", ""widget_name"": ""Image"", ""node_name"": ""洪水灾区图片加载节点"", ""node_params"": {}, ""matched"": true}, {""node_id"": ""2870"", ""widget_name"": ""Segmentation"", ""node_name"": ""图像分割模型"", ""node_params"": {""frame"": ""pytorch"", ""select_model"": ""SegFormer-B0"", ""epoch"": 3, ""learning_rate"": 0.001, ""batch_size"": 2}, ""matched"": true}]}","{""dependency_requirements"": [{""edge_id"": ""2364"", ""source_node_id"": ""2869"", ""target_node_id"": ""2870""}], ""step_requirements"": [{""node_id"": ""2869"", ""algorithm_step_name"": ""Image Dataset Loading"", ""node_name"": ""图像数据加载节点"", ""node_params"": {}, ""contrast_level"": 2, ""node_type"": ""io""}, {""node_id"": ""2870"", ""algorithm_step_name"": ""Image Segmentation Model"", ""node_name"": ""图像分割模型"", ""node_params"": {""frame"": ""pytorch"", ""select_model"": ""SegFormer-B0"", ""epoch"": 3, ""learning_rate"": 0.001, ""batch_size"": 2}, ""contrast_level"": 2, ""node_type"": ""model""}]}",1.0
我需要你进行路面分割。你的目标是训练一个模型，它能够对图像中的每一个像素进行分类，类别包括：路面、汽车、路标、标线和背景。训练参数的batch_size设为4,1.0,4516,"{""edges"": [{""edge_id"": ""11151"", ""source_node_id"": ""2869"", ""target_node_id"": ""2870""}], ""nodes"": [{""node_id"": ""2869"", ""widget_name"": ""Image"", ""node_name"": ""图像数据集加载节点"", ""node_params"": {}, ""matched"": true}, {""node_id"": ""2870"", ""widget_name"": ""Segmentation"", ""node_name"": ""图像分割模型"", ""node_params"": {""frame"": ""pytorch"", ""select_model"": ""SegFormer-B0"", ""epoch"": 3, ""learning_rate"": 0.02, ""batch_size"": 4}, ""matched"": true}]}","{""dependency_requirements"": [{""edge_id"": ""2364"", ""source_node_id"": ""2869"", ""target_node_id"": ""2870""}], ""step_requirements"": [{""node_id"": ""2869"", ""algorithm_step_name"": ""Image Dataset Loading"", ""node_name"": ""图像数据加载节点"", ""node_params"": {}, ""contrast_level"": 2, ""node_type"": ""io""}, {""node_id"": ""2870"", ""algorithm_step_name"": ""Image Segmentation Model"", ""node_name"": ""图像分割模型"", ""node_params"": {""frame"": ""pytorch"", ""select_model"": ""SegFormer-B0"", ""epoch"": 3, ""learning_rate"": 0.02, ""batch_size"": 4}, ""contrast_level"": 2, ""node_type"": ""model""}]}",1.0
帮我训练一个UperNet-Swin-tiny模型，这个模型可以将每张护照图像分割成不同的区域，包括护照区域、照片、姓名、出生日期、性别、国籍、护照号码和 MRZ（机器可读区域），即对图像中的每个像素分类。,1.0,4717,"{""edges"": [{""edge_id"": ""11152"", ""source_node_id"": ""2869"", ""target_node_id"": ""2870""}], ""nodes"": [{""node_id"": ""2869"", ""widget_name"": ""Image"", ""node_name"": ""护照图像加载节点"", ""node_params"": {}, ""matched"": true}, {""node_id"": ""2870"", ""widget_name"": ""Segmentation"", ""node_name"": ""UperNet-Swin-tiny模型"", ""node_params"": {""frame"": ""pytorch"", ""select_model"": ""UperNet-Swin-tiny"", ""epoch"": 3, ""learning_rate"": 0.02, ""batch_size"": 2}, ""matched"": true}]}","{""dependency_requirements"": [{""edge_id"": ""2364"", ""source_node_id"": ""2869"", ""target_node_id"": ""2870""}], ""step_requirements"": [{""node_id"": ""2869"", ""algorithm_step_name"": ""Image Dataset Loading"", ""node_name"": ""图像数据加载节点"", ""node_params"": {}, ""contrast_level"": 2, ""node_type"": ""io""}, {""node_id"": ""2870"", ""algorithm_step_name"": ""Image Segmentation Model"", ""node_name"": ""图像分割模型"", ""node_params"": {""frame"": ""pytorch"", ""select_model"": ""UperNet-Swin-tiny"", ""epoch"": 3, ""learning_rate"": 0.02, ""batch_size"": 2}, ""contrast_level"": 2, ""node_type"": ""model""}]}",1.0
我需要你使用银行信用贷款的训练数据，构建一个能够预测客户是否会流失的随机森林模型。然后，用这个模型对测试数据进行预测，并把预测结果保存下来，最后展示预测结果的混淆矩阵,0.9091,26770,"{""edges"": [{""edge_id"": ""10887"", ""source_node_id"": ""2561"", ""target_node_id"": ""13921""}, {""edge_id"": ""10888"", ""source_node_id"": ""2562"", ""target_node_id"": ""13922""}, {""edge_id"": ""10889"", ""source_node_id"": ""13921"", ""target_node_id"": ""2565""}, {""edge_id"": ""10890"", ""source_node_id"": ""13922"", ""target_node_id"": ""2567""}, {""edge_id"": ""10891"", ""source_node_id"": ""2565"", ""target_node_id"": ""2567""}, {""edge_id"": ""10892"", ""source_node_id"": ""2567"", ""target_node_id"": ""2568""}, {""edge_id"": ""10893"", ""source_node_id"": ""2567"", ""target_node_id"": ""2569""}], ""nodes"": [{""node_id"": ""2561"", ""widget_name"": ""SQL Table"", ""node_name"": ""银行信用贷款训练数据"", ""node_params"": {""table_name"": ""bank_customer_churn_train"", ""target_column"": ""Exited""}, ""matched"": true}, {""node_id"": ""2562"", ""widget_name"": ""SQL Table"", ""node_name"": ""银行信用贷款测试数据"", ""node_params"": {""table_name"": ""bank_customer_churn_test"", ""target_column"": ""Exited""}, ""matched"": true}, {""node_id"": ""13921"", ""widget_name"": ""One Hot Encoder"", ""node_name"": ""训练数据独热编码"", ""node_params"": {""encode_vars"": [""Geography"", ""Gender""]}, ""matched"": false}, {""node_id"": ""13922"", ""widget_name"": ""One Hot Encoder"", ""node_name"": ""测试数据独热编码"", ""node_params"": {""encode_vars"": [""Geography"", ""Gender""]}, ""matched"": false}, {""node_id"": ""2565"", ""widget_name"": ""Random Forest"", ""node_name"": ""随机森林模型"", ""node_params"": {""n_estimators"": 10, ""use_max_features"": false, ""max_features"": ""auto"", ""use_random_state"": false, ""use_max_depth"": false, ""max_depth"": 3, ""use_min_samples_split"": true, ""min_samples_split"": 2}, ""matched"": true}, {""node_id"": ""2567"", ""widget_name"": ""Predictions"", ""node_name"": ""预测"", ""node_params"": {""output_attrs"": true, ""output_predictions"": true, ""output_probabilities"": true}, ""matched"": true}, {""node_id"": ""2568"", ""widget_name"": ""Save Data"", ""node_name"": ""保存预测结果"", ""node_params"": {}, ""matched"": true}, {""node_id"": ""2569"", ""widget_name"": ""Confusion Matrix"", ""node_name"": ""展示预测结果的混淆矩阵"", ""node_params"": {}, ""matched"": true}]}","{""dependency_requirements"": [{""edge_id"": ""2111"", ""source_node_id"": ""2561"", ""target_node_id"": ""2565""}, {""edge_id"": ""2112"", ""source_node_id"": ""2562"", ""target_node_id"": ""2567""}, {""edge_id"": ""2113"", ""source_node_id"": ""2565"", ""target_node_id"": ""2567""}, {""edge_id"": ""2114"", ""source_node_id"": ""2567"", ""target_node_id"": ""2568""}, {""edge_id"": ""2116"", ""source_node_id"": ""2568"", ""target_node_id"": ""2569""}], ""step_requirements"": [{""node_id"": ""2561"", ""algorithm_step_name"": ""Tabular Dataset Loading"", ""node_name"": ""银行信用贷款训练数据"", ""node_params"": {""table_name"": ""bank_customer_churn_train"", ""target_column"": ""Exited""}, ""contrast_level"": 2, ""node_type"": ""io""}, {""node_id"": ""2562"", ""algorithm_step_name"": ""Tabular Dataset Loading"", ""node_name"": ""银行信用贷款测试数据"", ""node_params"": {""table_name"": ""bank_customer_churn_test"", ""target_column"": ""Exited""}, ""contrast_level"": 2, ""node_type"": ""io""}, {""node_id"": ""2565"", ""algorithm_step_name"": ""Random Forest"", ""node_name"": ""随机森林模型"", ""node_params"": {}, ""contrast_level"": 1, ""node_type"": ""model""}, {""node_id"": ""2567"", ""algorithm_step_name"": ""Test Dataset Predictions"", ""node_name"": ""预测结果"", ""node_params"": {""output_attrs"": true, ""output_predictions"": true, ""output_probabilities"": true}, ""contrast_level"": 2, ""node_type"": ""predict""}, {""node_id"": ""2568"", ""algorithm_step_name"": ""Save Data"", ""node_name"": ""保存预测结果"", ""node_params"": {}, ""contrast_level"": 1, ""node_type"": ""io""}, {""node_id"": ""2569"", ""algorithm_step_name"": ""Confusion Matrix"", ""node_name"": ""混淆矩阵"", ""node_params"": {}, ""contrast_level"": 1, ""node_type"": ""visualize""}]}",0.7143
请你使用生物信号训练数据集来预测个体是否为吸烟者，你的最终目标是建立一个能够准确判断个体吸烟状态的XGboost模型，学习率使用0.1，学习器使用DART模型。,1.0,11522,"{""edges"": [{""edge_id"": ""10894"", ""source_node_id"": ""2570"", ""target_node_id"": ""2572""}], ""nodes"": [{""node_id"": ""2570"", ""widget_name"": ""SQL Table"", ""node_name"": ""生物信号训练数据"", ""node_params"": {""table_name"": ""smoker_status_bio_signals_train"", ""target_column"": ""smoking""}, ""matched"": true}, {""node_id"": ""2572"", ""widget_name"": ""XGBoost"", ""node_name"": ""XGBoost模型"", ""node_params"": {""booster"": ""dart"", ""learning_rate"": 0.1, ""gamma"": 0, ""max_depth"": 6, ""min_child_widget"": 1, ""max_delta_step"": 0, ""subsample"": 1, ""sampling_method"": ""uniform"", ""lambda"": 1, ""alpha"": 0, ""tree_method"": ""auto"", ""scale_pos_weight"": 1, ""updater"": ""grow_colmaker"", ""process_type"": ""default"", ""grow_policy"": ""depthwise""}, ""matched"": true}]}","{""dependency_requirements"": [{""edge_id"": ""2117"", ""source_node_id"": ""2570"", ""target_node_id"": ""2572""}], ""step_requirements"": [{""node_id"": ""2570"", ""algorithm_step_name"": ""Tabular Dataset Loading"", ""node_name"": ""生物信号训练数据"", ""node_params"": {""table_name"": ""smoker_status_bio_signals_train"", ""target_column"": ""smoking""}, ""contrast_level"": 2, ""node_type"": ""io""}, {""node_id"": ""2572"", ""algorithm_step_name"": ""XGBoost"", ""node_name"": ""XGBoost模型"", ""node_params"": {""booster"": ""dart"", ""learning_rate"": 0.1, ""gamma"": 0, ""max_depth"": 6, ""min_child_widget"": 1, ""max_delta_step"": 0, ""subsample"": 1, ""sampling_method"": ""uniform"", ""lambda"": 1, ""alpha"": 0, ""tree_method"": ""auto"", ""scale_pos_weight"": 1, ""updater"": ""grow_colmaker"", ""process_type"": ""default"", ""grow_policy"": ""depthwise""}, ""contrast_level"": 2, ""node_type"": ""model""}]}",1.0
你需要使用人类的肾结石相关指标数据，开发一个机器学习模型预测一个人是否患有肾结石。我需要你在模型训练之前，加一步数据划分的数据处理，最后还要用划分后的验证集对模型进行评估。,1.0,17402,"{""edges"": [{""edge_id"": ""10895"", ""source_node_id"": ""2577"", ""target_node_id"": ""2578""}, {""edge_id"": ""10896"", ""source_node_id"": ""2578"", ""target_node_id"": ""2579""}, {""edge_id"": ""10897"", ""source_node_id"": ""2578"", ""target_node_id"": ""2580""}, {""edge_id"": ""10899"", ""source_node_id"": ""2579"", ""target_node_id"": ""2580""}], ""nodes"": [{""node_id"": ""2577"", ""widget_name"": ""SQL Table"", ""node_name"": ""人类肾结石训练数据"", ""node_params"": {""table_name"": ""kidney_stone_train"", ""target_column"": ""target""}, ""matched"": true}, {""node_id"": ""2578"", ""widget_name"": ""Data Sampler"", ""node_name"": ""数据划分"", ""node_params"": {""sampling_type"": 2, ""percentage"": 10, ""n_samples"": 15, ""replacement"": false, ""n_folds"": 10, ""selected_folds"": 1, ""replicable"": false, ""stratified"": false}, ""matched"": true}, {""node_id"": ""2579"", ""widget_name"": ""Logistic Regression"", ""node_name"": ""逻辑回归模型"", ""node_params"": {""C"": 1, ""penalty"": ""l2""}, ""matched"": true}, {""node_id"": ""2580"", ""widget_name"": ""Test & Score"", ""node_name"": ""模型评估"", ""node_params"": {}, ""matched"": true}]}","{""dependency_requirements"": [{""edge_id"": ""2119"", ""source_node_id"": ""2577"", ""target_node_id"": ""2578""}, {""edge_id"": ""2120"", ""source_node_id"": ""2578"", ""target_node_id"": ""2579""}, {""edge_id"": ""2121"", ""source_node_id"": ""2578"", ""target_node_id"": ""2580""}, {""edge_id"": ""2123"", ""source_node_id"": ""2579"", ""target_node_id"": ""2580""}], ""step_requirements"": [{""node_id"": ""2577"", ""algorithm_step_name"": ""Tabular Dataset Loading"", ""node_name"": ""肾结石指标训练数据"", ""node_params"": {""table_name"": ""kidney_stone_train"", ""target_column"": ""target""}, ""contrast_level"": 2, ""node_type"": ""io""}, {""node_id"": ""2578"", ""algorithm_step_name"": ""Dataset Division"", ""node_name"": ""数据划分"", ""node_params"": {}, ""contrast_level"": 1, ""node_type"": ""preprocess""}, {""node_id"": ""2579"", ""algorithm_step_name"": ""LightGBM"", ""node_name"": ""LightGBM分类器"", ""node_params"": {}, ""contrast_level"": 0, ""node_type"": ""model""}, {""node_id"": ""2580"", ""algorithm_step_name"": ""Model Evaluate"", ""node_name"": ""模型评估"", ""node_params"": {}, ""contrast_level"": 2, ""node_type"": ""evaluate""}]}",1.0
你的目标是帮助我的酒店更好地预判客户是否会取消预订。你首先要加载酒店预定的训练数据和测试数据，用训练数据训练一个LightGBM模型，然后用LightGBM模型对酒店预定的测试数据进行预测，最后将预测结果保存。,1.0,24781,"{""edges"": [{""edge_id"": ""10900"", ""source_node_id"": ""2582"", ""target_node_id"": ""13935""}, {""edge_id"": ""10901"", ""source_node_id"": ""2583"", ""target_node_id"": ""13936""}, {""edge_id"": ""10902"", ""source_node_id"": ""13935"", ""target_node_id"": ""2586""}, {""edge_id"": ""10903"", ""source_node_id"": ""13936"", ""target_node_id"": ""2587""}, {""edge_id"": ""10904"", ""source_node_id"": ""2586"", ""target_node_id"": ""2587""}, {""edge_id"": ""10905"", ""source_node_id"": ""2587"", ""target_node_id"": ""2588""}], ""nodes"": [{""node_id"": ""2582"", ""widget_name"": ""SQL Table"", ""node_name"": ""酒店预定训练数据"", ""node_params"": {""table_name"": ""reservation_cancellation_train"", ""target_column"": ""booking_status""}, ""matched"": true}, {""node_id"": ""2583"", ""widget_name"": ""SQL Table"", ""node_name"": ""酒店预定测试数据"", ""node_params"": {""table_name"": ""reservation_cancellation_test"", ""target_column"": ""booking_status""}, ""matched"": true}, {""node_id"": ""13935"", ""widget_name"": ""One Hot Encoder"", ""node_name"": ""训练数据独热编码"", ""node_params"": {""encode_vars"": [""type_of_meal_plan"", ""required_car_parking_space"", ""room_type_reserved"", ""market_segment_type"", ""repeated_guest"", ""no_of_previous_cancellations"", ""no_of_previous_bookings_not_canceled"", ""no_of_special_requests""]}, ""matched"": false}, {""node_id"": ""13936"", ""widget_name"": ""One Hot Encoder"", ""node_name"": ""测试数据独热编码"", ""node_params"": {""encode_vars"": [""type_of_meal_plan"", ""required_car_parking_space"", ""room_type_reserved"", ""market_segment_type"", ""repeated_guest"", ""no_of_previous_cancellations"", ""no_of_previous_bookings_not_canceled"", ""no_of_special_requests""]}, ""matched"": false}, {""node_id"": ""2586"", ""widget_name"": ""LightGBM"", ""node_name"": ""LightGBM模型"", ""node_params"": {""boosting_type"": ""gbdt"", ""n_estimators"": 10, ""learning_rate"": 0.1, ""sampling_rate"": 0.1, ""max_depth_check"": false, ""max_depth"": 3, ""num_leaves_check"": false, ""num_leaves"": 31}, ""matched"": true}, {""node_id"": ""2587"", ""widget_name"": ""Predictions"", ""node_name"": ""预测"", ""node_params"": {""output_attrs"": true, ""output_predictions"": true, ""output_probabilities"": true}, ""matched"": true}, {""node_id"": ""2588"", ""widget_name"": ""Save Data"", ""node_name"": ""保存预测结果"", ""node_params"": {}, ""matched"": true}]}","{""dependency_requirements"": [{""edge_id"": ""2129"", ""source_node_id"": ""2586"", ""target_node_id"": ""2587""}, {""edge_id"": ""2130"", ""source_node_id"": ""2587"", ""target_node_id"": ""2588""}, {""edge_id"": ""2131"", ""source_node_id"": ""2583"", ""target_node_id"": ""2589""}, {""edge_id"": ""2133"", ""source_node_id"": ""2582"", ""target_node_id"": ""2586""}], ""step_requirements"": [{""node_id"": ""2582"", ""algorithm_step_name"": ""Tabular Dataset Loading"", ""node_name"": ""酒店预定训练数据"", ""node_params"": {""table_name"": ""reservation_cancellation_train"", ""target_column"": ""booking_status""}, ""contrast_level"": 2, ""node_type"": ""io""}, {""node_id"": ""2583"", ""algorithm_step_name"": ""Tabular Dataset Loading"", ""node_name"": ""酒店预定测试数据"", ""node_params"": {""table_name"": ""reservation_cancellation_test"", ""target_column"": ""booking_status""}, ""contrast_level"": 2, ""node_type"": ""io""}, {""node_id"": ""2586"", ""algorithm_step_name"": ""LightGBM"", ""node_name"": ""LightGBM模型"", ""node_params"": {}, ""contrast_level"": 1, ""node_type"": ""model""}, {""node_id"": ""2587"", ""algorithm_step_name"": ""Test Dataset Predictions"", ""node_name"": ""预测"", ""node_params"": {""output_attrs"": true, ""output_predictions"": true, ""output_probabilities"": true}, ""contrast_level"": 2, ""node_type"": ""predict""}, {""node_id"": ""2588"", ""algorithm_step_name"": ""Save Data"", ""node_name"": ""保存预测结果"", ""node_params"": {}, ""contrast_level"": 2, ""node_type"": ""io""}]}",0.6667
你的目标是通过与肥胖相关的各种因素，如饮食、生活方式等数据，训练一个模型来预测个体的肥胖风险等级。特征工程处理时，我需要你进行特征构建和特征选择。,1.0,13594,"{""edges"": [{""edge_id"": ""10906"", ""source_node_id"": ""2594"", ""target_node_id"": ""2597""}, {""edge_id"": ""10907"", ""source_node_id"": ""2597"", ""target_node_id"": ""2598""}, {""edge_id"": ""10908"", ""source_node_id"": ""2598"", ""target_node_id"": ""2599""}], ""nodes"": [{""node_id"": ""2594"", ""widget_name"": ""SQL Table"", ""node_name"": ""肥胖相关训练数据"", ""node_params"": {""table_name"": ""obesity_cvd_risk_train"", ""target_column"": ""NObeyesdad""}, ""matched"": true}, {""node_id"": ""2597"", ""widget_name"": ""Feature Constructor"", ""node_name"": ""特征构建"", ""node_params"": {""expressions"": [{""key"": 0, ""name"": ""BMI"", ""expression"": ""Weight / (Height ** 2)"", ""type"": ""2"", ""image"": ""N"", ""categories"": ""A, B""}]}, ""matched"": true}, {""node_id"": ""2598"", ""widget_name"": ""Select Best N Attributes"", ""node_name"": ""特征选择"", ""node_params"": {""n"": 3}, ""matched"": true}, {""node_id"": ""2599"", ""widget_name"": ""LightGBM"", ""node_name"": ""LightGBM分类器"", ""node_params"": {""boosting_type"": ""gbdt"", ""n_estimators"": 10, ""learning_rate"": 0.1, ""sampling_rate"": 0.1, ""max_depth_check"": false, ""max_depth"": 3, ""num_leaves_check"": false, ""num_leaves"": 31}, ""matched"": true}]}","{""dependency_requirements"": [{""edge_id"": ""2139"", ""source_node_id"": ""2594"", ""target_node_id"": ""2597""}, {""edge_id"": ""2140"", ""source_node_id"": ""2597"", ""target_node_id"": ""2598""}, {""edge_id"": ""2141"", ""source_node_id"": ""2598"", ""target_node_id"": ""2599""}], ""step_requirements"": [{""node_id"": ""2594"", ""algorithm_step_name"": ""Tabular Dataset Loading"", ""node_name"": ""肥胖风险训练数据"", ""node_params"": {""table_name"": ""obesity_cvd_risk_train"", ""target_column"": ""NObeyesdad""}, ""contrast_level"": 2, ""node_type"": ""io""}, {""node_id"": ""2597"", ""algorithm_step_name"": ""Feature Construction"", ""node_name"": ""特征构建处理"", ""node_params"": {}, ""contrast_level"": 1, ""node_type"": ""feature engineering""}, {""node_id"": ""2598"", ""algorithm_step_name"": ""Feature Selection"", ""node_name"": ""自动特征选择处理"", ""node_params"": {}, ""contrast_level"": 1, ""node_type"": ""feature engineering""}, {""node_id"": ""2599"", ""algorithm_step_name"": ""XGBoost"", ""node_name"": ""XGBoost分类器"", ""node_params"": {}, ""contrast_level"": 0, ""node_type"": ""model""}]}",1.0
你的目标是构建一个机器学习模型，用于预测肝硬化患者的生存状态。我需要你在处理完数据集之后将数据集划分为训练集和验证集，以便最后用划分的训练数据对模型进行训练，用验证数据对模型进行评估。,1.0,22669,"{""edges"": [{""edge_id"": ""10909"", ""source_node_id"": ""2607"", ""target_node_id"": ""13945""}, {""edge_id"": ""10910"", ""source_node_id"": ""13945"", ""target_node_id"": ""2610""}, {""edge_id"": ""10911"", ""source_node_id"": ""2610"", ""target_node_id"": ""2611""}, {""edge_id"": ""10912"", ""source_node_id"": ""2610"", ""target_node_id"": ""2612""}, {""edge_id"": ""10914"", ""source_node_id"": ""2611"", ""target_node_id"": ""2612""}], ""nodes"": [{""node_id"": ""2607"", ""widget_name"": ""SQL Table"", ""node_name"": ""肝硬化患者数据"", ""node_params"": {""table_name"": ""cirrhosis_patient_train"", ""target_column"": ""Status""}, ""matched"": true}, {""node_id"": ""13945"", ""widget_name"": ""One Hot Encoder"", ""node_name"": ""特征独热编码"", ""node_params"": {""encode_vars"": [""Drug"", ""Sex"", ""Ascites"", ""Hepatomegaly"", ""Spiders"", ""Edema""]}, ""matched"": false}, {""node_id"": ""2610"", ""widget_name"": ""Data Sampler"", ""node_name"": ""数据划分"", ""node_params"": {""sampling_type"": 2, ""percentage"": 10, ""n_samples"": 15, ""replacement"": false, ""n_folds"": 5, ""selected_folds"": 1, ""replicable"": false, ""stratified"": false}, ""matched"": true}, {""node_id"": ""2611"", ""widget_name"": ""Logistic Regression"", ""node_name"": ""逻辑回归模型"", ""node_params"": {""C"": 1, ""penalty"": ""l2""}, ""matched"": true}, {""node_id"": ""2612"", ""widget_name"": ""Test & Score"", ""node_name"": ""模型评估"", ""node_params"": {}, ""matched"": true}]}","{""dependency_requirements"": [{""edge_id"": ""2148"", ""source_node_id"": ""2607"", ""target_node_id"": ""2610""}, {""edge_id"": ""2152"", ""source_node_id"": ""2610"", ""target_node_id"": ""2611""}, {""edge_id"": ""2152"", ""source_node_id"": ""2610"", ""target_node_id"": ""2612""}, {""edge_id"": ""2154"", ""source_node_id"": ""2611"", ""target_node_id"": ""2612""}], ""step_requirements"": [{""node_id"": ""2607"", ""algorithm_step_name"": ""Tabular Dataset Loading"", ""node_name"": ""肝硬化患者生存状态训练数据"", ""node_params"": {""table_name"": ""cirrhosis_patient_train"", ""target_column"": ""Status""}, ""contrast_level"": 2, ""node_type"": ""io""}, {""node_id"": ""2610"", ""algorithm_step_name"": ""Dataset Division"", ""node_name"": ""数据划分"", ""node_params"": {}, ""contrast_level"": 1, ""node_type"": ""preprocess""}, {""node_id"": ""2611"", ""algorithm_step_name"": ""XGBoost"", ""node_name"": ""XGBoost分类器"", ""node_params"": {}, ""contrast_level"": 0, ""node_type"": ""model""}, {""node_id"": ""2612"", ""algorithm_step_name"": ""Model Evaluate"", ""node_name"": ""评估"", ""node_params"": {}, ""contrast_level"": 2, ""node_type"": ""evaluate""}]}",0.8889
根据马匹健康状况的各项指标检测数据，预测马匹的健康状况。我需要你使用训练数据集训练模型，然后用模型预测测试数据，最后将预测结果保存。,1.0,36235,"{""edges"": [{""edge_id"": ""10915"", ""source_node_id"": ""2635"", ""target_node_id"": ""13950""}, {""edge_id"": ""10916"", ""source_node_id"": ""13950"", ""target_node_id"": ""13951""}, {""edge_id"": ""10917"", ""source_node_id"": ""2636"", ""target_node_id"": ""13953""}, {""edge_id"": ""10918"", ""source_node_id"": ""13953"", ""target_node_id"": ""13954""}, {""edge_id"": ""10919"", ""source_node_id"": ""13951"", ""target_node_id"": ""2642""}, {""edge_id"": ""10920"", ""source_node_id"": ""13954"", ""target_node_id"": ""2643""}, {""edge_id"": ""10921"", ""source_node_id"": ""2642"", ""target_node_id"": ""2643""}, {""edge_id"": ""10922"", ""source_node_id"": ""2643"", ""target_node_id"": ""2644""}], ""nodes"": [{""node_id"": ""2635"", ""widget_name"": ""SQL Table"", ""node_name"": ""马匹健康状况训练数据"", ""node_params"": {""table_name"": ""horse_health_outcomes_train"", ""target_column"": ""outcome""}, ""matched"": true}, {""node_id"": ""13950"", ""widget_name"": ""Impute"", ""node_name"": ""缺失值处理"", ""node_params"": {""method"": 1}, ""matched"": false}, {""node_id"": ""13951"", ""widget_name"": ""One Hot Encoder"", ""node_name"": ""独热编码处理"", ""node_params"": {""encode_vars"": [""peripheral_pulse"", ""mucous_membrane"", ""capillary_refill_time""]}, ""matched"": false}, {""node_id"": ""2636"", ""widget_name"": ""SQL Table"", ""node_name"": ""马匹健康状况测试数据"", ""node_params"": {""table_name"": ""horse_health_outcomes_test"", ""target_column"": ""outcome""}, ""matched"": true}, {""node_id"": ""13953"", ""widget_name"": ""Impute"", ""node_name"": ""测试数据缺失值处理"", ""node_params"": {""method"": 1}, ""matched"": false}, {""node_id"": ""13954"", ""widget_name"": ""One Hot Encoder"", ""node_name"": ""测试数据独热编码处理"", ""node_params"": {""encode_vars"": [""peripheral_pulse"", ""mucous_membrane"", ""capillary_refill_time""]}, ""matched"": false}, {""node_id"": ""2642"", ""widget_name"": ""Logistic Regression"", ""node_name"": ""逻辑回归模型"", ""node_params"": {""C"": 1, ""penalty"": ""l2""}, ""matched"": true}, {""node_id"": ""2643"", ""widget_name"": ""Predictions"", ""node_name"": ""预测"", ""node_params"": {""output_attrs"": true, ""output_predictions"": true, ""output_probabilities"": true}, ""matched"": true}, {""node_id"": ""2644"", ""widget_name"": ""Save Data"", ""node_name"": ""保存预测结果"", ""node_params"": {}, ""matched"": true}]}","{""dependency_requirements"": [{""edge_id"": ""2178"", ""source_node_id"": ""2635"", ""target_node_id"": ""2642""}, {""edge_id"": ""2179"", ""source_node_id"": ""2636"", ""target_node_id"": ""2643""}, {""edge_id"": ""2185"", ""source_node_id"": ""2642"", ""target_node_id"": ""2643""}, {""edge_id"": ""2186"", ""source_node_id"": ""2643"", ""target_node_id"": ""2644""}], ""step_requirements"": [{""node_id"": ""2635"", ""algorithm_step_name"": ""Tabular Dataset Loading"", ""node_name"": ""马匹健康状况训练数据"", ""node_params"": {""table_name"": ""horse_health_outcomes_train"", ""target_column"": ""outcome""}, ""contrast_level"": 2, ""node_type"": ""io""}, {""node_id"": ""2636"", ""algorithm_step_name"": ""Tabular Dataset Loading"", ""node_name"": ""马匹健康状况测试数据"", ""node_params"": {""table_name"": ""horse_health_outcomes_test"", ""target_column"": ""outcome""}, ""contrast_level"": 2, ""node_type"": ""io""}, {""node_id"": ""2642"", ""algorithm_step_name"": ""Decision Tree Model"", ""node_name"": ""健康状态预测模型"", ""node_params"": {}, ""contrast_level"": 0, ""node_type"": ""model""}, {""node_id"": ""2643"", ""algorithm_step_name"": ""Test Dataset Predictions"", ""node_name"": ""健康状况预测"", ""node_params"": {""output_attrs"": true, ""output_predictions"": true, ""output_probabilities"": true}, ""contrast_level"": 2, ""node_type"": ""predict""}, {""node_id"": ""2644"", ""algorithm_step_name"": ""Save Data"", ""node_name"": ""保存预测结果到文件"", ""node_params"": {}, ""contrast_level"": 1, ""node_type"": ""io""}]}",0.7143
我需要你使用怪物的相关指标数据，构建一个能够区分怪物类型的机器学习模型。然后，用这个模型对测试数据进行预测，最后把预测结果保存下来。,1.0,22308,"{""edges"": [{""edge_id"": ""10923"", ""source_node_id"": ""2685"", ""target_node_id"": ""13960""}, {""edge_id"": ""10924"", ""source_node_id"": ""2686"", ""target_node_id"": ""13961""}, {""edge_id"": ""10925"", ""source_node_id"": ""13960"", ""target_node_id"": ""2690""}, {""edge_id"": ""10926"", ""source_node_id"": ""13961"", ""target_node_id"": ""2691""}, {""edge_id"": ""10927"", ""source_node_id"": ""2690"", ""target_node_id"": ""2691""}, {""edge_id"": ""10928"", ""source_node_id"": ""2691"", ""target_node_id"": ""2692""}], ""nodes"": [{""node_id"": ""2685"", ""widget_name"": ""SQL Table"", ""node_name"": ""怪物相关指标训练数据"", ""node_params"": {""table_name"": ""monster_train"", ""target_column"": ""type""}, ""matched"": true}, {""node_id"": ""2686"", ""widget_name"": ""SQL Table"", ""node_name"": ""怪物相关指标测试数据"", ""node_params"": {""table_name"": ""monster_test"", ""target_column"": ""type""}, ""matched"": true}, {""node_id"": ""13960"", ""widget_name"": ""One Hot Encoder"", ""node_name"": ""训练数据独热编码"", ""node_params"": {""encode_vars"": [""color""]}, ""matched"": false}, {""node_id"": ""13961"", ""widget_name"": ""One Hot Encoder"", ""node_name"": ""测试数据独热编码"", ""node_params"": {""encode_vars"": [""color""]}, ""matched"": false}, {""node_id"": ""2690"", ""widget_name"": ""Logistic Regression"", ""node_name"": ""逻辑回归模型"", ""node_params"": {""C"": 1, ""penalty"": ""l2""}, ""matched"": true}, {""node_id"": ""2691"", ""widget_name"": ""Predictions"", ""node_name"": ""预测"", ""node_params"": {""output_attrs"": true, ""output_predictions"": true, ""output_probabilities"": true}, ""matched"": true}, {""node_id"": ""2692"", ""widget_name"": ""Save Data"", ""node_name"": ""保存预测结果"", ""node_params"": {}, ""matched"": true}]}","{""dependency_requirements"": [{""edge_id"": ""2210"", ""source_node_id"": ""2685"", ""target_node_id"": ""2690""}, {""edge_id"": ""2211"", ""source_node_id"": ""2686"", ""target_node_id"": ""2691""}, {""edge_id"": ""2212"", ""source_node_id"": ""2690"", ""target_node_id"": ""2691""}, {""edge_id"": ""2214"", ""source_node_id"": ""2691"", ""target_node_id"": ""2692""}], ""step_requirements"": [{""node_id"": ""2685"", ""algorithm_step_name"": ""Tabular Dataset Loading"", ""node_name"": ""怪物类型训练数据"", ""node_params"": {""table_name"": ""monster_train"", ""target_column"": ""type""}, ""contrast_level"": 2, ""node_type"": ""io""}, {""node_id"": ""2686"", ""algorithm_step_name"": ""Tabular Dataset Loading"", ""node_name"": ""怪物类型测试数据"", ""node_params"": {""table_name"": ""monster_test"", ""target_column"": ""type""}, ""contrast_level"": 2, ""node_type"": ""io""}, {""node_id"": ""2690"", ""algorithm_step_name"": ""Decision Tree Model"", ""node_name"": ""怪物类型决策树模型"", ""node_params"": {}, ""contrast_level"": 0, ""node_type"": ""model""}, {""node_id"": ""2691"", ""algorithm_step_name"": ""Test Dataset Predictions"", ""node_name"": ""预测"", ""node_params"": {""output_attrs"": true, ""output_predictions"": true, ""output_probabilities"": true}, ""contrast_level"": 2, ""node_type"": ""predict""}, {""node_id"": ""2692"", ""algorithm_step_name"": ""Save Data"", ""node_name"": ""保存预测结果"", ""node_params"": {}, ""contrast_level"": 2, ""node_type"": ""io""}]}",0.8333
你的目标是根据旧金山所有社区近12年的犯罪训练数据和测试数据，首先使用训练数据训练一个模型，该模型能够预测犯罪类别。然后，用这个模型对测试数据集进行预测，最后把预测结果保存下来。,1.0,24598,"{""edges"": [{""edge_id"": ""10929"", ""source_node_id"": ""2693"", ""target_node_id"": ""13967""}, {""edge_id"": ""10930"", ""source_node_id"": ""2694"", ""target_node_id"": ""13968""}, {""edge_id"": ""10931"", ""source_node_id"": ""13967"", ""target_node_id"": ""2700""}, {""edge_id"": ""10932"", ""source_node_id"": ""13968"", ""target_node_id"": ""2698""}, {""edge_id"": ""10933"", ""source_node_id"": ""2700"", ""target_node_id"": ""2698""}, {""edge_id"": ""10934"", ""source_node_id"": ""2698"", ""target_node_id"": ""2699""}], ""nodes"": [{""node_id"": ""2693"", ""widget_name"": ""SQL Table"", ""node_name"": ""旧金山社区近12年犯罪训练数据"", ""node_params"": {""table_name"": ""crime_category_train"", ""target_column"": ""category""}, ""matched"": true}, {""node_id"": ""2694"", ""widget_name"": ""SQL Table"", ""node_name"": ""旧金山社区近12年犯罪测试数据"", ""node_params"": {""table_name"": ""crime_category_test"", ""target_column"": ""category""}, ""matched"": true}, {""node_id"": ""13967"", ""widget_name"": ""One Hot Encoder"", ""node_name"": ""训练数据独热编码"", ""node_params"": {""encode_vars"": [""dayOfWeek"", ""pdDistrict""]}, ""matched"": false}, {""node_id"": ""13968"", ""widget_name"": ""One Hot Encoder"", ""node_name"": ""测试数据独热编码"", ""node_params"": {""encode_vars"": [""dayOfWeek"", ""pdDistrict""]}, ""matched"": false}, {""node_id"": ""2700"", ""widget_name"": ""Random Forest"", ""node_name"": ""随机森林模型"", ""node_params"": {""n_estimators"": 10, ""use_max_features"": false, ""max_features"": ""auto"", ""use_random_state"": false, ""use_max_depth"": false, ""max_depth"": 3, ""use_min_samples_split"": true, ""min_samples_split"": 2}, ""matched"": true}, {""node_id"": ""2698"", ""widget_name"": ""Predictions"", ""node_name"": ""预测"", ""node_params"": {""output_attrs"": true, ""output_predictions"": true, ""output_probabilities"": true}, ""matched"": true}, {""node_id"": ""2699"", ""widget_name"": ""Save Data"", ""node_name"": ""保存预测结果"", ""node_params"": {}, ""matched"": true}]}","{""dependency_requirements"": [{""edge_id"": ""2216"", ""source_node_id"": ""2693"", ""target_node_id"": ""2700""}, {""edge_id"": ""2217"", ""source_node_id"": ""2694"", ""target_node_id"": ""2698""}, {""edge_id"": ""2219"", ""source_node_id"": ""2700"", ""target_node_id"": ""2698""}, {""edge_id"": ""2221"", ""source_node_id"": ""2698"", ""target_node_id"": ""2699""}], ""step_requirements"": [{""node_id"": ""2693"", ""algorithm_step_name"": ""Tabular Dataset Loading"", ""node_name"": ""旧金山社区犯罪报告训练数据"", ""node_params"": {""table_name"": ""crime_category_train"", ""target_column"": ""category""}, ""contrast_level"": 2, ""node_type"": ""io""}, {""node_id"": ""2694"", ""algorithm_step_name"": ""Tabular Dataset Loading"", ""node_name"": ""旧金山社区犯罪报告测试数据"", ""node_params"": {""table_name"": ""crime_category_test"", ""target_column"": ""category""}, ""contrast_level"": 2, ""node_type"": ""io""}, {""node_id"": ""2700"", ""algorithm_step_name"": ""XGBoost"", ""node_name"": ""XGBoost"", ""node_params"": {}, ""contrast_level"": 0, ""node_type"": ""model""}, {""node_id"": ""2698"", ""algorithm_step_name"": ""Test Dataset Predictions"", ""node_name"": ""犯罪类别预测"", ""node_params"": {""output_attrs"": true, ""output_predictions"": true, ""output_probabilities"": true}, ""contrast_level"": 2, ""node_type"": ""predict""}, {""node_id"": ""2699"", ""algorithm_step_name"": ""Save Data"", ""node_name"": ""保存犯罪类别预测结果"", ""node_params"": {}, ""contrast_level"": 2, ""node_type"": ""io""}]}",0.8333
请你构建一个模型，用于根据鲍鱼的各种物理测量数据来预测它的年龄。进行独热编码之后对数据集进行划分，最后用划分的数据对训练好的模型进行评估。,0.9,25119,"{""edges"": [{""edge_id"": ""10935"", ""source_node_id"": ""2747"", ""target_node_id"": ""2748""}, {""edge_id"": ""10936"", ""source_node_id"": ""2748"", ""target_node_id"": ""2749""}, {""edge_id"": ""10937"", ""source_node_id"": ""2748"", ""target_node_id"": ""2750""}, {""edge_id"": ""10938"", ""source_node_id"": ""2750"", ""target_node_id"": ""13976""}, {""edge_id"": ""10940"", ""source_node_id"": ""2749"", ""target_node_id"": ""2751""}, {""edge_id"": ""10942"", ""source_node_id"": ""2750"", ""target_node_id"": ""2751""}], ""nodes"": [{""node_id"": ""2747"", ""widget_name"": ""SQL Table"", ""node_name"": ""鲍鱼训练数据"", ""node_params"": {""table_name"": ""abalone_train"", ""target_column"": ""rings""}, ""matched"": true}, {""node_id"": ""2748"", ""widget_name"": ""One Hot Encoder"", ""node_name"": ""独热编码处理"", ""node_params"": {""encode_vars"": [""sex""]}, ""matched"": true}, {""node_id"": ""2749"", ""widget_name"": ""Data Sampler"", ""node_name"": ""数据划分"", ""node_params"": {""sampling_type"": 2, ""percentage"": 10, ""n_samples"": 15, ""replacement"": false, ""n_folds"": 2, ""selected_folds"": 1, ""replicable"": false, ""stratified"": false}, ""matched"": true}, {""node_id"": ""2750"", ""widget_name"": ""Random Forest"", ""node_name"": ""随机森林模型"", ""node_params"": {""n_estimators"": 10, ""use_max_features"": false, ""max_features"": ""auto"", ""use_random_state"": false, ""use_max_depth"": false, ""max_depth"": 3, ""use_min_samples_split"": true, ""min_samples_split"": 2}, ""matched"": true}, {""node_id"": ""13976"", ""widget_name"": ""Predictions"", ""node_name"": ""预测"", ""node_params"": {""output_attrs"": true, ""output_predictions"": true, ""output_probabilities"": false}, ""matched"": false}, {""node_id"": ""2751"", ""widget_name"": ""Test & Score"", ""node_name"": ""测试评分"", ""node_params"": {}, ""matched"": true}]}","{""dependency_requirements"": [{""edge_id"": ""2266"", ""source_node_id"": ""2747"", ""target_node_id"": ""2748""}, {""edge_id"": ""2267"", ""source_node_id"": ""2748"", ""target_node_id"": ""2749""}, {""edge_id"": ""2268"", ""source_node_id"": ""2749"", ""target_node_id"": ""2750""}, {""edge_id"": ""2269"", ""source_node_id"": ""2749"", ""target_node_id"": ""2751""}, {""edge_id"": ""2271"", ""source_node_id"": ""2750"", ""target_node_id"": ""2751""}], ""step_requirements"": [{""node_id"": ""2747"", ""algorithm_step_name"": ""Tabular Dataset Loading"", ""node_name"": ""鲍鱼物理测量训练数据"", ""node_params"": {""table_name"": ""abalone_train"", ""target_column"": ""rings""}, ""contrast_level"": 2, ""node_type"": ""io""}, {""node_id"": ""2748"", ""algorithm_step_name"": ""One Hot Encoding"", ""node_name"": ""独热编码处理"", ""node_params"": {}, ""contrast_level"": 1, ""node_type"": ""feature engineering""}, {""node_id"": ""2749"", ""algorithm_step_name"": ""Dataset Division"", ""node_name"": ""数据划分"", ""node_params"": {}, ""contrast_level"": 1, ""node_type"": ""preprocess""}, {""node_id"": ""2750"", ""algorithm_step_name"": ""XGBoost"", ""node_name"": ""XGBoost回归器"", ""node_params"": {}, ""contrast_level"": 0, ""node_type"": ""model""}, {""node_id"": ""2751"", ""algorithm_step_name"": ""Model Evaluate"", ""node_name"": ""模型评估"", ""node_params"": {}, ""contrast_level"": 2, ""node_type"": ""evaluate""}]}",0.7273
您的任务是训练一个神经网络模型，用于根据矿物莫氏硬度的相关特性，预测矿物的莫氏硬度数值。我希望你的激活函数使用双曲正切函数，优化方法使用随机梯度下降。,0.0,6154,"{""edges"": [{""edge_id"": ""10943"", ""source_node_id"": ""13978"", ""target_node_id"": ""13979""}], ""nodes"": [{""node_id"": ""13978"", ""widget_name"": ""Text"", ""node_name"": ""矿物相关特性文本数据"", ""node_params"": {}, ""matched"": false}, {""node_id"": ""13979"", ""widget_name"": ""Text Classification"", ""node_name"": ""文本分类模型"", ""node_params"": {""frame"": ""pytorch"", ""select_model"": ""BERT"", ""epoch"": 3, ""learning_rate"": 0.01, ""batch_size"": 4}, ""matched"": false}]}","{""dependency_requirements"": [{""edge_id"": ""2303"", ""source_node_id"": ""2772"", ""target_node_id"": ""2774""}], ""step_requirements"": [{""node_id"": ""2772"", ""algorithm_step_name"": ""Tabular Dataset Loading"", ""node_name"": ""矿物硬度训练数据"", ""node_params"": {""table_name"": ""mohs_hardness_train"", ""target_column"": ""Hardness""}, ""contrast_level"": 2, ""node_type"": ""io""}, {""node_id"": ""2774"", ""algorithm_step_name"": ""Neural Network"", ""node_name"": ""神经网络模型"", ""node_params"": {""hidden_layers_input"": ""100,"", ""activation"": ""2"", ""solver"": ""1"", ""alpha"": 0.0001, ""maxItera"": 200, ""replicable"": true}, ""contrast_level"": 2, ""node_type"": ""model""}]}",0.0
你的任务是使用螃蟹年龄的训练数据集去建立一个随机森林模型来预测螃蟹的年龄。然后，用这个模型对螃蟹年龄的测试数据集进行预测，最后把预测结果保存下来。数据集需要进行独热编码,1.0,30860,"{""edges"": [{""edge_id"": ""10944"", ""source_node_id"": ""2710"", ""target_node_id"": ""13982""}, {""edge_id"": ""10945"", ""source_node_id"": ""2711"", ""target_node_id"": ""13983""}, {""edge_id"": ""10946"", ""source_node_id"": ""13982"", ""target_node_id"": ""2712""}, {""edge_id"": ""10947"", ""source_node_id"": ""13983"", ""target_node_id"": ""2713""}, {""edge_id"": ""10948"", ""source_node_id"": ""2712"", ""target_node_id"": ""2714""}, {""edge_id"": ""10949"", ""source_node_id"": ""2713"", ""target_node_id"": ""2715""}, {""edge_id"": ""10950"", ""source_node_id"": ""2714"", ""target_node_id"": ""2715""}, {""edge_id"": ""10951"", ""source_node_id"": ""2715"", ""target_node_id"": ""2716""}], ""nodes"": [{""node_id"": ""2710"", ""widget_name"": ""SQL Table"", ""node_name"": ""螃蟹年龄训练数据"", ""node_params"": {""table_name"": ""crab_age_train"", ""target_column"": ""Age""}, ""matched"": true}, {""node_id"": ""2711"", ""widget_name"": ""SQL Table"", ""node_name"": ""螃蟹年龄测试数据"", ""node_params"": {""table_name"": ""crab_age_test"", ""target_column"": ""Age""}, ""matched"": true}, {""node_id"": ""13982"", ""widget_name"": ""Edit Domain"", ""node_name"": ""训练数据编辑域"", ""node_params"": {""column_name"": ""Sex"", ""valueMappings"": ""[{\""key\"": 0, \""originValue\"": \""I\"", \""currentValue\"": \""0\""}, {\""key\"": 1, \""originValue\"": \""F\"", \""currentValue\"": \""1\""}, {\""key\"": 2, \""originValue\"": \""M\"", \""currentValue\"": \""2\""}]""}, ""matched"": false}, {""node_id"": ""13983"", ""widget_name"": ""Edit Domain"", ""node_name"": ""测试数据编辑域"", ""node_params"": {""column_name"": ""Sex"", ""valueMappings"": ""[{\""key\"": 0, \""originValue\"": \""I\"", \""currentValue\"": \""0\""}, {\""key\"": 1, \""originValue\"": \""F\"", \""currentValue\"": \""1\""}, {\""key\"": 2, \""originValue\"": \""M\"", \""currentValue\"": \""2\""}]""}, ""matched"": false}, {""node_id"": ""2712"", ""widget_name"": ""One Hot Encoder"", ""node_name"": ""训练数据独热编码"", ""node_params"": {""encode_vars"": [""Sex""]}, ""matched"": true}, {""node_id"": ""2713"", ""widget_name"": ""One Hot Encoder"", ""node_name"": ""测试数据独热编码"", ""node_params"": {""encode_vars"": [""Sex""]}, ""matched"": true}, {""node_id"": ""2714"", ""widget_name"": ""Random Forest"", ""node_name"": ""随机森林模型"", ""node_params"": {""n_estimators"": 10, ""use_max_features"": false, ""max_features"": ""auto"", ""use_random_state"": false, ""use_max_depth"": false, ""max_depth"": 3, ""use_min_samples_split"": true, ""min_samples_split"": 2}, ""matched"": true}, {""node_id"": ""2715"", ""widget_name"": ""Predictions"", ""node_name"": ""预测"", ""node_params"": {""output_attrs"": true, ""output_predictions"": true, ""output_probabilities"": false}, ""matched"": true}, {""node_id"": ""2716"", ""widget_name"": ""Save Data"", ""node_name"": ""保存预测结果"", ""node_params"": {}, ""matched"": true}]}","{""dependency_requirements"": [{""edge_id"": ""2233"", ""source_node_id"": ""2710"", ""target_node_id"": ""2712""}, {""edge_id"": ""2234"", ""source_node_id"": ""2711"", ""target_node_id"": ""2713""}, {""edge_id"": ""2235"", ""source_node_id"": ""2712"", ""target_node_id"": ""2714""}, {""edge_id"": ""2236"", ""source_node_id"": ""2713"", ""target_node_id"": ""2715""}, {""edge_id"": ""2237"", ""source_node_id"": ""2714"", ""target_node_id"": ""2715""}, {""edge_id"": ""2238"", ""source_node_id"": ""2715"", ""target_node_id"": ""2716""}], ""step_requirements"": [{""node_id"": ""2710"", ""algorithm_step_name"": ""Tabular Dataset Loading"", ""node_name"": ""螃蟹年龄训练数据"", ""node_params"": {""table_name"": ""crab_age_train"", ""target_column"": ""Age""}, ""contrast_level"": 2, ""node_type"": ""io""}, {""node_id"": ""2711"", ""algorithm_step_name"": ""Tabular Dataset Loading"", ""node_name"": ""螃蟹年龄测试数据"", ""node_params"": {""table_name"": ""crab_age_test"", ""target_column"": ""Age""}, ""contrast_level"": 2, ""node_type"": ""io""}, {""node_id"": ""2712"", ""algorithm_step_name"": ""One Hot Encoding"", ""node_name"": ""训练数据独热编码"", ""node_params"": {}, ""contrast_level"": 1, ""node_type"": ""feature engineering""}, {""node_id"": ""2713"", ""algorithm_step_name"": ""One Hot Encoding"", ""node_name"": ""测试数据独热编码"", ""node_params"": {}, ""contrast_level"": 1, ""node_type"": ""feature engineering""}, {""node_id"": ""2714"", ""algorithm_step_name"": ""Random Forest"", ""node_name"": ""随机森林模型"", ""node_params"": {}, ""contrast_level"": 1, ""node_type"": ""model""}, {""node_id"": ""2715"", ""algorithm_step_name"": ""Test Dataset Predictions"", ""node_name"": ""预测结果"", ""node_params"": {""output_attrs"": true, ""output_predictions"": true, ""output_probabilities"": false}, ""contrast_level"": 2, ""node_type"": ""predict""}, {""node_id"": ""2716"", ""algorithm_step_name"": ""Save Data"", ""node_name"": ""保存预测结果"", ""node_params"": {}, ""contrast_level"": 2, ""node_type"": ""io""}]}",0.875
您的任务是构建一个机器学习模型，帮助我预测野生蓝莓的产量。特征工程的处理方法为：特征构建和特征选择。特征工程处理之后还需要对数据进行抽样处理，最后用抽样的数据对训练好的模型进行评估。,0.8182,24244,"{""edges"": [{""edge_id"": ""10952"", ""source_node_id"": ""13989"", ""target_node_id"": ""2776""}, {""edge_id"": ""10953"", ""source_node_id"": ""2776"", ""target_node_id"": ""2780""}, {""edge_id"": ""10954"", ""source_node_id"": ""2780"", ""target_node_id"": ""2777""}, {""edge_id"": ""10955"", ""source_node_id"": ""2777"", ""target_node_id"": ""2778""}, {""edge_id"": ""10956"", ""source_node_id"": ""2777"", ""target_node_id"": ""2779""}], ""nodes"": [{""node_id"": ""13989"", ""widget_name"": ""SQL Table"", ""node_name"": ""训练数据"", ""node_params"": {""table_name"": ""obesity_cvd_risk_train"", ""target_column"": ""NObeyesdad""}, ""matched"": false}, {""node_id"": ""2776"", ""widget_name"": ""Feature Constructor"", ""node_name"": ""特征构建"", ""node_params"": {""expressions"": []}, ""matched"": true}, {""node_id"": ""2780"", ""widget_name"": ""Select Best N Attributes"", ""node_name"": ""特征选择"", ""node_params"": {""n"": 3}, ""matched"": true}, {""node_id"": ""2777"", ""widget_name"": ""Data Sampler"", ""node_name"": ""数据抽样"", ""node_params"": {""sampling_type"": 0, ""percentage"": 20, ""n_samples"": 15, ""replacement"": false, ""n_folds"": 10, ""selected_folds"": 1, ""replicable"": false, ""stratified"": false}, ""matched"": true}, {""node_id"": ""2778"", ""widget_name"": ""VAR Model"", ""node_name"": ""VAR时序预测模型"", ""node_params"": {""forecast_steps"": 3}, ""matched"": true}, {""node_id"": ""2779"", ""widget_name"": ""Test & Score"", ""node_name"": ""模型评估"", ""node_params"": {}, ""matched"": true}]}","{""dependency_requirements"": [{""edge_id"": ""2304"", ""source_node_id"": ""2775"", ""target_node_id"": ""2776""}, {""edge_id"": ""2305"", ""source_node_id"": ""2780"", ""target_node_id"": ""2777""}, {""edge_id"": ""2306"", ""source_node_id"": ""2777"", ""target_node_id"": ""2778""}, {""edge_id"": ""2307"", ""source_node_id"": ""2777"", ""target_node_id"": ""2779""}, {""edge_id"": ""2309"", ""source_node_id"": ""2778"", ""target_node_id"": ""2779""}, {""edge_id"": ""2310"", ""source_node_id"": ""2776"", ""target_node_id"": ""2780""}], ""step_requirements"": [{""node_id"": ""2775"", ""algorithm_step_name"": ""Tabular Dataset Loading"", ""node_name"": ""野生蓝莓产量训练数据"", ""node_params"": {""table_name"": ""wild_blueberry_yield_train"", ""target_column"": ""yield""}, ""contrast_level"": 2, ""node_type"": ""io""}, {""node_id"": ""2776"", ""algorithm_step_name"": ""Feature Construction"", ""node_name"": ""特征构建"", ""node_params"": {}, ""contrast_level"": 1, ""node_type"": ""feature engineering""}, {""node_id"": ""2777"", ""algorithm_step_name"": ""Dataset Division"", ""node_name"": ""数据划分"", ""node_params"": {}, ""contrast_level"": 1, ""node_type"": ""preprocess""}, {""node_id"": ""2778"", ""algorithm_step_name"": ""XGBoost"", ""node_name"": ""XGBoost回归器"", ""node_params"": {}, ""contrast_level"": 0, ""node_type"": ""model""}, {""node_id"": ""2779"", ""algorithm_step_name"": ""Model Evaluate"", ""node_name"": ""模型评估"", ""node_params"": {}, ""contrast_level"": 2, ""node_type"": ""evaluate""}, {""node_id"": ""2780"", ""algorithm_step_name"": ""Feature Selection"", ""node_name"": ""Select Best N Attributes"", ""node_params"": {}, ""contrast_level"": 1, ""node_type"": ""feature engineering""}]}",0.6667
您的任务是根据媒体宣传成本的训练数据去构建一个机器学习模型，帮助我们预测食品超市的媒体宣传成本。然后，用这个模型对媒体宣传成本的测试数据集进行预测，最后把预测结果保存下来。,1.0,25242,"{""edges"": [{""edge_id"": ""10958"", ""source_node_id"": ""2740"", ""target_node_id"": ""13997""}, {""edge_id"": ""10959"", ""source_node_id"": ""2741"", ""target_node_id"": ""13998""}, {""edge_id"": ""10960"", ""source_node_id"": ""13997"", ""target_node_id"": ""2745""}, {""edge_id"": ""10961"", ""source_node_id"": ""13998"", ""target_node_id"": ""2743""}, {""edge_id"": ""10962"", ""source_node_id"": ""2745"", ""target_node_id"": ""2743""}, {""edge_id"": ""10963"", ""source_node_id"": ""2743"", ""target_node_id"": ""2744""}], ""nodes"": [{""node_id"": ""2740"", ""widget_name"": ""SQL Table"", ""node_name"": ""媒体宣传成本训练数据"", ""node_params"": {""table_name"": ""media_campaign_cost_train"", ""target_column"": ""cost""}, ""matched"": true}, {""node_id"": ""2741"", ""widget_name"": ""SQL Table"", ""node_name"": ""媒体宣传成本测试数据"", ""node_params"": {""table_name"": ""media_campaign_cost_test"", ""target_column"": ""cost""}, ""matched"": true}, {""node_id"": ""13997"", ""widget_name"": ""One Hot Encoder"", ""node_name"": ""训练数据独热编码"", ""node_params"": {""encode_vars"": [""recyclable_package"", ""low_fat"", ""coffee_bar"", ""video_store"", ""salad_bar"", ""prepared_food"", ""florist""]}, ""matched"": false}, {""node_id"": ""13998"", ""widget_name"": ""One Hot Encoder"", ""node_name"": ""测试数据独热编码"", ""node_params"": {""encode_vars"": [""recyclable_package"", ""low_fat"", ""coffee_bar"", ""video_store"", ""salad_bar"", ""prepared_food"", ""florist""]}, ""matched"": false}, {""node_id"": ""2745"", ""widget_name"": ""Random Forest"", ""node_name"": ""随机森林模型"", ""node_params"": {""n_estimators"": 10, ""use_max_features"": false, ""max_features"": ""auto"", ""use_random_state"": false, ""use_max_depth"": false, ""max_depth"": 3, ""use_min_samples_split"": true, ""min_samples_split"": 2}, ""matched"": true}, {""node_id"": ""2743"", ""widget_name"": ""Predictions"", ""node_name"": ""预测"", ""node_params"": {""output_attrs"": true, ""output_predictions"": true, ""output_probabilities"": false}, ""matched"": true}, {""node_id"": ""2744"", ""widget_name"": ""Save Data"", ""node_name"": ""保存预测结果"", ""node_params"": {}, ""matched"": true}]}","{""dependency_requirements"": [{""edge_id"": ""2261"", ""source_node_id"": ""2741"", ""target_node_id"": ""2743""}, {""edge_id"": ""2262"", ""source_node_id"": ""2740"", ""target_node_id"": ""2745""}, {""edge_id"": ""2263"", ""source_node_id"": ""2745"", ""target_node_id"": ""2743""}, {""edge_id"": ""2264"", ""source_node_id"": ""2743"", ""target_node_id"": ""2744""}], ""step_requirements"": [{""node_id"": ""2740"", ""algorithm_step_name"": ""Tabular Dataset Loading"", ""node_name"": ""食品超市媒体宣传成本训练数据"", ""node_params"": {""table_name"": ""media_campaign_cost_train"", ""target_column"": ""cost""}, ""contrast_level"": 2, ""node_type"": ""io""}, {""node_id"": ""2741"", ""algorithm_step_name"": ""Tabular Dataset Loading"", ""node_name"": ""食品超市媒体宣传成本测试数据"", ""node_params"": {""table_name"": ""media_campaign_cost_test"", ""target_column"": ""cost""}, ""contrast_level"": 2, ""node_type"": ""io""}, {""node_id"": ""2743"", ""algorithm_step_name"": ""Test Dataset Predictions"", ""node_name"": ""预测"", ""node_params"": {""output_attrs"": true, ""output_predictions"": true, ""output_probabilities"": false}, ""contrast_level"": 2, ""node_type"": ""predict""}, {""node_id"": ""2744"", ""algorithm_step_name"": ""Save Data"", ""node_name"": ""保存预测结果"", ""node_params"": {}, ""contrast_level"": 2, ""node_type"": ""io""}, {""node_id"": ""2745"", ""algorithm_step_name"": ""XGBoost"", ""node_name"": ""XGBoost"", ""node_params"": {}, ""contrast_level"": 0, ""node_type"": ""model""}]}",0.8333
你的任务是加载历史的标准普尔500指数构建一个时序预测模型，该模型可以根据历史的标准普尔500指数来预测未来的S&P500的值。最后，你需要可视化普尔500指数的走势。,1.0,14015,"{""edges"": [{""edge_id"": ""11153"", ""source_node_id"": ""2812"", ""target_node_id"": ""14307""}, {""edge_id"": ""11154"", ""source_node_id"": ""14307"", ""target_node_id"": ""2813""}, {""edge_id"": ""11155"", ""source_node_id"": ""2812"", ""target_node_id"": ""2814""}, {""edge_id"": ""11156"", ""source_node_id"": ""2813"", ""target_node_id"": ""2814""}], ""nodes"": [{""node_id"": ""2812"", ""widget_name"": ""SQL Table"", ""node_name"": ""标准普尔500指数历史训练数据"", ""node_params"": {""table_name"": ""sp500_index"", ""target_column"": ""SP500""}, ""matched"": true}, {""node_id"": ""14307"", ""widget_name"": ""One Hot Encoder"", ""node_name"": ""独热编码处理"", ""node_params"": {""encode_vars"": [""date""]}, ""matched"": false}, {""node_id"": ""2813"", ""widget_name"": ""VAR Model"", ""node_name"": ""VAR时序预测模型"", ""node_params"": {""forecast_steps"": 1}, ""matched"": true}, {""node_id"": ""2814"", ""widget_name"": ""Line Chart"", ""node_name"": ""折线图"", ""node_params"": {}, ""matched"": true}]}","{""dependency_requirements"": [{""edge_id"": ""2333"", ""source_node_id"": ""2812"", ""target_node_id"": ""2813""}, {""edge_id"": ""2334"", ""source_node_id"": ""2812"", ""target_node_id"": ""2814""}, {""edge_id"": ""2335"", ""source_node_id"": ""2813"", ""target_node_id"": ""2814""}], ""step_requirements"": [{""node_id"": ""2812"", ""algorithm_step_name"": ""Tabular Dataset Loading"", ""node_name"": ""标准普尔500指数历史数据"", ""node_params"": {""table_name"": ""sp500_index"", ""target_column"": ""SP500""}, ""contrast_level"": 2, ""node_type"": ""io""}, {""node_id"": ""2813"", ""algorithm_step_name"": ""VAR Model"", ""node_name"": ""VAR时序预测模型"", ""node_params"": {}, ""contrast_level"": 0, ""node_type"": ""model""}, {""node_id"": ""2814"", ""algorithm_step_name"": ""Line Chart"", ""node_name"": ""折线图"", ""node_params"": {}, ""contrast_level"": 2, ""node_type"": ""visualize""}]}",0.8571
帮我训练一个ARIMA时序预测模型，它能够根据前一年每个月的电量销售数据，预测下一年每个月的电量销售额。,0.5,13503,"{""edges"": [], ""nodes"": [{""node_id"": ""2816"", ""widget_name"": ""ARIMA Model"", ""node_name"": ""ARIMA时序预测模型"", ""node_params"": {""forecast_steps"": 12}, ""matched"": true}]}","{""dependency_requirements"": [{""edge_id"": ""2336"", ""source_node_id"": ""2815"", ""target_node_id"": ""2816""}], ""step_requirements"": [{""node_id"": ""2815"", ""algorithm_step_name"": ""Tabular Dataset Loading"", ""node_name"": ""电量销售训练数据"", ""node_params"": {""table_name"": ""electricity_sales"", ""target_column"": ""sales""}, ""contrast_level"": 2, ""node_type"": ""io""}, {""node_id"": ""2816"", ""algorithm_step_name"": ""ARIMA Model"", ""node_name"": ""ARIMA时序预测模型"", ""node_params"": {""forecast_steps"": 12}, ""contrast_level"": 2, ""node_type"": ""model""}]}",0.6667
你的任务是根据前一年每个月大气中二氧化碳的月平均浓度，训练一个VAR时序预测模型，预测下一年每个月大气中二氧化碳的月平均浓度。最后，将预测结果保存。,0.75,19232,"{""edges"": [{""edge_id"": ""11159"", ""source_node_id"": ""2824"", ""target_node_id"": ""2825""}], ""nodes"": [{""node_id"": ""2824"", ""widget_name"": ""VAR Model"", ""node_name"": ""VAR时序预测模型"", ""node_params"": {""forecast_steps"": 12}, ""matched"": true}, {""node_id"": ""2825"", ""widget_name"": ""Save Data"", ""node_name"": ""保存预测结果"", ""node_params"": {}, ""matched"": true}]}","{""dependency_requirements"": [{""edge_id"": ""2342"", ""source_node_id"": ""2823"", ""target_node_id"": ""2824""}, {""edge_id"": ""2343"", ""source_node_id"": ""2824"", ""target_node_id"": ""2825""}], ""step_requirements"": [{""node_id"": ""2823"", ""algorithm_step_name"": ""Tabular Dataset Loading"", ""node_name"": ""二氧化碳浓度训练数据"", ""node_params"": {""table_name"": ""atmospheric_carbon_dioxide"", ""target_column"": ""Average""}, ""contrast_level"": 2, ""node_type"": ""io""}, {""node_id"": ""2824"", ""algorithm_step_name"": ""VAR Model"", ""node_name"": ""VAR时序预测模型"", ""node_params"": {""forecast_steps"": 12}, ""contrast_level"": 2, ""node_type"": ""model""}, {""node_id"": ""2825"", ""algorithm_step_name"": ""Save Data"", ""node_name"": ""保存预测结果"", ""node_params"": {}, ""contrast_level"": 2, ""node_type"": ""io""}]}",0.8
我需要你帮我构建一个模型，帮助我快速判断一篇新闻是真新闻还是假新闻。我希望你最后展示一下训练日志。,1.0,7127,"{""edges"": [{""edge_id"": ""11160"", ""source_node_id"": ""2831"", ""target_node_id"": ""2832""}, {""edge_id"": ""11161"", ""source_node_id"": ""2832"", ""target_node_id"": ""2833""}], ""nodes"": [{""node_id"": ""2831"", ""widget_name"": ""Text"", ""node_name"": ""新闻文本数据集"", ""node_params"": {}, ""matched"": true}, {""node_id"": ""2832"", ""widget_name"": ""Text Classification"", ""node_name"": ""文本分类模型"", ""node_params"": {""frame"": ""pytorch"", ""select_model"": ""BERT"", ""epoch"": 3, ""learning_rate"": 0.01, ""batch_size"": 4}, ""matched"": true}, {""node_id"": ""2833"", ""widget_name"": ""Train Log"", ""node_name"": ""训练日志"", ""node_params"": {}, ""matched"": true}]}","{""dependency_requirements"": [{""edge_id"": ""2346"", ""source_node_id"": ""2831"", ""target_node_id"": ""2832""}, {""edge_id"": ""2347"", ""source_node_id"": ""2832"", ""target_node_id"": ""2833""}], ""step_requirements"": [{""node_id"": ""2831"", ""algorithm_step_name"": ""Text Dataset Loading"", ""node_name"": ""真假新闻数据加载"", ""node_params"": {}, ""contrast_level"": 2, ""node_type"": ""io""}, {""node_id"": ""2832"", ""algorithm_step_name"": ""Text Classification Model"", ""node_name"": ""新闻分类模型"", ""node_params"": {}, ""contrast_level"": 1, ""node_type"": ""model""}, {""node_id"": ""2833"", ""algorithm_step_name"": ""Train Log"", ""node_name"": ""训练日志"", ""node_params"": {}, ""contrast_level"": 2, ""node_type"": ""visualize""}]}",1.0
你的任务是帮我训练一个模型，用于进行情感分类。训练轮数设置为5轮，学习率使用0.001。,1.0,4491,"{""edges"": [{""edge_id"": ""11162"", ""source_node_id"": ""2834"", ""target_node_id"": ""2835""}], ""nodes"": [{""node_id"": ""2834"", ""widget_name"": ""Text"", ""node_name"": ""情感分类数据集"", ""node_params"": {}, ""matched"": true}, {""node_id"": ""2835"", ""widget_name"": ""Text Classification"", ""node_name"": ""文本分类模型"", ""node_params"": {""frame"": ""pytorch"", ""select_model"": ""BERT"", ""epoch"": 5, ""learning_rate"": 0.001, ""batch_size"": 4}, ""matched"": true}]}","{""dependency_requirements"": [{""edge_id"": ""2348"", ""source_node_id"": ""2834"", ""target_node_id"": ""2835""}], ""step_requirements"": [{""node_id"": ""2834"", ""algorithm_step_name"": ""Text Dataset Loading"", ""node_name"": ""情感分类数据加载"", ""node_params"": {}, ""contrast_level"": 2, ""node_type"": ""io""}, {""node_id"": ""2835"", ""algorithm_step_name"": ""Text Classification Model"", ""node_name"": ""情感分类模型"", ""node_params"": {""frame"": ""pytorch"", ""select_model"": ""BERT"", ""epoch"": 5, ""learning_rate"": 0.001, ""batch_size"": 4}, ""contrast_level"": 2, ""node_type"": ""model""}]}",1.0
我需要你帮我训练一个垃圾邮件检测模型，用于判断一封邮件是否为垃圾邮件。训练框架使用Tensorflow,0.5,5336,"{""edges"": [{""edge_id"": ""11163"", ""source_node_id"": ""2836"", ""target_node_id"": ""14323""}], ""nodes"": [{""node_id"": ""2836"", ""widget_name"": ""Text"", ""node_name"": ""邮件内容加载节点"", ""node_params"": {}, ""matched"": true}, {""node_id"": ""14323"", ""widget_name"": ""Text Classification"", ""node_name"": ""文本分类模型"", ""node_params"": {""frame"": ""Tensorflow"", ""select_model"": ""BERT"", ""epoch"": 3, ""learning_rate"": 0.01, ""batch_size"": 4}, ""matched"": false}]}","{""dependency_requirements"": [{""edge_id"": ""2349"", ""source_node_id"": ""2836"", ""target_node_id"": ""2837""}], ""step_requirements"": [{""node_id"": ""2836"", ""algorithm_step_name"": ""Text Dataset Loading"", ""node_name"": ""垃圾邮件与非垃圾邮件数据加载"", ""node_params"": {}, ""contrast_level"": 2, ""node_type"": ""io""}, {""node_id"": ""2837"", ""algorithm_step_name"": ""Text Classification Model"", ""node_name"": ""文本分类模型"", ""node_params"": {""frame"": ""tensorflow"", ""select_model"": ""BERT"", ""epoch"": 3, ""learning_rate"": 0.01, ""batch_size"": 4}, ""contrast_level"": 2, ""node_type"": ""model""}]}",0.5
为了解全国各地麦当劳店的顾客体验和意见，我需要你帮我训练一个模型，用于根据用户提交的网上评论，判断客户的满意等级。最后添加一个预测步骤。,1.0,8211,"{""edges"": [{""edge_id"": ""11164"", ""source_node_id"": ""2841"", ""target_node_id"": ""2842""}, {""edge_id"": ""11165"", ""source_node_id"": ""2842"", ""target_node_id"": ""2843""}], ""nodes"": [{""node_id"": ""2841"", ""widget_name"": ""Text"", ""node_name"": ""麦当劳店顾客评论"", ""node_params"": {}, ""matched"": true}, {""node_id"": ""2842"", ""widget_name"": ""Text Classification"", ""node_name"": ""文本分类模型"", ""node_params"": {""frame"": ""pytorch"", ""select_model"": ""BERT"", ""epoch"": 3, ""learning_rate"": 0.01, ""batch_size"": 4}, ""matched"": true}, {""node_id"": ""2843"", ""widget_name"": ""Infer"", ""node_name"": ""预测"", ""node_params"": {}, ""matched"": true}]}","{""dependency_requirements"": [{""edge_id"": ""2351"", ""source_node_id"": ""2841"", ""target_node_id"": ""2842""}, {""edge_id"": ""2352"", ""source_node_id"": ""2842"", ""target_node_id"": ""2843""}], ""step_requirements"": [{""node_id"": ""2841"", ""algorithm_step_name"": ""Text Dataset Loading"", ""node_name"": ""顾客评论数据加载节点"", ""node_params"": {}, ""contrast_level"": 2, ""node_type"": ""io""}, {""node_id"": ""2842"", ""algorithm_step_name"": ""Text Classification Model"", ""node_name"": ""文本分类模型"", ""node_params"": {}, ""contrast_level"": 1, ""node_type"": ""model""}, {""node_id"": ""2843"", ""algorithm_step_name"": ""Test Dataset Predictions"", ""node_name"": ""预测步骤"", ""node_params"": {}, ""contrast_level"": 2, ""node_type"": ""predict""}]}",1.0
BBC新闻文章涵盖体育、商业、政治、科技和娱乐等多个领域。你的任务是训练一个文本分类模型，用于对新闻内容进行主题分类。训练框架使用pytorch，训练轮数设置为7轮，学习率使用0.05。,1.0,4588,"{""edges"": [{""edge_id"": ""11166"", ""source_node_id"": ""2834"", ""target_node_id"": ""2835""}], ""nodes"": [{""node_id"": ""2834"", ""widget_name"": ""Text"", ""node_name"": ""BBC新闻文章"", ""node_params"": {}, ""matched"": true}, {""node_id"": ""2835"", ""widget_name"": ""Text Classification"", ""node_name"": ""文本分类模型"", ""node_params"": {""frame"": ""pytorch"", ""select_model"": ""BERT"", ""epoch"": 7, ""learning_rate"": 0.05, ""batch_size"": 4}, ""matched"": true}]}","{""dependency_requirements"": [{""edge_id"": ""2348"", ""source_node_id"": ""2834"", ""target_node_id"": ""2835""}], ""step_requirements"": [{""node_id"": ""2834"", ""algorithm_step_name"": ""Text Dataset Loading"", ""node_name"": ""BBC新闻文章"", ""node_params"": {}, ""contrast_level"": 2, ""node_type"": ""io""}, {""node_id"": ""2835"", ""algorithm_step_name"": ""Text Classification Model"", ""node_name"": ""文本分类模型"", ""node_params"": {""frame"": ""pytorch"", ""select_model"": ""BERT"", ""epoch"": 7, ""learning_rate"": 0.05, ""batch_size"": 4}, ""contrast_level"": 2, ""node_type"": ""model""}]}",1.0
你的任务是帮我训练一个能够将英文转换为法语的Seq2Seq模型，训练框架使用pytorch，训练轮数设置为9轮，学习率使用0.05。,1.0,6423,"{""edges"": [{""edge_id"": ""11167"", ""source_node_id"": ""2845"", ""target_node_id"": ""2846""}], ""nodes"": [{""node_id"": ""2845"", ""widget_name"": ""Text"", ""node_name"": ""英文到法文翻译数据集"", ""node_params"": {}, ""matched"": true}, {""node_id"": ""2846"", ""widget_name"": ""Translation"", ""node_name"": ""Seq2Seq模型"", ""node_params"": {""frame"": ""pytorch"", ""select_model"": ""Seq2Seq"", ""epoch"": 9, ""learning_rate"": 0.05, ""batch_size"": 4}, ""matched"": true}]}","{""dependency_requirements"": [{""edge_id"": ""2353"", ""source_node_id"": ""2845"", ""target_node_id"": ""2846""}], ""step_requirements"": [{""node_id"": ""2845"", ""algorithm_step_name"": ""Text Dataset Loading"", ""node_name"": ""英文-法语翻译数据集加载节点"", ""node_params"": {}, ""contrast_level"": 2, ""node_type"": ""io""}, {""node_id"": ""2846"", ""algorithm_step_name"": ""Text Translation Model"", ""node_name"": ""Seq2Seq模型训练"", ""node_params"": {""frame"": ""pytorch"", ""select_model"": ""Seq2Seq"", ""epoch"": 9, ""learning_rate"": 0.05, ""batch_size"": 4}, ""contrast_level"": 2, ""node_type"": ""model""}]}",1.0
你的任务是帮我训练一个翻译器，它能够将德语翻译为英语。训练框架使用Tensorflow，训练轮数设置为5轮，学习率使用0.03。,1.0,4987,"{""edges"": [{""edge_id"": ""11168"", ""source_node_id"": ""2845"", ""target_node_id"": ""2846""}], ""nodes"": [{""node_id"": ""2845"", ""widget_name"": ""Text"", ""node_name"": ""德语到英语翻译数据集"", ""node_params"": {}, ""matched"": true}, {""node_id"": ""2846"", ""widget_name"": ""Translation"", ""node_name"": ""机器翻译模型"", ""node_params"": {""frame"": ""tensorflow"", ""select_model"": ""Seq2Seq"", ""epoch"": 5, ""learning_rate"": 0.03, ""batch_size"": 4}, ""matched"": true}]}","{""dependency_requirements"": [{""edge_id"": ""2353"", ""source_node_id"": ""2845"", ""target_node_id"": ""2846""}], ""step_requirements"": [{""node_id"": ""2845"", ""algorithm_step_name"": ""Text Dataset Loading"", ""node_name"": ""英文-法语翻译数据集加载节点"", ""node_params"": {}, ""contrast_level"": 2, ""node_type"": ""io""}, {""node_id"": ""2846"", ""algorithm_step_name"": ""Text Translation Model"", ""node_name"": ""Seq2Seq模型训练"", ""node_params"": {""frame"": ""tensorflow"", ""select_model"": ""Seq2Seq"", ""epoch"": 5, ""learning_rate"": 0.03, ""batch_size"": 4}, ""contrast_level"": 2, ""node_type"": ""model""}]}",1.0
帮我训练一个能够将汉语翻译为英文的翻译器。训练的bath size使用2。,1.0,4290,"{""edges"": [{""edge_id"": ""11169"", ""source_node_id"": ""2845"", ""target_node_id"": ""2846""}], ""nodes"": [{""node_id"": ""2845"", ""widget_name"": ""Text"", ""node_name"": ""文本加载节点"", ""node_params"": {}, ""matched"": true}, {""node_id"": ""2846"", ""widget_name"": ""Translation"", ""node_name"": ""机器翻译模型"", ""node_params"": {""frame"": ""pytorch"", ""select_model"": ""Seq2Seq"", ""epoch"": 3, ""learning_rate"": 0.01, ""batch_size"": 2}, ""matched"": true}]}","{""dependency_requirements"": [{""edge_id"": ""2353"", ""source_node_id"": ""2845"", ""target_node_id"": ""2846""}], ""step_requirements"": [{""node_id"": ""2845"", ""algorithm_step_name"": ""Text Dataset Loading"", ""node_name"": ""英文-法语翻译数据集加载节点"", ""node_params"": {}, ""contrast_level"": 2, ""node_type"": ""io""}, {""node_id"": ""2846"", ""algorithm_step_name"": ""Text Translation Model"", ""node_name"": ""Seq2Seq模型训练"", ""node_params"": {""frame"": ""pytorch"", ""select_model"": ""Seq2Seq"", ""epoch"": 3, ""learning_rate"": 0.01, ""batch_size"": 2}, ""contrast_level"": 2, ""node_type"": ""model""}]}",1.0
我这里有很多骨折和非骨折X光图像，涵盖人体所有解剖区域，包括下肢、上肢、腰部、髋部、膝盖等。你的任务是用这些图片帮我训练一个ConvNeXt模型，用于根据X光图像识别其是否骨折。,1.0,4633,"{""edges"": [{""edge_id"": ""11170"", ""source_node_id"": ""2849"", ""target_node_id"": ""2850""}], ""nodes"": [{""node_id"": ""2849"", ""widget_name"": ""Image"", ""node_name"": ""骨折和非骨折图像加载节点"", ""node_params"": {}, ""matched"": true}, {""node_id"": ""2850"", ""widget_name"": ""Image Classification"", ""node_name"": ""ConvNeXt模型"", ""node_params"": {""frame"": ""pytorch"", ""select_model"": ""ConvNeXt"", ""epoch"": 3, ""learning_rate"": 0.01, ""batch_size"": 2}, ""matched"": true}]}","{""dependency_requirements"": [{""edge_id"": ""2354"", ""source_node_id"": ""2849"", ""target_node_id"": ""2850""}], ""step_requirements"": [{""node_id"": ""2849"", ""algorithm_step_name"": ""Image Dataset Loading"", ""node_name"": ""X光图像加载节点"", ""node_params"": {}, ""contrast_level"": 2, ""node_type"": ""io""}, {""node_id"": ""2850"", ""algorithm_step_name"": ""Image Classification Model"", ""node_name"": ""骨折识别模型"", ""node_params"": {""frame"": ""pytorch"", ""select_model"": ""ConvNeXt"", ""epoch"": 3, ""learning_rate"": 0.01, ""batch_size"": 2}, ""contrast_level"": 2, ""node_type"": ""model""}]}",1.0
你的工作是将一个ViT模型训练到能通过动物图片准确判断动物种类的程度。训练参数可以使用：epoch=11，学习率为0.001，batch_size为4,1.0,4777,"{""edges"": [{""edge_id"": ""11171"", ""source_node_id"": ""2849"", ""target_node_id"": ""2850""}], ""nodes"": [{""node_id"": ""2849"", ""widget_name"": ""Image"", ""node_name"": ""图像加载节点"", ""node_params"": {}, ""matched"": true}, {""node_id"": ""2850"", ""widget_name"": ""Image Classification"", ""node_name"": ""ViT模型"", ""node_params"": {""frame"": ""pytorch"", ""select_model"": ""ViT"", ""epoch"": 11, ""learning_rate"": 0.001, ""batch_size"": 4}, ""matched"": true}]}","{""dependency_requirements"": [{""edge_id"": ""2354"", ""source_node_id"": ""2849"", ""target_node_id"": ""2850""}], ""step_requirements"": [{""node_id"": ""2849"", ""algorithm_step_name"": ""Image Dataset Loading"", ""node_name"": ""X光图像加载节点"", ""node_params"": {}, ""contrast_level"": 2, ""node_type"": ""io""}, {""node_id"": ""2850"", ""algorithm_step_name"": ""Image Classification Model"", ""node_name"": ""骨折识别模型"", ""node_params"": {""frame"": ""pytorch"", ""select_model"": ""ViT"", ""epoch"": 11, ""learning_rate"": 0.001, ""batch_size"": 4}, ""contrast_level"": 2, ""node_type"": ""model""}]}",1.0
帮我训练一个ResNet152模型，用于区分悲伤和快乐的人脸图像。,1.0,4113,"{""edges"": [{""edge_id"": ""11172"", ""source_node_id"": ""2849"", ""target_node_id"": ""2850""}], ""nodes"": [{""node_id"": ""2849"", ""widget_name"": ""Image"", ""node_name"": ""悲伤和快乐人脸图像加载节点"", ""node_params"": {}, ""matched"": true}, {""node_id"": ""2850"", ""widget_name"": ""Image Classification"", ""node_name"": ""ResNet152模型"", ""node_params"": {""frame"": ""pytorch"", ""select_model"": ""ResNet152"", ""epoch"": 3, ""learning_rate"": 0.01, ""batch_size"": 2}, ""matched"": true}]}","{""dependency_requirements"": [{""edge_id"": ""2354"", ""source_node_id"": ""2849"", ""target_node_id"": ""2850""}], ""step_requirements"": [{""node_id"": ""2849"", ""algorithm_step_name"": ""Image Dataset Loading"", ""node_name"": ""X光图像加载节点"", ""node_params"": {}, ""contrast_level"": 2, ""node_type"": ""io""}, {""node_id"": ""2850"", ""algorithm_step_name"": ""Image Classification Model"", ""node_name"": ""骨折识别模型"", ""node_params"": {""frame"": ""pytorch"", ""select_model"": ""ResNet152"", ""epoch"": 3, ""learning_rate"": 0.01, ""batch_size"": 2}, ""contrast_level"": 2, ""node_type"": ""model""}]}",1.0
你的任务是训练一个ConvNeXt-small模型，用于X射线图像的识别，判断一张图片是否为X射线。训练的轮数使用15轮,1.0,4221,"{""edges"": [{""edge_id"": ""11173"", ""source_node_id"": ""2849"", ""target_node_id"": ""2850""}], ""nodes"": [{""node_id"": ""2849"", ""widget_name"": ""Image"", ""node_name"": ""X射线图像加载节点"", ""node_params"": {}, ""matched"": true}, {""node_id"": ""2850"", ""widget_name"": ""Image Classification"", ""node_name"": ""ConvNeXt-small模型"", ""node_params"": {""frame"": ""pytorch"", ""select_model"": ""ConvNeXt-small"", ""epoch"": 15, ""learning_rate"": 0.01, ""batch_size"": 2}, ""matched"": true}]}","{""dependency_requirements"": [{""edge_id"": ""2354"", ""source_node_id"": ""2849"", ""target_node_id"": ""2850""}], ""step_requirements"": [{""node_id"": ""2849"", ""algorithm_step_name"": ""Image Dataset Loading"", ""node_name"": ""X光图像加载节点"", ""node_params"": {}, ""contrast_level"": 2, ""node_type"": ""io""}, {""node_id"": ""2850"", ""algorithm_step_name"": ""Image Classification Model"", ""node_name"": ""骨折识别模型"", ""node_params"": {""frame"": ""pytorch"", ""select_model"": ""ConvNeXt-small"", ""epoch"": 15, ""learning_rate"": 0.01, ""batch_size"": 2}, ""contrast_level"": 2, ""node_type"": ""model""}]}",1.0
你的任务是训练一个检测植物病害的ResNet34模型，它能够根据植物图片判断植物患了哪一类病。,1.0,4758,"{""edges"": [{""edge_id"": ""11174"", ""source_node_id"": ""2849"", ""target_node_id"": ""2850""}], ""nodes"": [{""node_id"": ""2849"", ""widget_name"": ""Image"", ""node_name"": ""植物病害图像加载节点"", ""node_params"": {}, ""matched"": true}, {""node_id"": ""2850"", ""widget_name"": ""Image Classification"", ""node_name"": ""ResNet34模型"", ""node_params"": {""frame"": ""pytorch"", ""select_model"": ""ResNet34"", ""epoch"": 3, ""learning_rate"": 0.01, ""batch_size"": 2}, ""matched"": true}]}","{""dependency_requirements"": [{""edge_id"": ""2354"", ""source_node_id"": ""2849"", ""target_node_id"": ""2850""}], ""step_requirements"": [{""node_id"": ""2849"", ""algorithm_step_name"": ""Image Dataset Loading"", ""node_name"": ""X光图像加载节点"", ""node_params"": {}, ""contrast_level"": 2, ""node_type"": ""io""}, {""node_id"": ""2850"", ""algorithm_step_name"": ""Image Classification Model"", ""node_name"": ""骨折识别模型"", ""node_params"": {""frame"": ""pytorch"", ""select_model"": ""ResNet34"", ""epoch"": 3, ""learning_rate"": 0.01, ""batch_size"": 2}, ""contrast_level"": 2, ""node_type"": ""model""}]}",1.0
你的任务是训练一个yolov3模型，用于识别图片中有哪些车辆，以及车辆在图中的位置。你需要给我展示训练日志，最后还要添加一个预测步骤。,1.0,10113,"{""edges"": [{""edge_id"": ""11175"", ""source_node_id"": ""2852"", ""target_node_id"": ""2853""}, {""edge_id"": ""11176"", ""source_node_id"": ""2853"", ""target_node_id"": ""2854""}, {""edge_id"": ""11177"", ""source_node_id"": ""2853"", ""target_node_id"": ""2855""}], ""nodes"": [{""node_id"": ""2852"", ""widget_name"": ""Image"", ""node_name"": ""车辆图像加载节点"", ""node_params"": {}, ""matched"": true}, {""node_id"": ""2853"", ""widget_name"": ""Object Detection"", ""node_name"": ""目标检测模型"", ""node_params"": {""frame"": ""pytorch"", ""select_model"": ""yolov3"", ""backbone"": ""DarkNet53"", ""epoch"": 3, ""learning_rate"": 0.01, ""batch_size"": 2}, ""matched"": true}, {""node_id"": ""2854"", ""widget_name"": ""Train Log"", ""node_name"": ""训练日志"", ""node_params"": {}, ""matched"": true}, {""node_id"": ""2855"", ""widget_name"": ""Infer"", ""node_name"": ""预测"", ""node_params"": {}, ""matched"": true}]}","{""dependency_requirements"": [{""edge_id"": ""2355"", ""source_node_id"": ""2852"", ""target_node_id"": ""2853""}, {""edge_id"": ""2356"", ""source_node_id"": ""2853"", ""target_node_id"": ""2854""}, {""edge_id"": ""2357"", ""source_node_id"": ""2853"", ""target_node_id"": ""2855""}], ""step_requirements"": [{""node_id"": ""2852"", ""algorithm_step_name"": ""Image Dataset Loading"", ""node_name"": ""车辆图像加载节点"", ""node_params"": {}, ""contrast_level"": 2, ""node_type"": ""io""}, {""node_id"": ""2853"", ""algorithm_step_name"": ""Object Detection Model"", ""node_name"": ""目标检测模型"", ""node_params"": {""frame"": ""pytorch"", ""select_model"": ""yolov3"", ""backbone"": ""DarkNet53"", ""epoch"": 3, ""learning_rate"": 0.01, ""batch_size"": 2}, ""contrast_level"": 2, ""node_type"": ""model""}, {""node_id"": ""2854"", ""algorithm_step_name"": ""Train Log"", ""node_name"": ""训练日志"", ""node_params"": {}, ""contrast_level"": 2, ""node_type"": ""visualize""}, {""node_id"": ""2855"", ""algorithm_step_name"": ""Test Dataset Predictions"", ""node_name"": ""预测"", ""node_params"": {}, ""contrast_level"": 2, ""node_type"": ""predict""}]}",1.0
您需要训练一个SSD模型，此模型将基于MobileNetV2架构，以识别图像中的牛仔装及配饰，包括牛仔夹克、墨镜、靴子和腰带等。,1.0,5165,"{""edges"": [{""edge_id"": ""11178"", ""source_node_id"": ""2860"", ""target_node_id"": ""2861""}], ""nodes"": [{""node_id"": ""2860"", ""widget_name"": ""Image"", ""node_name"": ""穿着牛仔装及配饰图像加载节点"", ""node_params"": {}, ""matched"": true}, {""node_id"": ""2861"", ""widget_name"": ""Object Detection"", ""node_name"": ""目标检测模型"", ""node_params"": {""frame"": ""pytorch"", ""select_model"": ""SSD"", ""backbone"": ""MobileNetV2"", ""epoch"": 3, ""learning_rate"": 0.01, ""batch_size"": 2}, ""matched"": true}]}","{""dependency_requirements"": [{""edge_id"": ""2360"", ""source_node_id"": ""2860"", ""target_node_id"": ""2861""}], ""step_requirements"": [{""node_id"": ""2860"", ""algorithm_step_name"": ""Image Dataset Loading"", ""node_name"": ""图像加载节点"", ""node_params"": {}, ""contrast_level"": 2, ""node_type"": ""io""}, {""node_id"": ""2861"", ""algorithm_step_name"": ""Object Detection Model"", ""node_name"": ""目标检测模型"", ""node_params"": {""frame"": ""pytorch"", ""select_model"": ""SSD"", ""backbone"": ""MobileNetV2"", ""epoch"": 3, ""learning_rate"": 0.01, ""batch_size"": 2}, ""contrast_level"": 2, ""node_type"": ""model""}]}",1.0
训练一个深度学习模型，该模型能够接收包含交通标志的图像作为输入，并输出每个交通标志的类别以及其在图像中的精确边界框坐标。在训练过程中，请将epoch设置为5，学习率设置为0.001。,1.0,4781,"{""edges"": [{""edge_id"": ""11179"", ""source_node_id"": ""2866"", ""target_node_id"": ""2867""}], ""nodes"": [{""node_id"": ""2866"", ""widget_name"": ""Image"", ""node_name"": ""交通标志图像加载节点"", ""node_params"": {}, ""matched"": true}, {""node_id"": ""2867"", ""widget_name"": ""Object Detection"", ""node_name"": ""目标检测模型"", ""node_params"": {""frame"": ""pytorch"", ""select_model"": ""yolov3"", ""backbone"": ""DarkNet53"", ""epoch"": 5, ""learning_rate"": 0.001, ""batch_size"": 2}, ""matched"": true}]}","{""dependency_requirements"": [{""edge_id"": ""2363"", ""source_node_id"": ""2866"", ""target_node_id"": ""2867""}], ""step_requirements"": [{""node_id"": ""2866"", ""algorithm_step_name"": ""Image Dataset Loading"", ""node_name"": ""图像加载节点"", ""node_params"": {}, ""contrast_level"": 2, ""node_type"": ""io""}, {""node_id"": ""2867"", ""algorithm_step_name"": ""Object Detection Model"", ""node_name"": ""目标检测模型"", ""node_params"": {""frame"": ""pytorch"", ""select_model"": ""yolov3"", ""backbone"": ""DarkNet53"", ""epoch"": 5, ""learning_rate"": 0.001, ""batch_size"": 2}, ""contrast_level"": 2, ""node_type"": ""model""}]}",1.0
开发并训练一个FasterRCNN模型，该模型能够接收医学影像（如MRI或CT扫描）作为输入，并能够在图像中精确地识别和定位脑肿瘤。模型应输出每个检测到的脑肿瘤的边界框坐标以及肿瘤的类别（如有必要，区分不同类型的肿瘤）。,1.0,5141,"{""edges"": [{""edge_id"": ""11180"", ""source_node_id"": ""2866"", ""target_node_id"": ""2867""}], ""nodes"": [{""node_id"": ""2866"", ""widget_name"": ""Image"", ""node_name"": ""医学影像加载节点"", ""node_params"": {}, ""matched"": true}, {""node_id"": ""2867"", ""widget_name"": ""Object Detection"", ""node_name"": ""目标检测模型"", ""node_params"": {""frame"": ""pytorch"", ""select_model"": ""FasterRCNN"", ""backbone"": ""DarkNet53"", ""epoch"": 3, ""learning_rate"": 0.01, ""batch_size"": 2}, ""matched"": true}]}","{""dependency_requirements"": [{""edge_id"": ""2363"", ""source_node_id"": ""2866"", ""target_node_id"": ""2867""}], ""step_requirements"": [{""node_id"": ""2866"", ""algorithm_step_name"": ""Image Dataset Loading"", ""node_name"": ""图像加载节点"", ""node_params"": {}, ""contrast_level"": 2, ""node_type"": ""io""}, {""node_id"": ""2867"", ""algorithm_step_name"": ""Object Detection Model"", ""node_name"": ""目标检测模型"", ""node_params"": {""frame"": ""pytorch"", ""select_model"": ""FasterRCNN"", ""backbone"": ""DarkNet53"", ""epoch"": 3, ""learning_rate"": 0.01, ""batch_size"": 2}, ""contrast_level"": 2, ""node_type"": ""model""}]}",1.0
您的任务是训练一个模型，使用10个epoch和0.001的学习率，训练好的模型应该能够根据海洋监控图像识别和定位渔船，从而支持监控捕鱼活动和预防过度捕捞。,1.0,4711,"{""edges"": [{""edge_id"": ""11181"", ""source_node_id"": ""2866"", ""target_node_id"": ""2867""}], ""nodes"": [{""node_id"": ""2866"", ""widget_name"": ""Image"", ""node_name"": ""海洋监控图像加载节点"", ""node_params"": {}, ""matched"": true}, {""node_id"": ""2867"", ""widget_name"": ""Object Detection"", ""node_name"": ""目标检测模型"", ""node_params"": {""frame"": ""pytorch"", ""select_model"": ""yolov3"", ""backbone"": ""DarkNet53"", ""epoch"": 10, ""learning_rate"": 0.001, ""batch_size"": 2}, ""matched"": true}]}","{""dependency_requirements"": [{""edge_id"": ""2363"", ""source_node_id"": ""2866"", ""target_node_id"": ""2867""}], ""step_requirements"": [{""node_id"": ""2866"", ""algorithm_step_name"": ""Image Dataset Loading"", ""node_name"": ""图像加载节点"", ""node_params"": {}, ""contrast_level"": 2, ""node_type"": ""io""}, {""node_id"": ""2867"", ""algorithm_step_name"": ""Object Detection Model"", ""node_name"": ""目标检测模型"", ""node_params"": {""frame"": ""pytorch"", ""select_model"": ""yolov3"", ""backbone"": ""DarkNet53"", ""epoch"": 10, ""learning_rate"": 0.001, ""batch_size"": 2}, ""contrast_level"": 2, ""node_type"": ""model""}]}",1.0
训练一个BEiT-base模型，用于识别图像中每一个像素的类别，判断其属于人类像素还是背景像素。,1.0,5154,"{""edges"": [{""edge_id"": ""11182"", ""source_node_id"": ""2869"", ""target_node_id"": ""2870""}], ""nodes"": [{""node_id"": ""2869"", ""widget_name"": ""Image"", ""node_name"": ""图像加载节点"", ""node_params"": {}, ""matched"": true}, {""node_id"": ""2870"", ""widget_name"": ""Segmentation"", ""node_name"": ""图像分割模型"", ""node_params"": {""frame"": ""pytorch"", ""select_model"": ""BEiT-base"", ""epoch"": 3, ""learning_rate"": 0.02, ""batch_size"": 2}, ""matched"": true}]}","{""dependency_requirements"": [{""edge_id"": ""2364"", ""source_node_id"": ""2869"", ""target_node_id"": ""2870""}], ""step_requirements"": [{""node_id"": ""2869"", ""algorithm_step_name"": ""Image Dataset Loading"", ""node_name"": ""图像数据加载节点"", ""node_params"": {}, ""contrast_level"": 2, ""node_type"": ""io""}, {""node_id"": ""2870"", ""algorithm_step_name"": ""Image Segmentation Model"", ""node_name"": ""图像分割模型"", ""node_params"": {""frame"": ""pytorch"", ""select_model"": ""BEiT-base"", ""epoch"": 3, ""learning_rate"": 0.02, ""batch_size"": 2}, ""contrast_level"": 2, ""node_type"": ""model""}]}",1.0
准确分割血管是眼科的一项关键任务，因为它有助于早期检测和管理各种视网膜病变，如糖尿病视网膜病变和黄斑变性。你的任务是创建可帮助早期检测视网膜病变的模型，这个模型能够对图像中的每一个像素进行分类。训练轮数使用5,1.0,4499,"{""edges"": [{""edge_id"": ""11183"", ""source_node_id"": ""2869"", ""target_node_id"": ""2870""}], ""nodes"": [{""node_id"": ""2869"", ""widget_name"": ""Image"", ""node_name"": ""视网膜图像加载节点"", ""node_params"": {}, ""matched"": true}, {""node_id"": ""2870"", ""widget_name"": ""Segmentation"", ""node_name"": ""图像分割模型"", ""node_params"": {""frame"": ""pytorch"", ""select_model"": ""SegFormer-B0"", ""epoch"": 5, ""learning_rate"": 0.02, ""batch_size"": 2}, ""matched"": true}]}","{""dependency_requirements"": [{""edge_id"": ""2364"", ""source_node_id"": ""2869"", ""target_node_id"": ""2870""}], ""step_requirements"": [{""node_id"": ""2869"", ""algorithm_step_name"": ""Image Dataset Loading"", ""node_name"": ""图像数据加载节点"", ""node_params"": {}, ""contrast_level"": 2, ""node_type"": ""io""}, {""node_id"": ""2870"", ""algorithm_step_name"": ""Image Segmentation Model"", ""node_name"": ""图像分割模型"", ""node_params"": {""frame"": ""pytorch"", ""select_model"": ""SegFormer-B0"", ""epoch"": 5, ""learning_rate"": 0.02, ""batch_size"": 2}, ""contrast_level"": 2, ""node_type"": ""model""}]}",1.0
你的任务是创建一个模型，该模型可以在给定的洪水灾区图片中准确分割出水域区域，即要对图像中的每一个像素进行分类，判断其是否为水域区域。这种模型可用于洪水调查、更好的决策和规划。训练过程中你应该尝试使用0.001的学习率。,1.0,5109,"{""edges"": [{""edge_id"": ""11184"", ""source_node_id"": ""2869"", ""target_node_id"": ""2870""}], ""nodes"": [{""node_id"": ""2869"", ""widget_name"": ""Image"", ""node_name"": ""洪水灾区图片加载节点"", ""node_params"": {}, ""matched"": true}, {""node_id"": ""2870"", ""widget_name"": ""Segmentation"", ""node_name"": ""图像分割模型"", ""node_params"": {""frame"": ""pytorch"", ""select_model"": ""SegFormer-B0"", ""epoch"": 3, ""learning_rate"": 0.001, ""batch_size"": 2}, ""matched"": true}]}","{""dependency_requirements"": [{""edge_id"": ""2364"", ""source_node_id"": ""2869"", ""target_node_id"": ""2870""}], ""step_requirements"": [{""node_id"": ""2869"", ""algorithm_step_name"": ""Image Dataset Loading"", ""node_name"": ""图像数据加载节点"", ""node_params"": {}, ""contrast_level"": 2, ""node_type"": ""io""}, {""node_id"": ""2870"", ""algorithm_step_name"": ""Image Segmentation Model"", ""node_name"": ""图像分割模型"", ""node_params"": {""frame"": ""pytorch"", ""select_model"": ""SegFormer-B0"", ""epoch"": 3, ""learning_rate"": 0.001, ""batch_size"": 2}, ""contrast_level"": 2, ""node_type"": ""model""}]}",1.0
我需要你进行路面分割。你的目标是训练一个模型，它能够对图像中的每一个像素进行分类，类别包括：路面、汽车、路标、标线和背景。训练参数的batch_size设为4,1.0,4516,"{""edges"": [{""edge_id"": ""11185"", ""source_node_id"": ""2869"", ""target_node_id"": ""2870""}], ""nodes"": [{""node_id"": ""2869"", ""widget_name"": ""Image"", ""node_name"": ""图像数据集加载节点"", ""node_params"": {}, ""matched"": true}, {""node_id"": ""2870"", ""widget_name"": ""Segmentation"", ""node_name"": ""图像分割模型"", ""node_params"": {""frame"": ""pytorch"", ""select_model"": ""SegFormer-B0"", ""epoch"": 3, ""learning_rate"": 0.02, ""batch_size"": 4}, ""matched"": true}]}","{""dependency_requirements"": [{""edge_id"": ""2364"", ""source_node_id"": ""2869"", ""target_node_id"": ""2870""}], ""step_requirements"": [{""node_id"": ""2869"", ""algorithm_step_name"": ""Image Dataset Loading"", ""node_name"": ""图像数据加载节点"", ""node_params"": {}, ""contrast_level"": 2, ""node_type"": ""io""}, {""node_id"": ""2870"", ""algorithm_step_name"": ""Image Segmentation Model"", ""node_name"": ""图像分割模型"", ""node_params"": {""frame"": ""pytorch"", ""select_model"": ""SegFormer-B0"", ""epoch"": 3, ""learning_rate"": 0.02, ""batch_size"": 4}, ""contrast_level"": 2, ""node_type"": ""model""}]}",1.0
帮我训练一个UperNet-Swin-tiny模型，这个模型可以将每张护照图像分割成不同的区域，包括护照区域、照片、姓名、出生日期、性别、国籍、护照号码和 MRZ（机器可读区域），即对图像中的每个像素分类。,1.0,4717,"{""edges"": [{""edge_id"": ""11186"", ""source_node_id"": ""2869"", ""target_node_id"": ""2870""}], ""nodes"": [{""node_id"": ""2869"", ""widget_name"": ""Image"", ""node_name"": ""护照图像加载节点"", ""node_params"": {}, ""matched"": true}, {""node_id"": ""2870"", ""widget_name"": ""Segmentation"", ""node_name"": ""UperNet-Swin-tiny模型"", ""node_params"": {""frame"": ""pytorch"", ""select_model"": ""UperNet-Swin-tiny"", ""epoch"": 3, ""learning_rate"": 0.02, ""batch_size"": 2}, ""matched"": true}]}","{""dependency_requirements"": [{""edge_id"": ""2364"", ""source_node_id"": ""2869"", ""target_node_id"": ""2870""}], ""step_requirements"": [{""node_id"": ""2869"", ""algorithm_step_name"": ""Image Dataset Loading"", ""node_name"": ""图像数据加载节点"", ""node_params"": {}, ""contrast_level"": 2, ""node_type"": ""io""}, {""node_id"": ""2870"", ""algorithm_step_name"": ""Image Segmentation Model"", ""node_name"": ""图像分割模型"", ""node_params"": {""frame"": ""pytorch"", ""select_model"": ""UperNet-Swin-tiny"", ""epoch"": 3, ""learning_rate"": 0.02, ""batch_size"": 2}, ""contrast_level"": 2, ""node_type"": ""model""}]}",1.0
我需要你使用银行信用贷款的训练数据，构建一个能够预测客户是否会流失的随机森林模型。然后，用这个模型对测试数据进行预测，并把预测结果保存下来，最后展示预测结果的混淆矩阵,0.9091,26833,"{""edges"": [{""edge_id"": ""10964"", ""source_node_id"": ""2561"", ""target_node_id"": ""14004""}, {""edge_id"": ""10965"", ""source_node_id"": ""2562"", ""target_node_id"": ""14005""}, {""edge_id"": ""10966"", ""source_node_id"": ""14004"", ""target_node_id"": ""2565""}, {""edge_id"": ""10967"", ""source_node_id"": ""14005"", ""target_node_id"": ""2567""}, {""edge_id"": ""10968"", ""source_node_id"": ""2565"", ""target_node_id"": ""2567""}, {""edge_id"": ""10969"", ""source_node_id"": ""2567"", ""target_node_id"": ""2568""}, {""edge_id"": ""10970"", ""source_node_id"": ""2567"", ""target_node_id"": ""2569""}], ""nodes"": [{""node_id"": ""2561"", ""widget_name"": ""SQL Table"", ""node_name"": ""银行信用贷款训练数据"", ""node_params"": {""table_name"": ""bank_customer_churn_train"", ""target_column"": ""Exited""}, ""matched"": true}, {""node_id"": ""2562"", ""widget_name"": ""SQL Table"", ""node_name"": ""银行信用贷款测试数据"", ""node_params"": {""table_name"": ""bank_customer_churn_test"", ""target_column"": ""Exited""}, ""matched"": true}, {""node_id"": ""14004"", ""widget_name"": ""One Hot Encoder"", ""node_name"": ""训练数据独热编码"", ""node_params"": {""encode_vars"": [""Geography"", ""Gender""]}, ""matched"": false}, {""node_id"": ""14005"", ""widget_name"": ""One Hot Encoder"", ""node_name"": ""测试数据独热编码"", ""node_params"": {""encode_vars"": [""Geography"", ""Gender""]}, ""matched"": false}, {""node_id"": ""2565"", ""widget_name"": ""Random Forest"", ""node_name"": ""随机森林模型"", ""node_params"": {""n_estimators"": 10, ""use_max_features"": false, ""max_features"": ""auto"", ""use_random_state"": false, ""use_max_depth"": false, ""max_depth"": 3, ""use_min_samples_split"": true, ""min_samples_split"": 2}, ""matched"": true}, {""node_id"": ""2567"", ""widget_name"": ""Predictions"", ""node_name"": ""预测"", ""node_params"": {""output_attrs"": true, ""output_predictions"": true, ""output_probabilities"": true}, ""matched"": true}, {""node_id"": ""2568"", ""widget_name"": ""Save Data"", ""node_name"": ""保存预测结果"", ""node_params"": {}, ""matched"": true}, {""node_id"": ""2569"", ""widget_name"": ""Confusion Matrix"", ""node_name"": ""混淆矩阵"", ""node_params"": {}, ""matched"": true}]}","{""dependency_requirements"": [{""edge_id"": ""2111"", ""source_node_id"": ""2561"", ""target_node_id"": ""2565""}, {""edge_id"": ""2112"", ""source_node_id"": ""2562"", ""target_node_id"": ""2567""}, {""edge_id"": ""2113"", ""source_node_id"": ""2565"", ""target_node_id"": ""2567""}, {""edge_id"": ""2114"", ""source_node_id"": ""2567"", ""target_node_id"": ""2568""}, {""edge_id"": ""2116"", ""source_node_id"": ""2568"", ""target_node_id"": ""2569""}], ""step_requirements"": [{""node_id"": ""2561"", ""algorithm_step_name"": ""Tabular Dataset Loading"", ""node_name"": ""银行信用贷款训练数据"", ""node_params"": {""table_name"": ""bank_customer_churn_train"", ""target_column"": ""Exited""}, ""contrast_level"": 2, ""node_type"": ""io""}, {""node_id"": ""2562"", ""algorithm_step_name"": ""Tabular Dataset Loading"", ""node_name"": ""银行信用贷款测试数据"", ""node_params"": {""table_name"": ""bank_customer_churn_test"", ""target_column"": ""Exited""}, ""contrast_level"": 2, ""node_type"": ""io""}, {""node_id"": ""2565"", ""algorithm_step_name"": ""Random Forest"", ""node_name"": ""随机森林模型"", ""node_params"": {}, ""contrast_level"": 1, ""node_type"": ""model""}, {""node_id"": ""2567"", ""algorithm_step_name"": ""Test Dataset Predictions"", ""node_name"": ""预测结果"", ""node_params"": {""output_attrs"": true, ""output_predictions"": true, ""output_probabilities"": true}, ""contrast_level"": 2, ""node_type"": ""predict""}, {""node_id"": ""2568"", ""algorithm_step_name"": ""Save Data"", ""node_name"": ""保存预测结果"", ""node_params"": {}, ""contrast_level"": 1, ""node_type"": ""io""}, {""node_id"": ""2569"", ""algorithm_step_name"": ""Confusion Matrix"", ""node_name"": ""混淆矩阵"", ""node_params"": {}, ""contrast_level"": 1, ""node_type"": ""visualize""}]}",0.7143
请你使用生物信号训练数据集来预测个体是否为吸烟者，你的最终目标是建立一个能够准确判断个体吸烟状态的XGboost模型，学习率使用0.1，学习器使用DART模型。,1.0,11510,"{""edges"": [{""edge_id"": ""10971"", ""source_node_id"": ""2570"", ""target_node_id"": ""2572""}], ""nodes"": [{""node_id"": ""2570"", ""widget_name"": ""SQL Table"", ""node_name"": ""生物信号训练数据"", ""node_params"": {""table_name"": ""smoker_status_bio_signals_train"", ""target_column"": ""smoking""}, ""matched"": true}, {""node_id"": ""2572"", ""widget_name"": ""XGBoost"", ""node_name"": ""XGBoost模型"", ""node_params"": {""booster"": ""dart"", ""learning_rate"": 0.1, ""gamma"": 0, ""max_depth"": 6, ""min_child_widget"": 1, ""max_delta_step"": 0, ""subsample"": 1, ""sampling_method"": ""uniform"", ""lambda"": 1, ""alpha"": 0, ""tree_method"": ""auto"", ""scale_pos_weight"": 1, ""updater"": ""grow_colmaker"", ""process_type"": ""default"", ""grow_policy"": ""depthwise""}, ""matched"": true}]}","{""dependency_requirements"": [{""edge_id"": ""2117"", ""source_node_id"": ""2570"", ""target_node_id"": ""2572""}], ""step_requirements"": [{""node_id"": ""2570"", ""algorithm_step_name"": ""Tabular Dataset Loading"", ""node_name"": ""生物信号训练数据"", ""node_params"": {""table_name"": ""smoker_status_bio_signals_train"", ""target_column"": ""smoking""}, ""contrast_level"": 2, ""node_type"": ""io""}, {""node_id"": ""2572"", ""algorithm_step_name"": ""XGBoost"", ""node_name"": ""XGBoost模型"", ""node_params"": {""booster"": ""dart"", ""learning_rate"": 0.1, ""gamma"": 0, ""max_depth"": 6, ""min_child_widget"": 1, ""max_delta_step"": 0, ""subsample"": 1, ""sampling_method"": ""uniform"", ""lambda"": 1, ""alpha"": 0, ""tree_method"": ""auto"", ""scale_pos_weight"": 1, ""updater"": ""grow_colmaker"", ""process_type"": ""default"", ""grow_policy"": ""depthwise""}, ""contrast_level"": 2, ""node_type"": ""model""}]}",1.0
你需要使用人类的肾结石相关指标数据，开发一个机器学习模型预测一个人是否患有肾结石。我需要你在模型训练之前，加一步数据划分的数据处理，最后还要用划分后的验证集对模型进行评估。,1.0,17621,"{""edges"": [{""edge_id"": ""10972"", ""source_node_id"": ""2577"", ""target_node_id"": ""2578""}, {""edge_id"": ""10973"", ""source_node_id"": ""2578"", ""target_node_id"": ""2579""}, {""edge_id"": ""10974"", ""source_node_id"": ""2578"", ""target_node_id"": ""2580""}, {""edge_id"": ""10976"", ""source_node_id"": ""2579"", ""target_node_id"": ""2580""}], ""nodes"": [{""node_id"": ""2577"", ""widget_name"": ""SQL Table"", ""node_name"": ""人类肾结石训练数据"", ""node_params"": {""table_name"": ""kidney_stone_train"", ""target_column"": ""target""}, ""matched"": true}, {""node_id"": ""2578"", ""widget_name"": ""Data Sampler"", ""node_name"": ""数据划分"", ""node_params"": {""sampling_type"": 2, ""percentage"": 10, ""n_samples"": 15, ""replacement"": false, ""n_folds"": 10, ""selected_folds"": 1, ""replicable"": false, ""stratified"": false}, ""matched"": true}, {""node_id"": ""2579"", ""widget_name"": ""Random Forest"", ""node_name"": ""随机森林模型"", ""node_params"": {""n_estimators"": 10, ""use_max_features"": false, ""max_features"": ""auto"", ""use_random_state"": false, ""use_max_depth"": false, ""max_depth"": 3, ""use_min_samples_split"": true, ""min_samples_split"": 2}, ""matched"": true}, {""node_id"": ""2580"", ""widget_name"": ""Test & Score"", ""node_name"": ""模型评估"", ""node_params"": {}, ""matched"": true}]}","{""dependency_requirements"": [{""edge_id"": ""2119"", ""source_node_id"": ""2577"", ""target_node_id"": ""2578""}, {""edge_id"": ""2120"", ""source_node_id"": ""2578"", ""target_node_id"": ""2579""}, {""edge_id"": ""2121"", ""source_node_id"": ""2578"", ""target_node_id"": ""2580""}, {""edge_id"": ""2123"", ""source_node_id"": ""2579"", ""target_node_id"": ""2580""}], ""step_requirements"": [{""node_id"": ""2577"", ""algorithm_step_name"": ""Tabular Dataset Loading"", ""node_name"": ""肾结石指标训练数据"", ""node_params"": {""table_name"": ""kidney_stone_train"", ""target_column"": ""target""}, ""contrast_level"": 2, ""node_type"": ""io""}, {""node_id"": ""2578"", ""algorithm_step_name"": ""Dataset Division"", ""node_name"": ""数据划分"", ""node_params"": {}, ""contrast_level"": 1, ""node_type"": ""preprocess""}, {""node_id"": ""2579"", ""algorithm_step_name"": ""LightGBM"", ""node_name"": ""LightGBM分类器"", ""node_params"": {}, ""contrast_level"": 0, ""node_type"": ""model""}, {""node_id"": ""2580"", ""algorithm_step_name"": ""Model Evaluate"", ""node_name"": ""模型评估"", ""node_params"": {}, ""contrast_level"": 2, ""node_type"": ""evaluate""}]}",1.0
你的目标是帮助我的酒店更好地预判客户是否会取消预订。你首先要加载酒店预定的训练数据和测试数据，用训练数据训练一个LightGBM模型，然后用LightGBM模型对酒店预定的测试数据进行预测，最后将预测结果保存。,1.0,20822,"{""edges"": [{""edge_id"": ""10977"", ""source_node_id"": ""2582"", ""target_node_id"": ""2586""}, {""edge_id"": ""10978"", ""source_node_id"": ""2583"", ""target_node_id"": ""2587""}, {""edge_id"": ""10979"", ""source_node_id"": ""2586"", ""target_node_id"": ""2587""}, {""edge_id"": ""10980"", ""source_node_id"": ""2587"", ""target_node_id"": ""2588""}], ""nodes"": [{""node_id"": ""2582"", ""widget_name"": ""SQL Table"", ""node_name"": ""酒店预定训练数据"", ""node_params"": {""table_name"": ""reservation_cancellation_train"", ""target_column"": ""booking_status""}, ""matched"": true}, {""node_id"": ""2583"", ""widget_name"": ""SQL Table"", ""node_name"": ""酒店预定测试数据"", ""node_params"": {""table_name"": ""reservation_cancellation_test"", ""target_column"": ""booking_status""}, ""matched"": true}, {""node_id"": ""2586"", ""widget_name"": ""LightGBM"", ""node_name"": ""LightGBM模型"", ""node_params"": {""boosting_type"": ""gbdt"", ""n_estimators"": 10, ""learning_rate"": 0.1, ""sampling_rate"": 0.1, ""max_depth_check"": false, ""max_depth"": 3, ""num_leaves_check"": false, ""num_leaves"": 31}, ""matched"": true}, {""node_id"": ""2587"", ""widget_name"": ""Predictions"", ""node_name"": ""预测"", ""node_params"": {""output_attrs"": true, ""output_predictions"": true, ""output_probabilities"": true}, ""matched"": true}, {""node_id"": ""2588"", ""widget_name"": ""Save Data"", ""node_name"": ""保存预测结果"", ""node_params"": {}, ""matched"": true}]}","{""dependency_requirements"": [{""edge_id"": ""2129"", ""source_node_id"": ""2586"", ""target_node_id"": ""2587""}, {""edge_id"": ""2130"", ""source_node_id"": ""2587"", ""target_node_id"": ""2588""}, {""edge_id"": ""2131"", ""source_node_id"": ""2583"", ""target_node_id"": ""2589""}, {""edge_id"": ""2133"", ""source_node_id"": ""2582"", ""target_node_id"": ""2586""}], ""step_requirements"": [{""node_id"": ""2582"", ""algorithm_step_name"": ""Tabular Dataset Loading"", ""node_name"": ""酒店预定训练数据"", ""node_params"": {""table_name"": ""reservation_cancellation_train"", ""target_column"": ""booking_status""}, ""contrast_level"": 2, ""node_type"": ""io""}, {""node_id"": ""2583"", ""algorithm_step_name"": ""Tabular Dataset Loading"", ""node_name"": ""酒店预定测试数据"", ""node_params"": {""table_name"": ""reservation_cancellation_test"", ""target_column"": ""booking_status""}, ""contrast_level"": 2, ""node_type"": ""io""}, {""node_id"": ""2586"", ""algorithm_step_name"": ""LightGBM"", ""node_name"": ""LightGBM模型"", ""node_params"": {}, ""contrast_level"": 1, ""node_type"": ""model""}, {""node_id"": ""2587"", ""algorithm_step_name"": ""Test Dataset Predictions"", ""node_name"": ""预测"", ""node_params"": {""output_attrs"": true, ""output_predictions"": true, ""output_probabilities"": true}, ""contrast_level"": 2, ""node_type"": ""predict""}, {""node_id"": ""2588"", ""algorithm_step_name"": ""Save Data"", ""node_name"": ""保存预测结果"", ""node_params"": {}, ""contrast_level"": 2, ""node_type"": ""io""}]}",0.8
你的目标是通过与肥胖相关的各种因素，如饮食、生活方式等数据，训练一个模型来预测个体的肥胖风险等级。特征工程处理时，我需要你进行特征构建和特征选择。,1.0,13685,"{""edges"": [{""edge_id"": ""10981"", ""source_node_id"": ""2594"", ""target_node_id"": ""2597""}, {""edge_id"": ""10982"", ""source_node_id"": ""2597"", ""target_node_id"": ""2598""}, {""edge_id"": ""10983"", ""source_node_id"": ""2598"", ""target_node_id"": ""2599""}], ""nodes"": [{""node_id"": ""2594"", ""widget_name"": ""SQL Table"", ""node_name"": ""肥胖相关训练数据"", ""node_params"": {""table_name"": ""obesity_cvd_risk_train"", ""target_column"": ""NObeyesdad""}, ""matched"": true}, {""node_id"": ""2597"", ""widget_name"": ""Feature Constructor"", ""node_name"": ""特征构建"", ""node_params"": {""expressions"": [{""key"": 0, ""name"": ""BMI"", ""expression"": ""Weight / (Height ** 2)"", ""type"": ""2"", ""image"": ""N"", ""categories"": ""A, B""}]}, ""matched"": true}, {""node_id"": ""2598"", ""widget_name"": ""Select Best N Attributes"", ""node_name"": ""特征选择"", ""node_params"": {""n"": 3}, ""matched"": true}, {""node_id"": ""2599"", ""widget_name"": ""LightGBM"", ""node_name"": ""LightGBM分类器"", ""node_params"": {""boosting_type"": ""gbdt"", ""n_estimators"": 10, ""learning_rate"": 0.1, ""sampling_rate"": 0.1, ""max_depth_check"": false, ""max_depth"": 3, ""num_leaves_check"": false, ""num_leaves"": 31}, ""matched"": true}]}","{""dependency_requirements"": [{""edge_id"": ""2139"", ""source_node_id"": ""2594"", ""target_node_id"": ""2597""}, {""edge_id"": ""2140"", ""source_node_id"": ""2597"", ""target_node_id"": ""2598""}, {""edge_id"": ""2141"", ""source_node_id"": ""2598"", ""target_node_id"": ""2599""}], ""step_requirements"": [{""node_id"": ""2594"", ""algorithm_step_name"": ""Tabular Dataset Loading"", ""node_name"": ""肥胖风险训练数据"", ""node_params"": {""table_name"": ""obesity_cvd_risk_train"", ""target_column"": ""NObeyesdad""}, ""contrast_level"": 2, ""node_type"": ""io""}, {""node_id"": ""2597"", ""algorithm_step_name"": ""Feature Construction"", ""node_name"": ""特征构建处理"", ""node_params"": {}, ""contrast_level"": 1, ""node_type"": ""feature engineering""}, {""node_id"": ""2598"", ""algorithm_step_name"": ""Feature Selection"", ""node_name"": ""自动特征选择处理"", ""node_params"": {}, ""contrast_level"": 1, ""node_type"": ""feature engineering""}, {""node_id"": ""2599"", ""algorithm_step_name"": ""XGBoost"", ""node_name"": ""XGBoost分类器"", ""node_params"": {}, ""contrast_level"": 0, ""node_type"": ""model""}]}",1.0
你的目标是构建一个机器学习模型，用于预测肝硬化患者的生存状态。我需要你在处理完数据集之后将数据集划分为训练集和验证集，以便最后用划分的训练数据对模型进行训练，用验证数据对模型进行评估。,1.0,22799,"{""edges"": [{""edge_id"": ""10984"", ""source_node_id"": ""2607"", ""target_node_id"": ""14026""}, {""edge_id"": ""10985"", ""source_node_id"": ""14026"", ""target_node_id"": ""2610""}, {""edge_id"": ""10986"", ""source_node_id"": ""2610"", ""target_node_id"": ""2611""}, {""edge_id"": ""10987"", ""source_node_id"": ""2611"", ""target_node_id"": ""2612""}, {""edge_id"": ""10988"", ""source_node_id"": ""14026"", ""target_node_id"": ""2612""}, {""edge_id"": ""10989"", ""source_node_id"": ""2610"", ""target_node_id"": ""2612""}], ""nodes"": [{""node_id"": ""2607"", ""widget_name"": ""SQL Table"", ""node_name"": ""肝硬化患者数据"", ""node_params"": {""table_name"": ""cirrhosis_patient_train"", ""target_column"": ""Status""}, ""matched"": true}, {""node_id"": ""14026"", ""widget_name"": ""One Hot Encoder"", ""node_name"": ""特征独热编码"", ""node_params"": {""encode_vars"": [""Drug"", ""Sex"", ""Ascites"", ""Hepatomegaly"", ""Spiders"", ""Edema""]}, ""matched"": false}, {""node_id"": ""2610"", ""widget_name"": ""Data Sampler"", ""node_name"": ""数据划分"", ""node_params"": {""sampling_type"": 2, ""percentage"": 10, ""n_samples"": 15, ""replacement"": false, ""n_folds"": 5, ""selected_folds"": 1, ""replicable"": false, ""stratified"": false}, ""matched"": true}, {""node_id"": ""2611"", ""widget_name"": ""Random Forest"", ""node_name"": ""随机森林模型"", ""node_params"": {""n_estimators"": 10, ""use_max_features"": false, ""max_features"": ""auto"", ""use_random_state"": false, ""use_max_depth"": false, ""max_depth"": 3, ""use_min_samples_split"": true, ""min_samples_split"": 2}, ""matched"": true}, {""node_id"": ""2612"", ""widget_name"": ""Test & Score"", ""node_name"": ""模型评估"", ""node_params"": {}, ""matched"": true}]}","{""dependency_requirements"": [{""edge_id"": ""2148"", ""source_node_id"": ""2607"", ""target_node_id"": ""2610""}, {""edge_id"": ""2152"", ""source_node_id"": ""2610"", ""target_node_id"": ""2611""}, {""edge_id"": ""2152"", ""source_node_id"": ""2610"", ""target_node_id"": ""2612""}, {""edge_id"": ""2154"", ""source_node_id"": ""2611"", ""target_node_id"": ""2612""}], ""step_requirements"": [{""node_id"": ""2607"", ""algorithm_step_name"": ""Tabular Dataset Loading"", ""node_name"": ""肝硬化患者生存状态训练数据"", ""node_params"": {""table_name"": ""cirrhosis_patient_train"", ""target_column"": ""Status""}, ""contrast_level"": 2, ""node_type"": ""io""}, {""node_id"": ""2610"", ""algorithm_step_name"": ""Dataset Division"", ""node_name"": ""数据划分"", ""node_params"": {}, ""contrast_level"": 1, ""node_type"": ""preprocess""}, {""node_id"": ""2611"", ""algorithm_step_name"": ""XGBoost"", ""node_name"": ""XGBoost分类器"", ""node_params"": {}, ""contrast_level"": 0, ""node_type"": ""model""}, {""node_id"": ""2612"", ""algorithm_step_name"": ""Model Evaluate"", ""node_name"": ""评估"", ""node_params"": {}, ""contrast_level"": 2, ""node_type"": ""evaluate""}]}",0.8889
根据马匹健康状况的各项指标检测数据，预测马匹的健康状况。我需要你使用训练数据集训练模型，然后用模型预测测试数据，最后将预测结果保存。,1.0,40408,"{""edges"": [{""edge_id"": ""10990"", ""source_node_id"": ""2635"", ""target_node_id"": ""14031""}, {""edge_id"": ""10992"", ""source_node_id"": ""2636"", ""target_node_id"": ""14034""}, {""edge_id"": ""10993"", ""source_node_id"": ""2636"", ""target_node_id"": ""14035""}, {""edge_id"": ""10994"", ""source_node_id"": ""14031"", ""target_node_id"": ""14036""}, {""edge_id"": ""10995"", ""source_node_id"": ""14034"", ""target_node_id"": ""14037""}, {""edge_id"": ""10996"", ""source_node_id"": ""14036"", ""target_node_id"": ""2642""}, {""edge_id"": ""10997"", ""source_node_id"": ""14037"", ""target_node_id"": ""2643""}, {""edge_id"": ""10998"", ""source_node_id"": ""2642"", ""target_node_id"": ""2643""}, {""edge_id"": ""10999"", ""source_node_id"": ""2643"", ""target_node_id"": ""2644""}], ""nodes"": [{""node_id"": ""2635"", ""widget_name"": ""SQL Table"", ""node_name"": ""马匹健康状况训练数据"", ""node_params"": {""table_name"": ""horse_health_outcomes_train"", ""target_column"": ""outcome""}, ""matched"": true}, {""node_id"": ""14031"", ""widget_name"": ""Impute"", ""node_name"": ""缺失值处理"", ""node_params"": {""method"": 1}, ""matched"": false}, {""node_id"": ""2636"", ""widget_name"": ""SQL Table"", ""node_name"": ""马匹健康状况测试数据"", ""node_params"": {""table_name"": ""horse_health_outcomes_test"", ""target_column"": ""outcome""}, ""matched"": true}, {""node_id"": ""14034"", ""widget_name"": ""Impute"", ""node_name"": ""测试数据缺失值处理"", ""node_params"": {""method"": 1}, ""matched"": false}, {""node_id"": ""14035"", ""widget_name"": ""Impute"", ""node_name"": ""测试数据缺失值处理"", ""node_params"": {""method"": 1}, ""matched"": false}, {""node_id"": ""14036"", ""widget_name"": ""One Hot Encoder"", ""node_name"": ""训练数据独热编码"", ""node_params"": {""encode_vars"": [""surgery"", ""peripheral_pulse"", ""mucous_membrane"", ""capillary_refill_time""]}, ""matched"": false}, {""node_id"": ""14037"", ""widget_name"": ""One Hot Encoder"", ""node_name"": ""测试数据独热编码"", ""node_params"": {""encode_vars"": [""surgery"", ""peripheral_pulse"", ""mucous_membrane"", ""capillary_refill_time""]}, ""matched"": false}, {""node_id"": ""2642"", ""widget_name"": ""Logistic Regression"", ""node_name"": ""逻辑回归模型"", ""node_params"": {""C"": 1, ""penalty"": ""l2""}, ""matched"": true}, {""node_id"": ""2643"", ""widget_name"": ""Predictions"", ""node_name"": ""预测"", ""node_params"": {""output_attrs"": true, ""output_predictions"": true, ""output_probabilities"": true}, ""matched"": true}, {""node_id"": ""2644"", ""widget_name"": ""Save Data"", ""node_name"": ""保存预测结果"", ""node_params"": {}, ""matched"": true}]}","{""dependency_requirements"": [{""edge_id"": ""2178"", ""source_node_id"": ""2635"", ""target_node_id"": ""2642""}, {""edge_id"": ""2179"", ""source_node_id"": ""2636"", ""target_node_id"": ""2643""}, {""edge_id"": ""2185"", ""source_node_id"": ""2642"", ""target_node_id"": ""2643""}, {""edge_id"": ""2186"", ""source_node_id"": ""2643"", ""target_node_id"": ""2644""}], ""step_requirements"": [{""node_id"": ""2635"", ""algorithm_step_name"": ""Tabular Dataset Loading"", ""node_name"": ""马匹健康状况训练数据"", ""node_params"": {""table_name"": ""horse_health_outcomes_train"", ""target_column"": ""outcome""}, ""contrast_level"": 2, ""node_type"": ""io""}, {""node_id"": ""2636"", ""algorithm_step_name"": ""Tabular Dataset Loading"", ""node_name"": ""马匹健康状况测试数据"", ""node_params"": {""table_name"": ""horse_health_outcomes_test"", ""target_column"": ""outcome""}, ""contrast_level"": 2, ""node_type"": ""io""}, {""node_id"": ""2642"", ""algorithm_step_name"": ""Decision Tree Model"", ""node_name"": ""健康状态预测模型"", ""node_params"": {}, ""contrast_level"": 0, ""node_type"": ""model""}, {""node_id"": ""2643"", ""algorithm_step_name"": ""Test Dataset Predictions"", ""node_name"": ""健康状况预测"", ""node_params"": {""output_attrs"": true, ""output_predictions"": true, ""output_probabilities"": true}, ""contrast_level"": 2, ""node_type"": ""predict""}, {""node_id"": ""2644"", ""algorithm_step_name"": ""Save Data"", ""node_name"": ""保存预测结果到文件"", ""node_params"": {}, ""contrast_level"": 1, ""node_type"": ""io""}]}",0.6667
我需要你使用怪物的相关指标数据，构建一个能够区分怪物类型的机器学习模型。然后，用这个模型对测试数据进行预测，最后把预测结果保存下来。,1.0,22288,"{""edges"": [{""edge_id"": ""11000"", ""source_node_id"": ""2685"", ""target_node_id"": ""14043""}, {""edge_id"": ""11001"", ""source_node_id"": ""2686"", ""target_node_id"": ""14044""}, {""edge_id"": ""11002"", ""source_node_id"": ""14043"", ""target_node_id"": ""2690""}, {""edge_id"": ""11003"", ""source_node_id"": ""14044"", ""target_node_id"": ""2691""}, {""edge_id"": ""11004"", ""source_node_id"": ""2690"", ""target_node_id"": ""2691""}, {""edge_id"": ""11005"", ""source_node_id"": ""2691"", ""target_node_id"": ""2692""}], ""nodes"": [{""node_id"": ""2685"", ""widget_name"": ""SQL Table"", ""node_name"": ""怪物相关指标训练数据"", ""node_params"": {""table_name"": ""monster_train"", ""target_column"": ""type""}, ""matched"": true}, {""node_id"": ""2686"", ""widget_name"": ""SQL Table"", ""node_name"": ""怪物相关指标测试数据"", ""node_params"": {""table_name"": ""monster_test"", ""target_column"": ""type""}, ""matched"": true}, {""node_id"": ""14043"", ""widget_name"": ""One Hot Encoder"", ""node_name"": ""训练数据独热编码"", ""node_params"": {""encode_vars"": [""color""]}, ""matched"": false}, {""node_id"": ""14044"", ""widget_name"": ""One Hot Encoder"", ""node_name"": ""测试数据独热编码"", ""node_params"": {""encode_vars"": [""color""]}, ""matched"": false}, {""node_id"": ""2690"", ""widget_name"": ""Logistic Regression"", ""node_name"": ""逻辑回归模型"", ""node_params"": {""C"": 1, ""penalty"": ""l2""}, ""matched"": true}, {""node_id"": ""2691"", ""widget_name"": ""Predictions"", ""node_name"": ""预测"", ""node_params"": {""output_attrs"": true, ""output_predictions"": true, ""output_probabilities"": true}, ""matched"": true}, {""node_id"": ""2692"", ""widget_name"": ""Save Data"", ""node_name"": ""保存预测结果"", ""node_params"": {}, ""matched"": true}]}","{""dependency_requirements"": [{""edge_id"": ""2210"", ""source_node_id"": ""2685"", ""target_node_id"": ""2690""}, {""edge_id"": ""2211"", ""source_node_id"": ""2686"", ""target_node_id"": ""2691""}, {""edge_id"": ""2212"", ""source_node_id"": ""2690"", ""target_node_id"": ""2691""}, {""edge_id"": ""2214"", ""source_node_id"": ""2691"", ""target_node_id"": ""2692""}], ""step_requirements"": [{""node_id"": ""2685"", ""algorithm_step_name"": ""Tabular Dataset Loading"", ""node_name"": ""怪物类型训练数据"", ""node_params"": {""table_name"": ""monster_train"", ""target_column"": ""type""}, ""contrast_level"": 2, ""node_type"": ""io""}, {""node_id"": ""2686"", ""algorithm_step_name"": ""Tabular Dataset Loading"", ""node_name"": ""怪物类型测试数据"", ""node_params"": {""table_name"": ""monster_test"", ""target_column"": ""type""}, ""contrast_level"": 2, ""node_type"": ""io""}, {""node_id"": ""2690"", ""algorithm_step_name"": ""Decision Tree Model"", ""node_name"": ""怪物类型决策树模型"", ""node_params"": {}, ""contrast_level"": 0, ""node_type"": ""model""}, {""node_id"": ""2691"", ""algorithm_step_name"": ""Test Dataset Predictions"", ""node_name"": ""预测"", ""node_params"": {""output_attrs"": true, ""output_predictions"": true, ""output_probabilities"": true}, ""contrast_level"": 2, ""node_type"": ""predict""}, {""node_id"": ""2692"", ""algorithm_step_name"": ""Save Data"", ""node_name"": ""保存预测结果"", ""node_params"": {}, ""contrast_level"": 2, ""node_type"": ""io""}]}",0.8333
你的目标是根据旧金山所有社区近12年的犯罪训练数据和测试数据，首先使用训练数据训练一个模型，该模型能够预测犯罪类别。然后，用这个模型对测试数据集进行预测，最后把预测结果保存下来。,1.0,24564,"{""edges"": [{""edge_id"": ""11006"", ""source_node_id"": ""2693"", ""target_node_id"": ""14050""}, {""edge_id"": ""11007"", ""source_node_id"": ""2694"", ""target_node_id"": ""14051""}, {""edge_id"": ""11008"", ""source_node_id"": ""14050"", ""target_node_id"": ""2700""}, {""edge_id"": ""11009"", ""source_node_id"": ""14051"", ""target_node_id"": ""2698""}, {""edge_id"": ""11010"", ""source_node_id"": ""2700"", ""target_node_id"": ""2698""}, {""edge_id"": ""11011"", ""source_node_id"": ""2698"", ""target_node_id"": ""2699""}], ""nodes"": [{""node_id"": ""2693"", ""widget_name"": ""SQL Table"", ""node_name"": ""旧金山社区近12年犯罪训练数据"", ""node_params"": {""table_name"": ""crime_category_train"", ""target_column"": ""category""}, ""matched"": true}, {""node_id"": ""2694"", ""widget_name"": ""SQL Table"", ""node_name"": ""旧金山社区近12年犯罪测试数据"", ""node_params"": {""table_name"": ""crime_category_test"", ""target_column"": ""category""}, ""matched"": true}, {""node_id"": ""14050"", ""widget_name"": ""One Hot Encoder"", ""node_name"": ""训练数据独热编码"", ""node_params"": {""encode_vars"": [""dayOfWeek"", ""pdDistrict""]}, ""matched"": false}, {""node_id"": ""14051"", ""widget_name"": ""One Hot Encoder"", ""node_name"": ""测试数据独热编码"", ""node_params"": {""encode_vars"": [""dayOfWeek"", ""pdDistrict""]}, ""matched"": false}, {""node_id"": ""2700"", ""widget_name"": ""Random Forest"", ""node_name"": ""随机森林模型"", ""node_params"": {""n_estimators"": 10, ""use_max_features"": false, ""max_features"": ""auto"", ""use_random_state"": false, ""use_max_depth"": false, ""max_depth"": 3, ""use_min_samples_split"": true, ""min_samples_split"": 2}, ""matched"": true}, {""node_id"": ""2698"", ""widget_name"": ""Predictions"", ""node_name"": ""预测"", ""node_params"": {""output_attrs"": true, ""output_predictions"": true, ""output_probabilities"": true}, ""matched"": true}, {""node_id"": ""2699"", ""widget_name"": ""Save Data"", ""node_name"": ""保存预测结果"", ""node_params"": {}, ""matched"": true}]}","{""dependency_requirements"": [{""edge_id"": ""2216"", ""source_node_id"": ""2693"", ""target_node_id"": ""2700""}, {""edge_id"": ""2217"", ""source_node_id"": ""2694"", ""target_node_id"": ""2698""}, {""edge_id"": ""2219"", ""source_node_id"": ""2700"", ""target_node_id"": ""2698""}, {""edge_id"": ""2221"", ""source_node_id"": ""2698"", ""target_node_id"": ""2699""}], ""step_requirements"": [{""node_id"": ""2693"", ""algorithm_step_name"": ""Tabular Dataset Loading"", ""node_name"": ""旧金山社区犯罪报告训练数据"", ""node_params"": {""table_name"": ""crime_category_train"", ""target_column"": ""category""}, ""contrast_level"": 2, ""node_type"": ""io""}, {""node_id"": ""2694"", ""algorithm_step_name"": ""Tabular Dataset Loading"", ""node_name"": ""旧金山社区犯罪报告测试数据"", ""node_params"": {""table_name"": ""crime_category_test"", ""target_column"": ""category""}, ""contrast_level"": 2, ""node_type"": ""io""}, {""node_id"": ""2700"", ""algorithm_step_name"": ""XGBoost"", ""node_name"": ""XGBoost"", ""node_params"": {}, ""contrast_level"": 0, ""node_type"": ""model""}, {""node_id"": ""2698"", ""algorithm_step_name"": ""Test Dataset Predictions"", ""node_name"": ""犯罪类别预测"", ""node_params"": {""output_attrs"": true, ""output_predictions"": true, ""output_probabilities"": true}, ""contrast_level"": 2, ""node_type"": ""predict""}, {""node_id"": ""2699"", ""algorithm_step_name"": ""Save Data"", ""node_name"": ""保存犯罪类别预测结果"", ""node_params"": {}, ""contrast_level"": 2, ""node_type"": ""io""}]}",0.8333
请你构建一个模型，用于根据鲍鱼的各种物理测量数据来预测它的年龄。进行独热编码之后对数据集进行划分，最后用划分的数据对训练好的模型进行评估。,0.9,25076,"{""edges"": [{""edge_id"": ""11012"", ""source_node_id"": ""2747"", ""target_node_id"": ""2748""}, {""edge_id"": ""11013"", ""source_node_id"": ""2748"", ""target_node_id"": ""2749""}, {""edge_id"": ""11014"", ""source_node_id"": ""2748"", ""target_node_id"": ""2750""}, {""edge_id"": ""11015"", ""source_node_id"": ""2749"", ""target_node_id"": ""14059""}, {""edge_id"": ""11016"", ""source_node_id"": ""2750"", ""target_node_id"": ""14059""}, {""edge_id"": ""11017"", ""source_node_id"": ""2749"", ""target_node_id"": ""2751""}, {""edge_id"": ""11019"", ""source_node_id"": ""2750"", ""target_node_id"": ""2751""}], ""nodes"": [{""node_id"": ""2747"", ""widget_name"": ""SQL Table"", ""node_name"": ""鲍鱼训练数据"", ""node_params"": {""table_name"": ""abalone_train"", ""target_column"": ""rings""}, ""matched"": true}, {""node_id"": ""2748"", ""widget_name"": ""One Hot Encoder"", ""node_name"": ""独热编码处理"", ""node_params"": {""encode_vars"": [""sex""]}, ""matched"": true}, {""node_id"": ""2749"", ""widget_name"": ""Data Sampler"", ""node_name"": ""数据划分"", ""node_params"": {""sampling_type"": 2, ""percentage"": 10, ""n_samples"": 15, ""replacement"": false, ""n_folds"": 2, ""selected_folds"": 1, ""replicable"": false, ""stratified"": false}, ""matched"": true}, {""node_id"": ""2750"", ""widget_name"": ""Random Forest"", ""node_name"": ""随机森林模型"", ""node_params"": {""n_estimators"": 10, ""use_max_features"": false, ""max_features"": ""auto"", ""use_random_state"": false, ""use_max_depth"": false, ""max_depth"": 3, ""use_min_samples_split"": true, ""min_samples_split"": 2}, ""matched"": true}, {""node_id"": ""14059"", ""widget_name"": ""Predictions"", ""node_name"": ""预测"", ""node_params"": {""output_attrs"": true, ""output_predictions"": true, ""output_probabilities"": false}, ""matched"": false}, {""node_id"": ""2751"", ""widget_name"": ""Test & Score"", ""node_name"": ""测试评分"", ""node_params"": {}, ""matched"": true}]}","{""dependency_requirements"": [{""edge_id"": ""2266"", ""source_node_id"": ""2747"", ""target_node_id"": ""2748""}, {""edge_id"": ""2267"", ""source_node_id"": ""2748"", ""target_node_id"": ""2749""}, {""edge_id"": ""2268"", ""source_node_id"": ""2749"", ""target_node_id"": ""2750""}, {""edge_id"": ""2269"", ""source_node_id"": ""2749"", ""target_node_id"": ""2751""}, {""edge_id"": ""2271"", ""source_node_id"": ""2750"", ""target_node_id"": ""2751""}], ""step_requirements"": [{""node_id"": ""2747"", ""algorithm_step_name"": ""Tabular Dataset Loading"", ""node_name"": ""鲍鱼物理测量训练数据"", ""node_params"": {""table_name"": ""abalone_train"", ""target_column"": ""rings""}, ""contrast_level"": 2, ""node_type"": ""io""}, {""node_id"": ""2748"", ""algorithm_step_name"": ""One Hot Encoding"", ""node_name"": ""独热编码处理"", ""node_params"": {}, ""contrast_level"": 1, ""node_type"": ""feature engineering""}, {""node_id"": ""2749"", ""algorithm_step_name"": ""Dataset Division"", ""node_name"": ""数据划分"", ""node_params"": {}, ""contrast_level"": 1, ""node_type"": ""preprocess""}, {""node_id"": ""2750"", ""algorithm_step_name"": ""XGBoost"", ""node_name"": ""XGBoost回归器"", ""node_params"": {}, ""contrast_level"": 0, ""node_type"": ""model""}, {""node_id"": ""2751"", ""algorithm_step_name"": ""Model Evaluate"", ""node_name"": ""模型评估"", ""node_params"": {}, ""contrast_level"": 2, ""node_type"": ""evaluate""}]}",0.7273
您的任务是训练一个神经网络模型，用于根据矿物莫氏硬度的相关特性，预测矿物的莫氏硬度数值。我希望你的激活函数使用双曲正切函数，优化方法使用随机梯度下降。,0.0,6154,"{""edges"": [{""edge_id"": ""11020"", ""source_node_id"": ""14061"", ""target_node_id"": ""14062""}], ""nodes"": [{""node_id"": ""14061"", ""widget_name"": ""Text"", ""node_name"": ""矿物相关特性文本数据"", ""node_params"": {}, ""matched"": false}, {""node_id"": ""14062"", ""widget_name"": ""Text Classification"", ""node_name"": ""文本分类模型"", ""node_params"": {""frame"": ""pytorch"", ""select_model"": ""BERT"", ""epoch"": 3, ""learning_rate"": 0.01, ""batch_size"": 4}, ""matched"": false}]}","{""dependency_requirements"": [{""edge_id"": ""2303"", ""source_node_id"": ""2772"", ""target_node_id"": ""2774""}], ""step_requirements"": [{""node_id"": ""2772"", ""algorithm_step_name"": ""Tabular Dataset Loading"", ""node_name"": ""矿物硬度训练数据"", ""node_params"": {""table_name"": ""mohs_hardness_train"", ""target_column"": ""Hardness""}, ""contrast_level"": 2, ""node_type"": ""io""}, {""node_id"": ""2774"", ""algorithm_step_name"": ""Neural Network"", ""node_name"": ""神经网络模型"", ""node_params"": {""hidden_layers_input"": ""100,"", ""activation"": ""2"", ""solver"": ""1"", ""alpha"": 0.0001, ""maxItera"": 200, ""replicable"": true}, ""contrast_level"": 2, ""node_type"": ""model""}]}",0.0
你的任务是使用螃蟹年龄的训练数据集去建立一个随机森林模型来预测螃蟹的年龄。然后，用这个模型对螃蟹年龄的测试数据集进行预测，最后把预测结果保存下来。数据集需要进行独热编码,1.0,30762,"{""edges"": [{""edge_id"": ""11021"", ""source_node_id"": ""2710"", ""target_node_id"": ""14065""}, {""edge_id"": ""11022"", ""source_node_id"": ""2711"", ""target_node_id"": ""14066""}, {""edge_id"": ""11023"", ""source_node_id"": ""14065"", ""target_node_id"": ""2712""}, {""edge_id"": ""11024"", ""source_node_id"": ""14066"", ""target_node_id"": ""2713""}, {""edge_id"": ""11025"", ""source_node_id"": ""2712"", ""target_node_id"": ""2714""}, {""edge_id"": ""11026"", ""source_node_id"": ""2713"", ""target_node_id"": ""2715""}, {""edge_id"": ""11027"", ""source_node_id"": ""2714"", ""target_node_id"": ""2715""}, {""edge_id"": ""11028"", ""source_node_id"": ""2715"", ""target_node_id"": ""2716""}], ""nodes"": [{""node_id"": ""2710"", ""widget_name"": ""SQL Table"", ""node_name"": ""螃蟹年龄训练数据"", ""node_params"": {""table_name"": ""crab_age_train"", ""target_column"": ""Age""}, ""matched"": true}, {""node_id"": ""2711"", ""widget_name"": ""SQL Table"", ""node_name"": ""螃蟹年龄测试数据"", ""node_params"": {""table_name"": ""crab_age_test"", ""target_column"": ""Age""}, ""matched"": true}, {""node_id"": ""14065"", ""widget_name"": ""Edit Domain"", ""node_name"": ""训练数据编辑域"", ""node_params"": {""column_name"": ""Sex"", ""valueMappings"": ""[{\""key\"": 0, \""originValue\"": \""I\"", \""currentValue\"": \""0\""}, {\""key\"": 1, \""originValue\"": \""F\"", \""currentValue\"": \""1\""}, {\""key\"": 2, \""originValue\"": \""M\"", \""currentValue\"": \""2\""}]""}, ""matched"": false}, {""node_id"": ""14066"", ""widget_name"": ""Edit Domain"", ""node_name"": ""测试数据编辑域"", ""node_params"": {""column_name"": ""Sex"", ""valueMappings"": ""[{\""key\"": 0, \""originValue\"": \""I\"", \""currentValue\"": \""0\""}, {\""key\"": 1, \""originValue\"": \""F\"", \""currentValue\"": \""1\""}, {\""key\"": 2, \""originValue\"": \""M\"", \""currentValue\"": \""2\""}]""}, ""matched"": false}, {""node_id"": ""2712"", ""widget_name"": ""One Hot Encoder"", ""node_name"": ""训练数据独热编码"", ""node_params"": {""encode_vars"": [""Sex""]}, ""matched"": true}, {""node_id"": ""2713"", ""widget_name"": ""One Hot Encoder"", ""node_name"": ""测试数据独热编码"", ""node_params"": {""encode_vars"": [""Sex""]}, ""matched"": true}, {""node_id"": ""2714"", ""widget_name"": ""Random Forest"", ""node_name"": ""随机森林模型"", ""node_params"": {""n_estimators"": 10, ""use_max_features"": false, ""max_features"": ""auto"", ""use_random_state"": false, ""use_max_depth"": false, ""max_depth"": 3, ""use_min_samples_split"": true, ""min_samples_split"": 2}, ""matched"": true}, {""node_id"": ""2715"", ""widget_name"": ""Predictions"", ""node_name"": ""预测"", ""node_params"": {""output_attrs"": true, ""output_predictions"": true, ""output_probabilities"": false}, ""matched"": true}, {""node_id"": ""2716"", ""widget_name"": ""Save Data"", ""node_name"": ""保存预测结果"", ""node_params"": {}, ""matched"": true}]}","{""dependency_requirements"": [{""edge_id"": ""2233"", ""source_node_id"": ""2710"", ""target_node_id"": ""2712""}, {""edge_id"": ""2234"", ""source_node_id"": ""2711"", ""target_node_id"": ""2713""}, {""edge_id"": ""2235"", ""source_node_id"": ""2712"", ""target_node_id"": ""2714""}, {""edge_id"": ""2236"", ""source_node_id"": ""2713"", ""target_node_id"": ""2715""}, {""edge_id"": ""2237"", ""source_node_id"": ""2714"", ""target_node_id"": ""2715""}, {""edge_id"": ""2238"", ""source_node_id"": ""2715"", ""target_node_id"": ""2716""}], ""step_requirements"": [{""node_id"": ""2710"", ""algorithm_step_name"": ""Tabular Dataset Loading"", ""node_name"": ""螃蟹年龄训练数据"", ""node_params"": {""table_name"": ""crab_age_train"", ""target_column"": ""Age""}, ""contrast_level"": 2, ""node_type"": ""io""}, {""node_id"": ""2711"", ""algorithm_step_name"": ""Tabular Dataset Loading"", ""node_name"": ""螃蟹年龄测试数据"", ""node_params"": {""table_name"": ""crab_age_test"", ""target_column"": ""Age""}, ""contrast_level"": 2, ""node_type"": ""io""}, {""node_id"": ""2712"", ""algorithm_step_name"": ""One Hot Encoding"", ""node_name"": ""训练数据独热编码"", ""node_params"": {}, ""contrast_level"": 1, ""node_type"": ""feature engineering""}, {""node_id"": ""2713"", ""algorithm_step_name"": ""One Hot Encoding"", ""node_name"": ""测试数据独热编码"", ""node_params"": {}, ""contrast_level"": 1, ""node_type"": ""feature engineering""}, {""node_id"": ""2714"", ""algorithm_step_name"": ""Random Forest"", ""node_name"": ""随机森林模型"", ""node_params"": {}, ""contrast_level"": 1, ""node_type"": ""model""}, {""node_id"": ""2715"", ""algorithm_step_name"": ""Test Dataset Predictions"", ""node_name"": ""预测结果"", ""node_params"": {""output_attrs"": true, ""output_predictions"": true, ""output_probabilities"": false}, ""contrast_level"": 2, ""node_type"": ""predict""}, {""node_id"": ""2716"", ""algorithm_step_name"": ""Save Data"", ""node_name"": ""保存预测结果"", ""node_params"": {}, ""contrast_level"": 2, ""node_type"": ""io""}]}",0.875
您的任务是构建一个机器学习模型，帮助我预测野生蓝莓的产量。特征工程的处理方法为：特征构建和特征选择。特征工程处理之后还需要对数据进行抽样处理，最后用抽样的数据对训练好的模型进行评估。,0.7273,24295,"{""edges"": [{""edge_id"": ""11029"", ""source_node_id"": ""14072"", ""target_node_id"": ""2776""}, {""edge_id"": ""11030"", ""source_node_id"": ""2777"", ""target_node_id"": ""2780""}, {""edge_id"": ""11031"", ""source_node_id"": ""2776"", ""target_node_id"": ""2777""}, {""edge_id"": ""11032"", ""source_node_id"": ""2777"", ""target_node_id"": ""2778""}, {""edge_id"": ""11033"", ""source_node_id"": ""2777"", ""target_node_id"": ""2779""}], ""nodes"": [{""node_id"": ""14072"", ""widget_name"": ""SQL Table"", ""node_name"": ""训练数据"", ""node_params"": {""table_name"": ""obesity_cvd_risk_train"", ""target_column"": ""NObeyesdad""}, ""matched"": false}, {""node_id"": ""2776"", ""widget_name"": ""Feature Constructor"", ""node_name"": ""特征构建"", ""node_params"": {""expressions"": []}, ""matched"": true}, {""node_id"": ""2780"", ""widget_name"": ""Select Best N Attributes"", ""node_name"": ""特征选择"", ""node_params"": {""n"": 3}, ""matched"": true}, {""node_id"": ""2777"", ""widget_name"": ""Data Sampler"", ""node_name"": ""数据抽样"", ""node_params"": {""sampling_type"": 0, ""percentage"": 10, ""n_samples"": 15, ""replacement"": false, ""n_folds"": 10, ""selected_folds"": 1, ""replicable"": false, ""stratified"": false}, ""matched"": true}, {""node_id"": ""2778"", ""widget_name"": ""ARIMA Model"", ""node_name"": ""ARIMA模型"", ""node_params"": {""forecast_steps"": 3}, ""matched"": true}, {""node_id"": ""2779"", ""widget_name"": ""Test & Score"", ""node_name"": ""模型评估"", ""node_params"": {}, ""matched"": true}]}","{""dependency_requirements"": [{""edge_id"": ""2304"", ""source_node_id"": ""2775"", ""target_node_id"": ""2776""}, {""edge_id"": ""2305"", ""source_node_id"": ""2780"", ""target_node_id"": ""2777""}, {""edge_id"": ""2306"", ""source_node_id"": ""2777"", ""target_node_id"": ""2778""}, {""edge_id"": ""2307"", ""source_node_id"": ""2777"", ""target_node_id"": ""2779""}, {""edge_id"": ""2309"", ""source_node_id"": ""2778"", ""target_node_id"": ""2779""}, {""edge_id"": ""2310"", ""source_node_id"": ""2776"", ""target_node_id"": ""2780""}], ""step_requirements"": [{""node_id"": ""2775"", ""algorithm_step_name"": ""Tabular Dataset Loading"", ""node_name"": ""野生蓝莓产量训练数据"", ""node_params"": {""table_name"": ""wild_blueberry_yield_train"", ""target_column"": ""yield""}, ""contrast_level"": 2, ""node_type"": ""io""}, {""node_id"": ""2776"", ""algorithm_step_name"": ""Feature Construction"", ""node_name"": ""特征构建"", ""node_params"": {}, ""contrast_level"": 1, ""node_type"": ""feature engineering""}, {""node_id"": ""2777"", ""algorithm_step_name"": ""Dataset Division"", ""node_name"": ""数据划分"", ""node_params"": {}, ""contrast_level"": 1, ""node_type"": ""preprocess""}, {""node_id"": ""2778"", ""algorithm_step_name"": ""XGBoost"", ""node_name"": ""XGBoost回归器"", ""node_params"": {}, ""contrast_level"": 0, ""node_type"": ""model""}, {""node_id"": ""2779"", ""algorithm_step_name"": ""Model Evaluate"", ""node_name"": ""模型评估"", ""node_params"": {}, ""contrast_level"": 2, ""node_type"": ""evaluate""}, {""node_id"": ""2780"", ""algorithm_step_name"": ""Feature Selection"", ""node_name"": ""Select Best N Attributes"", ""node_params"": {}, ""contrast_level"": 1, ""node_type"": ""feature engineering""}]}",0.5
您的任务是根据媒体宣传成本的训练数据去构建一个机器学习模型，帮助我们预测食品超市的媒体宣传成本。然后，用这个模型对媒体宣传成本的测试数据集进行预测，最后把预测结果保存下来。,1.0,24994,"{""edges"": [{""edge_id"": ""11035"", ""source_node_id"": ""2740"", ""target_node_id"": ""14080""}, {""edge_id"": ""11036"", ""source_node_id"": ""2741"", ""target_node_id"": ""14081""}, {""edge_id"": ""11037"", ""source_node_id"": ""14080"", ""target_node_id"": ""2745""}, {""edge_id"": ""11038"", ""source_node_id"": ""14081"", ""target_node_id"": ""2743""}, {""edge_id"": ""11039"", ""source_node_id"": ""2745"", ""target_node_id"": ""2743""}, {""edge_id"": ""11040"", ""source_node_id"": ""2743"", ""target_node_id"": ""2744""}], ""nodes"": [{""node_id"": ""2740"", ""widget_name"": ""SQL Table"", ""node_name"": ""媒体宣传成本训练数据"", ""node_params"": {""table_name"": ""media_campaign_cost_train"", ""target_column"": ""cost""}, ""matched"": true}, {""node_id"": ""2741"", ""widget_name"": ""SQL Table"", ""node_name"": ""媒体宣传成本测试数据"", ""node_params"": {""table_name"": ""media_campaign_cost_test"", ""target_column"": ""cost""}, ""matched"": true}, {""node_id"": ""14080"", ""widget_name"": ""One Hot Encoder"", ""node_name"": ""训练数据独热编码"", ""node_params"": {""encode_vars"": [""recyclable_package"", ""low_fat"", ""coffee_bar"", ""video_store"", ""salad_bar"", ""prepared_food"", ""florist""]}, ""matched"": false}, {""node_id"": ""14081"", ""widget_name"": ""One Hot Encoder"", ""node_name"": ""测试数据独热编码"", ""node_params"": {""encode_vars"": [""recyclable_package"", ""low_fat"", ""coffee_bar"", ""video_store"", ""salad_bar"", ""prepared_food"", ""florist""]}, ""matched"": false}, {""node_id"": ""2745"", ""widget_name"": ""Tree"", ""node_name"": ""决策树模型"", ""node_params"": {""limit_min_leaf"": true, ""min_leaf"": 2, ""limit_min_internal"": true, ""min_internal"": 5, ""limit_depth"": true, ""max_depth"": 100}, ""matched"": true}, {""node_id"": ""2743"", ""widget_name"": ""Predictions"", ""node_name"": ""预测"", ""node_params"": {""output_attrs"": true, ""output_predictions"": true, ""output_probabilities"": false}, ""matched"": true}, {""node_id"": ""2744"", ""widget_name"": ""Save Data"", ""node_name"": ""保存预测结果"", ""node_params"": {}, ""matched"": true}]}","{""dependency_requirements"": [{""edge_id"": ""2261"", ""source_node_id"": ""2741"", ""target_node_id"": ""2743""}, {""edge_id"": ""2262"", ""source_node_id"": ""2740"", ""target_node_id"": ""2745""}, {""edge_id"": ""2263"", ""source_node_id"": ""2745"", ""target_node_id"": ""2743""}, {""edge_id"": ""2264"", ""source_node_id"": ""2743"", ""target_node_id"": ""2744""}], ""step_requirements"": [{""node_id"": ""2740"", ""algorithm_step_name"": ""Tabular Dataset Loading"", ""node_name"": ""食品超市媒体宣传成本训练数据"", ""node_params"": {""table_name"": ""media_campaign_cost_train"", ""target_column"": ""cost""}, ""contrast_level"": 2, ""node_type"": ""io""}, {""node_id"": ""2741"", ""algorithm_step_name"": ""Tabular Dataset Loading"", ""node_name"": ""食品超市媒体宣传成本测试数据"", ""node_params"": {""table_name"": ""media_campaign_cost_test"", ""target_column"": ""cost""}, ""contrast_level"": 2, ""node_type"": ""io""}, {""node_id"": ""2743"", ""algorithm_step_name"": ""Test Dataset Predictions"", ""node_name"": ""预测"", ""node_params"": {""output_attrs"": true, ""output_predictions"": true, ""output_probabilities"": false}, ""contrast_level"": 2, ""node_type"": ""predict""}, {""node_id"": ""2744"", ""algorithm_step_name"": ""Save Data"", ""node_name"": ""保存预测结果"", ""node_params"": {}, ""contrast_level"": 2, ""node_type"": ""io""}, {""node_id"": ""2745"", ""algorithm_step_name"": ""XGBoost"", ""node_name"": ""XGBoost"", ""node_params"": {}, ""contrast_level"": 0, ""node_type"": ""model""}]}",0.8333
你的任务是加载历史的标准普尔500指数构建一个时序预测模型，该模型可以根据历史的标准普尔500指数来预测未来的S&P500的值。最后，你需要可视化普尔500指数的走势。,1.0,11332,"{""edges"": [{""edge_id"": ""11187"", ""source_node_id"": ""2812"", ""target_node_id"": ""2813""}, {""edge_id"": ""11188"", ""source_node_id"": ""2812"", ""target_node_id"": ""2814""}, {""edge_id"": ""11189"", ""source_node_id"": ""2813"", ""target_node_id"": ""2814""}], ""nodes"": [{""node_id"": ""2812"", ""widget_name"": ""SQL Table"", ""node_name"": ""标准普尔500指数历史训练数据"", ""node_params"": {""table_name"": ""sp500_index"", ""target_column"": ""SP500""}, ""matched"": true}, {""node_id"": ""2813"", ""widget_name"": ""ARIMA Model"", ""node_name"": ""ARIMA时序预测模型"", ""node_params"": {""forecast_steps"": 3}, ""matched"": true}, {""node_id"": ""2814"", ""widget_name"": ""Line Chart"", ""node_name"": ""折线图"", ""node_params"": {}, ""matched"": true}]}","{""dependency_requirements"": [{""edge_id"": ""2333"", ""source_node_id"": ""2812"", ""target_node_id"": ""2813""}, {""edge_id"": ""2334"", ""source_node_id"": ""2812"", ""target_node_id"": ""2814""}, {""edge_id"": ""2335"", ""source_node_id"": ""2813"", ""target_node_id"": ""2814""}], ""step_requirements"": [{""node_id"": ""2812"", ""algorithm_step_name"": ""Tabular Dataset Loading"", ""node_name"": ""标准普尔500指数历史数据"", ""node_params"": {""table_name"": ""sp500_index"", ""target_column"": ""SP500""}, ""contrast_level"": 2, ""node_type"": ""io""}, {""node_id"": ""2813"", ""algorithm_step_name"": ""VAR Model"", ""node_name"": ""VAR时序预测模型"", ""node_params"": {}, ""contrast_level"": 0, ""node_type"": ""model""}, {""node_id"": ""2814"", ""algorithm_step_name"": ""Line Chart"", ""node_name"": ""折线图"", ""node_params"": {}, ""contrast_level"": 2, ""node_type"": ""visualize""}]}",1.0
帮我训练一个ARIMA时序预测模型，它能够根据前一年每个月的电量销售数据，预测下一年每个月的电量销售额。,0.5,13516,"{""edges"": [{""edge_id"": ""11190"", ""source_node_id"": ""14370"", ""target_node_id"": ""14371""}, {""edge_id"": ""11191"", ""source_node_id"": ""14371"", ""target_node_id"": ""2816""}], ""nodes"": [{""node_id"": ""14370"", ""widget_name"": ""SQL Table"", ""node_name"": ""训练数据"", ""node_params"": {""table_name"": ""obesity_cvd_risk_train"", ""target_column"": ""NObeyesdad""}, ""matched"": false}, {""node_id"": ""14371"", ""widget_name"": ""One Hot Encoder"", ""node_name"": ""独热编码处理"", ""node_params"": {""encode_vars"": [""Gender"", ""family_history_with_overweight"", ""FAVC"", ""CAEC"", ""SMOKE"", ""SCC"", ""CALC"", ""MTRANS""]}, ""matched"": false}, {""node_id"": ""2816"", ""widget_name"": ""ARIMA Model"", ""node_name"": ""ARIMA时序预测模型"", ""node_params"": {""forecast_steps"": 12}, ""matched"": true}]}","{""dependency_requirements"": [{""edge_id"": ""2336"", ""source_node_id"": ""2815"", ""target_node_id"": ""2816""}], ""step_requirements"": [{""node_id"": ""2815"", ""algorithm_step_name"": ""Tabular Dataset Loading"", ""node_name"": ""电量销售训练数据"", ""node_params"": {""table_name"": ""electricity_sales"", ""target_column"": ""sales""}, ""contrast_level"": 2, ""node_type"": ""io""}, {""node_id"": ""2816"", ""algorithm_step_name"": ""ARIMA Model"", ""node_name"": ""ARIMA时序预测模型"", ""node_params"": {""forecast_steps"": 12}, ""contrast_level"": 2, ""node_type"": ""model""}]}",0.4
你的任务是根据前一年每个月大气中二氧化碳的月平均浓度，训练一个VAR时序预测模型，预测下一年每个月大气中二氧化碳的月平均浓度。最后，将预测结果保存。,0.75,19314,"{""edges"": [{""edge_id"": ""11192"", ""source_node_id"": ""14373"", ""target_node_id"": ""14374""}, {""edge_id"": ""11193"", ""source_node_id"": ""14374"", ""target_node_id"": ""2824""}, {""edge_id"": ""11194"", ""source_node_id"": ""2824"", ""target_node_id"": ""2825""}], ""nodes"": [{""node_id"": ""14373"", ""widget_name"": ""SQL Table"", ""node_name"": ""训练数据"", ""node_params"": {""table_name"": ""obesity_cvd_risk_train"", ""target_column"": ""NObeyesdad""}, ""matched"": false}, {""node_id"": ""14374"", ""widget_name"": ""One Hot Encoder"", ""node_name"": ""独热编码处理"", ""node_params"": {""encode_vars"": [""Gender"", ""family_history_with_overweight"", ""FAVC"", ""CAEC"", ""SMOKE"", ""SCC"", ""CALC"", ""MTRANS""]}, ""matched"": false}, {""node_id"": ""2824"", ""widget_name"": ""VAR Model"", ""node_name"": ""VAR时序预测模型"", ""node_params"": {""forecast_steps"": 12}, ""matched"": true}, {""node_id"": ""2825"", ""widget_name"": ""Save Data"", ""node_name"": ""保存预测结果"", ""node_params"": {}, ""matched"": true}]}","{""dependency_requirements"": [{""edge_id"": ""2342"", ""source_node_id"": ""2823"", ""target_node_id"": ""2824""}, {""edge_id"": ""2343"", ""source_node_id"": ""2824"", ""target_node_id"": ""2825""}], ""step_requirements"": [{""node_id"": ""2823"", ""algorithm_step_name"": ""Tabular Dataset Loading"", ""node_name"": ""二氧化碳浓度训练数据"", ""node_params"": {""table_name"": ""atmospheric_carbon_dioxide"", ""target_column"": ""Average""}, ""contrast_level"": 2, ""node_type"": ""io""}, {""node_id"": ""2824"", ""algorithm_step_name"": ""VAR Model"", ""node_name"": ""VAR时序预测模型"", ""node_params"": {""forecast_steps"": 12}, ""contrast_level"": 2, ""node_type"": ""model""}, {""node_id"": ""2825"", ""algorithm_step_name"": ""Save Data"", ""node_name"": ""保存预测结果"", ""node_params"": {}, ""contrast_level"": 2, ""node_type"": ""io""}]}",0.5714
我需要你帮我构建一个模型，帮助我快速判断一篇新闻是真新闻还是假新闻。我希望你最后展示一下训练日志。,1.0,7127,"{""edges"": [{""edge_id"": ""11195"", ""source_node_id"": ""2831"", ""target_node_id"": ""2832""}, {""edge_id"": ""11196"", ""source_node_id"": ""2832"", ""target_node_id"": ""2833""}], ""nodes"": [{""node_id"": ""2831"", ""widget_name"": ""Text"", ""node_name"": ""新闻文本数据集"", ""node_params"": {}, ""matched"": true}, {""node_id"": ""2832"", ""widget_name"": ""Text Classification"", ""node_name"": ""文本分类模型"", ""node_params"": {""frame"": ""pytorch"", ""select_model"": ""BERT"", ""epoch"": 3, ""learning_rate"": 0.01, ""batch_size"": 4}, ""matched"": true}, {""node_id"": ""2833"", ""widget_name"": ""Train Log"", ""node_name"": ""训练日志"", ""node_params"": {}, ""matched"": true}]}","{""dependency_requirements"": [{""edge_id"": ""2346"", ""source_node_id"": ""2831"", ""target_node_id"": ""2832""}, {""edge_id"": ""2347"", ""source_node_id"": ""2832"", ""target_node_id"": ""2833""}], ""step_requirements"": [{""node_id"": ""2831"", ""algorithm_step_name"": ""Text Dataset Loading"", ""node_name"": ""真假新闻数据加载"", ""node_params"": {}, ""contrast_level"": 2, ""node_type"": ""io""}, {""node_id"": ""2832"", ""algorithm_step_name"": ""Text Classification Model"", ""node_name"": ""新闻分类模型"", ""node_params"": {}, ""contrast_level"": 1, ""node_type"": ""model""}, {""node_id"": ""2833"", ""algorithm_step_name"": ""Train Log"", ""node_name"": ""训练日志"", ""node_params"": {}, ""contrast_level"": 2, ""node_type"": ""visualize""}]}",1.0
你的任务是帮我训练一个模型，用于进行情感分类。训练轮数设置为5轮，学习率使用0.001。,1.0,4491,"{""edges"": [{""edge_id"": ""11197"", ""source_node_id"": ""2834"", ""target_node_id"": ""2835""}], ""nodes"": [{""node_id"": ""2834"", ""widget_name"": ""Text"", ""node_name"": ""情感分类数据集"", ""node_params"": {}, ""matched"": true}, {""node_id"": ""2835"", ""widget_name"": ""Text Classification"", ""node_name"": ""文本分类模型"", ""node_params"": {""frame"": ""pytorch"", ""select_model"": ""BERT"", ""epoch"": 5, ""learning_rate"": 0.001, ""batch_size"": 4}, ""matched"": true}]}","{""dependency_requirements"": [{""edge_id"": ""2348"", ""source_node_id"": ""2834"", ""target_node_id"": ""2835""}], ""step_requirements"": [{""node_id"": ""2834"", ""algorithm_step_name"": ""Text Dataset Loading"", ""node_name"": ""情感分类数据加载"", ""node_params"": {}, ""contrast_level"": 2, ""node_type"": ""io""}, {""node_id"": ""2835"", ""algorithm_step_name"": ""Text Classification Model"", ""node_name"": ""情感分类模型"", ""node_params"": {""frame"": ""pytorch"", ""select_model"": ""BERT"", ""epoch"": 5, ""learning_rate"": 0.001, ""batch_size"": 4}, ""contrast_level"": 2, ""node_type"": ""model""}]}",1.0
我需要你帮我训练一个垃圾邮件检测模型，用于判断一封邮件是否为垃圾邮件。训练框架使用Tensorflow,0.5,5336,"{""edges"": [{""edge_id"": ""11198"", ""source_node_id"": ""2836"", ""target_node_id"": ""14383""}], ""nodes"": [{""node_id"": ""2836"", ""widget_name"": ""Text"", ""node_name"": ""邮件内容加载节点"", ""node_params"": {}, ""matched"": true}, {""node_id"": ""14383"", ""widget_name"": ""Text Classification"", ""node_name"": ""文本分类模型"", ""node_params"": {""frame"": ""Tensorflow"", ""select_model"": ""BERT"", ""epoch"": 3, ""learning_rate"": 0.01, ""batch_size"": 4}, ""matched"": false}]}","{""dependency_requirements"": [{""edge_id"": ""2349"", ""source_node_id"": ""2836"", ""target_node_id"": ""2837""}], ""step_requirements"": [{""node_id"": ""2836"", ""algorithm_step_name"": ""Text Dataset Loading"", ""node_name"": ""垃圾邮件与非垃圾邮件数据加载"", ""node_params"": {}, ""contrast_level"": 2, ""node_type"": ""io""}, {""node_id"": ""2837"", ""algorithm_step_name"": ""Text Classification Model"", ""node_name"": ""文本分类模型"", ""node_params"": {""frame"": ""tensorflow"", ""select_model"": ""BERT"", ""epoch"": 3, ""learning_rate"": 0.01, ""batch_size"": 4}, ""contrast_level"": 2, ""node_type"": ""model""}]}",0.5
为了解全国各地麦当劳店的顾客体验和意见，我需要你帮我训练一个模型，用于根据用户提交的网上评论，判断客户的满意等级。最后添加一个预测步骤。,1.0,8207,"{""edges"": [{""edge_id"": ""11199"", ""source_node_id"": ""2841"", ""target_node_id"": ""2842""}, {""edge_id"": ""11200"", ""source_node_id"": ""2842"", ""target_node_id"": ""2843""}], ""nodes"": [{""node_id"": ""2841"", ""widget_name"": ""Text"", ""node_name"": ""麦当劳店顾客评论"", ""node_params"": {}, ""matched"": true}, {""node_id"": ""2842"", ""widget_name"": ""Text Classification"", ""node_name"": ""文本分类模型"", ""node_params"": {""frame"": ""pytorch"", ""select_model"": ""BERT"", ""epoch"": 3, ""learning_rate"": 0.01, ""batch_size"": 4}, ""matched"": true}, {""node_id"": ""2843"", ""widget_name"": ""Infer"", ""node_name"": ""预测"", ""node_params"": {}, ""matched"": true}]}","{""dependency_requirements"": [{""edge_id"": ""2351"", ""source_node_id"": ""2841"", ""target_node_id"": ""2842""}, {""edge_id"": ""2352"", ""source_node_id"": ""2842"", ""target_node_id"": ""2843""}], ""step_requirements"": [{""node_id"": ""2841"", ""algorithm_step_name"": ""Text Dataset Loading"", ""node_name"": ""顾客评论数据加载节点"", ""node_params"": {}, ""contrast_level"": 2, ""node_type"": ""io""}, {""node_id"": ""2842"", ""algorithm_step_name"": ""Text Classification Model"", ""node_name"": ""文本分类模型"", ""node_params"": {}, ""contrast_level"": 1, ""node_type"": ""model""}, {""node_id"": ""2843"", ""algorithm_step_name"": ""Test Dataset Predictions"", ""node_name"": ""预测步骤"", ""node_params"": {}, ""contrast_level"": 2, ""node_type"": ""predict""}]}",1.0
BBC新闻文章涵盖体育、商业、政治、科技和娱乐等多个领域。你的任务是训练一个文本分类模型，用于对新闻内容进行主题分类。训练框架使用pytorch，训练轮数设置为7轮，学习率使用0.05。,1.0,4588,"{""edges"": [{""edge_id"": ""11201"", ""source_node_id"": ""2834"", ""target_node_id"": ""2835""}], ""nodes"": [{""node_id"": ""2834"", ""widget_name"": ""Text"", ""node_name"": ""BBC新闻文章"", ""node_params"": {}, ""matched"": true}, {""node_id"": ""2835"", ""widget_name"": ""Text Classification"", ""node_name"": ""文本分类模型"", ""node_params"": {""frame"": ""pytorch"", ""select_model"": ""BERT"", ""epoch"": 7, ""learning_rate"": 0.05, ""batch_size"": 4}, ""matched"": true}]}","{""dependency_requirements"": [{""edge_id"": ""2348"", ""source_node_id"": ""2834"", ""target_node_id"": ""2835""}], ""step_requirements"": [{""node_id"": ""2834"", ""algorithm_step_name"": ""Text Dataset Loading"", ""node_name"": ""BBC新闻文章"", ""node_params"": {}, ""contrast_level"": 2, ""node_type"": ""io""}, {""node_id"": ""2835"", ""algorithm_step_name"": ""Text Classification Model"", ""node_name"": ""文本分类模型"", ""node_params"": {""frame"": ""pytorch"", ""select_model"": ""BERT"", ""epoch"": 7, ""learning_rate"": 0.05, ""batch_size"": 4}, ""contrast_level"": 2, ""node_type"": ""model""}]}",1.0
你的任务是帮我训练一个能够将英文转换为法语的Seq2Seq模型，训练框架使用pytorch，训练轮数设置为9轮，学习率使用0.05。,1.0,6432,"{""edges"": [{""edge_id"": ""11202"", ""source_node_id"": ""2845"", ""target_node_id"": ""2846""}], ""nodes"": [{""node_id"": ""2845"", ""widget_name"": ""Text"", ""node_name"": ""英文到法文翻译数据集"", ""node_params"": {}, ""matched"": true}, {""node_id"": ""2846"", ""widget_name"": ""Translation"", ""node_name"": ""Seq2Seq模型"", ""node_params"": {""frame"": ""pytorch"", ""select_model"": ""Seq2Seq"", ""epoch"": 9, ""learning_rate"": 0.05, ""batch_size"": 4}, ""matched"": true}]}","{""dependency_requirements"": [{""edge_id"": ""2353"", ""source_node_id"": ""2845"", ""target_node_id"": ""2846""}], ""step_requirements"": [{""node_id"": ""2845"", ""algorithm_step_name"": ""Text Dataset Loading"", ""node_name"": ""英文-法语翻译数据集加载节点"", ""node_params"": {}, ""contrast_level"": 2, ""node_type"": ""io""}, {""node_id"": ""2846"", ""algorithm_step_name"": ""Text Translation Model"", ""node_name"": ""Seq2Seq模型训练"", ""node_params"": {""frame"": ""pytorch"", ""select_model"": ""Seq2Seq"", ""epoch"": 9, ""learning_rate"": 0.05, ""batch_size"": 4}, ""contrast_level"": 2, ""node_type"": ""model""}]}",1.0
你的任务是帮我训练一个翻译器，它能够将德语翻译为英语。训练框架使用Tensorflow，训练轮数设置为5轮，学习率使用0.03。,1.0,4987,"{""edges"": [{""edge_id"": ""11203"", ""source_node_id"": ""2845"", ""target_node_id"": ""2846""}], ""nodes"": [{""node_id"": ""2845"", ""widget_name"": ""Text"", ""node_name"": ""德语到英语翻译数据集"", ""node_params"": {}, ""matched"": true}, {""node_id"": ""2846"", ""widget_name"": ""Translation"", ""node_name"": ""机器翻译模型"", ""node_params"": {""frame"": ""tensorflow"", ""select_model"": ""Seq2Seq"", ""epoch"": 5, ""learning_rate"": 0.03, ""batch_size"": 4}, ""matched"": true}]}","{""dependency_requirements"": [{""edge_id"": ""2353"", ""source_node_id"": ""2845"", ""target_node_id"": ""2846""}], ""step_requirements"": [{""node_id"": ""2845"", ""algorithm_step_name"": ""Text Dataset Loading"", ""node_name"": ""英文-法语翻译数据集加载节点"", ""node_params"": {}, ""contrast_level"": 2, ""node_type"": ""io""}, {""node_id"": ""2846"", ""algorithm_step_name"": ""Text Translation Model"", ""node_name"": ""Seq2Seq模型训练"", ""node_params"": {""frame"": ""tensorflow"", ""select_model"": ""Seq2Seq"", ""epoch"": 5, ""learning_rate"": 0.03, ""batch_size"": 4}, ""contrast_level"": 2, ""node_type"": ""model""}]}",1.0
帮我训练一个能够将汉语翻译为英文的翻译器。训练的bath size使用2。,1.0,4290,"{""edges"": [{""edge_id"": ""11204"", ""source_node_id"": ""2845"", ""target_node_id"": ""2846""}], ""nodes"": [{""node_id"": ""2845"", ""widget_name"": ""Text"", ""node_name"": ""文本加载节点"", ""node_params"": {}, ""matched"": true}, {""node_id"": ""2846"", ""widget_name"": ""Translation"", ""node_name"": ""机器翻译模型"", ""node_params"": {""frame"": ""pytorch"", ""select_model"": ""Seq2Seq"", ""epoch"": 3, ""learning_rate"": 0.01, ""batch_size"": 2}, ""matched"": true}]}","{""dependency_requirements"": [{""edge_id"": ""2353"", ""source_node_id"": ""2845"", ""target_node_id"": ""2846""}], ""step_requirements"": [{""node_id"": ""2845"", ""algorithm_step_name"": ""Text Dataset Loading"", ""node_name"": ""英文-法语翻译数据集加载节点"", ""node_params"": {}, ""contrast_level"": 2, ""node_type"": ""io""}, {""node_id"": ""2846"", ""algorithm_step_name"": ""Text Translation Model"", ""node_name"": ""Seq2Seq模型训练"", ""node_params"": {""frame"": ""pytorch"", ""select_model"": ""Seq2Seq"", ""epoch"": 3, ""learning_rate"": 0.01, ""batch_size"": 2}, ""contrast_level"": 2, ""node_type"": ""model""}]}",1.0
我这里有很多骨折和非骨折X光图像，涵盖人体所有解剖区域，包括下肢、上肢、腰部、髋部、膝盖等。你的任务是用这些图片帮我训练一个ConvNeXt模型，用于根据X光图像识别其是否骨折。,1.0,4633,"{""edges"": [{""edge_id"": ""11205"", ""source_node_id"": ""2849"", ""target_node_id"": ""2850""}], ""nodes"": [{""node_id"": ""2849"", ""widget_name"": ""Image"", ""node_name"": ""骨折和非骨折图像加载节点"", ""node_params"": {}, ""matched"": true}, {""node_id"": ""2850"", ""widget_name"": ""Image Classification"", ""node_name"": ""ConvNeXt模型"", ""node_params"": {""frame"": ""pytorch"", ""select_model"": ""ConvNeXt"", ""epoch"": 3, ""learning_rate"": 0.01, ""batch_size"": 2}, ""matched"": true}]}","{""dependency_requirements"": [{""edge_id"": ""2354"", ""source_node_id"": ""2849"", ""target_node_id"": ""2850""}], ""step_requirements"": [{""node_id"": ""2849"", ""algorithm_step_name"": ""Image Dataset Loading"", ""node_name"": ""X光图像加载节点"", ""node_params"": {}, ""contrast_level"": 2, ""node_type"": ""io""}, {""node_id"": ""2850"", ""algorithm_step_name"": ""Image Classification Model"", ""node_name"": ""骨折识别模型"", ""node_params"": {""frame"": ""pytorch"", ""select_model"": ""ConvNeXt"", ""epoch"": 3, ""learning_rate"": 0.01, ""batch_size"": 2}, ""contrast_level"": 2, ""node_type"": ""model""}]}",1.0
你的工作是将一个ViT模型训练到能通过动物图片准确判断动物种类的程度。训练参数可以使用：epoch=11，学习率为0.001，batch_size为4,1.0,4777,"{""edges"": [{""edge_id"": ""11206"", ""source_node_id"": ""2849"", ""target_node_id"": ""2850""}], ""nodes"": [{""node_id"": ""2849"", ""widget_name"": ""Image"", ""node_name"": ""图像加载节点"", ""node_params"": {}, ""matched"": true}, {""node_id"": ""2850"", ""widget_name"": ""Image Classification"", ""node_name"": ""ViT模型"", ""node_params"": {""frame"": ""pytorch"", ""select_model"": ""ViT"", ""epoch"": 11, ""learning_rate"": 0.001, ""batch_size"": 4}, ""matched"": true}]}","{""dependency_requirements"": [{""edge_id"": ""2354"", ""source_node_id"": ""2849"", ""target_node_id"": ""2850""}], ""step_requirements"": [{""node_id"": ""2849"", ""algorithm_step_name"": ""Image Dataset Loading"", ""node_name"": ""X光图像加载节点"", ""node_params"": {}, ""contrast_level"": 2, ""node_type"": ""io""}, {""node_id"": ""2850"", ""algorithm_step_name"": ""Image Classification Model"", ""node_name"": ""骨折识别模型"", ""node_params"": {""frame"": ""pytorch"", ""select_model"": ""ViT"", ""epoch"": 11, ""learning_rate"": 0.001, ""batch_size"": 4}, ""contrast_level"": 2, ""node_type"": ""model""}]}",1.0
帮我训练一个ResNet152模型，用于区分悲伤和快乐的人脸图像。,1.0,4113,"{""edges"": [{""edge_id"": ""11207"", ""source_node_id"": ""2849"", ""target_node_id"": ""2850""}], ""nodes"": [{""node_id"": ""2849"", ""widget_name"": ""Image"", ""node_name"": ""悲伤和快乐人脸图像加载节点"", ""node_params"": {}, ""matched"": true}, {""node_id"": ""2850"", ""widget_name"": ""Image Classification"", ""node_name"": ""ResNet152模型"", ""node_params"": {""frame"": ""pytorch"", ""select_model"": ""ResNet152"", ""epoch"": 3, ""learning_rate"": 0.01, ""batch_size"": 2}, ""matched"": true}]}","{""dependency_requirements"": [{""edge_id"": ""2354"", ""source_node_id"": ""2849"", ""target_node_id"": ""2850""}], ""step_requirements"": [{""node_id"": ""2849"", ""algorithm_step_name"": ""Image Dataset Loading"", ""node_name"": ""X光图像加载节点"", ""node_params"": {}, ""contrast_level"": 2, ""node_type"": ""io""}, {""node_id"": ""2850"", ""algorithm_step_name"": ""Image Classification Model"", ""node_name"": ""骨折识别模型"", ""node_params"": {""frame"": ""pytorch"", ""select_model"": ""ResNet152"", ""epoch"": 3, ""learning_rate"": 0.01, ""batch_size"": 2}, ""contrast_level"": 2, ""node_type"": ""model""}]}",1.0
你的任务是训练一个ConvNeXt-small模型，用于X射线图像的识别，判断一张图片是否为X射线。训练的轮数使用15轮,1.0,4218,"{""edges"": [{""edge_id"": ""11208"", ""source_node_id"": ""2849"", ""target_node_id"": ""2850""}], ""nodes"": [{""node_id"": ""2849"", ""widget_name"": ""Image"", ""node_name"": ""X射线图像加载节点"", ""node_params"": {}, ""matched"": true}, {""node_id"": ""2850"", ""widget_name"": ""Image Classification"", ""node_name"": ""ConvNeXt-small模型"", ""node_params"": {""frame"": ""pytorch"", ""select_model"": ""ConvNeXt-small"", ""epoch"": 15, ""learning_rate"": 0.01, ""batch_size"": 2}, ""matched"": true}]}","{""dependency_requirements"": [{""edge_id"": ""2354"", ""source_node_id"": ""2849"", ""target_node_id"": ""2850""}], ""step_requirements"": [{""node_id"": ""2849"", ""algorithm_step_name"": ""Image Dataset Loading"", ""node_name"": ""X光图像加载节点"", ""node_params"": {}, ""contrast_level"": 2, ""node_type"": ""io""}, {""node_id"": ""2850"", ""algorithm_step_name"": ""Image Classification Model"", ""node_name"": ""骨折识别模型"", ""node_params"": {""frame"": ""pytorch"", ""select_model"": ""ConvNeXt-small"", ""epoch"": 15, ""learning_rate"": 0.01, ""batch_size"": 2}, ""contrast_level"": 2, ""node_type"": ""model""}]}",1.0
你的任务是训练一个检测植物病害的ResNet34模型，它能够根据植物图片判断植物患了哪一类病。,1.0,4758,"{""edges"": [{""edge_id"": ""11209"", ""source_node_id"": ""2849"", ""target_node_id"": ""2850""}], ""nodes"": [{""node_id"": ""2849"", ""widget_name"": ""Image"", ""node_name"": ""植物病害图像加载节点"", ""node_params"": {}, ""matched"": true}, {""node_id"": ""2850"", ""widget_name"": ""Image Classification"", ""node_name"": ""ResNet34模型"", ""node_params"": {""frame"": ""pytorch"", ""select_model"": ""ResNet34"", ""epoch"": 3, ""learning_rate"": 0.01, ""batch_size"": 2}, ""matched"": true}]}","{""dependency_requirements"": [{""edge_id"": ""2354"", ""source_node_id"": ""2849"", ""target_node_id"": ""2850""}], ""step_requirements"": [{""node_id"": ""2849"", ""algorithm_step_name"": ""Image Dataset Loading"", ""node_name"": ""X光图像加载节点"", ""node_params"": {}, ""contrast_level"": 2, ""node_type"": ""io""}, {""node_id"": ""2850"", ""algorithm_step_name"": ""Image Classification Model"", ""node_name"": ""骨折识别模型"", ""node_params"": {""frame"": ""pytorch"", ""select_model"": ""ResNet34"", ""epoch"": 3, ""learning_rate"": 0.01, ""batch_size"": 2}, ""contrast_level"": 2, ""node_type"": ""model""}]}",1.0
你的任务是训练一个yolov3模型，用于识别图片中有哪些车辆，以及车辆在图中的位置。你需要给我展示训练日志，最后还要添加一个预测步骤。,1.0,10120,"{""edges"": [{""edge_id"": ""11210"", ""source_node_id"": ""2852"", ""target_node_id"": ""2853""}, {""edge_id"": ""11211"", ""source_node_id"": ""2853"", ""target_node_id"": ""2854""}, {""edge_id"": ""11212"", ""source_node_id"": ""2853"", ""target_node_id"": ""2855""}], ""nodes"": [{""node_id"": ""2852"", ""widget_name"": ""Image"", ""node_name"": ""车辆图像加载节点"", ""node_params"": {}, ""matched"": true}, {""node_id"": ""2853"", ""widget_name"": ""Object Detection"", ""node_name"": ""目标检测模型"", ""node_params"": {""frame"": ""pytorch"", ""select_model"": ""yolov3"", ""backbone"": ""DarkNet53"", ""epoch"": 3, ""learning_rate"": 0.01, ""batch_size"": 2}, ""matched"": true}, {""node_id"": ""2854"", ""widget_name"": ""Train Log"", ""node_name"": ""训练日志"", ""node_params"": {}, ""matched"": true}, {""node_id"": ""2855"", ""widget_name"": ""Infer"", ""node_name"": ""预测"", ""node_params"": {}, ""matched"": true}]}","{""dependency_requirements"": [{""edge_id"": ""2355"", ""source_node_id"": ""2852"", ""target_node_id"": ""2853""}, {""edge_id"": ""2356"", ""source_node_id"": ""2853"", ""target_node_id"": ""2854""}, {""edge_id"": ""2357"", ""source_node_id"": ""2853"", ""target_node_id"": ""2855""}], ""step_requirements"": [{""node_id"": ""2852"", ""algorithm_step_name"": ""Image Dataset Loading"", ""node_name"": ""车辆图像加载节点"", ""node_params"": {}, ""contrast_level"": 2, ""node_type"": ""io""}, {""node_id"": ""2853"", ""algorithm_step_name"": ""Object Detection Model"", ""node_name"": ""目标检测模型"", ""node_params"": {""frame"": ""pytorch"", ""select_model"": ""yolov3"", ""backbone"": ""DarkNet53"", ""epoch"": 3, ""learning_rate"": 0.01, ""batch_size"": 2}, ""contrast_level"": 2, ""node_type"": ""model""}, {""node_id"": ""2854"", ""algorithm_step_name"": ""Train Log"", ""node_name"": ""训练日志"", ""node_params"": {}, ""contrast_level"": 2, ""node_type"": ""visualize""}, {""node_id"": ""2855"", ""algorithm_step_name"": ""Test Dataset Predictions"", ""node_name"": ""预测"", ""node_params"": {}, ""contrast_level"": 2, ""node_type"": ""predict""}]}",1.0
您需要训练一个SSD模型，此模型将基于MobileNetV2架构，以识别图像中的牛仔装及配饰，包括牛仔夹克、墨镜、靴子和腰带等。,1.0,5165,"{""edges"": [{""edge_id"": ""11213"", ""source_node_id"": ""2860"", ""target_node_id"": ""2861""}], ""nodes"": [{""node_id"": ""2860"", ""widget_name"": ""Image"", ""node_name"": ""穿着牛仔装及配饰图像加载节点"", ""node_params"": {}, ""matched"": true}, {""node_id"": ""2861"", ""widget_name"": ""Object Detection"", ""node_name"": ""目标检测模型"", ""node_params"": {""frame"": ""pytorch"", ""select_model"": ""SSD"", ""backbone"": ""MobileNetV2"", ""epoch"": 3, ""learning_rate"": 0.01, ""batch_size"": 2}, ""matched"": true}]}","{""dependency_requirements"": [{""edge_id"": ""2360"", ""source_node_id"": ""2860"", ""target_node_id"": ""2861""}], ""step_requirements"": [{""node_id"": ""2860"", ""algorithm_step_name"": ""Image Dataset Loading"", ""node_name"": ""图像加载节点"", ""node_params"": {}, ""contrast_level"": 2, ""node_type"": ""io""}, {""node_id"": ""2861"", ""algorithm_step_name"": ""Object Detection Model"", ""node_name"": ""目标检测模型"", ""node_params"": {""frame"": ""pytorch"", ""select_model"": ""SSD"", ""backbone"": ""MobileNetV2"", ""epoch"": 3, ""learning_rate"": 0.01, ""batch_size"": 2}, ""contrast_level"": 2, ""node_type"": ""model""}]}",1.0
训练一个深度学习模型，该模型能够接收包含交通标志的图像作为输入，并输出每个交通标志的类别以及其在图像中的精确边界框坐标。在训练过程中，请将epoch设置为5，学习率设置为0.001。,1.0,4783,"{""edges"": [{""edge_id"": ""11214"", ""source_node_id"": ""2866"", ""target_node_id"": ""2867""}], ""nodes"": [{""node_id"": ""2866"", ""widget_name"": ""Image"", ""node_name"": ""交通标志图像加载节点"", ""node_params"": {}, ""matched"": true}, {""node_id"": ""2867"", ""widget_name"": ""Object Detection"", ""node_name"": ""目标检测模型"", ""node_params"": {""frame"": ""pytorch"", ""select_model"": ""yolov3"", ""backbone"": ""DarkNet53"", ""epoch"": 5, ""learning_rate"": 0.001, ""batch_size"": 2}, ""matched"": true}]}","{""dependency_requirements"": [{""edge_id"": ""2363"", ""source_node_id"": ""2866"", ""target_node_id"": ""2867""}], ""step_requirements"": [{""node_id"": ""2866"", ""algorithm_step_name"": ""Image Dataset Loading"", ""node_name"": ""图像加载节点"", ""node_params"": {}, ""contrast_level"": 2, ""node_type"": ""io""}, {""node_id"": ""2867"", ""algorithm_step_name"": ""Object Detection Model"", ""node_name"": ""目标检测模型"", ""node_params"": {""frame"": ""pytorch"", ""select_model"": ""yolov3"", ""backbone"": ""DarkNet53"", ""epoch"": 5, ""learning_rate"": 0.001, ""batch_size"": 2}, ""contrast_level"": 2, ""node_type"": ""model""}]}",1.0
开发并训练一个FasterRCNN模型，该模型能够接收医学影像（如MRI或CT扫描）作为输入，并能够在图像中精确地识别和定位脑肿瘤。模型应输出每个检测到的脑肿瘤的边界框坐标以及肿瘤的类别（如有必要，区分不同类型的肿瘤）。,1.0,5141,"{""edges"": [{""edge_id"": ""11215"", ""source_node_id"": ""2866"", ""target_node_id"": ""2867""}], ""nodes"": [{""node_id"": ""2866"", ""widget_name"": ""Image"", ""node_name"": ""医学影像加载节点"", ""node_params"": {}, ""matched"": true}, {""node_id"": ""2867"", ""widget_name"": ""Object Detection"", ""node_name"": ""目标检测模型"", ""node_params"": {""frame"": ""pytorch"", ""select_model"": ""FasterRCNN"", ""backbone"": ""DarkNet53"", ""epoch"": 3, ""learning_rate"": 0.01, ""batch_size"": 2}, ""matched"": true}]}","{""dependency_requirements"": [{""edge_id"": ""2363"", ""source_node_id"": ""2866"", ""target_node_id"": ""2867""}], ""step_requirements"": [{""node_id"": ""2866"", ""algorithm_step_name"": ""Image Dataset Loading"", ""node_name"": ""图像加载节点"", ""node_params"": {}, ""contrast_level"": 2, ""node_type"": ""io""}, {""node_id"": ""2867"", ""algorithm_step_name"": ""Object Detection Model"", ""node_name"": ""目标检测模型"", ""node_params"": {""frame"": ""pytorch"", ""select_model"": ""FasterRCNN"", ""backbone"": ""DarkNet53"", ""epoch"": 3, ""learning_rate"": 0.01, ""batch_size"": 2}, ""contrast_level"": 2, ""node_type"": ""model""}]}",1.0
您的任务是训练一个模型，使用10个epoch和0.001的学习率，训练好的模型应该能够根据海洋监控图像识别和定位渔船，从而支持监控捕鱼活动和预防过度捕捞。,1.0,4711,"{""edges"": [{""edge_id"": ""11216"", ""source_node_id"": ""2866"", ""target_node_id"": ""2867""}], ""nodes"": [{""node_id"": ""2866"", ""widget_name"": ""Image"", ""node_name"": ""海洋监控图像加载节点"", ""node_params"": {}, ""matched"": true}, {""node_id"": ""2867"", ""widget_name"": ""Object Detection"", ""node_name"": ""目标检测模型"", ""node_params"": {""frame"": ""pytorch"", ""select_model"": ""yolov3"", ""backbone"": ""DarkNet53"", ""epoch"": 10, ""learning_rate"": 0.001, ""batch_size"": 2}, ""matched"": true}]}","{""dependency_requirements"": [{""edge_id"": ""2363"", ""source_node_id"": ""2866"", ""target_node_id"": ""2867""}], ""step_requirements"": [{""node_id"": ""2866"", ""algorithm_step_name"": ""Image Dataset Loading"", ""node_name"": ""图像加载节点"", ""node_params"": {}, ""contrast_level"": 2, ""node_type"": ""io""}, {""node_id"": ""2867"", ""algorithm_step_name"": ""Object Detection Model"", ""node_name"": ""目标检测模型"", ""node_params"": {""frame"": ""pytorch"", ""select_model"": ""yolov3"", ""backbone"": ""DarkNet53"", ""epoch"": 10, ""learning_rate"": 0.001, ""batch_size"": 2}, ""contrast_level"": 2, ""node_type"": ""model""}]}",1.0
训练一个BEiT-base模型，用于识别图像中每一个像素的类别，判断其属于人类像素还是背景像素。,1.0,5157,"{""edges"": [{""edge_id"": ""11217"", ""source_node_id"": ""2869"", ""target_node_id"": ""2870""}], ""nodes"": [{""node_id"": ""2869"", ""widget_name"": ""Image"", ""node_name"": ""图像加载节点"", ""node_params"": {}, ""matched"": true}, {""node_id"": ""2870"", ""widget_name"": ""Segmentation"", ""node_name"": ""BEiT-base图像分割模型"", ""node_params"": {""frame"": ""pytorch"", ""select_model"": ""BEiT-base"", ""epoch"": 3, ""learning_rate"": 0.02, ""batch_size"": 2}, ""matched"": true}]}","{""dependency_requirements"": [{""edge_id"": ""2364"", ""source_node_id"": ""2869"", ""target_node_id"": ""2870""}], ""step_requirements"": [{""node_id"": ""2869"", ""algorithm_step_name"": ""Image Dataset Loading"", ""node_name"": ""图像数据加载节点"", ""node_params"": {}, ""contrast_level"": 2, ""node_type"": ""io""}, {""node_id"": ""2870"", ""algorithm_step_name"": ""Image Segmentation Model"", ""node_name"": ""图像分割模型"", ""node_params"": {""frame"": ""pytorch"", ""select_model"": ""BEiT-base"", ""epoch"": 3, ""learning_rate"": 0.02, ""batch_size"": 2}, ""contrast_level"": 2, ""node_type"": ""model""}]}",1.0
准确分割血管是眼科的一项关键任务，因为它有助于早期检测和管理各种视网膜病变，如糖尿病视网膜病变和黄斑变性。你的任务是创建可帮助早期检测视网膜病变的模型，这个模型能够对图像中的每一个像素进行分类。训练轮数使用5,1.0,4499,"{""edges"": [{""edge_id"": ""11218"", ""source_node_id"": ""2869"", ""target_node_id"": ""2870""}], ""nodes"": [{""node_id"": ""2869"", ""widget_name"": ""Image"", ""node_name"": ""视网膜图像加载节点"", ""node_params"": {}, ""matched"": true}, {""node_id"": ""2870"", ""widget_name"": ""Segmentation"", ""node_name"": ""图像分割模型"", ""node_params"": {""frame"": ""pytorch"", ""select_model"": ""SegFormer-B0"", ""epoch"": 5, ""learning_rate"": 0.02, ""batch_size"": 2}, ""matched"": true}]}","{""dependency_requirements"": [{""edge_id"": ""2364"", ""source_node_id"": ""2869"", ""target_node_id"": ""2870""}], ""step_requirements"": [{""node_id"": ""2869"", ""algorithm_step_name"": ""Image Dataset Loading"", ""node_name"": ""图像数据加载节点"", ""node_params"": {}, ""contrast_level"": 2, ""node_type"": ""io""}, {""node_id"": ""2870"", ""algorithm_step_name"": ""Image Segmentation Model"", ""node_name"": ""图像分割模型"", ""node_params"": {""frame"": ""pytorch"", ""select_model"": ""SegFormer-B0"", ""epoch"": 5, ""learning_rate"": 0.02, ""batch_size"": 2}, ""contrast_level"": 2, ""node_type"": ""model""}]}",1.0
你的任务是创建一个模型，该模型可以在给定的洪水灾区图片中准确分割出水域区域，即要对图像中的每一个像素进行分类，判断其是否为水域区域。这种模型可用于洪水调查、更好的决策和规划。训练过程中你应该尝试使用0.001的学习率。,1.0,5109,"{""edges"": [{""edge_id"": ""11219"", ""source_node_id"": ""2869"", ""target_node_id"": ""2870""}], ""nodes"": [{""node_id"": ""2869"", ""widget_name"": ""Image"", ""node_name"": ""洪水灾区图片加载节点"", ""node_params"": {}, ""matched"": true}, {""node_id"": ""2870"", ""widget_name"": ""Segmentation"", ""node_name"": ""图像分割模型"", ""node_params"": {""frame"": ""pytorch"", ""select_model"": ""SegFormer-B0"", ""epoch"": 3, ""learning_rate"": 0.001, ""batch_size"": 2}, ""matched"": true}]}","{""dependency_requirements"": [{""edge_id"": ""2364"", ""source_node_id"": ""2869"", ""target_node_id"": ""2870""}], ""step_requirements"": [{""node_id"": ""2869"", ""algorithm_step_name"": ""Image Dataset Loading"", ""node_name"": ""图像数据加载节点"", ""node_params"": {}, ""contrast_level"": 2, ""node_type"": ""io""}, {""node_id"": ""2870"", ""algorithm_step_name"": ""Image Segmentation Model"", ""node_name"": ""图像分割模型"", ""node_params"": {""frame"": ""pytorch"", ""select_model"": ""SegFormer-B0"", ""epoch"": 3, ""learning_rate"": 0.001, ""batch_size"": 2}, ""contrast_level"": 2, ""node_type"": ""model""}]}",1.0
我需要你进行路面分割。你的目标是训练一个模型，它能够对图像中的每一个像素进行分类，类别包括：路面、汽车、路标、标线和背景。训练参数的batch_size设为4,1.0,4516,"{""edges"": [{""edge_id"": ""11220"", ""source_node_id"": ""2869"", ""target_node_id"": ""2870""}], ""nodes"": [{""node_id"": ""2869"", ""widget_name"": ""Image"", ""node_name"": ""图像数据集加载节点"", ""node_params"": {}, ""matched"": true}, {""node_id"": ""2870"", ""widget_name"": ""Segmentation"", ""node_name"": ""图像分割模型"", ""node_params"": {""frame"": ""pytorch"", ""select_model"": ""SegFormer-B0"", ""epoch"": 3, ""learning_rate"": 0.02, ""batch_size"": 4}, ""matched"": true}]}","{""dependency_requirements"": [{""edge_id"": ""2364"", ""source_node_id"": ""2869"", ""target_node_id"": ""2870""}], ""step_requirements"": [{""node_id"": ""2869"", ""algorithm_step_name"": ""Image Dataset Loading"", ""node_name"": ""图像数据加载节点"", ""node_params"": {}, ""contrast_level"": 2, ""node_type"": ""io""}, {""node_id"": ""2870"", ""algorithm_step_name"": ""Image Segmentation Model"", ""node_name"": ""图像分割模型"", ""node_params"": {""frame"": ""pytorch"", ""select_model"": ""SegFormer-B0"", ""epoch"": 3, ""learning_rate"": 0.02, ""batch_size"": 4}, ""contrast_level"": 2, ""node_type"": ""model""}]}",1.0
帮我训练一个UperNet-Swin-tiny模型，这个模型可以将每张护照图像分割成不同的区域，包括护照区域、照片、姓名、出生日期、性别、国籍、护照号码和 MRZ（机器可读区域），即对图像中的每个像素分类。,1.0,4717,"{""edges"": [{""edge_id"": ""11221"", ""source_node_id"": ""2869"", ""target_node_id"": ""2870""}], ""nodes"": [{""node_id"": ""2869"", ""widget_name"": ""Image"", ""node_name"": ""护照图像加载节点"", ""node_params"": {}, ""matched"": true}, {""node_id"": ""2870"", ""widget_name"": ""Segmentation"", ""node_name"": ""UperNet-Swin-tiny模型"", ""node_params"": {""frame"": ""pytorch"", ""select_model"": ""UperNet-Swin-tiny"", ""epoch"": 3, ""learning_rate"": 0.02, ""batch_size"": 2}, ""matched"": true}]}","{""dependency_requirements"": [{""edge_id"": ""2364"", ""source_node_id"": ""2869"", ""target_node_id"": ""2870""}], ""step_requirements"": [{""node_id"": ""2869"", ""algorithm_step_name"": ""Image Dataset Loading"", ""node_name"": ""图像数据加载节点"", ""node_params"": {}, ""contrast_level"": 2, ""node_type"": ""io""}, {""node_id"": ""2870"", ""algorithm_step_name"": ""Image Segmentation Model"", ""node_name"": ""图像分割模型"", ""node_params"": {""frame"": ""pytorch"", ""select_model"": ""UperNet-Swin-tiny"", ""epoch"": 3, ""learning_rate"": 0.02, ""batch_size"": 2}, ""contrast_level"": 2, ""node_type"": ""model""}]}",1.0
