instruction,rcr,input_tokens,output_tokens,times,time_task_decomposition,time_widget_retrieval,time_operation_sequence_generation,time_data_retrieval,workflow,requirements,wgf1
帮我把加载的鸢尾花示例数据修改为加载房价示例数据集。,1.0,2951,124,19.081951141357425,6.494911670684815,0.0020020008087158,12.585037469863892,0,"{""edges"": [{""edge_id"": ""25631"", ""source_node_id"": ""2895"", ""target_node_id"": ""2896""}], ""nodes"": [{""node_id"": ""2895"", ""widget_name"": ""File"", ""node_name"": ""鸢尾花示例数据"", ""node_params"": {""type"": ""sample"", ""filename"": ""housing.csv""}, ""matched"": true}, {""node_id"": ""2896"", ""widget_name"": ""LightGBM"", ""node_name"": ""LightGBM分类器"", ""node_params"": {""boosting_type"": ""gbdt"", ""n_estimators"": 10, ""learning_rate"": 0.1, ""sampling_rate"": 0.1, ""max_depth_check"": false, ""max_depth"": 3, ""num_leaves_check"": false, ""num_leaves"": 31}, ""matched"": true}]}","{""dependency_requirements"": [{""edge_id"": ""2376"", ""source_node_id"": ""2895"", ""target_node_id"": ""2896""}], ""step_requirements"": [{""node_id"": ""2895"", ""algorithm_step_name"": ""Tabular Dataset Loading"", ""node_name"": ""鸢尾花示例数据"", ""node_params"": {""type"": ""sample"", ""filename"": ""housing.csv""}, ""contrast_level"": 2, ""node_type"": ""io""}, {""node_id"": ""2896"", ""algorithm_step_name"": ""LightGBM"", ""node_name"": ""LightGBM分类器"", ""node_params"": {""boosting_type"": ""gbdt"", ""n_estimators"": 10, ""learning_rate"": 0.1, ""sampling_rate"": 0.1, ""max_depth_check"": false, ""max_depth"": 3, ""num_leaves_check"": false, ""num_leaves"": 31}, ""contrast_level"": 2, ""node_type"": ""model""}]}",1.0
帮我把LightGBM模型的学习器类型重新设置为rf，学习率修改为0.01。,1.0,4286,181,16.722752809524536,9.13546633720398,3.681951522827149,3.905334949493408,0,"{""edges"": [{""edge_id"": ""25632"", ""source_node_id"": ""2895"", ""target_node_id"": ""2896""}], ""nodes"": [{""node_id"": ""2895"", ""widget_name"": ""File"", ""node_name"": ""鸢尾花示例数据"", ""node_params"": {""type"": ""sample"", ""filename"": ""iris.csv""}, ""matched"": true}, {""node_id"": ""2896"", ""widget_name"": ""LightGBM"", ""node_name"": ""LightGBM分类器"", ""node_params"": {""boosting_type"": ""rf"", ""n_estimators"": 10, ""learning_rate"": 0.01, ""sampling_rate"": 0.1, ""max_depth_check"": false, ""max_depth"": 3, ""num_leaves_check"": false, ""num_leaves"": 31}, ""matched"": true}]}","{""dependency_requirements"": [{""edge_id"": ""2376"", ""source_node_id"": ""2895"", ""target_node_id"": ""2896""}], ""step_requirements"": [{""node_id"": ""2895"", ""algorithm_step_name"": ""Tabular Dataset Loading"", ""node_name"": ""鸢尾花示例数据"", ""node_params"": {""type"": ""sample"", ""filename"": ""iris.csv""}, ""contrast_level"": 2, ""node_type"": ""io""}, {""node_id"": ""2896"", ""algorithm_step_name"": ""LightGBM"", ""node_name"": ""LightGBM分类器"", ""node_params"": {""boosting_type"": ""rf"", ""n_estimators"": 10, ""learning_rate"": 0.01, ""sampling_rate"": 0.1, ""max_depth_check"": false, ""max_depth"": 3, ""num_leaves_check"": false, ""num_leaves"": 31}, ""contrast_level"": 2, ""node_type"": ""model""}]}",1.0
帮我添加一个缺失值处理步骤，以便对鸢尾花数据进行缺失值处理,1.0,4414,205,16.968635320663452,7.505311727523804,2.0835936069488525,7.379729986190796,0,"{""edges"": [{""edge_id"": ""25633"", ""source_node_id"": ""5159"", ""target_node_id"": ""5158""}, {""edge_id"": ""25634"", ""source_node_id"": ""5157"", ""target_node_id"": ""5159""}], ""nodes"": [{""node_id"": ""5157"", ""widget_name"": ""File"", ""node_name"": ""鸢尾花示例数据"", ""node_params"": {""type"": ""sample"", ""filename"": ""iris.csv""}, ""matched"": true}, {""node_id"": ""5158"", ""widget_name"": ""LightGBM"", ""node_name"": ""LightGBM分类器"", ""node_params"": {""boosting_type"": ""gbdt"", ""n_estimators"": 10, ""learning_rate"": 0.1, ""sampling_rate"": 0.1, ""max_depth_check"": false, ""max_depth"": 3, ""num_leaves_check"": false, ""num_leaves"": 31}, ""matched"": true}, {""node_id"": ""5159"", ""widget_name"": ""Impute"", ""node_name"": ""缺失值处理"", ""node_params"": {""method"": 1}, ""matched"": true}]}","{""dependency_requirements"": [{""edge_id"": ""4027"", ""source_node_id"": ""5159"", ""target_node_id"": ""5158""}, {""edge_id"": ""4028"", ""source_node_id"": ""5157"", ""target_node_id"": ""5159""}], ""step_requirements"": [{""node_id"": ""5157"", ""algorithm_step_name"": ""Tabular Dataset Loading"", ""node_name"": ""鸢尾花示例数据"", ""node_params"": {""type"": ""sample"", ""filename"": ""iris.csv""}, ""contrast_level"": 2, ""node_type"": ""io""}, {""node_id"": ""5158"", ""algorithm_step_name"": ""LightGBM"", ""node_name"": ""LightGBM分类器"", ""node_params"": {""boosting_type"": ""gbdt"", ""n_estimators"": 10, ""learning_rate"": 0.1, ""sampling_rate"": 0.1, ""max_depth_check"": false, ""max_depth"": 3, ""num_leaves_check"": false, ""num_leaves"": 31}, ""contrast_level"": 2, ""node_type"": ""model""}, {""node_id"": ""5159"", ""algorithm_step_name"": ""Missing Value Handling"", ""node_name"": ""Impute"", ""node_params"": {}, ""contrast_level"": 1, ""node_type"": ""preprocess""}]}",1.0
帮我在模型训练之前添加一个数据划分步骤，以便将处理后的数据进行拆分。,1.0,5217,202,17.263927698135376,7.551441431045532,2.1343913078308105,7.578094959259033,0,"{""edges"": [{""edge_id"": ""25635"", ""source_node_id"": ""5160"", ""target_node_id"": ""5161""}, {""edge_id"": ""25636"", ""source_node_id"": ""5163"", ""target_node_id"": ""5162""}, {""edge_id"": ""25637"", ""source_node_id"": ""5161"", ""target_node_id"": ""5163""}], ""nodes"": [{""node_id"": ""5160"", ""widget_name"": ""File"", ""node_name"": ""鸢尾花示例数据"", ""node_params"": {""type"": ""sample"", ""filename"": ""iris.csv""}, ""matched"": true}, {""node_id"": ""5161"", ""widget_name"": ""Impute"", ""node_name"": ""缺失值填充"", ""node_params"": {""method"": 1}, ""matched"": true}, {""node_id"": ""5162"", ""widget_name"": ""LightGBM"", ""node_name"": ""LightGBM分类器"", ""node_params"": {""boosting_type"": ""gbdt"", ""n_estimators"": 10, ""learning_rate"": 0.1, ""sampling_rate"": 0.1, ""max_depth_check"": false, ""max_depth"": 3, ""num_leaves_check"": false, ""num_leaves"": 31}, ""matched"": true}, {""node_id"": ""5163"", ""widget_name"": ""Data Sampler"", ""node_name"": ""数据划分"", ""node_params"": {""sampling_type"": 0, ""percentage"": 10, ""n_samples"": 15, ""replacement"": false, ""n_folds"": 10, ""selected_folds"": 1, ""replicable"": false, ""stratified"": false}, ""matched"": true}]}","{""dependency_requirements"": [{""edge_id"": ""4029"", ""source_node_id"": ""5160"", ""target_node_id"": ""5161""}, {""edge_id"": ""4030"", ""source_node_id"": ""5163"", ""target_node_id"": ""5162""}, {""edge_id"": ""4031"", ""source_node_id"": ""5161"", ""target_node_id"": ""5163""}], ""step_requirements"": [{""node_id"": ""5160"", ""algorithm_step_name"": ""Tabular Dataset Loading"", ""node_name"": ""鸢尾花示例数据"", ""node_params"": {""type"": ""sample"", ""filename"": ""iris.csv""}, ""contrast_level"": 2, ""node_type"": ""io""}, {""node_id"": ""5161"", ""algorithm_step_name"": ""Missing Value Handling"", ""node_name"": ""缺失值填充"", ""node_params"": {""method"": 1}, ""contrast_level"": 2, ""node_type"": ""preprocess""}, {""node_id"": ""5162"", ""algorithm_step_name"": ""LightGBM"", ""node_name"": ""LightGBM分类器"", ""node_params"": {""boosting_type"": ""gbdt"", ""n_estimators"": 10, ""learning_rate"": 0.1, ""sampling_rate"": 0.1, ""max_depth_check"": false, ""max_depth"": 3, ""num_leaves_check"": false, ""num_leaves"": 31}, ""contrast_level"": 2, ""node_type"": ""model""}, {""node_id"": ""5163"", ""algorithm_step_name"": ""Dataset Division"", ""node_name"": ""Data Sampler"", ""node_params"": {}, ""contrast_level"": 1, ""node_type"": ""preprocess""}]}",1.0
我需要将数据划分的比例设置为8:2,1.0,4758,113,11.34079909324646,5.845649003982544,2.125450849533081,3.369699239730835,0,"{""edges"": [{""edge_id"": ""25638"", ""source_node_id"": ""5164"", ""target_node_id"": ""5165""}, {""edge_id"": ""25639"", ""source_node_id"": ""5165"", ""target_node_id"": ""5166""}, {""edge_id"": ""25640"", ""source_node_id"": ""5166"", ""target_node_id"": ""5167""}], ""nodes"": [{""node_id"": ""5164"", ""widget_name"": ""File"", ""node_name"": ""鸢尾花示例数据"", ""node_params"": {""type"": ""sample"", ""filename"": ""iris.csv""}, ""matched"": true}, {""node_id"": ""5165"", ""widget_name"": ""Impute"", ""node_name"": ""缺失值填充"", ""node_params"": {""method"": 1}, ""matched"": true}, {""node_id"": ""5166"", ""widget_name"": ""Data Sampler"", ""node_name"": ""数据采样"", ""node_params"": {""sampling_type"": 0, ""percentage"": 20, ""n_samples"": 15, ""replacement"": false, ""n_folds"": 10, ""selected_folds"": 1, ""replicable"": false, ""stratified"": false}, ""matched"": true}, {""node_id"": ""5167"", ""widget_name"": ""LightGBM"", ""node_name"": ""LightGBM分类器"", ""node_params"": {""boosting_type"": ""gbdt"", ""n_estimators"": 10, ""learning_rate"": 0.1, ""sampling_rate"": 0.1, ""max_depth_check"": false, ""max_depth"": 3, ""num_leaves_check"": false, ""num_leaves"": 31}, ""matched"": true}]}","{""dependency_requirements"": [{""edge_id"": ""4032"", ""source_node_id"": ""5164"", ""target_node_id"": ""5165""}, {""edge_id"": ""4033"", ""source_node_id"": ""5165"", ""target_node_id"": ""5166""}, {""edge_id"": ""4034"", ""source_node_id"": ""5166"", ""target_node_id"": ""5167""}], ""step_requirements"": [{""node_id"": ""5164"", ""algorithm_step_name"": ""Tabular Dataset Loading"", ""node_name"": ""鸢尾花示例数据"", ""node_params"": {""type"": ""sample"", ""filename"": ""iris.csv""}, ""contrast_level"": 2, ""node_type"": ""io""}, {""node_id"": ""5165"", ""algorithm_step_name"": ""Missing Value Handling"", ""node_name"": ""缺失值填充"", ""node_params"": {""method"": 1}, ""contrast_level"": 2, ""node_type"": ""preprocess""}, {""node_id"": ""5166"", ""algorithm_step_name"": ""Dataset Division"", ""node_name"": ""数据采样"", ""node_params"": {""sampling_type"": 0, ""percentage"": 20, ""n_samples"": 15, ""replacement"": false, ""n_folds"": 10, ""selected_folds"": 1, ""replicable"": false, ""stratified"": false}, ""contrast_level"": 2, ""node_type"": ""preprocess""}, {""node_id"": ""5167"", ""algorithm_step_name"": ""LightGBM"", ""node_name"": ""LightGBM分类器"", ""node_params"": {""boosting_type"": ""gbdt"", ""n_estimators"": 10, ""learning_rate"": 0.1, ""sampling_rate"": 0.1, ""max_depth_check"": false, ""max_depth"": 3, ""num_leaves_check"": false, ""num_leaves"": 31}, ""contrast_level"": 2, ""node_type"": ""model""}]}",1.0
帮我添加一个模型评估步骤,1.0,2832,168,11.96417474746704,7.8273890018463135,0.0009009838104248,4.135884761810303,0,"{""edges"": [{""edge_id"": ""25641"", ""source_node_id"": ""2899"", ""target_node_id"": ""2900""}, {""edge_id"": ""25642"", ""source_node_id"": ""2900"", ""target_node_id"": ""2901""}, {""edge_id"": ""25643"", ""source_node_id"": ""2901"", ""target_node_id"": ""2902""}, {""edge_id"": ""25644"", ""source_node_id"": ""2901"", ""target_node_id"": ""2903""}, {""edge_id"": ""25646"", ""source_node_id"": ""2902"", ""target_node_id"": ""2903""}], ""nodes"": [{""node_id"": ""2899"", ""widget_name"": ""File"", ""node_name"": ""鸢尾花示例数据"", ""node_params"": {""type"": ""sample"", ""filename"": ""iris.csv""}, ""matched"": true}, {""node_id"": ""2900"", ""widget_name"": ""Impute"", ""node_name"": ""缺失值处理"", ""node_params"": {""method"": 1}, ""matched"": true}, {""node_id"": ""2901"", ""widget_name"": ""Data Sampler"", ""node_name"": ""数据划分处理"", ""node_params"": {""sampling_type"": 0, ""percentage"": 10, ""n_samples"": 15, ""replacement"": false, ""n_folds"": 10, ""selected_folds"": 1, ""replicable"": false, ""stratified"": false}, ""matched"": true}, {""node_id"": ""2902"", ""widget_name"": ""LightGBM"", ""node_name"": ""LightGBM分类器"", ""node_params"": {""boosting_type"": ""gbdt"", ""n_estimators"": 10, ""learning_rate"": 0.1, ""sampling_rate"": 0.1, ""max_depth_check"": false, ""max_depth"": 3, ""num_leaves_check"": false, ""num_leaves"": 31}, ""matched"": true}, {""node_id"": ""2903"", ""widget_name"": ""Test & Score"", ""node_name"": ""测试评分"", ""node_params"": {}, ""matched"": true}]}","{""dependency_requirements"": [{""edge_id"": ""2379"", ""source_node_id"": ""2899"", ""target_node_id"": ""2900""}, {""edge_id"": ""2380"", ""source_node_id"": ""2900"", ""target_node_id"": ""2901""}, {""edge_id"": ""2381"", ""source_node_id"": ""2901"", ""target_node_id"": ""2902""}, {""edge_id"": ""2382"", ""source_node_id"": ""2901"", ""target_node_id"": ""2903""}, {""edge_id"": ""2384"", ""source_node_id"": ""2902"", ""target_node_id"": ""2903""}], ""step_requirements"": [{""node_id"": ""2899"", ""algorithm_step_name"": ""Tabular Dataset Loading"", ""node_name"": ""鸢尾花示例数据"", ""node_params"": {""type"": ""sample"", ""filename"": ""iris.csv""}, ""contrast_level"": 2, ""node_type"": ""io""}, {""node_id"": ""2900"", ""algorithm_step_name"": ""Missing Value Handling"", ""node_name"": ""缺失值处理"", ""node_params"": {""method"": 1}, ""contrast_level"": 2, ""node_type"": ""preprocess""}, {""node_id"": ""2901"", ""algorithm_step_name"": ""Dataset Division"", ""node_name"": ""数据划分处理"", ""node_params"": {""sampling_type"": 0, ""percentage"": 10, ""n_samples"": 15, ""replacement"": false, ""n_folds"": 10, ""selected_folds"": 1, ""replicable"": false, ""stratified"": false}, ""contrast_level"": 2, ""node_type"": ""preprocess""}, {""node_id"": ""2902"", ""algorithm_step_name"": ""LightGBM"", ""node_name"": ""LightGBM分类器"", ""node_params"": {""boosting_type"": ""gbdt"", ""n_estimators"": 10, ""learning_rate"": 0.1, ""sampling_rate"": 0.1, ""max_depth_check"": false, ""max_depth"": 3, ""num_leaves_check"": false, ""num_leaves"": 31}, ""contrast_level"": 2, ""node_type"": ""model""}, {""node_id"": ""2903"", ""algorithm_step_name"": ""Model Evaluate"", ""node_name"": ""模型评估"", ""node_params"": {}, ""contrast_level"": 1, ""node_type"": ""evaluate""}]}",1.0
数据集中没有缺失值，所以帮我把缺失值这个步骤删除掉。,1.0,4960,136,13.077115535736084,5.9317662715911865,2.067951440811157,5.07739782333374,0,"{""edges"": [{""edge_id"": ""25649"", ""source_node_id"": ""2906"", ""target_node_id"": ""2907""}, {""edge_id"": ""25650"", ""source_node_id"": ""2906"", ""target_node_id"": ""2908""}, {""edge_id"": ""25652"", ""source_node_id"": ""2907"", ""target_node_id"": ""2908""}, {""edge_id"": ""25653"", ""source_node_id"": ""2904"", ""target_node_id"": ""2906""}], ""nodes"": [{""node_id"": ""2904"", ""widget_name"": ""File"", ""node_name"": ""鸢尾花示例数据"", ""node_params"": {""type"": ""sample"", ""filename"": ""iris.csv""}, ""matched"": true}, {""node_id"": ""2906"", ""widget_name"": ""Data Sampler"", ""node_name"": ""数据划分处理"", ""node_params"": {""sampling_type"": 0, ""percentage"": 10, ""n_samples"": 15, ""replacement"": false, ""n_folds"": 10, ""selected_folds"": 1, ""replicable"": false, ""stratified"": false}, ""matched"": true}, {""node_id"": ""2907"", ""widget_name"": ""LightGBM"", ""node_name"": ""LightGBM分类器"", ""node_params"": {""boosting_type"": ""gbdt"", ""n_estimators"": 10, ""learning_rate"": 0.1, ""sampling_rate"": 0.1, ""max_depth_check"": false, ""max_depth"": 3, ""num_leaves_check"": false, ""num_leaves"": 31}, ""matched"": true}, {""node_id"": ""2908"", ""widget_name"": ""Test & Score"", ""node_name"": ""模型评估"", ""node_params"": {}, ""matched"": true}]}","{""dependency_requirements"": [{""edge_id"": ""2387"", ""source_node_id"": ""2906"", ""target_node_id"": ""2907""}, {""edge_id"": ""2388"", ""source_node_id"": ""2906"", ""target_node_id"": ""2908""}, {""edge_id"": ""2390"", ""source_node_id"": ""2907"", ""target_node_id"": ""2908""}, {""edge_id"": ""2391"", ""source_node_id"": ""2904"", ""target_node_id"": ""2906""}], ""step_requirements"": [{""node_id"": ""2904"", ""algorithm_step_name"": ""Tabular Dataset Loading"", ""node_name"": ""鸢尾花示例数据"", ""node_params"": {""type"": ""sample"", ""filename"": ""iris.csv""}, ""contrast_level"": 2, ""node_type"": ""io""}, {""node_id"": ""2906"", ""algorithm_step_name"": ""Dataset Division"", ""node_name"": ""数据划分处理"", ""node_params"": {""sampling_type"": 0, ""percentage"": 10, ""n_samples"": 15, ""replacement"": false, ""n_folds"": 10, ""selected_folds"": 1, ""replicable"": false, ""stratified"": false}, ""contrast_level"": 2, ""node_type"": ""preprocess""}, {""node_id"": ""2907"", ""algorithm_step_name"": ""LightGBM"", ""node_name"": ""LightGBM分类器"", ""node_params"": {""boosting_type"": ""gbdt"", ""n_estimators"": 10, ""learning_rate"": 0.1, ""sampling_rate"": 0.1, ""max_depth_check"": false, ""max_depth"": 3, ""num_leaves_check"": false, ""num_leaves"": 31}, ""contrast_level"": 2, ""node_type"": ""model""}, {""node_id"": ""2908"", ""algorithm_step_name"": ""Model Evaluate"", ""node_name"": ""模型评估"", ""node_params"": {}, ""contrast_level"": 2, ""node_type"": ""evaluate""}]}",1.0
删除工作流中的KNN模型。,1.0,4567,140,14.683281421661375,6.164335489273071,3.592867374420166,4.92607855796814,0,"{""edges"": [{""edge_id"": ""25654"", ""source_node_id"": ""2914"", ""target_node_id"": ""2915""}, {""edge_id"": ""25655"", ""source_node_id"": ""2915"", ""target_node_id"": ""2916""}, {""edge_id"": ""25657"", ""source_node_id"": ""2915"", ""target_node_id"": ""2918""}, {""edge_id"": ""25659"", ""source_node_id"": ""2916"", ""target_node_id"": ""2918""}], ""nodes"": [{""node_id"": ""2914"", ""widget_name"": ""File"", ""node_name"": ""鸢尾花示例数据"", ""node_params"": {""type"": ""sample"", ""filename"": ""iris.csv""}, ""matched"": true}, {""node_id"": ""2915"", ""widget_name"": ""Data Sampler"", ""node_name"": ""数据划分处理"", ""node_params"": {""sampling_type"": 0, ""percentage"": 10, ""n_samples"": 15, ""replacement"": false, ""n_folds"": 10, ""selected_folds"": 1, ""replicable"": false, ""stratified"": false}, ""matched"": true}, {""node_id"": ""2916"", ""widget_name"": ""LightGBM"", ""node_name"": ""LightGBM分类器"", ""node_params"": {""boosting_type"": ""gbdt"", ""n_estimators"": 10, ""learning_rate"": 0.1, ""sampling_rate"": 0.1, ""max_depth_check"": false, ""max_depth"": 3, ""num_leaves_check"": false, ""num_leaves"": 31}, ""matched"": true}, {""node_id"": ""2918"", ""widget_name"": ""Test & Score"", ""node_name"": ""模型评估"", ""node_params"": {}, ""matched"": true}]}","{""dependency_requirements"": [{""edge_id"": ""2399"", ""source_node_id"": ""2914"", ""target_node_id"": ""2915""}, {""edge_id"": ""2400"", ""source_node_id"": ""2915"", ""target_node_id"": ""2916""}, {""edge_id"": ""2402"", ""source_node_id"": ""2915"", ""target_node_id"": ""2918""}, {""edge_id"": ""2404"", ""source_node_id"": ""2916"", ""target_node_id"": ""2918""}], ""step_requirements"": [{""node_id"": ""2914"", ""algorithm_step_name"": ""Tabular Dataset Loading"", ""node_name"": ""鸢尾花示例数据"", ""node_params"": {""type"": ""sample"", ""filename"": ""iris.csv""}, ""contrast_level"": 2, ""node_type"": ""io""}, {""node_id"": ""2915"", ""algorithm_step_name"": ""Dataset Division"", ""node_name"": ""数据划分处理"", ""node_params"": {""sampling_type"": 0, ""percentage"": 10, ""n_samples"": 15, ""replacement"": false, ""n_folds"": 10, ""selected_folds"": 1, ""replicable"": false, ""stratified"": false}, ""contrast_level"": 2, ""node_type"": ""preprocess""}, {""node_id"": ""2916"", ""algorithm_step_name"": ""LightGBM"", ""node_name"": ""LightGBM分类器"", ""node_params"": {""boosting_type"": ""gbdt"", ""n_estimators"": 10, ""learning_rate"": 0.1, ""sampling_rate"": 0.1, ""max_depth_check"": false, ""max_depth"": 3, ""num_leaves_check"": false, ""num_leaves"": 31}, ""contrast_level"": 2, ""node_type"": ""model""}, {""node_id"": ""2918"", ""algorithm_step_name"": ""Model Evaluate"", ""node_name"": ""模型评估"", ""node_params"": {}, ""contrast_level"": 2, ""node_type"": ""evaluate""}]}",1.0
帮我把工作流中的缺失值处理步骤和多余的KNN模型都删除掉,1.0,8583,207,23.568638563156128,8.756876945495605,5.851194143295288,8.960567474365234,0,"{""edges"": [{""edge_id"": ""25663"", ""source_node_id"": ""2921"", ""target_node_id"": ""2922""}, {""edge_id"": ""25665"", ""source_node_id"": ""2921"", ""target_node_id"": ""2924""}, {""edge_id"": ""25667"", ""source_node_id"": ""2922"", ""target_node_id"": ""2924""}, {""edge_id"": ""25669"", ""source_node_id"": ""2919"", ""target_node_id"": ""2921""}], ""nodes"": [{""node_id"": ""2919"", ""widget_name"": ""File"", ""node_name"": ""鸢尾花示例数据"", ""node_params"": {""type"": ""sample"", ""filename"": ""iris.csv""}, ""matched"": true}, {""node_id"": ""2921"", ""widget_name"": ""Data Sampler"", ""node_name"": ""数据划分处理"", ""node_params"": {""sampling_type"": 0, ""percentage"": 10, ""n_samples"": 15, ""replacement"": false, ""n_folds"": 10, ""selected_folds"": 1, ""replicable"": false, ""stratified"": false}, ""matched"": true}, {""node_id"": ""2922"", ""widget_name"": ""LightGBM"", ""node_name"": ""LightGBM分类器"", ""node_params"": {""boosting_type"": ""gbdt"", ""n_estimators"": 10, ""learning_rate"": 0.1, ""sampling_rate"": 0.1, ""max_depth_check"": false, ""max_depth"": 3, ""num_leaves_check"": false, ""num_leaves"": 31}, ""matched"": true}, {""node_id"": ""2924"", ""widget_name"": ""Test & Score"", ""node_name"": ""模型评估"", ""node_params"": {}, ""matched"": true}]}","{""dependency_requirements"": [{""edge_id"": ""2408"", ""source_node_id"": ""2921"", ""target_node_id"": ""2922""}, {""edge_id"": ""2410"", ""source_node_id"": ""2921"", ""target_node_id"": ""2924""}, {""edge_id"": ""2412"", ""source_node_id"": ""2922"", ""target_node_id"": ""2924""}, {""edge_id"": ""2414"", ""source_node_id"": ""2919"", ""target_node_id"": ""2921""}], ""step_requirements"": [{""node_id"": ""2919"", ""algorithm_step_name"": ""Tabular Dataset Loading"", ""node_name"": ""鸢尾花示例数据"", ""node_params"": {""type"": ""sample"", ""filename"": ""iris.csv""}, ""contrast_level"": 2, ""node_type"": ""io""}, {""node_id"": ""2921"", ""algorithm_step_name"": ""Dataset Division"", ""node_name"": ""数据划分处理"", ""node_params"": {""sampling_type"": 0, ""percentage"": 10, ""n_samples"": 15, ""replacement"": false, ""n_folds"": 10, ""selected_folds"": 1, ""replicable"": false, ""stratified"": false}, ""contrast_level"": 2, ""node_type"": ""preprocess""}, {""node_id"": ""2922"", ""algorithm_step_name"": ""LightGBM"", ""node_name"": ""LightGBM分类器"", ""node_params"": {""boosting_type"": ""gbdt"", ""n_estimators"": 10, ""learning_rate"": 0.1, ""sampling_rate"": 0.1, ""max_depth_check"": false, ""max_depth"": 3, ""num_leaves_check"": false, ""num_leaves"": 31}, ""contrast_level"": 2, ""node_type"": ""model""}, {""node_id"": ""2924"", ""algorithm_step_name"": ""Model Evaluate"", ""node_name"": ""模型评估"", ""node_params"": {}, ""contrast_level"": 2, ""node_type"": ""evaluate""}]}",1.0
在数据抽样之前添加一个特征选择步骤，然后把数据抽样的抽样比例设置为抽取30%。,1.0,7740,284,23.482234954833984,8.898045063018799,2.153736352920532,12.430453538894652,0,"{""edges"": [{""edge_id"": ""25671"", ""source_node_id"": ""2991"", ""target_node_id"": ""2988""}, {""edge_id"": ""25672"", ""source_node_id"": ""2988"", ""target_node_id"": ""2989""}, {""edge_id"": ""25673"", ""source_node_id"": ""2988"", ""target_node_id"": ""2990""}, {""edge_id"": ""25674"", ""source_node_id"": ""2989"", ""target_node_id"": ""2990""}, {""edge_id"": ""25675"", ""source_node_id"": ""2987"", ""target_node_id"": ""2991""}], ""nodes"": [{""node_id"": ""2987"", ""widget_name"": ""File"", ""node_name"": ""鸢尾花示例数据"", ""node_params"": {""type"": ""sample"", ""filename"": ""iris.csv""}, ""matched"": true}, {""node_id"": ""2988"", ""widget_name"": ""Data Sampler"", ""node_name"": ""数据划分处理"", ""node_params"": {""sampling_type"": 0, ""percentage"": 30, ""n_samples"": 15, ""replacement"": false, ""n_folds"": 10, ""selected_folds"": 1, ""replicable"": false, ""stratified"": false}, ""matched"": true}, {""node_id"": ""2989"", ""widget_name"": ""LightGBM"", ""node_name"": ""LightGBM分类器"", ""node_params"": {""boosting_type"": ""gbdt"", ""n_estimators"": 10, ""learning_rate"": 0.1, ""sampling_rate"": 0.1, ""max_depth_check"": false, ""max_depth"": 3, ""num_leaves_check"": false, ""num_leaves"": 31}, ""matched"": true}, {""node_id"": ""2990"", ""widget_name"": ""Predictions"", ""node_name"": ""预测"", ""node_params"": {""output_attrs"": true, ""output_predictions"": true, ""output_probabilities"": false}, ""matched"": true}, {""node_id"": ""2991"", ""widget_name"": ""Select Best N Attributes"", ""node_name"": ""特征选择"", ""node_params"": {""n"": 3}, ""matched"": true}]}","{""dependency_requirements"": [{""edge_id"": ""2485"", ""source_node_id"": ""2991"", ""target_node_id"": ""2988""}, {""edge_id"": ""2486"", ""source_node_id"": ""2988"", ""target_node_id"": ""2989""}, {""edge_id"": ""2487"", ""source_node_id"": ""2988"", ""target_node_id"": ""2990""}, {""edge_id"": ""2488"", ""source_node_id"": ""2989"", ""target_node_id"": ""2990""}, {""edge_id"": ""2489"", ""source_node_id"": ""2987"", ""target_node_id"": ""2991""}], ""step_requirements"": [{""node_id"": ""2987"", ""algorithm_step_name"": ""Tabular Dataset Loading"", ""node_name"": ""鸢尾花示例数据"", ""node_params"": {""type"": ""sample"", ""filename"": ""iris.csv""}, ""contrast_level"": 2, ""node_type"": ""io""}, {""node_id"": ""2988"", ""algorithm_step_name"": ""Dataset Division"", ""node_name"": ""数据划分处理"", ""node_params"": {""sampling_type"": 0, ""percentage"": 30, ""n_samples"": 15, ""replacement"": false, ""n_folds"": 10, ""selected_folds"": 1, ""replicable"": false, ""stratified"": false}, ""contrast_level"": 2, ""node_type"": ""preprocess""}, {""node_id"": ""2989"", ""algorithm_step_name"": ""LightGBM"", ""node_name"": ""LightGBM分类器"", ""node_params"": {""boosting_type"": ""gbdt"", ""n_estimators"": 10, ""learning_rate"": 0.1, ""sampling_rate"": 0.1, ""max_depth_check"": false, ""max_depth"": 3, ""num_leaves_check"": false, ""num_leaves"": 31}, ""contrast_level"": 2, ""node_type"": ""model""}, {""node_id"": ""2990"", ""algorithm_step_name"": ""Test Dataset Predictions"", ""node_name"": ""预测"", ""node_params"": {""output_attrs"": true, ""output_predictions"": true, ""output_probabilities"": false}, ""contrast_level"": 2, ""node_type"": ""predict""}, {""node_id"": ""2991"", ""algorithm_step_name"": ""Feature Selection"", ""node_name"": ""自动特征选择"", ""node_params"": {}, ""contrast_level"": 1, ""node_type"": ""feature engineering""}]}",1.0
帮我把数据划分的比例改为5:5，最后还需要你添加一个步骤帮我把预测结果保存。,1.0,7490,190,17.578826665878296,8.417516708374023,2.081810712814331,7.079499244689941,0,"{""edges"": [{""edge_id"": ""25676"", ""source_node_id"": ""2982"", ""target_node_id"": ""2983""}, {""edge_id"": ""25677"", ""source_node_id"": ""2983"", ""target_node_id"": ""2984""}, {""edge_id"": ""25678"", ""source_node_id"": ""2983"", ""target_node_id"": ""2985""}, {""edge_id"": ""25679"", ""source_node_id"": ""2984"", ""target_node_id"": ""2985""}, {""edge_id"": ""25680"", ""source_node_id"": ""2985"", ""target_node_id"": ""2986""}], ""nodes"": [{""node_id"": ""2982"", ""widget_name"": ""File"", ""node_name"": ""鸢尾花示例数据"", ""node_params"": {""type"": ""sample"", ""filename"": ""iris.csv""}, ""matched"": true}, {""node_id"": ""2983"", ""widget_name"": ""Data Sampler"", ""node_name"": ""数据划分处理"", ""node_params"": {""sampling_type"": 0, ""percentage"": 50, ""n_samples"": 15, ""replacement"": false, ""n_folds"": 10, ""selected_folds"": 1, ""replicable"": false, ""stratified"": false}, ""matched"": true}, {""node_id"": ""2984"", ""widget_name"": ""LightGBM"", ""node_name"": ""LightGBM分类器"", ""node_params"": {""boosting_type"": ""gbdt"", ""n_estimators"": 10, ""learning_rate"": 0.1, ""sampling_rate"": 0.1, ""max_depth_check"": false, ""max_depth"": 3, ""num_leaves_check"": false, ""num_leaves"": 31}, ""matched"": true}, {""node_id"": ""2985"", ""widget_name"": ""Predictions"", ""node_name"": ""预测"", ""node_params"": {""output_attrs"": true, ""output_predictions"": true, ""output_probabilities"": false}, ""matched"": true}, {""node_id"": ""2986"", ""widget_name"": ""Save Data"", ""node_name"": ""保存预测结果"", ""node_params"": {}, ""matched"": true}]}","{""dependency_requirements"": [{""edge_id"": ""2480"", ""source_node_id"": ""2982"", ""target_node_id"": ""2983""}, {""edge_id"": ""2481"", ""source_node_id"": ""2983"", ""target_node_id"": ""2984""}, {""edge_id"": ""2482"", ""source_node_id"": ""2983"", ""target_node_id"": ""2985""}, {""edge_id"": ""2483"", ""source_node_id"": ""2984"", ""target_node_id"": ""2985""}, {""edge_id"": ""2484"", ""source_node_id"": ""2985"", ""target_node_id"": ""2986""}], ""step_requirements"": [{""node_id"": ""2982"", ""algorithm_step_name"": ""Tabular Dataset Loading"", ""node_name"": ""鸢尾花示例数据"", ""node_params"": {""type"": ""sample"", ""filename"": ""iris.csv""}, ""contrast_level"": 2, ""node_type"": ""io""}, {""node_id"": ""2983"", ""algorithm_step_name"": ""Dataset Division"", ""node_name"": ""数据划分处理"", ""node_params"": {""sampling_type"": 0, ""percentage"": 50, ""n_samples"": 15, ""replacement"": false, ""n_folds"": 10, ""selected_folds"": 1, ""replicable"": false, ""stratified"": false}, ""contrast_level"": 2, ""node_type"": ""preprocess""}, {""node_id"": ""2984"", ""algorithm_step_name"": ""LightGBM"", ""node_name"": ""LightGBM分类器"", ""node_params"": {""boosting_type"": ""gbdt"", ""n_estimators"": 10, ""learning_rate"": 0.1, ""sampling_rate"": 0.1, ""max_depth_check"": false, ""max_depth"": 3, ""num_leaves_check"": false, ""num_leaves"": 31}, ""contrast_level"": 2, ""node_type"": ""model""}, {""node_id"": ""2985"", ""algorithm_step_name"": ""Test Dataset Predictions"", ""node_name"": ""预测"", ""node_params"": {""output_attrs"": true, ""output_predictions"": true, ""output_probabilities"": false}, ""contrast_level"": 2, ""node_type"": ""predict""}, {""node_id"": ""2986"", ""algorithm_step_name"": ""Save Data"", ""node_name"": ""Save Data"", ""node_params"": {}, ""contrast_level"": 1, ""node_type"": ""io""}]}",1.0
帮我把目标检测使用的模型换成SSD，学习率使用0.02。最后，我还需要查看训练日志。,1.0,6600,328,29.28737998008728,11.886103630065918,5.71542239189148,11.685853958129885,0,"{""edges"": [{""edge_id"": ""25682"", ""source_node_id"": ""2998"", ""target_node_id"": ""2999""}, {""edge_id"": ""25683"", ""source_node_id"": ""2999"", ""target_node_id"": ""3000""}], ""nodes"": [{""node_id"": ""2998"", ""widget_name"": ""Image"", ""node_name"": ""猫狗图像数据加载"", ""node_params"": {}, ""matched"": true}, {""node_id"": ""2999"", ""widget_name"": ""Object Detection"", ""node_name"": ""目标检测模型"", ""node_params"": {""frame"": ""pytorch"", ""select_model"": ""SSD"", ""backbone"": ""DarkNet53"", ""epoch"": 3, ""learning_rate"": 0.02, ""batch_size"": 2}, ""matched"": true}, {""node_id"": ""3000"", ""widget_name"": ""Train Log"", ""node_name"": ""训练日志"", ""node_params"": {}, ""matched"": true}]}","{""dependency_requirements"": [{""edge_id"": ""2495"", ""source_node_id"": ""2998"", ""target_node_id"": ""2999""}, {""edge_id"": ""2496"", ""source_node_id"": ""2999"", ""target_node_id"": ""3000""}], ""step_requirements"": [{""node_id"": ""2998"", ""algorithm_step_name"": ""Image Dataset Loading"", ""node_name"": ""猫狗图像数据"", ""node_params"": {}, ""contrast_level"": 2, ""node_type"": ""io""}, {""node_id"": ""2999"", ""algorithm_step_name"": ""Object Detection Model"", ""node_name"": ""目标检测"", ""node_params"": {""frame"": ""pytorch"", ""select_model"": ""SSD"", ""backbone"": ""DarkNet53"", ""epoch"": 3, ""learning_rate"": 0.02, ""batch_size"": 2}, ""contrast_level"": 2, ""node_type"": ""model""}, {""node_id"": ""3000"", ""algorithm_step_name"": ""Train Log"", ""node_name"": ""训练日志"", ""node_params"": {}, ""contrast_level"": 2, ""node_type"": ""visualize""}]}",1.0
帮我把缺失值处理方式修改为使用平均值填补，然后把多余的KNN模型删除掉。,1.0,8301,161,19.77803897857666,8.119485139846802,5.878044843673706,5.780508995056152,0,"{""edges"": [{""edge_id"": ""25684"", ""source_node_id"": ""2958"", ""target_node_id"": ""2959""}, {""edge_id"": ""25685"", ""source_node_id"": ""2959"", ""target_node_id"": ""2960""}, {""edge_id"": ""25686"", ""source_node_id"": ""2960"", ""target_node_id"": ""2961""}, {""edge_id"": ""25688"", ""source_node_id"": ""2960"", ""target_node_id"": ""2963""}, {""edge_id"": ""25690"", ""source_node_id"": ""2961"", ""target_node_id"": ""2963""}], ""nodes"": [{""node_id"": ""2958"", ""widget_name"": ""File"", ""node_name"": ""鸢尾花示例数据"", ""node_params"": {""type"": ""sample"", ""filename"": ""iris.csv""}, ""matched"": true}, {""node_id"": ""2959"", ""widget_name"": ""Impute"", ""node_name"": ""缺失值处理"", ""node_params"": {""method"": 2}, ""matched"": true}, {""node_id"": ""2960"", ""widget_name"": ""Data Sampler"", ""node_name"": ""数据划分处理"", ""node_params"": {""sampling_type"": 0, ""percentage"": 10, ""n_samples"": 15, ""replacement"": false, ""n_folds"": 10, ""selected_folds"": 1, ""replicable"": false, ""stratified"": false}, ""matched"": true}, {""node_id"": ""2961"", ""widget_name"": ""LightGBM"", ""node_name"": ""LightGBM分类器"", ""node_params"": {""boosting_type"": ""gbdt"", ""n_estimators"": 10, ""learning_rate"": 0.1, ""sampling_rate"": 0.1, ""max_depth_check"": false, ""max_depth"": 3, ""num_leaves_check"": false, ""num_leaves"": 31}, ""matched"": true}, {""node_id"": ""2963"", ""widget_name"": ""Test & Score"", ""node_name"": ""模型评估"", ""node_params"": {}, ""matched"": true}]}","{""dependency_requirements"": [{""edge_id"": ""2447"", ""source_node_id"": ""2958"", ""target_node_id"": ""2959""}, {""edge_id"": ""2448"", ""source_node_id"": ""2959"", ""target_node_id"": ""2960""}, {""edge_id"": ""2449"", ""source_node_id"": ""2960"", ""target_node_id"": ""2961""}, {""edge_id"": ""2451"", ""source_node_id"": ""2960"", ""target_node_id"": ""2963""}, {""edge_id"": ""2453"", ""source_node_id"": ""2961"", ""target_node_id"": ""2963""}], ""step_requirements"": [{""node_id"": ""2958"", ""algorithm_step_name"": ""Tabular Dataset Loading"", ""node_name"": ""鸢尾花示例数据"", ""node_params"": {""type"": ""sample"", ""filename"": ""iris.csv""}, ""contrast_level"": 2, ""node_type"": ""io""}, {""node_id"": ""2959"", ""algorithm_step_name"": ""Missing Value Handling"", ""node_name"": ""缺失值处理"", ""node_params"": {""method"": 2}, ""contrast_level"": 2, ""node_type"": ""preprocess""}, {""node_id"": ""2960"", ""algorithm_step_name"": ""Dataset Division"", ""node_name"": ""数据划分处理"", ""node_params"": {""sampling_type"": 0, ""percentage"": 10, ""n_samples"": 15, ""replacement"": false, ""n_folds"": 10, ""selected_folds"": 1, ""replicable"": false, ""stratified"": false}, ""contrast_level"": 2, ""node_type"": ""preprocess""}, {""node_id"": ""2961"", ""algorithm_step_name"": ""LightGBM"", ""node_name"": ""LightGBM分类器"", ""node_params"": {""boosting_type"": ""gbdt"", ""n_estimators"": 10, ""learning_rate"": 0.1, ""sampling_rate"": 0.1, ""max_depth_check"": false, ""max_depth"": 3, ""num_leaves_check"": false, ""num_leaves"": 31}, ""contrast_level"": 2, ""node_type"": ""model""}, {""node_id"": ""2963"", ""algorithm_step_name"": ""Model Evaluate"", ""node_name"": ""模型评估"", ""node_params"": {}, ""contrast_level"": 2, ""node_type"": ""evaluate""}]}",1.0
独热编码这个步骤是冗余的，帮我删除掉。在这之后还需要你将随机森林数的数量改为30，缺失值的处理方法改为用随机值填补。,1.0,12542,281,31.427929401397705,11.439001560211182,7.987318992614746,12.001608848571776,0,"{""edges"": [{""edge_id"": ""25692"", ""source_node_id"": ""3002"", ""target_node_id"": ""3003""}, {""edge_id"": ""25695"", ""source_node_id"": ""3005"", ""target_node_id"": ""3006""}, {""edge_id"": ""25696"", ""source_node_id"": ""3005"", ""target_node_id"": ""3007""}, {""edge_id"": ""25698"", ""source_node_id"": ""3006"", ""target_node_id"": ""3007""}, {""edge_id"": ""25699"", ""source_node_id"": ""3003"", ""target_node_id"": ""3005""}], ""nodes"": [{""node_id"": ""3002"", ""widget_name"": ""File"", ""node_name"": ""数据"", ""node_params"": {""type"": ""sample"", ""filename"": ""iris.csv""}, ""matched"": true}, {""node_id"": ""3003"", ""widget_name"": ""Impute"", ""node_name"": ""缺失值处理"", ""node_params"": {""method"": 4}, ""matched"": true}, {""node_id"": ""3005"", ""widget_name"": ""Data Sampler"", ""node_name"": ""数据采样"", ""node_params"": {""sampling_type"": 0, ""percentage"": 10, ""n_samples"": 15, ""replacement"": false, ""n_folds"": 10, ""selected_folds"": 1, ""replicable"": false, ""stratified"": false}, ""matched"": true}, {""node_id"": ""3006"", ""widget_name"": ""Random Forest"", ""node_name"": ""随机森林"", ""node_params"": {""n_estimators"": 30, ""use_max_features"": false, ""max_features"": ""auto"", ""use_random_state"": false, ""use_max_depth"": false, ""max_depth"": 3, ""use_min_samples_split"": true, ""min_samples_split"": 2}, ""matched"": true}, {""node_id"": ""3007"", ""widget_name"": ""Test & Score"", ""node_name"": ""测试得分"", ""node_params"": {}, ""matched"": true}]}","{""dependency_requirements"": [{""edge_id"": ""2497"", ""source_node_id"": ""3002"", ""target_node_id"": ""3003""}, {""edge_id"": ""2500"", ""source_node_id"": ""3005"", ""target_node_id"": ""3006""}, {""edge_id"": ""2501"", ""source_node_id"": ""3005"", ""target_node_id"": ""3007""}, {""edge_id"": ""2503"", ""source_node_id"": ""3006"", ""target_node_id"": ""3007""}, {""edge_id"": ""2504"", ""source_node_id"": ""3003"", ""target_node_id"": ""3005""}], ""step_requirements"": [{""node_id"": ""3002"", ""algorithm_step_name"": ""Tabular Dataset Loading"", ""node_name"": ""数据"", ""node_params"": {""type"": ""sample"", ""filename"": ""iris.csv""}, ""contrast_level"": 2, ""node_type"": ""io""}, {""node_id"": ""3003"", ""algorithm_step_name"": ""Missing Value Handling"", ""node_name"": ""缺失值处理"", ""node_params"": {""method"": 4}, ""contrast_level"": 2, ""node_type"": ""preprocess""}, {""node_id"": ""3005"", ""algorithm_step_name"": ""Dataset Division"", ""node_name"": ""数据采样"", ""node_params"": {""sampling_type"": 0, ""percentage"": 10, ""n_samples"": 15, ""replacement"": false, ""n_folds"": 10, ""selected_folds"": 1, ""replicable"": false, ""stratified"": false}, ""contrast_level"": 2, ""node_type"": ""preprocess""}, {""node_id"": ""3006"", ""algorithm_step_name"": ""Random Forest"", ""node_name"": ""随机森林"", ""node_params"": {""n_estimators"": 30, ""use_max_features"": false, ""max_features"": ""auto"", ""use_random_state"": false, ""use_max_depth"": false, ""max_depth"": 3, ""use_min_samples_split"": true, ""min_samples_split"": 2}, ""contrast_level"": 2, ""node_type"": ""model""}, {""node_id"": ""3007"", ""algorithm_step_name"": ""Model Evaluate"", ""node_name"": ""测试得分"", ""node_params"": {}, ""contrast_level"": 2, ""node_type"": ""evaluate""}]}",1.0
帮我把多余的模型都删除掉，只留下LightGBM，并把LightGBM的学习率改为0.01。,1.0,5700,252,21.93568253517151,12.62198805809021,3.781567335128784,5.532127141952515,0,"{""edges"": [{""edge_id"": ""25700"", ""source_node_id"": ""3032"", ""target_node_id"": ""3033""}, {""edge_id"": ""25702"", ""source_node_id"": ""3033"", ""target_node_id"": ""3035""}, {""edge_id"": ""25705"", ""source_node_id"": ""3033"", ""target_node_id"": ""3038""}, {""edge_id"": ""25708"", ""source_node_id"": ""3035"", ""target_node_id"": ""3038""}], ""nodes"": [{""node_id"": ""3032"", ""widget_name"": ""File"", ""node_name"": ""数据"", ""node_params"": {""type"": ""sample"", ""filename"": ""iris.csv""}, ""matched"": true}, {""node_id"": ""3033"", ""widget_name"": ""Data Sampler"", ""node_name"": ""数据采样"", ""node_params"": {""sampling_type"": 0, ""percentage"": 10, ""n_samples"": 15, ""replacement"": false, ""n_folds"": 10, ""selected_folds"": 1, ""replicable"": false, ""stratified"": false}, ""matched"": true}, {""node_id"": ""3035"", ""widget_name"": ""LightGBM"", ""node_name"": ""LightGBM"", ""node_params"": {""boosting_type"": ""gbdt"", ""n_estimators"": 10, ""learning_rate"": 0.01, ""sampling_rate"": 0.1, ""max_depth_check"": false, ""max_depth"": 3, ""num_leaves_check"": false, ""num_leaves"": 31}, ""matched"": true}, {""node_id"": ""3038"", ""widget_name"": ""Test & Score"", ""node_name"": ""测试得分"", ""node_params"": {}, ""matched"": true}]}","{""dependency_requirements"": [{""edge_id"": ""2536"", ""source_node_id"": ""3032"", ""target_node_id"": ""3033""}, {""edge_id"": ""2538"", ""source_node_id"": ""3033"", ""target_node_id"": ""3035""}, {""edge_id"": ""2541"", ""source_node_id"": ""3033"", ""target_node_id"": ""3038""}, {""edge_id"": ""2544"", ""source_node_id"": ""3035"", ""target_node_id"": ""3038""}], ""step_requirements"": [{""node_id"": ""3032"", ""algorithm_step_name"": ""Tabular Dataset Loading"", ""node_name"": ""数据"", ""node_params"": {""type"": ""sample"", ""filename"": ""iris.csv""}, ""contrast_level"": 2, ""node_type"": ""io""}, {""node_id"": ""3033"", ""algorithm_step_name"": ""Dataset Division"", ""node_name"": ""数据采样"", ""node_params"": {""sampling_type"": 0, ""percentage"": 10, ""n_samples"": 15, ""replacement"": false, ""n_folds"": 10, ""selected_folds"": 1, ""replicable"": false, ""stratified"": false}, ""contrast_level"": 2, ""node_type"": ""preprocess""}, {""node_id"": ""3035"", ""algorithm_step_name"": ""LightGBM"", ""node_name"": ""LightGBM"", ""node_params"": {""boosting_type"": ""gbdt"", ""n_estimators"": 10, ""learning_rate"": 0.01, ""sampling_rate"": 0.1, ""max_depth_check"": false, ""max_depth"": 3, ""num_leaves_check"": false, ""num_leaves"": 31}, ""contrast_level"": 2, ""node_type"": ""model""}, {""node_id"": ""3038"", ""algorithm_step_name"": ""Model Evaluate"", ""node_name"": ""测试得分"", ""node_params"": {}, ""contrast_level"": 2, ""node_type"": ""evaluate""}]}",1.0
帮我把LightGBM模型更换为XGBoost。,1.0,5735,166,17.121367692947388,7.355741500854492,3.6111247539520255,6.154501438140869,0,"{""edges"": [{""edge_id"": ""25711"", ""source_node_id"": ""2964"", ""target_node_id"": ""2965""}, {""edge_id"": ""25712"", ""source_node_id"": ""2965"", ""target_node_id"": ""2966""}, {""edge_id"": ""25714"", ""source_node_id"": ""2966"", ""target_node_id"": ""2968""}, {""edge_id"": ""25717"", ""source_node_id"": ""2966"", ""target_node_id"": ""2969""}, {""edge_id"": ""25718"", ""source_node_id"": ""2969"", ""target_node_id"": ""2968""}], ""nodes"": [{""node_id"": ""2964"", ""widget_name"": ""File"", ""node_name"": ""鸢尾花示例数据"", ""node_params"": {""type"": ""sample"", ""filename"": ""iris.csv""}, ""matched"": true}, {""node_id"": ""2965"", ""widget_name"": ""Impute"", ""node_name"": ""缺失值处理"", ""node_params"": {""method"": 1}, ""matched"": true}, {""node_id"": ""2966"", ""widget_name"": ""Data Sampler"", ""node_name"": ""数据划分处理"", ""node_params"": {""sampling_type"": 0, ""percentage"": 10, ""n_samples"": 15, ""replacement"": false, ""n_folds"": 10, ""selected_folds"": 1, ""replicable"": false, ""stratified"": false}, ""matched"": true}, {""node_id"": ""2968"", ""widget_name"": ""Test & Score"", ""node_name"": ""模型评估"", ""node_params"": {}, ""matched"": true}, {""node_id"": ""2969"", ""widget_name"": ""XGBoost"", ""node_name"": ""XGBoost分类器"", ""node_params"": {""booster"": ""gbtree"", ""learning_rate"": 0.3, ""gamma"": 0, ""max_depth"": 6, ""min_child_widget"": 1, ""max_delta_step"": 0, ""subsample"": 1, ""sampling_method"": ""uniform"", ""lambda"": 1, ""alpha"": 0, ""tree_method"": ""auto"", ""scale_pos_weight"": 1, ""updater"": ""grow_colmaker"", ""process_type"": ""default"", ""grow_policy"": ""depthwise""}, ""matched"": true}]}","{""dependency_requirements"": [{""edge_id"": ""2455"", ""source_node_id"": ""2964"", ""target_node_id"": ""2965""}, {""edge_id"": ""2456"", ""source_node_id"": ""2965"", ""target_node_id"": ""2966""}, {""edge_id"": ""2458"", ""source_node_id"": ""2966"", ""target_node_id"": ""2968""}, {""edge_id"": ""2461"", ""source_node_id"": ""2966"", ""target_node_id"": ""2969""}, {""edge_id"": ""2462"", ""source_node_id"": ""2969"", ""target_node_id"": ""2968""}], ""step_requirements"": [{""node_id"": ""2964"", ""algorithm_step_name"": ""Tabular Dataset Loading"", ""node_name"": ""鸢尾花示例数据"", ""node_params"": {""type"": ""sample"", ""filename"": ""iris.csv""}, ""contrast_level"": 2, ""node_type"": ""io""}, {""node_id"": ""2965"", ""algorithm_step_name"": ""Missing Value Handling"", ""node_name"": ""缺失值处理"", ""node_params"": {""method"": 1}, ""contrast_level"": 2, ""node_type"": ""preprocess""}, {""node_id"": ""2966"", ""algorithm_step_name"": ""Dataset Division"", ""node_name"": ""数据划分处理"", ""node_params"": {""sampling_type"": 0, ""percentage"": 10, ""n_samples"": 15, ""replacement"": false, ""n_folds"": 10, ""selected_folds"": 1, ""replicable"": false, ""stratified"": false}, ""contrast_level"": 2, ""node_type"": ""preprocess""}, {""node_id"": ""2968"", ""algorithm_step_name"": ""Model Evaluate"", ""node_name"": ""模型评估"", ""node_params"": {}, ""contrast_level"": 2, ""node_type"": ""evaluate""}, {""node_id"": ""2969"", ""algorithm_step_name"": ""XGBoost"", ""node_name"": ""XGBoost分类器"", ""node_params"": {}, ""contrast_level"": 1, ""node_type"": ""model""}]}",1.0
我不需要对模型进行评估了，帮我把模型评估组件换成预测组件。,1.0,6266,222,16.918574333190918,7.9617438316345215,0.0090546607971191,8.947775840759277,0,"{""edges"": [{""edge_id"": ""25719"", ""source_node_id"": ""2970"", ""target_node_id"": ""2971""}, {""edge_id"": ""25720"", ""source_node_id"": ""2971"", ""target_node_id"": ""2972""}, {""edge_id"": ""25721"", ""source_node_id"": ""2972"", ""target_node_id"": ""2973""}, {""edge_id"": ""25725"", ""source_node_id"": ""2972"", ""target_node_id"": ""2975""}, {""edge_id"": ""25726"", ""source_node_id"": ""2973"", ""target_node_id"": ""2975""}], ""nodes"": [{""node_id"": ""2970"", ""widget_name"": ""File"", ""node_name"": ""鸢尾花示例数据"", ""node_params"": {""type"": ""sample"", ""filename"": ""iris.csv""}, ""matched"": true}, {""node_id"": ""2971"", ""widget_name"": ""Impute"", ""node_name"": ""缺失值处理"", ""node_params"": {""method"": 1}, ""matched"": true}, {""node_id"": ""2972"", ""widget_name"": ""Data Sampler"", ""node_name"": ""数据划分处理"", ""node_params"": {""sampling_type"": 0, ""percentage"": 10, ""n_samples"": 15, ""replacement"": false, ""n_folds"": 10, ""selected_folds"": 1, ""replicable"": false, ""stratified"": false}, ""matched"": true}, {""node_id"": ""2973"", ""widget_name"": ""LightGBM"", ""node_name"": ""LightGBM分类器"", ""node_params"": {""boosting_type"": ""gbdt"", ""n_estimators"": 10, ""learning_rate"": 0.1, ""sampling_rate"": 0.1, ""max_depth_check"": false, ""max_depth"": 3, ""num_leaves_check"": false, ""num_leaves"": 31}, ""matched"": true}, {""node_id"": ""2975"", ""widget_name"": ""Predictions"", ""node_name"": ""预测"", ""node_params"": {""output_attrs"": true, ""output_predictions"": true, ""output_probabilities"": true}, ""matched"": true}]}","{""dependency_requirements"": [{""edge_id"": ""2463"", ""source_node_id"": ""2970"", ""target_node_id"": ""2971""}, {""edge_id"": ""2464"", ""source_node_id"": ""2971"", ""target_node_id"": ""2972""}, {""edge_id"": ""2465"", ""source_node_id"": ""2972"", ""target_node_id"": ""2973""}, {""edge_id"": ""2469"", ""source_node_id"": ""2972"", ""target_node_id"": ""2975""}, {""edge_id"": ""2470"", ""source_node_id"": ""2973"", ""target_node_id"": ""2975""}], ""step_requirements"": [{""node_id"": ""2970"", ""algorithm_step_name"": ""Tabular Dataset Loading"", ""node_name"": ""鸢尾花示例数据"", ""node_params"": {""type"": ""sample"", ""filename"": ""iris.csv""}, ""contrast_level"": 2, ""node_type"": ""io""}, {""node_id"": ""2971"", ""algorithm_step_name"": ""Missing Value Handling"", ""node_name"": ""缺失值处理"", ""node_params"": {""method"": 1}, ""contrast_level"": 2, ""node_type"": ""preprocess""}, {""node_id"": ""2972"", ""algorithm_step_name"": ""Dataset Division"", ""node_name"": ""数据划分处理"", ""node_params"": {""sampling_type"": 0, ""percentage"": 10, ""n_samples"": 15, ""replacement"": false, ""n_folds"": 10, ""selected_folds"": 1, ""replicable"": false, ""stratified"": false}, ""contrast_level"": 2, ""node_type"": ""preprocess""}, {""node_id"": ""2973"", ""algorithm_step_name"": ""LightGBM"", ""node_name"": ""LightGBM分类器"", ""node_params"": {""boosting_type"": ""gbdt"", ""n_estimators"": 10, ""learning_rate"": 0.1, ""sampling_rate"": 0.1, ""max_depth_check"": false, ""max_depth"": 3, ""num_leaves_check"": false, ""num_leaves"": 31}, ""contrast_level"": 2, ""node_type"": ""model""}, {""node_id"": ""2975"", ""algorithm_step_name"": ""Test Dataset Predictions"", ""node_name"": ""预测"", ""node_params"": {}, ""contrast_level"": 1, ""node_type"": ""predict""}]}",1.0
帮我把缺失值处理步骤删除掉，并换一个更好的模型。,0.8333,9111,250,26.318634510040283,9.401180505752563,5.98085355758667,10.93660044670105,0,"{""edges"": [{""edge_id"": ""25730"", ""source_node_id"": ""2978"", ""target_node_id"": ""2980""}, {""edge_id"": ""25733"", ""source_node_id"": ""2976"", ""target_node_id"": ""2978""}, {""edge_id"": ""25734"", ""source_node_id"": ""2978"", ""target_node_id"": ""32387""}, {""edge_id"": ""25735"", ""source_node_id"": ""32387"", ""target_node_id"": ""2980""}], ""nodes"": [{""node_id"": ""2976"", ""widget_name"": ""File"", ""node_name"": ""鸢尾花示例数据"", ""node_params"": {""type"": ""sample"", ""filename"": ""iris.csv""}, ""matched"": true}, {""node_id"": ""2978"", ""widget_name"": ""Data Sampler"", ""node_name"": ""数据划分处理"", ""node_params"": {""sampling_type"": 0, ""percentage"": 10, ""n_samples"": 15, ""replacement"": false, ""n_folds"": 10, ""selected_folds"": 1, ""replicable"": false, ""stratified"": false}, ""matched"": true}, {""node_id"": ""2980"", ""widget_name"": ""Test & Score"", ""node_name"": ""模型评估"", ""node_params"": {}, ""matched"": true}, {""node_id"": ""32387"", ""widget_name"": ""Logistic Regression"", ""node_name"": ""逻辑回归分类器"", ""node_params"": {""C"": 1, ""penalty"": ""l2""}, ""matched"": false}]}","{""dependency_requirements"": [{""edge_id"": ""2474"", ""source_node_id"": ""2978"", ""target_node_id"": ""2980""}, {""edge_id"": ""2477"", ""source_node_id"": ""2976"", ""target_node_id"": ""2978""}, {""edge_id"": ""2478"", ""source_node_id"": ""2978"", ""target_node_id"": ""2981""}, {""edge_id"": ""2479"", ""source_node_id"": ""2981"", ""target_node_id"": ""2980""}], ""step_requirements"": [{""node_id"": ""2976"", ""algorithm_step_name"": ""Tabular Dataset Loading"", ""node_name"": ""鸢尾花示例数据"", ""node_params"": {""type"": ""sample"", ""filename"": ""iris.csv""}, ""contrast_level"": 2, ""node_type"": ""io""}, {""node_id"": ""2978"", ""algorithm_step_name"": ""Dataset Division"", ""node_name"": ""数据划分处理"", ""node_params"": {""sampling_type"": 0, ""percentage"": 10, ""n_samples"": 15, ""replacement"": false, ""n_folds"": 10, ""selected_folds"": 1, ""replicable"": false, ""stratified"": false}, ""contrast_level"": 2, ""node_type"": ""preprocess""}, {""node_id"": ""2980"", ""algorithm_step_name"": ""Model Evaluate"", ""node_name"": ""模型评估"", ""node_params"": {}, ""contrast_level"": 2, ""node_type"": ""evaluate""}, {""node_id"": ""2981"", ""algorithm_step_name"": ""XGBoost"", ""node_name"": ""XGBoost"", ""node_params"": {}, ""contrast_level"": 1, ""node_type"": ""model""}]}",0.75
我的数据集没有缺失值，所以请你帮我删除掉缺失值处理这一步，然后把数据抽样的比例改为7:3，最后帮我添加一个可视化混淆矩阵的步骤。,1.0,7278,295,25.980239152908325,11.500245571136476,3.9961516857147217,10.483841896057127,0,"{""edges"": [{""edge_id"": ""25738"", ""source_node_id"": ""3047"", ""target_node_id"": ""3048""}, {""edge_id"": ""25739"", ""source_node_id"": ""3047"", ""target_node_id"": ""3049""}, {""edge_id"": ""25741"", ""source_node_id"": ""3048"", ""target_node_id"": ""3049""}, {""edge_id"": ""25742"", ""source_node_id"": ""3045"", ""target_node_id"": ""3047""}, {""edge_id"": ""25743"", ""source_node_id"": ""3049"", ""target_node_id"": ""3050""}], ""nodes"": [{""node_id"": ""3045"", ""widget_name"": ""File"", ""node_name"": ""数据"", ""node_params"": {""type"": ""sample"", ""filename"": ""iris.csv""}, ""matched"": true}, {""node_id"": ""3047"", ""widget_name"": ""Data Sampler"", ""node_name"": ""数据采样"", ""node_params"": {""sampling_type"": 0, ""percentage"": 30, ""n_samples"": 15, ""replacement"": false, ""n_folds"": 10, ""selected_folds"": 1, ""replicable"": false, ""stratified"": false}, ""matched"": true}, {""node_id"": ""3048"", ""widget_name"": ""LightGBM"", ""node_name"": ""LightGBM"", ""node_params"": {""boosting_type"": ""gbdt"", ""n_estimators"": 10, ""learning_rate"": 0.1, ""sampling_rate"": 0.1, ""max_depth_check"": false, ""max_depth"": 3, ""num_leaves_check"": false, ""num_leaves"": 31}, ""matched"": true}, {""node_id"": ""3049"", ""widget_name"": ""Test & Score"", ""node_name"": ""测试得分"", ""node_params"": {}, ""matched"": true}, {""node_id"": ""3050"", ""widget_name"": ""Confusion Matrix"", ""node_name"": ""混淆矩阵"", ""node_params"": {}, ""matched"": true}]}","{""dependency_requirements"": [{""edge_id"": ""2556"", ""source_node_id"": ""3047"", ""target_node_id"": ""3048""}, {""edge_id"": ""2557"", ""source_node_id"": ""3047"", ""target_node_id"": ""3049""}, {""edge_id"": ""2559"", ""source_node_id"": ""3048"", ""target_node_id"": ""3049""}, {""edge_id"": ""2560"", ""source_node_id"": ""3045"", ""target_node_id"": ""3047""}, {""edge_id"": ""2561"", ""source_node_id"": ""3049"", ""target_node_id"": ""3050""}], ""step_requirements"": [{""node_id"": ""3045"", ""algorithm_step_name"": ""Tabular Dataset Loading"", ""node_name"": ""数据"", ""node_params"": {""type"": ""sample"", ""filename"": ""iris.csv""}, ""contrast_level"": 2, ""node_type"": ""io""}, {""node_id"": ""3047"", ""algorithm_step_name"": ""Dataset Division"", ""node_name"": ""数据采样"", ""node_params"": {""sampling_type"": 0, ""percentage"": 30, ""n_samples"": 15, ""replacement"": false, ""n_folds"": 10, ""selected_folds"": 1, ""replicable"": false, ""stratified"": false}, ""contrast_level"": 2, ""node_type"": ""preprocess""}, {""node_id"": ""3048"", ""algorithm_step_name"": ""LightGBM"", ""node_name"": ""LightGBM"", ""node_params"": {""boosting_type"": ""gbdt"", ""n_estimators"": 10, ""learning_rate"": 0.1, ""sampling_rate"": 0.1, ""max_depth_check"": false, ""max_depth"": 3, ""num_leaves_check"": false, ""num_leaves"": 31}, ""contrast_level"": 2, ""node_type"": ""model""}, {""node_id"": ""3049"", ""algorithm_step_name"": ""Model Evaluate"", ""node_name"": ""测试得分"", ""node_params"": {}, ""contrast_level"": 2, ""node_type"": ""evaluate""}, {""node_id"": ""3050"", ""algorithm_step_name"": ""Confusion Matrix"", ""node_name"": ""混淆矩阵"", ""node_params"": {}, ""contrast_level"": 2, ""node_type"": ""visualize""}]}",1.0
帮我把加载的数据集换成房价示例数据集。然后，把KNN模型给我换成XGBoost模型。,0.8333,6871,230,31.390127658844,9.677853107452393,3.63839054107666,18.07388401031494,0,"{""edges"": [{""edge_id"": ""25744"", ""source_node_id"": ""3051"", ""target_node_id"": ""3052""}, {""edge_id"": ""25746"", ""source_node_id"": ""3052"", ""target_node_id"": ""3054""}, {""edge_id"": ""25749"", ""source_node_id"": ""3052"", ""target_node_id"": ""32398""}, {""edge_id"": ""25750"", ""source_node_id"": ""32398"", ""target_node_id"": ""3054""}], ""nodes"": [{""node_id"": ""3051"", ""widget_name"": ""File"", ""node_name"": ""数据"", ""node_params"": {""type"": ""sample"", ""filename"": ""housing.csv""}, ""matched"": true}, {""node_id"": ""3052"", ""widget_name"": ""Data Sampler"", ""node_name"": ""数据采样"", ""node_params"": {""sampling_type"": 0, ""percentage"": 10, ""n_samples"": 15, ""replacement"": false, ""n_folds"": 10, ""selected_folds"": 1, ""replicable"": false, ""stratified"": false}, ""matched"": true}, {""node_id"": ""3054"", ""widget_name"": ""Test & Score"", ""node_name"": ""测试得分"", ""node_params"": {}, ""matched"": true}, {""node_id"": ""32398"", ""widget_name"": ""Linear Regression"", ""node_name"": ""线性回归"", ""node_params"": {""regression_type"": ""0""}, ""matched"": false}]}","{""dependency_requirements"": [{""edge_id"": ""2562"", ""source_node_id"": ""3051"", ""target_node_id"": ""3052""}, {""edge_id"": ""2564"", ""source_node_id"": ""3052"", ""target_node_id"": ""3054""}, {""edge_id"": ""2567"", ""source_node_id"": ""3052"", ""target_node_id"": ""3055""}, {""edge_id"": ""2568"", ""source_node_id"": ""3055"", ""target_node_id"": ""3054""}], ""step_requirements"": [{""node_id"": ""3051"", ""algorithm_step_name"": ""Tabular Dataset Loading"", ""node_name"": ""数据"", ""node_params"": {""type"": ""sample"", ""filename"": ""housing.csv""}, ""contrast_level"": 2, ""node_type"": ""io""}, {""node_id"": ""3052"", ""algorithm_step_name"": ""Dataset Division"", ""node_name"": ""数据采样"", ""node_params"": {""sampling_type"": 0, ""percentage"": 10, ""n_samples"": 15, ""replacement"": false, ""n_folds"": 10, ""selected_folds"": 1, ""replicable"": false, ""stratified"": false}, ""contrast_level"": 2, ""node_type"": ""preprocess""}, {""node_id"": ""3054"", ""algorithm_step_name"": ""Model Evaluate"", ""node_name"": ""测试得分"", ""node_params"": {}, ""contrast_level"": 2, ""node_type"": ""evaluate""}, {""node_id"": ""3055"", ""algorithm_step_name"": ""XGBoost"", ""node_name"": ""XGBoost"", ""node_params"": {}, ""contrast_level"": 1, ""node_type"": ""model""}]}",0.75
帮我把连续化处理换成特征选择，KNN的邻节点个数改为7。,0.6667,12024,416,33.672611951828,8.491585731506348,2.105703592300415,23.07532262802124,0,"{""edges"": [{""edge_id"": ""25753"", ""source_node_id"": ""3067"", ""target_node_id"": ""32402""}, {""edge_id"": ""25754"", ""source_node_id"": ""3067"", ""target_node_id"": ""3069""}, {""edge_id"": ""25756"", ""source_node_id"": ""32402"", ""target_node_id"": ""3069""}], ""nodes"": [{""node_id"": ""3065"", ""widget_name"": ""File"", ""node_name"": ""数据"", ""node_params"": {""type"": ""sample"", ""filename"": ""iris.csv""}, ""matched"": true}, {""node_id"": ""3067"", ""widget_name"": ""Data Sampler"", ""node_name"": ""数据采样"", ""node_params"": {""sampling_type"": 0, ""percentage"": 10, ""n_samples"": 15, ""replacement"": false, ""n_folds"": 10, ""selected_folds"": 1, ""replicable"": false, ""stratified"": false}, ""matched"": true}, {""node_id"": ""32402"", ""widget_name"": ""KNN"", ""node_name"": ""KNN"", ""node_params"": {""n_neighbors"": 5, ""metric"": ""euclidean"", ""weights"": ""uniform""}, ""matched"": false}, {""node_id"": ""3069"", ""widget_name"": ""Test & Score"", ""node_name"": ""测试得分"", ""node_params"": {}, ""matched"": true}, {""node_id"": ""32404"", ""widget_name"": ""Select Columns"", ""node_name"": ""特征选择"", ""node_params"": {""ignores"": [], ""features"": [], ""targets"": """"}, ""matched"": false}]}","{""dependency_requirements"": [{""edge_id"": ""2576"", ""source_node_id"": ""3067"", ""target_node_id"": ""3068""}, {""edge_id"": ""2577"", ""source_node_id"": ""3067"", ""target_node_id"": ""3069""}, {""edge_id"": ""2579"", ""source_node_id"": ""3068"", ""target_node_id"": ""3069""}, {""edge_id"": ""2580"", ""source_node_id"": ""3065"", ""target_node_id"": ""3070""}, {""edge_id"": ""2581"", ""source_node_id"": ""3070"", ""target_node_id"": ""3067""}], ""step_requirements"": [{""node_id"": ""3065"", ""algorithm_step_name"": ""Tabular Dataset Loading"", ""node_name"": ""数据"", ""node_params"": {""type"": ""sample"", ""filename"": ""iris.csv""}, ""contrast_level"": 2, ""node_type"": ""io""}, {""node_id"": ""3067"", ""algorithm_step_name"": ""Dataset Division"", ""node_name"": ""数据采样"", ""node_params"": {""sampling_type"": 0, ""percentage"": 10, ""n_samples"": 15, ""replacement"": false, ""n_folds"": 10, ""selected_folds"": 1, ""replicable"": false, ""stratified"": false}, ""contrast_level"": 2, ""node_type"": ""preprocess""}, {""node_id"": ""3068"", ""algorithm_step_name"": ""KNN"", ""node_name"": ""KNN"", ""node_params"": {""n_neighbors"": 7, ""metric"": ""euclidean"", ""weights"": ""uniform""}, ""contrast_level"": 2, ""node_type"": ""model""}, {""node_id"": ""3069"", ""algorithm_step_name"": ""Model Evaluate"", ""node_name"": ""测试得分"", ""node_params"": {}, ""contrast_level"": 2, ""node_type"": ""evaluate""}, {""node_id"": ""3070"", ""algorithm_step_name"": ""Feature Selection"", ""node_name"": ""特征选择"", ""node_params"": {}, ""contrast_level"": 1, ""node_type"": ""feature engineering""}]}",0.4
帮我把加载的鸢尾花示例数据修改为加载房价示例数据集。,1.0,2951,124,19.121817111969,6.4987852573394775,0.0061137676239013,12.616918087005615,0,"{""edges"": [{""edge_id"": ""25757"", ""source_node_id"": ""2895"", ""target_node_id"": ""2896""}], ""nodes"": [{""node_id"": ""2895"", ""widget_name"": ""File"", ""node_name"": ""鸢尾花示例数据"", ""node_params"": {""type"": ""sample"", ""filename"": ""housing.csv""}, ""matched"": true}, {""node_id"": ""2896"", ""widget_name"": ""LightGBM"", ""node_name"": ""LightGBM分类器"", ""node_params"": {""boosting_type"": ""gbdt"", ""n_estimators"": 10, ""learning_rate"": 0.1, ""sampling_rate"": 0.1, ""max_depth_check"": false, ""max_depth"": 3, ""num_leaves_check"": false, ""num_leaves"": 31}, ""matched"": true}]}","{""dependency_requirements"": [{""edge_id"": ""2376"", ""source_node_id"": ""2895"", ""target_node_id"": ""2896""}], ""step_requirements"": [{""node_id"": ""2895"", ""algorithm_step_name"": ""Tabular Dataset Loading"", ""node_name"": ""鸢尾花示例数据"", ""node_params"": {""type"": ""sample"", ""filename"": ""housing.csv""}, ""contrast_level"": 2, ""node_type"": ""io""}, {""node_id"": ""2896"", ""algorithm_step_name"": ""LightGBM"", ""node_name"": ""LightGBM分类器"", ""node_params"": {""boosting_type"": ""gbdt"", ""n_estimators"": 10, ""learning_rate"": 0.1, ""sampling_rate"": 0.1, ""max_depth_check"": false, ""max_depth"": 3, ""num_leaves_check"": false, ""num_leaves"": 31}, ""contrast_level"": 2, ""node_type"": ""model""}]}",1.0
帮我把LightGBM模型的学习器类型重新设置为rf，学习率修改为0.01。,1.0,4286,181,16.815653085708618,9.13716983795166,3.7726101875305176,3.90587306022644,0,"{""edges"": [{""edge_id"": ""25758"", ""source_node_id"": ""2895"", ""target_node_id"": ""2896""}], ""nodes"": [{""node_id"": ""2895"", ""widget_name"": ""File"", ""node_name"": ""鸢尾花示例数据"", ""node_params"": {""type"": ""sample"", ""filename"": ""iris.csv""}, ""matched"": true}, {""node_id"": ""2896"", ""widget_name"": ""LightGBM"", ""node_name"": ""LightGBM分类器"", ""node_params"": {""boosting_type"": ""rf"", ""n_estimators"": 10, ""learning_rate"": 0.01, ""sampling_rate"": 0.1, ""max_depth_check"": false, ""max_depth"": 3, ""num_leaves_check"": false, ""num_leaves"": 31}, ""matched"": true}]}","{""dependency_requirements"": [{""edge_id"": ""2376"", ""source_node_id"": ""2895"", ""target_node_id"": ""2896""}], ""step_requirements"": [{""node_id"": ""2895"", ""algorithm_step_name"": ""Tabular Dataset Loading"", ""node_name"": ""鸢尾花示例数据"", ""node_params"": {""type"": ""sample"", ""filename"": ""iris.csv""}, ""contrast_level"": 2, ""node_type"": ""io""}, {""node_id"": ""2896"", ""algorithm_step_name"": ""LightGBM"", ""node_name"": ""LightGBM分类器"", ""node_params"": {""boosting_type"": ""rf"", ""n_estimators"": 10, ""learning_rate"": 0.01, ""sampling_rate"": 0.1, ""max_depth_check"": false, ""max_depth"": 3, ""num_leaves_check"": false, ""num_leaves"": 31}, ""contrast_level"": 2, ""node_type"": ""model""}]}",1.0
帮我添加一个缺失值处理步骤，以便对鸢尾花数据进行缺失值处理,1.0,4414,240,19.1840295791626,7.509588241577148,2.1828999519348145,9.491541385650637,0,"{""edges"": [{""edge_id"": ""25759"", ""source_node_id"": ""5159"", ""target_node_id"": ""5158""}, {""edge_id"": ""25760"", ""source_node_id"": ""5157"", ""target_node_id"": ""5159""}], ""nodes"": [{""node_id"": ""5157"", ""widget_name"": ""File"", ""node_name"": ""鸢尾花示例数据"", ""node_params"": {""type"": ""sample"", ""filename"": ""iris.csv""}, ""matched"": true}, {""node_id"": ""5158"", ""widget_name"": ""LightGBM"", ""node_name"": ""LightGBM分类器"", ""node_params"": {""boosting_type"": ""gbdt"", ""n_estimators"": 10, ""learning_rate"": 0.1, ""sampling_rate"": 0.1, ""max_depth_check"": false, ""max_depth"": 3, ""num_leaves_check"": false, ""num_leaves"": 31}, ""matched"": true}, {""node_id"": ""5159"", ""widget_name"": ""Impute"", ""node_name"": ""缺失值处理"", ""node_params"": {""method"": 2}, ""matched"": true}]}","{""dependency_requirements"": [{""edge_id"": ""4027"", ""source_node_id"": ""5159"", ""target_node_id"": ""5158""}, {""edge_id"": ""4028"", ""source_node_id"": ""5157"", ""target_node_id"": ""5159""}], ""step_requirements"": [{""node_id"": ""5157"", ""algorithm_step_name"": ""Tabular Dataset Loading"", ""node_name"": ""鸢尾花示例数据"", ""node_params"": {""type"": ""sample"", ""filename"": ""iris.csv""}, ""contrast_level"": 2, ""node_type"": ""io""}, {""node_id"": ""5158"", ""algorithm_step_name"": ""LightGBM"", ""node_name"": ""LightGBM分类器"", ""node_params"": {""boosting_type"": ""gbdt"", ""n_estimators"": 10, ""learning_rate"": 0.1, ""sampling_rate"": 0.1, ""max_depth_check"": false, ""max_depth"": 3, ""num_leaves_check"": false, ""num_leaves"": 31}, ""contrast_level"": 2, ""node_type"": ""model""}, {""node_id"": ""5159"", ""algorithm_step_name"": ""Missing Value Handling"", ""node_name"": ""Impute"", ""node_params"": {}, ""contrast_level"": 1, ""node_type"": ""preprocess""}]}",1.0
帮我在模型训练之前添加一个数据划分步骤，以便将处理后的数据进行拆分。,1.0,5217,202,17.324097633361816,7.556155681610107,2.1842427253723145,7.583699226379394,0,"{""edges"": [{""edge_id"": ""25761"", ""source_node_id"": ""5160"", ""target_node_id"": ""5161""}, {""edge_id"": ""25762"", ""source_node_id"": ""5163"", ""target_node_id"": ""5162""}, {""edge_id"": ""25763"", ""source_node_id"": ""5161"", ""target_node_id"": ""5163""}], ""nodes"": [{""node_id"": ""5160"", ""widget_name"": ""File"", ""node_name"": ""鸢尾花示例数据"", ""node_params"": {""type"": ""sample"", ""filename"": ""iris.csv""}, ""matched"": true}, {""node_id"": ""5161"", ""widget_name"": ""Impute"", ""node_name"": ""缺失值填充"", ""node_params"": {""method"": 1}, ""matched"": true}, {""node_id"": ""5162"", ""widget_name"": ""LightGBM"", ""node_name"": ""LightGBM分类器"", ""node_params"": {""boosting_type"": ""gbdt"", ""n_estimators"": 10, ""learning_rate"": 0.1, ""sampling_rate"": 0.1, ""max_depth_check"": false, ""max_depth"": 3, ""num_leaves_check"": false, ""num_leaves"": 31}, ""matched"": true}, {""node_id"": ""5163"", ""widget_name"": ""Data Sampler"", ""node_name"": ""数据划分"", ""node_params"": {""sampling_type"": 0, ""percentage"": 10, ""n_samples"": 15, ""replacement"": false, ""n_folds"": 10, ""selected_folds"": 1, ""replicable"": false, ""stratified"": false}, ""matched"": true}]}","{""dependency_requirements"": [{""edge_id"": ""4029"", ""source_node_id"": ""5160"", ""target_node_id"": ""5161""}, {""edge_id"": ""4030"", ""source_node_id"": ""5163"", ""target_node_id"": ""5162""}, {""edge_id"": ""4031"", ""source_node_id"": ""5161"", ""target_node_id"": ""5163""}], ""step_requirements"": [{""node_id"": ""5160"", ""algorithm_step_name"": ""Tabular Dataset Loading"", ""node_name"": ""鸢尾花示例数据"", ""node_params"": {""type"": ""sample"", ""filename"": ""iris.csv""}, ""contrast_level"": 2, ""node_type"": ""io""}, {""node_id"": ""5161"", ""algorithm_step_name"": ""Missing Value Handling"", ""node_name"": ""缺失值填充"", ""node_params"": {""method"": 1}, ""contrast_level"": 2, ""node_type"": ""preprocess""}, {""node_id"": ""5162"", ""algorithm_step_name"": ""LightGBM"", ""node_name"": ""LightGBM分类器"", ""node_params"": {""boosting_type"": ""gbdt"", ""n_estimators"": 10, ""learning_rate"": 0.1, ""sampling_rate"": 0.1, ""max_depth_check"": false, ""max_depth"": 3, ""num_leaves_check"": false, ""num_leaves"": 31}, ""contrast_level"": 2, ""node_type"": ""model""}, {""node_id"": ""5163"", ""algorithm_step_name"": ""Dataset Division"", ""node_name"": ""Data Sampler"", ""node_params"": {}, ""contrast_level"": 1, ""node_type"": ""preprocess""}]}",1.0
我需要将数据划分的比例设置为8:2,1.0,4758,113,11.29999327659607,5.8482208251953125,2.0885918140411377,3.363180637359619,0,"{""edges"": [{""edge_id"": ""25764"", ""source_node_id"": ""5164"", ""target_node_id"": ""5165""}, {""edge_id"": ""25765"", ""source_node_id"": ""5165"", ""target_node_id"": ""5166""}, {""edge_id"": ""25766"", ""source_node_id"": ""5166"", ""target_node_id"": ""5167""}], ""nodes"": [{""node_id"": ""5164"", ""widget_name"": ""File"", ""node_name"": ""鸢尾花示例数据"", ""node_params"": {""type"": ""sample"", ""filename"": ""iris.csv""}, ""matched"": true}, {""node_id"": ""5165"", ""widget_name"": ""Impute"", ""node_name"": ""缺失值填充"", ""node_params"": {""method"": 1}, ""matched"": true}, {""node_id"": ""5166"", ""widget_name"": ""Data Sampler"", ""node_name"": ""数据采样"", ""node_params"": {""sampling_type"": 0, ""percentage"": 20, ""n_samples"": 15, ""replacement"": false, ""n_folds"": 10, ""selected_folds"": 1, ""replicable"": false, ""stratified"": false}, ""matched"": true}, {""node_id"": ""5167"", ""widget_name"": ""LightGBM"", ""node_name"": ""LightGBM分类器"", ""node_params"": {""boosting_type"": ""gbdt"", ""n_estimators"": 10, ""learning_rate"": 0.1, ""sampling_rate"": 0.1, ""max_depth_check"": false, ""max_depth"": 3, ""num_leaves_check"": false, ""num_leaves"": 31}, ""matched"": true}]}","{""dependency_requirements"": [{""edge_id"": ""4032"", ""source_node_id"": ""5164"", ""target_node_id"": ""5165""}, {""edge_id"": ""4033"", ""source_node_id"": ""5165"", ""target_node_id"": ""5166""}, {""edge_id"": ""4034"", ""source_node_id"": ""5166"", ""target_node_id"": ""5167""}], ""step_requirements"": [{""node_id"": ""5164"", ""algorithm_step_name"": ""Tabular Dataset Loading"", ""node_name"": ""鸢尾花示例数据"", ""node_params"": {""type"": ""sample"", ""filename"": ""iris.csv""}, ""contrast_level"": 2, ""node_type"": ""io""}, {""node_id"": ""5165"", ""algorithm_step_name"": ""Missing Value Handling"", ""node_name"": ""缺失值填充"", ""node_params"": {""method"": 1}, ""contrast_level"": 2, ""node_type"": ""preprocess""}, {""node_id"": ""5166"", ""algorithm_step_name"": ""Dataset Division"", ""node_name"": ""数据采样"", ""node_params"": {""sampling_type"": 0, ""percentage"": 20, ""n_samples"": 15, ""replacement"": false, ""n_folds"": 10, ""selected_folds"": 1, ""replicable"": false, ""stratified"": false}, ""contrast_level"": 2, ""node_type"": ""preprocess""}, {""node_id"": ""5167"", ""algorithm_step_name"": ""LightGBM"", ""node_name"": ""LightGBM分类器"", ""node_params"": {""boosting_type"": ""gbdt"", ""n_estimators"": 10, ""learning_rate"": 0.1, ""sampling_rate"": 0.1, ""max_depth_check"": false, ""max_depth"": 3, ""num_leaves_check"": false, ""num_leaves"": 31}, ""contrast_level"": 2, ""node_type"": ""model""}]}",1.0
帮我添加一个模型评估步骤,1.0,2832,168,11.9523024559021,7.817660808563232,0.007098913192749,4.127542734146118,0,"{""edges"": [{""edge_id"": ""25767"", ""source_node_id"": ""2899"", ""target_node_id"": ""2900""}, {""edge_id"": ""25768"", ""source_node_id"": ""2900"", ""target_node_id"": ""2901""}, {""edge_id"": ""25769"", ""source_node_id"": ""2901"", ""target_node_id"": ""2902""}, {""edge_id"": ""25770"", ""source_node_id"": ""2901"", ""target_node_id"": ""2903""}, {""edge_id"": ""25772"", ""source_node_id"": ""2902"", ""target_node_id"": ""2903""}], ""nodes"": [{""node_id"": ""2899"", ""widget_name"": ""File"", ""node_name"": ""鸢尾花示例数据"", ""node_params"": {""type"": ""sample"", ""filename"": ""iris.csv""}, ""matched"": true}, {""node_id"": ""2900"", ""widget_name"": ""Impute"", ""node_name"": ""缺失值处理"", ""node_params"": {""method"": 1}, ""matched"": true}, {""node_id"": ""2901"", ""widget_name"": ""Data Sampler"", ""node_name"": ""数据划分处理"", ""node_params"": {""sampling_type"": 0, ""percentage"": 10, ""n_samples"": 15, ""replacement"": false, ""n_folds"": 10, ""selected_folds"": 1, ""replicable"": false, ""stratified"": false}, ""matched"": true}, {""node_id"": ""2902"", ""widget_name"": ""LightGBM"", ""node_name"": ""LightGBM分类器"", ""node_params"": {""boosting_type"": ""gbdt"", ""n_estimators"": 10, ""learning_rate"": 0.1, ""sampling_rate"": 0.1, ""max_depth_check"": false, ""max_depth"": 3, ""num_leaves_check"": false, ""num_leaves"": 31}, ""matched"": true}, {""node_id"": ""2903"", ""widget_name"": ""Test & Score"", ""node_name"": ""测试评分"", ""node_params"": {}, ""matched"": true}]}","{""dependency_requirements"": [{""edge_id"": ""2379"", ""source_node_id"": ""2899"", ""target_node_id"": ""2900""}, {""edge_id"": ""2380"", ""source_node_id"": ""2900"", ""target_node_id"": ""2901""}, {""edge_id"": ""2381"", ""source_node_id"": ""2901"", ""target_node_id"": ""2902""}, {""edge_id"": ""2382"", ""source_node_id"": ""2901"", ""target_node_id"": ""2903""}, {""edge_id"": ""2384"", ""source_node_id"": ""2902"", ""target_node_id"": ""2903""}], ""step_requirements"": [{""node_id"": ""2899"", ""algorithm_step_name"": ""Tabular Dataset Loading"", ""node_name"": ""鸢尾花示例数据"", ""node_params"": {""type"": ""sample"", ""filename"": ""iris.csv""}, ""contrast_level"": 2, ""node_type"": ""io""}, {""node_id"": ""2900"", ""algorithm_step_name"": ""Missing Value Handling"", ""node_name"": ""缺失值处理"", ""node_params"": {""method"": 1}, ""contrast_level"": 2, ""node_type"": ""preprocess""}, {""node_id"": ""2901"", ""algorithm_step_name"": ""Dataset Division"", ""node_name"": ""数据划分处理"", ""node_params"": {""sampling_type"": 0, ""percentage"": 10, ""n_samples"": 15, ""replacement"": false, ""n_folds"": 10, ""selected_folds"": 1, ""replicable"": false, ""stratified"": false}, ""contrast_level"": 2, ""node_type"": ""preprocess""}, {""node_id"": ""2902"", ""algorithm_step_name"": ""LightGBM"", ""node_name"": ""LightGBM分类器"", ""node_params"": {""boosting_type"": ""gbdt"", ""n_estimators"": 10, ""learning_rate"": 0.1, ""sampling_rate"": 0.1, ""max_depth_check"": false, ""max_depth"": 3, ""num_leaves_check"": false, ""num_leaves"": 31}, ""contrast_level"": 2, ""node_type"": ""model""}, {""node_id"": ""2903"", ""algorithm_step_name"": ""Model Evaluate"", ""node_name"": ""模型评估"", ""node_params"": {}, ""contrast_level"": 1, ""node_type"": ""evaluate""}]}",1.0
数据集中没有缺失值，所以帮我把缺失值这个步骤删除掉。,1.0,4960,136,13.173083305358888,5.944824934005737,2.1559972763061523,5.072261095046997,0,"{""edges"": [{""edge_id"": ""25775"", ""source_node_id"": ""2906"", ""target_node_id"": ""2907""}, {""edge_id"": ""25776"", ""source_node_id"": ""2906"", ""target_node_id"": ""2908""}, {""edge_id"": ""25778"", ""source_node_id"": ""2907"", ""target_node_id"": ""2908""}, {""edge_id"": ""25779"", ""source_node_id"": ""2904"", ""target_node_id"": ""2906""}], ""nodes"": [{""node_id"": ""2904"", ""widget_name"": ""File"", ""node_name"": ""鸢尾花示例数据"", ""node_params"": {""type"": ""sample"", ""filename"": ""iris.csv""}, ""matched"": true}, {""node_id"": ""2906"", ""widget_name"": ""Data Sampler"", ""node_name"": ""数据划分处理"", ""node_params"": {""sampling_type"": 0, ""percentage"": 10, ""n_samples"": 15, ""replacement"": false, ""n_folds"": 10, ""selected_folds"": 1, ""replicable"": false, ""stratified"": false}, ""matched"": true}, {""node_id"": ""2907"", ""widget_name"": ""LightGBM"", ""node_name"": ""LightGBM分类器"", ""node_params"": {""boosting_type"": ""gbdt"", ""n_estimators"": 10, ""learning_rate"": 0.1, ""sampling_rate"": 0.1, ""max_depth_check"": false, ""max_depth"": 3, ""num_leaves_check"": false, ""num_leaves"": 31}, ""matched"": true}, {""node_id"": ""2908"", ""widget_name"": ""Test & Score"", ""node_name"": ""模型评估"", ""node_params"": {}, ""matched"": true}]}","{""dependency_requirements"": [{""edge_id"": ""2387"", ""source_node_id"": ""2906"", ""target_node_id"": ""2907""}, {""edge_id"": ""2388"", ""source_node_id"": ""2906"", ""target_node_id"": ""2908""}, {""edge_id"": ""2390"", ""source_node_id"": ""2907"", ""target_node_id"": ""2908""}, {""edge_id"": ""2391"", ""source_node_id"": ""2904"", ""target_node_id"": ""2906""}], ""step_requirements"": [{""node_id"": ""2904"", ""algorithm_step_name"": ""Tabular Dataset Loading"", ""node_name"": ""鸢尾花示例数据"", ""node_params"": {""type"": ""sample"", ""filename"": ""iris.csv""}, ""contrast_level"": 2, ""node_type"": ""io""}, {""node_id"": ""2906"", ""algorithm_step_name"": ""Dataset Division"", ""node_name"": ""数据划分处理"", ""node_params"": {""sampling_type"": 0, ""percentage"": 10, ""n_samples"": 15, ""replacement"": false, ""n_folds"": 10, ""selected_folds"": 1, ""replicable"": false, ""stratified"": false}, ""contrast_level"": 2, ""node_type"": ""preprocess""}, {""node_id"": ""2907"", ""algorithm_step_name"": ""LightGBM"", ""node_name"": ""LightGBM分类器"", ""node_params"": {""boosting_type"": ""gbdt"", ""n_estimators"": 10, ""learning_rate"": 0.1, ""sampling_rate"": 0.1, ""max_depth_check"": false, ""max_depth"": 3, ""num_leaves_check"": false, ""num_leaves"": 31}, ""contrast_level"": 2, ""node_type"": ""model""}, {""node_id"": ""2908"", ""algorithm_step_name"": ""Model Evaluate"", ""node_name"": ""模型评估"", ""node_params"": {}, ""contrast_level"": 2, ""node_type"": ""evaluate""}]}",1.0
删除工作流中的KNN模型。,1.0,4798,150,15.344777584075928,6.583950757980347,3.792201519012451,4.96862530708313,0,"{""edges"": [{""edge_id"": ""25780"", ""source_node_id"": ""2914"", ""target_node_id"": ""2915""}, {""edge_id"": ""25781"", ""source_node_id"": ""2915"", ""target_node_id"": ""2916""}, {""edge_id"": ""25783"", ""source_node_id"": ""2915"", ""target_node_id"": ""2918""}, {""edge_id"": ""25785"", ""source_node_id"": ""2916"", ""target_node_id"": ""2918""}], ""nodes"": [{""node_id"": ""2914"", ""widget_name"": ""File"", ""node_name"": ""鸢尾花示例数据"", ""node_params"": {""type"": ""sample"", ""filename"": ""iris.csv""}, ""matched"": true}, {""node_id"": ""2915"", ""widget_name"": ""Data Sampler"", ""node_name"": ""数据划分处理"", ""node_params"": {""sampling_type"": 0, ""percentage"": 10, ""n_samples"": 15, ""replacement"": false, ""n_folds"": 10, ""selected_folds"": 1, ""replicable"": false, ""stratified"": false}, ""matched"": true}, {""node_id"": ""2916"", ""widget_name"": ""LightGBM"", ""node_name"": ""LightGBM分类器"", ""node_params"": {""boosting_type"": ""gbdt"", ""n_estimators"": 10, ""learning_rate"": 0.1, ""sampling_rate"": 0.1, ""max_depth_check"": false, ""max_depth"": 3, ""num_leaves_check"": false, ""num_leaves"": 31}, ""matched"": true}, {""node_id"": ""2918"", ""widget_name"": ""Test & Score"", ""node_name"": ""模型评估"", ""node_params"": {}, ""matched"": true}]}","{""dependency_requirements"": [{""edge_id"": ""2399"", ""source_node_id"": ""2914"", ""target_node_id"": ""2915""}, {""edge_id"": ""2400"", ""source_node_id"": ""2915"", ""target_node_id"": ""2916""}, {""edge_id"": ""2402"", ""source_node_id"": ""2915"", ""target_node_id"": ""2918""}, {""edge_id"": ""2404"", ""source_node_id"": ""2916"", ""target_node_id"": ""2918""}], ""step_requirements"": [{""node_id"": ""2914"", ""algorithm_step_name"": ""Tabular Dataset Loading"", ""node_name"": ""鸢尾花示例数据"", ""node_params"": {""type"": ""sample"", ""filename"": ""iris.csv""}, ""contrast_level"": 2, ""node_type"": ""io""}, {""node_id"": ""2915"", ""algorithm_step_name"": ""Dataset Division"", ""node_name"": ""数据划分处理"", ""node_params"": {""sampling_type"": 0, ""percentage"": 10, ""n_samples"": 15, ""replacement"": false, ""n_folds"": 10, ""selected_folds"": 1, ""replicable"": false, ""stratified"": false}, ""contrast_level"": 2, ""node_type"": ""preprocess""}, {""node_id"": ""2916"", ""algorithm_step_name"": ""LightGBM"", ""node_name"": ""LightGBM分类器"", ""node_params"": {""boosting_type"": ""gbdt"", ""n_estimators"": 10, ""learning_rate"": 0.1, ""sampling_rate"": 0.1, ""max_depth_check"": false, ""max_depth"": 3, ""num_leaves_check"": false, ""num_leaves"": 31}, ""contrast_level"": 2, ""node_type"": ""model""}, {""node_id"": ""2918"", ""algorithm_step_name"": ""Model Evaluate"", ""node_name"": ""模型评估"", ""node_params"": {}, ""contrast_level"": 2, ""node_type"": ""evaluate""}]}",1.0
帮我把工作流中的缺失值处理步骤和多余的KNN模型都删除掉,1.0,8583,207,23.2171630859375,8.467464208602905,5.785963296890259,8.963735580444336,0,"{""edges"": [{""edge_id"": ""25789"", ""source_node_id"": ""2921"", ""target_node_id"": ""2922""}, {""edge_id"": ""25791"", ""source_node_id"": ""2921"", ""target_node_id"": ""2924""}, {""edge_id"": ""25793"", ""source_node_id"": ""2922"", ""target_node_id"": ""2924""}, {""edge_id"": ""25795"", ""source_node_id"": ""2919"", ""target_node_id"": ""2921""}], ""nodes"": [{""node_id"": ""2919"", ""widget_name"": ""File"", ""node_name"": ""鸢尾花示例数据"", ""node_params"": {""type"": ""sample"", ""filename"": ""iris.csv""}, ""matched"": true}, {""node_id"": ""2921"", ""widget_name"": ""Data Sampler"", ""node_name"": ""数据划分处理"", ""node_params"": {""sampling_type"": 0, ""percentage"": 10, ""n_samples"": 15, ""replacement"": false, ""n_folds"": 10, ""selected_folds"": 1, ""replicable"": false, ""stratified"": false}, ""matched"": true}, {""node_id"": ""2922"", ""widget_name"": ""LightGBM"", ""node_name"": ""LightGBM分类器"", ""node_params"": {""boosting_type"": ""gbdt"", ""n_estimators"": 10, ""learning_rate"": 0.1, ""sampling_rate"": 0.1, ""max_depth_check"": false, ""max_depth"": 3, ""num_leaves_check"": false, ""num_leaves"": 31}, ""matched"": true}, {""node_id"": ""2924"", ""widget_name"": ""Test & Score"", ""node_name"": ""模型评估"", ""node_params"": {}, ""matched"": true}]}","{""dependency_requirements"": [{""edge_id"": ""2408"", ""source_node_id"": ""2921"", ""target_node_id"": ""2922""}, {""edge_id"": ""2410"", ""source_node_id"": ""2921"", ""target_node_id"": ""2924""}, {""edge_id"": ""2412"", ""source_node_id"": ""2922"", ""target_node_id"": ""2924""}, {""edge_id"": ""2414"", ""source_node_id"": ""2919"", ""target_node_id"": ""2921""}], ""step_requirements"": [{""node_id"": ""2919"", ""algorithm_step_name"": ""Tabular Dataset Loading"", ""node_name"": ""鸢尾花示例数据"", ""node_params"": {""type"": ""sample"", ""filename"": ""iris.csv""}, ""contrast_level"": 2, ""node_type"": ""io""}, {""node_id"": ""2921"", ""algorithm_step_name"": ""Dataset Division"", ""node_name"": ""数据划分处理"", ""node_params"": {""sampling_type"": 0, ""percentage"": 10, ""n_samples"": 15, ""replacement"": false, ""n_folds"": 10, ""selected_folds"": 1, ""replicable"": false, ""stratified"": false}, ""contrast_level"": 2, ""node_type"": ""preprocess""}, {""node_id"": ""2922"", ""algorithm_step_name"": ""LightGBM"", ""node_name"": ""LightGBM分类器"", ""node_params"": {""boosting_type"": ""gbdt"", ""n_estimators"": 10, ""learning_rate"": 0.1, ""sampling_rate"": 0.1, ""max_depth_check"": false, ""max_depth"": 3, ""num_leaves_check"": false, ""num_leaves"": 31}, ""contrast_level"": 2, ""node_type"": ""model""}, {""node_id"": ""2924"", ""algorithm_step_name"": ""Model Evaluate"", ""node_name"": ""模型评估"", ""node_params"": {}, ""contrast_level"": 2, ""node_type"": ""evaluate""}]}",1.0
在数据抽样之前添加一个特征选择步骤，然后把数据抽样的抽样比例设置为抽取30%。,1.0,7740,284,23.526931762695312,8.898846864700317,2.202018976211548,12.426065921783447,0,"{""edges"": [{""edge_id"": ""25797"", ""source_node_id"": ""2991"", ""target_node_id"": ""2988""}, {""edge_id"": ""25798"", ""source_node_id"": ""2988"", ""target_node_id"": ""2989""}, {""edge_id"": ""25799"", ""source_node_id"": ""2988"", ""target_node_id"": ""2990""}, {""edge_id"": ""25800"", ""source_node_id"": ""2989"", ""target_node_id"": ""2990""}, {""edge_id"": ""25801"", ""source_node_id"": ""2987"", ""target_node_id"": ""2991""}], ""nodes"": [{""node_id"": ""2987"", ""widget_name"": ""File"", ""node_name"": ""鸢尾花示例数据"", ""node_params"": {""type"": ""sample"", ""filename"": ""iris.csv""}, ""matched"": true}, {""node_id"": ""2988"", ""widget_name"": ""Data Sampler"", ""node_name"": ""数据划分处理"", ""node_params"": {""sampling_type"": 0, ""percentage"": 30, ""n_samples"": 15, ""replacement"": false, ""n_folds"": 10, ""selected_folds"": 1, ""replicable"": false, ""stratified"": false}, ""matched"": true}, {""node_id"": ""2989"", ""widget_name"": ""LightGBM"", ""node_name"": ""LightGBM分类器"", ""node_params"": {""boosting_type"": ""gbdt"", ""n_estimators"": 10, ""learning_rate"": 0.1, ""sampling_rate"": 0.1, ""max_depth_check"": false, ""max_depth"": 3, ""num_leaves_check"": false, ""num_leaves"": 31}, ""matched"": true}, {""node_id"": ""2990"", ""widget_name"": ""Predictions"", ""node_name"": ""预测"", ""node_params"": {""output_attrs"": true, ""output_predictions"": true, ""output_probabilities"": false}, ""matched"": true}, {""node_id"": ""2991"", ""widget_name"": ""Select Best N Attributes"", ""node_name"": ""特征选择"", ""node_params"": {""n"": 3}, ""matched"": true}]}","{""dependency_requirements"": [{""edge_id"": ""2485"", ""source_node_id"": ""2991"", ""target_node_id"": ""2988""}, {""edge_id"": ""2486"", ""source_node_id"": ""2988"", ""target_node_id"": ""2989""}, {""edge_id"": ""2487"", ""source_node_id"": ""2988"", ""target_node_id"": ""2990""}, {""edge_id"": ""2488"", ""source_node_id"": ""2989"", ""target_node_id"": ""2990""}, {""edge_id"": ""2489"", ""source_node_id"": ""2987"", ""target_node_id"": ""2991""}], ""step_requirements"": [{""node_id"": ""2987"", ""algorithm_step_name"": ""Tabular Dataset Loading"", ""node_name"": ""鸢尾花示例数据"", ""node_params"": {""type"": ""sample"", ""filename"": ""iris.csv""}, ""contrast_level"": 2, ""node_type"": ""io""}, {""node_id"": ""2988"", ""algorithm_step_name"": ""Dataset Division"", ""node_name"": ""数据划分处理"", ""node_params"": {""sampling_type"": 0, ""percentage"": 30, ""n_samples"": 15, ""replacement"": false, ""n_folds"": 10, ""selected_folds"": 1, ""replicable"": false, ""stratified"": false}, ""contrast_level"": 2, ""node_type"": ""preprocess""}, {""node_id"": ""2989"", ""algorithm_step_name"": ""LightGBM"", ""node_name"": ""LightGBM分类器"", ""node_params"": {""boosting_type"": ""gbdt"", ""n_estimators"": 10, ""learning_rate"": 0.1, ""sampling_rate"": 0.1, ""max_depth_check"": false, ""max_depth"": 3, ""num_leaves_check"": false, ""num_leaves"": 31}, ""contrast_level"": 2, ""node_type"": ""model""}, {""node_id"": ""2990"", ""algorithm_step_name"": ""Test Dataset Predictions"", ""node_name"": ""预测"", ""node_params"": {""output_attrs"": true, ""output_predictions"": true, ""output_probabilities"": false}, ""contrast_level"": 2, ""node_type"": ""predict""}, {""node_id"": ""2991"", ""algorithm_step_name"": ""Feature Selection"", ""node_name"": ""自动特征选择"", ""node_params"": {}, ""contrast_level"": 1, ""node_type"": ""feature engineering""}]}",1.0
帮我把数据划分的比例改为5:5，最后还需要你添加一个步骤帮我把预测结果保存。,1.0,7490,190,17.611002922058105,8.425554752349854,2.133793830871582,7.05165433883667,0,"{""edges"": [{""edge_id"": ""25802"", ""source_node_id"": ""2982"", ""target_node_id"": ""2983""}, {""edge_id"": ""25803"", ""source_node_id"": ""2983"", ""target_node_id"": ""2984""}, {""edge_id"": ""25804"", ""source_node_id"": ""2983"", ""target_node_id"": ""2985""}, {""edge_id"": ""25805"", ""source_node_id"": ""2984"", ""target_node_id"": ""2985""}, {""edge_id"": ""25806"", ""source_node_id"": ""2985"", ""target_node_id"": ""2986""}], ""nodes"": [{""node_id"": ""2982"", ""widget_name"": ""File"", ""node_name"": ""鸢尾花示例数据"", ""node_params"": {""type"": ""sample"", ""filename"": ""iris.csv""}, ""matched"": true}, {""node_id"": ""2983"", ""widget_name"": ""Data Sampler"", ""node_name"": ""数据划分处理"", ""node_params"": {""sampling_type"": 0, ""percentage"": 50, ""n_samples"": 15, ""replacement"": false, ""n_folds"": 10, ""selected_folds"": 1, ""replicable"": false, ""stratified"": false}, ""matched"": true}, {""node_id"": ""2984"", ""widget_name"": ""LightGBM"", ""node_name"": ""LightGBM分类器"", ""node_params"": {""boosting_type"": ""gbdt"", ""n_estimators"": 10, ""learning_rate"": 0.1, ""sampling_rate"": 0.1, ""max_depth_check"": false, ""max_depth"": 3, ""num_leaves_check"": false, ""num_leaves"": 31}, ""matched"": true}, {""node_id"": ""2985"", ""widget_name"": ""Predictions"", ""node_name"": ""预测"", ""node_params"": {""output_attrs"": true, ""output_predictions"": true, ""output_probabilities"": false}, ""matched"": true}, {""node_id"": ""2986"", ""widget_name"": ""Save Data"", ""node_name"": ""保存预测结果"", ""node_params"": {}, ""matched"": true}]}","{""dependency_requirements"": [{""edge_id"": ""2480"", ""source_node_id"": ""2982"", ""target_node_id"": ""2983""}, {""edge_id"": ""2481"", ""source_node_id"": ""2983"", ""target_node_id"": ""2984""}, {""edge_id"": ""2482"", ""source_node_id"": ""2983"", ""target_node_id"": ""2985""}, {""edge_id"": ""2483"", ""source_node_id"": ""2984"", ""target_node_id"": ""2985""}, {""edge_id"": ""2484"", ""source_node_id"": ""2985"", ""target_node_id"": ""2986""}], ""step_requirements"": [{""node_id"": ""2982"", ""algorithm_step_name"": ""Tabular Dataset Loading"", ""node_name"": ""鸢尾花示例数据"", ""node_params"": {""type"": ""sample"", ""filename"": ""iris.csv""}, ""contrast_level"": 2, ""node_type"": ""io""}, {""node_id"": ""2983"", ""algorithm_step_name"": ""Dataset Division"", ""node_name"": ""数据划分处理"", ""node_params"": {""sampling_type"": 0, ""percentage"": 50, ""n_samples"": 15, ""replacement"": false, ""n_folds"": 10, ""selected_folds"": 1, ""replicable"": false, ""stratified"": false}, ""contrast_level"": 2, ""node_type"": ""preprocess""}, {""node_id"": ""2984"", ""algorithm_step_name"": ""LightGBM"", ""node_name"": ""LightGBM分类器"", ""node_params"": {""boosting_type"": ""gbdt"", ""n_estimators"": 10, ""learning_rate"": 0.1, ""sampling_rate"": 0.1, ""max_depth_check"": false, ""max_depth"": 3, ""num_leaves_check"": false, ""num_leaves"": 31}, ""contrast_level"": 2, ""node_type"": ""model""}, {""node_id"": ""2985"", ""algorithm_step_name"": ""Test Dataset Predictions"", ""node_name"": ""预测"", ""node_params"": {""output_attrs"": true, ""output_predictions"": true, ""output_probabilities"": false}, ""contrast_level"": 2, ""node_type"": ""predict""}, {""node_id"": ""2986"", ""algorithm_step_name"": ""Save Data"", ""node_name"": ""Save Data"", ""node_params"": {}, ""contrast_level"": 1, ""node_type"": ""io""}]}",1.0
帮我把目标检测使用的模型换成SSD，学习率使用0.02。最后，我还需要查看训练日志。,1.0,6600,328,29.234580039978027,11.894807815551758,5.635043144226074,11.704729080200195,0,"{""edges"": [{""edge_id"": ""25808"", ""source_node_id"": ""2998"", ""target_node_id"": ""2999""}, {""edge_id"": ""25809"", ""source_node_id"": ""2999"", ""target_node_id"": ""3000""}], ""nodes"": [{""node_id"": ""2998"", ""widget_name"": ""Image"", ""node_name"": ""猫狗图像数据加载"", ""node_params"": {}, ""matched"": true}, {""node_id"": ""2999"", ""widget_name"": ""Object Detection"", ""node_name"": ""目标检测模型"", ""node_params"": {""frame"": ""pytorch"", ""select_model"": ""SSD"", ""backbone"": ""DarkNet53"", ""epoch"": 3, ""learning_rate"": 0.02, ""batch_size"": 2}, ""matched"": true}, {""node_id"": ""3000"", ""widget_name"": ""Train Log"", ""node_name"": ""训练日志"", ""node_params"": {}, ""matched"": true}]}","{""dependency_requirements"": [{""edge_id"": ""2495"", ""source_node_id"": ""2998"", ""target_node_id"": ""2999""}, {""edge_id"": ""2496"", ""source_node_id"": ""2999"", ""target_node_id"": ""3000""}], ""step_requirements"": [{""node_id"": ""2998"", ""algorithm_step_name"": ""Image Dataset Loading"", ""node_name"": ""猫狗图像数据"", ""node_params"": {}, ""contrast_level"": 2, ""node_type"": ""io""}, {""node_id"": ""2999"", ""algorithm_step_name"": ""Object Detection Model"", ""node_name"": ""目标检测"", ""node_params"": {""frame"": ""pytorch"", ""select_model"": ""SSD"", ""backbone"": ""DarkNet53"", ""epoch"": 3, ""learning_rate"": 0.02, ""batch_size"": 2}, ""contrast_level"": 2, ""node_type"": ""model""}, {""node_id"": ""3000"", ""algorithm_step_name"": ""Train Log"", ""node_name"": ""训练日志"", ""node_params"": {}, ""contrast_level"": 2, ""node_type"": ""visualize""}]}",1.0
帮我把缺失值处理方式修改为使用平均值填补，然后把多余的KNN模型删除掉。,1.0,8301,161,19.57758831977844,8.111966609954834,5.664184808731079,5.801436901092529,0,"{""edges"": [{""edge_id"": ""25810"", ""source_node_id"": ""2958"", ""target_node_id"": ""2959""}, {""edge_id"": ""25811"", ""source_node_id"": ""2959"", ""target_node_id"": ""2960""}, {""edge_id"": ""25812"", ""source_node_id"": ""2960"", ""target_node_id"": ""2961""}, {""edge_id"": ""25814"", ""source_node_id"": ""2960"", ""target_node_id"": ""2963""}, {""edge_id"": ""25816"", ""source_node_id"": ""2961"", ""target_node_id"": ""2963""}], ""nodes"": [{""node_id"": ""2958"", ""widget_name"": ""File"", ""node_name"": ""鸢尾花示例数据"", ""node_params"": {""type"": ""sample"", ""filename"": ""iris.csv""}, ""matched"": true}, {""node_id"": ""2959"", ""widget_name"": ""Impute"", ""node_name"": ""缺失值处理"", ""node_params"": {""method"": 2}, ""matched"": true}, {""node_id"": ""2960"", ""widget_name"": ""Data Sampler"", ""node_name"": ""数据划分处理"", ""node_params"": {""sampling_type"": 0, ""percentage"": 10, ""n_samples"": 15, ""replacement"": false, ""n_folds"": 10, ""selected_folds"": 1, ""replicable"": false, ""stratified"": false}, ""matched"": true}, {""node_id"": ""2961"", ""widget_name"": ""LightGBM"", ""node_name"": ""LightGBM分类器"", ""node_params"": {""boosting_type"": ""gbdt"", ""n_estimators"": 10, ""learning_rate"": 0.1, ""sampling_rate"": 0.1, ""max_depth_check"": false, ""max_depth"": 3, ""num_leaves_check"": false, ""num_leaves"": 31}, ""matched"": true}, {""node_id"": ""2963"", ""widget_name"": ""Test & Score"", ""node_name"": ""模型评估"", ""node_params"": {}, ""matched"": true}]}","{""dependency_requirements"": [{""edge_id"": ""2447"", ""source_node_id"": ""2958"", ""target_node_id"": ""2959""}, {""edge_id"": ""2448"", ""source_node_id"": ""2959"", ""target_node_id"": ""2960""}, {""edge_id"": ""2449"", ""source_node_id"": ""2960"", ""target_node_id"": ""2961""}, {""edge_id"": ""2451"", ""source_node_id"": ""2960"", ""target_node_id"": ""2963""}, {""edge_id"": ""2453"", ""source_node_id"": ""2961"", ""target_node_id"": ""2963""}], ""step_requirements"": [{""node_id"": ""2958"", ""algorithm_step_name"": ""Tabular Dataset Loading"", ""node_name"": ""鸢尾花示例数据"", ""node_params"": {""type"": ""sample"", ""filename"": ""iris.csv""}, ""contrast_level"": 2, ""node_type"": ""io""}, {""node_id"": ""2959"", ""algorithm_step_name"": ""Missing Value Handling"", ""node_name"": ""缺失值处理"", ""node_params"": {""method"": 2}, ""contrast_level"": 2, ""node_type"": ""preprocess""}, {""node_id"": ""2960"", ""algorithm_step_name"": ""Dataset Division"", ""node_name"": ""数据划分处理"", ""node_params"": {""sampling_type"": 0, ""percentage"": 10, ""n_samples"": 15, ""replacement"": false, ""n_folds"": 10, ""selected_folds"": 1, ""replicable"": false, ""stratified"": false}, ""contrast_level"": 2, ""node_type"": ""preprocess""}, {""node_id"": ""2961"", ""algorithm_step_name"": ""LightGBM"", ""node_name"": ""LightGBM分类器"", ""node_params"": {""boosting_type"": ""gbdt"", ""n_estimators"": 10, ""learning_rate"": 0.1, ""sampling_rate"": 0.1, ""max_depth_check"": false, ""max_depth"": 3, ""num_leaves_check"": false, ""num_leaves"": 31}, ""contrast_level"": 2, ""node_type"": ""model""}, {""node_id"": ""2963"", ""algorithm_step_name"": ""Model Evaluate"", ""node_name"": ""模型评估"", ""node_params"": {}, ""contrast_level"": 2, ""node_type"": ""evaluate""}]}",1.0
独热编码这个步骤是冗余的，帮我删除掉。在这之后还需要你将随机森林数的数量改为30，缺失值的处理方法改为用随机值填补。,1.0,12542,281,31.2586681842804,11.436864852905272,7.783608436584473,12.03819489479065,0,"{""edges"": [{""edge_id"": ""25818"", ""source_node_id"": ""3002"", ""target_node_id"": ""3003""}, {""edge_id"": ""25821"", ""source_node_id"": ""3005"", ""target_node_id"": ""3006""}, {""edge_id"": ""25822"", ""source_node_id"": ""3005"", ""target_node_id"": ""3007""}, {""edge_id"": ""25824"", ""source_node_id"": ""3006"", ""target_node_id"": ""3007""}, {""edge_id"": ""25825"", ""source_node_id"": ""3003"", ""target_node_id"": ""3005""}], ""nodes"": [{""node_id"": ""3002"", ""widget_name"": ""File"", ""node_name"": ""数据"", ""node_params"": {""type"": ""sample"", ""filename"": ""iris.csv""}, ""matched"": true}, {""node_id"": ""3003"", ""widget_name"": ""Impute"", ""node_name"": ""缺失值处理"", ""node_params"": {""method"": 4}, ""matched"": true}, {""node_id"": ""3005"", ""widget_name"": ""Data Sampler"", ""node_name"": ""数据采样"", ""node_params"": {""sampling_type"": 0, ""percentage"": 10, ""n_samples"": 15, ""replacement"": false, ""n_folds"": 10, ""selected_folds"": 1, ""replicable"": false, ""stratified"": false}, ""matched"": true}, {""node_id"": ""3006"", ""widget_name"": ""Random Forest"", ""node_name"": ""随机森林"", ""node_params"": {""n_estimators"": 30, ""use_max_features"": false, ""max_features"": ""auto"", ""use_random_state"": false, ""use_max_depth"": false, ""max_depth"": 3, ""use_min_samples_split"": true, ""min_samples_split"": 2}, ""matched"": true}, {""node_id"": ""3007"", ""widget_name"": ""Test & Score"", ""node_name"": ""测试得分"", ""node_params"": {}, ""matched"": true}]}","{""dependency_requirements"": [{""edge_id"": ""2497"", ""source_node_id"": ""3002"", ""target_node_id"": ""3003""}, {""edge_id"": ""2500"", ""source_node_id"": ""3005"", ""target_node_id"": ""3006""}, {""edge_id"": ""2501"", ""source_node_id"": ""3005"", ""target_node_id"": ""3007""}, {""edge_id"": ""2503"", ""source_node_id"": ""3006"", ""target_node_id"": ""3007""}, {""edge_id"": ""2504"", ""source_node_id"": ""3003"", ""target_node_id"": ""3005""}], ""step_requirements"": [{""node_id"": ""3002"", ""algorithm_step_name"": ""Tabular Dataset Loading"", ""node_name"": ""数据"", ""node_params"": {""type"": ""sample"", ""filename"": ""iris.csv""}, ""contrast_level"": 2, ""node_type"": ""io""}, {""node_id"": ""3003"", ""algorithm_step_name"": ""Missing Value Handling"", ""node_name"": ""缺失值处理"", ""node_params"": {""method"": 4}, ""contrast_level"": 2, ""node_type"": ""preprocess""}, {""node_id"": ""3005"", ""algorithm_step_name"": ""Dataset Division"", ""node_name"": ""数据采样"", ""node_params"": {""sampling_type"": 0, ""percentage"": 10, ""n_samples"": 15, ""replacement"": false, ""n_folds"": 10, ""selected_folds"": 1, ""replicable"": false, ""stratified"": false}, ""contrast_level"": 2, ""node_type"": ""preprocess""}, {""node_id"": ""3006"", ""algorithm_step_name"": ""Random Forest"", ""node_name"": ""随机森林"", ""node_params"": {""n_estimators"": 30, ""use_max_features"": false, ""max_features"": ""auto"", ""use_random_state"": false, ""use_max_depth"": false, ""max_depth"": 3, ""use_min_samples_split"": true, ""min_samples_split"": 2}, ""contrast_level"": 2, ""node_type"": ""model""}, {""node_id"": ""3007"", ""algorithm_step_name"": ""Model Evaluate"", ""node_name"": ""测试得分"", ""node_params"": {}, ""contrast_level"": 2, ""node_type"": ""evaluate""}]}",1.0
帮我把多余的模型都删除掉，只留下LightGBM，并把LightGBM的学习率改为0.01。,1.0,5700,252,21.8157262802124,12.62419867515564,3.664175987243652,5.52735161781311,0,"{""edges"": [{""edge_id"": ""25826"", ""source_node_id"": ""3032"", ""target_node_id"": ""3033""}, {""edge_id"": ""25828"", ""source_node_id"": ""3033"", ""target_node_id"": ""3035""}, {""edge_id"": ""25831"", ""source_node_id"": ""3033"", ""target_node_id"": ""3038""}, {""edge_id"": ""25834"", ""source_node_id"": ""3035"", ""target_node_id"": ""3038""}], ""nodes"": [{""node_id"": ""3032"", ""widget_name"": ""File"", ""node_name"": ""数据"", ""node_params"": {""type"": ""sample"", ""filename"": ""iris.csv""}, ""matched"": true}, {""node_id"": ""3033"", ""widget_name"": ""Data Sampler"", ""node_name"": ""数据采样"", ""node_params"": {""sampling_type"": 0, ""percentage"": 10, ""n_samples"": 15, ""replacement"": false, ""n_folds"": 10, ""selected_folds"": 1, ""replicable"": false, ""stratified"": false}, ""matched"": true}, {""node_id"": ""3035"", ""widget_name"": ""LightGBM"", ""node_name"": ""LightGBM"", ""node_params"": {""boosting_type"": ""gbdt"", ""n_estimators"": 10, ""learning_rate"": 0.01, ""sampling_rate"": 0.1, ""max_depth_check"": false, ""max_depth"": 3, ""num_leaves_check"": false, ""num_leaves"": 31}, ""matched"": true}, {""node_id"": ""3038"", ""widget_name"": ""Test & Score"", ""node_name"": ""测试得分"", ""node_params"": {}, ""matched"": true}]}","{""dependency_requirements"": [{""edge_id"": ""2536"", ""source_node_id"": ""3032"", ""target_node_id"": ""3033""}, {""edge_id"": ""2538"", ""source_node_id"": ""3033"", ""target_node_id"": ""3035""}, {""edge_id"": ""2541"", ""source_node_id"": ""3033"", ""target_node_id"": ""3038""}, {""edge_id"": ""2544"", ""source_node_id"": ""3035"", ""target_node_id"": ""3038""}], ""step_requirements"": [{""node_id"": ""3032"", ""algorithm_step_name"": ""Tabular Dataset Loading"", ""node_name"": ""数据"", ""node_params"": {""type"": ""sample"", ""filename"": ""iris.csv""}, ""contrast_level"": 2, ""node_type"": ""io""}, {""node_id"": ""3033"", ""algorithm_step_name"": ""Dataset Division"", ""node_name"": ""数据采样"", ""node_params"": {""sampling_type"": 0, ""percentage"": 10, ""n_samples"": 15, ""replacement"": false, ""n_folds"": 10, ""selected_folds"": 1, ""replicable"": false, ""stratified"": false}, ""contrast_level"": 2, ""node_type"": ""preprocess""}, {""node_id"": ""3035"", ""algorithm_step_name"": ""LightGBM"", ""node_name"": ""LightGBM"", ""node_params"": {""boosting_type"": ""gbdt"", ""n_estimators"": 10, ""learning_rate"": 0.01, ""sampling_rate"": 0.1, ""max_depth_check"": false, ""max_depth"": 3, ""num_leaves_check"": false, ""num_leaves"": 31}, ""contrast_level"": 2, ""node_type"": ""model""}, {""node_id"": ""3038"", ""algorithm_step_name"": ""Model Evaluate"", ""node_name"": ""测试得分"", ""node_params"": {}, ""contrast_level"": 2, ""node_type"": ""evaluate""}]}",1.0
帮我把LightGBM模型更换为XGBoost。,1.0,5735,165,16.978389501571655,7.189854383468628,3.725521087646485,6.063014030456543,0,"{""edges"": [{""edge_id"": ""25837"", ""source_node_id"": ""2964"", ""target_node_id"": ""2965""}, {""edge_id"": ""25838"", ""source_node_id"": ""2965"", ""target_node_id"": ""2966""}, {""edge_id"": ""25840"", ""source_node_id"": ""2966"", ""target_node_id"": ""2968""}, {""edge_id"": ""25843"", ""source_node_id"": ""2966"", ""target_node_id"": ""2969""}, {""edge_id"": ""25844"", ""source_node_id"": ""2969"", ""target_node_id"": ""2968""}], ""nodes"": [{""node_id"": ""2964"", ""widget_name"": ""File"", ""node_name"": ""鸢尾花示例数据"", ""node_params"": {""type"": ""sample"", ""filename"": ""iris.csv""}, ""matched"": true}, {""node_id"": ""2965"", ""widget_name"": ""Impute"", ""node_name"": ""缺失值处理"", ""node_params"": {""method"": 1}, ""matched"": true}, {""node_id"": ""2966"", ""widget_name"": ""Data Sampler"", ""node_name"": ""数据划分处理"", ""node_params"": {""sampling_type"": 0, ""percentage"": 10, ""n_samples"": 15, ""replacement"": false, ""n_folds"": 10, ""selected_folds"": 1, ""replicable"": false, ""stratified"": false}, ""matched"": true}, {""node_id"": ""2968"", ""widget_name"": ""Test & Score"", ""node_name"": ""模型评估"", ""node_params"": {}, ""matched"": true}, {""node_id"": ""2969"", ""widget_name"": ""XGBoost"", ""node_name"": ""XGBoost分类器"", ""node_params"": {""booster"": ""gbtree"", ""learning_rate"": 0.3, ""gamma"": 0, ""max_depth"": 6, ""min_child_widget"": 1, ""max_delta_step"": 0, ""subsample"": 1, ""sampling_method"": ""uniform"", ""lambda"": 1, ""alpha"": 0, ""tree_method"": ""auto"", ""scale_pos_weight"": 1, ""updater"": ""grow_colmaker"", ""process_type"": ""default"", ""grow_policy"": ""depthwise""}, ""matched"": true}]}","{""dependency_requirements"": [{""edge_id"": ""2455"", ""source_node_id"": ""2964"", ""target_node_id"": ""2965""}, {""edge_id"": ""2456"", ""source_node_id"": ""2965"", ""target_node_id"": ""2966""}, {""edge_id"": ""2458"", ""source_node_id"": ""2966"", ""target_node_id"": ""2968""}, {""edge_id"": ""2461"", ""source_node_id"": ""2966"", ""target_node_id"": ""2969""}, {""edge_id"": ""2462"", ""source_node_id"": ""2969"", ""target_node_id"": ""2968""}], ""step_requirements"": [{""node_id"": ""2964"", ""algorithm_step_name"": ""Tabular Dataset Loading"", ""node_name"": ""鸢尾花示例数据"", ""node_params"": {""type"": ""sample"", ""filename"": ""iris.csv""}, ""contrast_level"": 2, ""node_type"": ""io""}, {""node_id"": ""2965"", ""algorithm_step_name"": ""Missing Value Handling"", ""node_name"": ""缺失值处理"", ""node_params"": {""method"": 1}, ""contrast_level"": 2, ""node_type"": ""preprocess""}, {""node_id"": ""2966"", ""algorithm_step_name"": ""Dataset Division"", ""node_name"": ""数据划分处理"", ""node_params"": {""sampling_type"": 0, ""percentage"": 10, ""n_samples"": 15, ""replacement"": false, ""n_folds"": 10, ""selected_folds"": 1, ""replicable"": false, ""stratified"": false}, ""contrast_level"": 2, ""node_type"": ""preprocess""}, {""node_id"": ""2968"", ""algorithm_step_name"": ""Model Evaluate"", ""node_name"": ""模型评估"", ""node_params"": {}, ""contrast_level"": 2, ""node_type"": ""evaluate""}, {""node_id"": ""2969"", ""algorithm_step_name"": ""XGBoost"", ""node_name"": ""XGBoost分类器"", ""node_params"": {}, ""contrast_level"": 1, ""node_type"": ""model""}]}",1.0
我不需要对模型进行评估了，帮我把模型评估组件换成预测组件。,1.0,6266,222,16.920602321624756,7.965023279190063,0.0018939971923828,8.95368504524231,0,"{""edges"": [{""edge_id"": ""25845"", ""source_node_id"": ""2970"", ""target_node_id"": ""2971""}, {""edge_id"": ""25846"", ""source_node_id"": ""2971"", ""target_node_id"": ""2972""}, {""edge_id"": ""25847"", ""source_node_id"": ""2972"", ""target_node_id"": ""2973""}, {""edge_id"": ""25851"", ""source_node_id"": ""2972"", ""target_node_id"": ""2975""}, {""edge_id"": ""25852"", ""source_node_id"": ""2973"", ""target_node_id"": ""2975""}], ""nodes"": [{""node_id"": ""2970"", ""widget_name"": ""File"", ""node_name"": ""鸢尾花示例数据"", ""node_params"": {""type"": ""sample"", ""filename"": ""iris.csv""}, ""matched"": true}, {""node_id"": ""2971"", ""widget_name"": ""Impute"", ""node_name"": ""缺失值处理"", ""node_params"": {""method"": 1}, ""matched"": true}, {""node_id"": ""2972"", ""widget_name"": ""Data Sampler"", ""node_name"": ""数据划分处理"", ""node_params"": {""sampling_type"": 0, ""percentage"": 10, ""n_samples"": 15, ""replacement"": false, ""n_folds"": 10, ""selected_folds"": 1, ""replicable"": false, ""stratified"": false}, ""matched"": true}, {""node_id"": ""2973"", ""widget_name"": ""LightGBM"", ""node_name"": ""LightGBM分类器"", ""node_params"": {""boosting_type"": ""gbdt"", ""n_estimators"": 10, ""learning_rate"": 0.1, ""sampling_rate"": 0.1, ""max_depth_check"": false, ""max_depth"": 3, ""num_leaves_check"": false, ""num_leaves"": 31}, ""matched"": true}, {""node_id"": ""2975"", ""widget_name"": ""Predictions"", ""node_name"": ""预测"", ""node_params"": {""output_attrs"": true, ""output_predictions"": true, ""output_probabilities"": true}, ""matched"": true}]}","{""dependency_requirements"": [{""edge_id"": ""2463"", ""source_node_id"": ""2970"", ""target_node_id"": ""2971""}, {""edge_id"": ""2464"", ""source_node_id"": ""2971"", ""target_node_id"": ""2972""}, {""edge_id"": ""2465"", ""source_node_id"": ""2972"", ""target_node_id"": ""2973""}, {""edge_id"": ""2469"", ""source_node_id"": ""2972"", ""target_node_id"": ""2975""}, {""edge_id"": ""2470"", ""source_node_id"": ""2973"", ""target_node_id"": ""2975""}], ""step_requirements"": [{""node_id"": ""2970"", ""algorithm_step_name"": ""Tabular Dataset Loading"", ""node_name"": ""鸢尾花示例数据"", ""node_params"": {""type"": ""sample"", ""filename"": ""iris.csv""}, ""contrast_level"": 2, ""node_type"": ""io""}, {""node_id"": ""2971"", ""algorithm_step_name"": ""Missing Value Handling"", ""node_name"": ""缺失值处理"", ""node_params"": {""method"": 1}, ""contrast_level"": 2, ""node_type"": ""preprocess""}, {""node_id"": ""2972"", ""algorithm_step_name"": ""Dataset Division"", ""node_name"": ""数据划分处理"", ""node_params"": {""sampling_type"": 0, ""percentage"": 10, ""n_samples"": 15, ""replacement"": false, ""n_folds"": 10, ""selected_folds"": 1, ""replicable"": false, ""stratified"": false}, ""contrast_level"": 2, ""node_type"": ""preprocess""}, {""node_id"": ""2973"", ""algorithm_step_name"": ""LightGBM"", ""node_name"": ""LightGBM分类器"", ""node_params"": {""boosting_type"": ""gbdt"", ""n_estimators"": 10, ""learning_rate"": 0.1, ""sampling_rate"": 0.1, ""max_depth_check"": false, ""max_depth"": 3, ""num_leaves_check"": false, ""num_leaves"": 31}, ""contrast_level"": 2, ""node_type"": ""model""}, {""node_id"": ""2975"", ""algorithm_step_name"": ""Test Dataset Predictions"", ""node_name"": ""预测"", ""node_params"": {}, ""contrast_level"": 1, ""node_type"": ""predict""}]}",1.0
帮我把缺失值处理步骤删除掉，并换一个更好的模型。,0.8333,9111,250,26.17391610145569,9.405054092407228,5.853814363479614,10.915047645568848,0,"{""edges"": [{""edge_id"": ""25856"", ""source_node_id"": ""2978"", ""target_node_id"": ""2980""}, {""edge_id"": ""25859"", ""source_node_id"": ""2976"", ""target_node_id"": ""2978""}, {""edge_id"": ""25860"", ""source_node_id"": ""2978"", ""target_node_id"": ""32492""}, {""edge_id"": ""25861"", ""source_node_id"": ""32492"", ""target_node_id"": ""2980""}], ""nodes"": [{""node_id"": ""2976"", ""widget_name"": ""File"", ""node_name"": ""鸢尾花示例数据"", ""node_params"": {""type"": ""sample"", ""filename"": ""iris.csv""}, ""matched"": true}, {""node_id"": ""2978"", ""widget_name"": ""Data Sampler"", ""node_name"": ""数据划分处理"", ""node_params"": {""sampling_type"": 0, ""percentage"": 10, ""n_samples"": 15, ""replacement"": false, ""n_folds"": 10, ""selected_folds"": 1, ""replicable"": false, ""stratified"": false}, ""matched"": true}, {""node_id"": ""2980"", ""widget_name"": ""Test & Score"", ""node_name"": ""模型评估"", ""node_params"": {}, ""matched"": true}, {""node_id"": ""32492"", ""widget_name"": ""Logistic Regression"", ""node_name"": ""逻辑回归分类器"", ""node_params"": {""C"": 1, ""penalty"": ""l2""}, ""matched"": false}]}","{""dependency_requirements"": [{""edge_id"": ""2474"", ""source_node_id"": ""2978"", ""target_node_id"": ""2980""}, {""edge_id"": ""2477"", ""source_node_id"": ""2976"", ""target_node_id"": ""2978""}, {""edge_id"": ""2478"", ""source_node_id"": ""2978"", ""target_node_id"": ""2981""}, {""edge_id"": ""2479"", ""source_node_id"": ""2981"", ""target_node_id"": ""2980""}], ""step_requirements"": [{""node_id"": ""2976"", ""algorithm_step_name"": ""Tabular Dataset Loading"", ""node_name"": ""鸢尾花示例数据"", ""node_params"": {""type"": ""sample"", ""filename"": ""iris.csv""}, ""contrast_level"": 2, ""node_type"": ""io""}, {""node_id"": ""2978"", ""algorithm_step_name"": ""Dataset Division"", ""node_name"": ""数据划分处理"", ""node_params"": {""sampling_type"": 0, ""percentage"": 10, ""n_samples"": 15, ""replacement"": false, ""n_folds"": 10, ""selected_folds"": 1, ""replicable"": false, ""stratified"": false}, ""contrast_level"": 2, ""node_type"": ""preprocess""}, {""node_id"": ""2980"", ""algorithm_step_name"": ""Model Evaluate"", ""node_name"": ""模型评估"", ""node_params"": {}, ""contrast_level"": 2, ""node_type"": ""evaluate""}, {""node_id"": ""2981"", ""algorithm_step_name"": ""XGBoost"", ""node_name"": ""XGBoost"", ""node_params"": {}, ""contrast_level"": 1, ""node_type"": ""model""}]}",0.75
我的数据集没有缺失值，所以请你帮我删除掉缺失值处理这一步，然后把数据抽样的比例改为7:3，最后帮我添加一个可视化混淆矩阵的步骤。,1.0,7278,289,25.59189224243164,11.145945072174072,3.966660022735596,10.479287147521973,0,"{""edges"": [{""edge_id"": ""25864"", ""source_node_id"": ""3047"", ""target_node_id"": ""3048""}, {""edge_id"": ""25865"", ""source_node_id"": ""3047"", ""target_node_id"": ""3049""}, {""edge_id"": ""25867"", ""source_node_id"": ""3048"", ""target_node_id"": ""3049""}, {""edge_id"": ""25868"", ""source_node_id"": ""3045"", ""target_node_id"": ""3047""}, {""edge_id"": ""25869"", ""source_node_id"": ""3049"", ""target_node_id"": ""3050""}], ""nodes"": [{""node_id"": ""3045"", ""widget_name"": ""File"", ""node_name"": ""数据"", ""node_params"": {""type"": ""sample"", ""filename"": ""iris.csv""}, ""matched"": true}, {""node_id"": ""3047"", ""widget_name"": ""Data Sampler"", ""node_name"": ""数据采样"", ""node_params"": {""sampling_type"": 0, ""percentage"": 30, ""n_samples"": 15, ""replacement"": false, ""n_folds"": 10, ""selected_folds"": 1, ""replicable"": false, ""stratified"": false}, ""matched"": true}, {""node_id"": ""3048"", ""widget_name"": ""LightGBM"", ""node_name"": ""LightGBM"", ""node_params"": {""boosting_type"": ""gbdt"", ""n_estimators"": 10, ""learning_rate"": 0.1, ""sampling_rate"": 0.1, ""max_depth_check"": false, ""max_depth"": 3, ""num_leaves_check"": false, ""num_leaves"": 31}, ""matched"": true}, {""node_id"": ""3049"", ""widget_name"": ""Test & Score"", ""node_name"": ""测试得分"", ""node_params"": {}, ""matched"": true}, {""node_id"": ""3050"", ""widget_name"": ""Confusion Matrix"", ""node_name"": ""混淆矩阵"", ""node_params"": {}, ""matched"": true}]}","{""dependency_requirements"": [{""edge_id"": ""2556"", ""source_node_id"": ""3047"", ""target_node_id"": ""3048""}, {""edge_id"": ""2557"", ""source_node_id"": ""3047"", ""target_node_id"": ""3049""}, {""edge_id"": ""2559"", ""source_node_id"": ""3048"", ""target_node_id"": ""3049""}, {""edge_id"": ""2560"", ""source_node_id"": ""3045"", ""target_node_id"": ""3047""}, {""edge_id"": ""2561"", ""source_node_id"": ""3049"", ""target_node_id"": ""3050""}], ""step_requirements"": [{""node_id"": ""3045"", ""algorithm_step_name"": ""Tabular Dataset Loading"", ""node_name"": ""数据"", ""node_params"": {""type"": ""sample"", ""filename"": ""iris.csv""}, ""contrast_level"": 2, ""node_type"": ""io""}, {""node_id"": ""3047"", ""algorithm_step_name"": ""Dataset Division"", ""node_name"": ""数据采样"", ""node_params"": {""sampling_type"": 0, ""percentage"": 30, ""n_samples"": 15, ""replacement"": false, ""n_folds"": 10, ""selected_folds"": 1, ""replicable"": false, ""stratified"": false}, ""contrast_level"": 2, ""node_type"": ""preprocess""}, {""node_id"": ""3048"", ""algorithm_step_name"": ""LightGBM"", ""node_name"": ""LightGBM"", ""node_params"": {""boosting_type"": ""gbdt"", ""n_estimators"": 10, ""learning_rate"": 0.1, ""sampling_rate"": 0.1, ""max_depth_check"": false, ""max_depth"": 3, ""num_leaves_check"": false, ""num_leaves"": 31}, ""contrast_level"": 2, ""node_type"": ""model""}, {""node_id"": ""3049"", ""algorithm_step_name"": ""Model Evaluate"", ""node_name"": ""测试得分"", ""node_params"": {}, ""contrast_level"": 2, ""node_type"": ""evaluate""}, {""node_id"": ""3050"", ""algorithm_step_name"": ""Confusion Matrix"", ""node_name"": ""混淆矩阵"", ""node_params"": {}, ""contrast_level"": 2, ""node_type"": ""visualize""}]}",1.0
帮我把加载的数据集换成房价示例数据集。然后，把KNN模型给我换成XGBoost模型。,0.8333,6871,230,31.43474793434143,9.685375213623049,3.6772444248199454,18.07212829589844,0,"{""edges"": [{""edge_id"": ""25870"", ""source_node_id"": ""3051"", ""target_node_id"": ""3052""}, {""edge_id"": ""25872"", ""source_node_id"": ""3052"", ""target_node_id"": ""3054""}, {""edge_id"": ""25875"", ""source_node_id"": ""3052"", ""target_node_id"": ""32503""}, {""edge_id"": ""25876"", ""source_node_id"": ""32503"", ""target_node_id"": ""3054""}], ""nodes"": [{""node_id"": ""3051"", ""widget_name"": ""File"", ""node_name"": ""数据"", ""node_params"": {""type"": ""sample"", ""filename"": ""housing.csv""}, ""matched"": true}, {""node_id"": ""3052"", ""widget_name"": ""Data Sampler"", ""node_name"": ""数据采样"", ""node_params"": {""sampling_type"": 0, ""percentage"": 10, ""n_samples"": 15, ""replacement"": false, ""n_folds"": 10, ""selected_folds"": 1, ""replicable"": false, ""stratified"": false}, ""matched"": true}, {""node_id"": ""3054"", ""widget_name"": ""Test & Score"", ""node_name"": ""测试得分"", ""node_params"": {}, ""matched"": true}, {""node_id"": ""32503"", ""widget_name"": ""Linear Regression"", ""node_name"": ""线性回归"", ""node_params"": {""regression_type"": ""0""}, ""matched"": false}]}","{""dependency_requirements"": [{""edge_id"": ""2562"", ""source_node_id"": ""3051"", ""target_node_id"": ""3052""}, {""edge_id"": ""2564"", ""source_node_id"": ""3052"", ""target_node_id"": ""3054""}, {""edge_id"": ""2567"", ""source_node_id"": ""3052"", ""target_node_id"": ""3055""}, {""edge_id"": ""2568"", ""source_node_id"": ""3055"", ""target_node_id"": ""3054""}], ""step_requirements"": [{""node_id"": ""3051"", ""algorithm_step_name"": ""Tabular Dataset Loading"", ""node_name"": ""数据"", ""node_params"": {""type"": ""sample"", ""filename"": ""housing.csv""}, ""contrast_level"": 2, ""node_type"": ""io""}, {""node_id"": ""3052"", ""algorithm_step_name"": ""Dataset Division"", ""node_name"": ""数据采样"", ""node_params"": {""sampling_type"": 0, ""percentage"": 10, ""n_samples"": 15, ""replacement"": false, ""n_folds"": 10, ""selected_folds"": 1, ""replicable"": false, ""stratified"": false}, ""contrast_level"": 2, ""node_type"": ""preprocess""}, {""node_id"": ""3054"", ""algorithm_step_name"": ""Model Evaluate"", ""node_name"": ""测试得分"", ""node_params"": {}, ""contrast_level"": 2, ""node_type"": ""evaluate""}, {""node_id"": ""3055"", ""algorithm_step_name"": ""XGBoost"", ""node_name"": ""XGBoost"", ""node_params"": {}, ""contrast_level"": 1, ""node_type"": ""model""}]}",0.75
帮我把连续化处理换成特征选择，KNN的邻节点个数改为7。,0.6667,11958,345,29.369378566741943,8.488041639328003,2.1507997512817383,18.7305371761322,0,"{""edges"": [{""edge_id"": ""25879"", ""source_node_id"": ""3067"", ""target_node_id"": ""32507""}, {""edge_id"": ""25880"", ""source_node_id"": ""3067"", ""target_node_id"": ""3069""}, {""edge_id"": ""25882"", ""source_node_id"": ""32507"", ""target_node_id"": ""3069""}], ""nodes"": [{""node_id"": ""3065"", ""widget_name"": ""File"", ""node_name"": ""数据"", ""node_params"": {""type"": ""sample"", ""filename"": ""iris.csv""}, ""matched"": true}, {""node_id"": ""3067"", ""widget_name"": ""Data Sampler"", ""node_name"": ""数据采样"", ""node_params"": {""sampling_type"": 0, ""percentage"": 10, ""n_samples"": 15, ""replacement"": false, ""n_folds"": 10, ""selected_folds"": 1, ""replicable"": false, ""stratified"": false}, ""matched"": true}, {""node_id"": ""32507"", ""widget_name"": ""KNN"", ""node_name"": ""KNN"", ""node_params"": {""n_neighbors"": 5, ""metric"": ""euclidean"", ""weights"": ""uniform""}, ""matched"": false}, {""node_id"": ""3069"", ""widget_name"": ""Test & Score"", ""node_name"": ""测试得分"", ""node_params"": {}, ""matched"": true}, {""node_id"": ""32509"", ""widget_name"": ""Select Columns"", ""node_name"": ""特征选择"", ""node_params"": {""ignores"": [], ""features"": [], ""targets"": """"}, ""matched"": false}]}","{""dependency_requirements"": [{""edge_id"": ""2576"", ""source_node_id"": ""3067"", ""target_node_id"": ""3068""}, {""edge_id"": ""2577"", ""source_node_id"": ""3067"", ""target_node_id"": ""3069""}, {""edge_id"": ""2579"", ""source_node_id"": ""3068"", ""target_node_id"": ""3069""}, {""edge_id"": ""2580"", ""source_node_id"": ""3065"", ""target_node_id"": ""3070""}, {""edge_id"": ""2581"", ""source_node_id"": ""3070"", ""target_node_id"": ""3067""}], ""step_requirements"": [{""node_id"": ""3065"", ""algorithm_step_name"": ""Tabular Dataset Loading"", ""node_name"": ""数据"", ""node_params"": {""type"": ""sample"", ""filename"": ""iris.csv""}, ""contrast_level"": 2, ""node_type"": ""io""}, {""node_id"": ""3067"", ""algorithm_step_name"": ""Dataset Division"", ""node_name"": ""数据采样"", ""node_params"": {""sampling_type"": 0, ""percentage"": 10, ""n_samples"": 15, ""replacement"": false, ""n_folds"": 10, ""selected_folds"": 1, ""replicable"": false, ""stratified"": false}, ""contrast_level"": 2, ""node_type"": ""preprocess""}, {""node_id"": ""3068"", ""algorithm_step_name"": ""KNN"", ""node_name"": ""KNN"", ""node_params"": {""n_neighbors"": 7, ""metric"": ""euclidean"", ""weights"": ""uniform""}, ""contrast_level"": 2, ""node_type"": ""model""}, {""node_id"": ""3069"", ""algorithm_step_name"": ""Model Evaluate"", ""node_name"": ""测试得分"", ""node_params"": {}, ""contrast_level"": 2, ""node_type"": ""evaluate""}, {""node_id"": ""3070"", ""algorithm_step_name"": ""Feature Selection"", ""node_name"": ""特征选择"", ""node_params"": {}, ""contrast_level"": 1, ""node_type"": ""feature engineering""}]}",0.4
帮我把加载的鸢尾花示例数据修改为加载房价示例数据集。,1.0,2951,124,19.0830135345459,6.497922420501709,0.0,12.58509111404419,0,"{""edges"": [{""edge_id"": ""25883"", ""source_node_id"": ""2895"", ""target_node_id"": ""2896""}], ""nodes"": [{""node_id"": ""2895"", ""widget_name"": ""File"", ""node_name"": ""鸢尾花示例数据"", ""node_params"": {""type"": ""sample"", ""filename"": ""housing.csv""}, ""matched"": true}, {""node_id"": ""2896"", ""widget_name"": ""LightGBM"", ""node_name"": ""LightGBM分类器"", ""node_params"": {""boosting_type"": ""gbdt"", ""n_estimators"": 10, ""learning_rate"": 0.1, ""sampling_rate"": 0.1, ""max_depth_check"": false, ""max_depth"": 3, ""num_leaves_check"": false, ""num_leaves"": 31}, ""matched"": true}]}","{""dependency_requirements"": [{""edge_id"": ""2376"", ""source_node_id"": ""2895"", ""target_node_id"": ""2896""}], ""step_requirements"": [{""node_id"": ""2895"", ""algorithm_step_name"": ""Tabular Dataset Loading"", ""node_name"": ""鸢尾花示例数据"", ""node_params"": {""type"": ""sample"", ""filename"": ""housing.csv""}, ""contrast_level"": 2, ""node_type"": ""io""}, {""node_id"": ""2896"", ""algorithm_step_name"": ""LightGBM"", ""node_name"": ""LightGBM分类器"", ""node_params"": {""boosting_type"": ""gbdt"", ""n_estimators"": 10, ""learning_rate"": 0.1, ""sampling_rate"": 0.1, ""max_depth_check"": false, ""max_depth"": 3, ""num_leaves_check"": false, ""num_leaves"": 31}, ""contrast_level"": 2, ""node_type"": ""model""}]}",1.0
帮我把LightGBM模型的学习器类型重新设置为rf，学习率修改为0.01。,1.0,4286,181,16.69476890563965,9.120557069778442,3.6787171363830566,3.895494699478149,0,"{""edges"": [{""edge_id"": ""25884"", ""source_node_id"": ""2895"", ""target_node_id"": ""2896""}], ""nodes"": [{""node_id"": ""2895"", ""widget_name"": ""File"", ""node_name"": ""鸢尾花示例数据"", ""node_params"": {""type"": ""sample"", ""filename"": ""iris.csv""}, ""matched"": true}, {""node_id"": ""2896"", ""widget_name"": ""LightGBM"", ""node_name"": ""LightGBM分类器"", ""node_params"": {""boosting_type"": ""rf"", ""n_estimators"": 10, ""learning_rate"": 0.01, ""sampling_rate"": 0.1, ""max_depth_check"": false, ""max_depth"": 3, ""num_leaves_check"": false, ""num_leaves"": 31}, ""matched"": true}]}","{""dependency_requirements"": [{""edge_id"": ""2376"", ""source_node_id"": ""2895"", ""target_node_id"": ""2896""}], ""step_requirements"": [{""node_id"": ""2895"", ""algorithm_step_name"": ""Tabular Dataset Loading"", ""node_name"": ""鸢尾花示例数据"", ""node_params"": {""type"": ""sample"", ""filename"": ""iris.csv""}, ""contrast_level"": 2, ""node_type"": ""io""}, {""node_id"": ""2896"", ""algorithm_step_name"": ""LightGBM"", ""node_name"": ""LightGBM分类器"", ""node_params"": {""boosting_type"": ""rf"", ""n_estimators"": 10, ""learning_rate"": 0.01, ""sampling_rate"": 0.1, ""max_depth_check"": false, ""max_depth"": 3, ""num_leaves_check"": false, ""num_leaves"": 31}, ""contrast_level"": 2, ""node_type"": ""model""}]}",1.0
帮我添加一个缺失值处理步骤，以便对鸢尾花数据进行缺失值处理,1.0,4414,240,19.13156652450561,7.510251045227051,2.140108346939087,9.481207132339478,0,"{""edges"": [{""edge_id"": ""25885"", ""source_node_id"": ""5159"", ""target_node_id"": ""5158""}, {""edge_id"": ""25886"", ""source_node_id"": ""5157"", ""target_node_id"": ""5159""}], ""nodes"": [{""node_id"": ""5157"", ""widget_name"": ""File"", ""node_name"": ""鸢尾花示例数据"", ""node_params"": {""type"": ""sample"", ""filename"": ""iris.csv""}, ""matched"": true}, {""node_id"": ""5158"", ""widget_name"": ""LightGBM"", ""node_name"": ""LightGBM分类器"", ""node_params"": {""boosting_type"": ""gbdt"", ""n_estimators"": 10, ""learning_rate"": 0.1, ""sampling_rate"": 0.1, ""max_depth_check"": false, ""max_depth"": 3, ""num_leaves_check"": false, ""num_leaves"": 31}, ""matched"": true}, {""node_id"": ""5159"", ""widget_name"": ""Impute"", ""node_name"": ""缺失值处理"", ""node_params"": {""method"": 2}, ""matched"": true}]}","{""dependency_requirements"": [{""edge_id"": ""4027"", ""source_node_id"": ""5159"", ""target_node_id"": ""5158""}, {""edge_id"": ""4028"", ""source_node_id"": ""5157"", ""target_node_id"": ""5159""}], ""step_requirements"": [{""node_id"": ""5157"", ""algorithm_step_name"": ""Tabular Dataset Loading"", ""node_name"": ""鸢尾花示例数据"", ""node_params"": {""type"": ""sample"", ""filename"": ""iris.csv""}, ""contrast_level"": 2, ""node_type"": ""io""}, {""node_id"": ""5158"", ""algorithm_step_name"": ""LightGBM"", ""node_name"": ""LightGBM分类器"", ""node_params"": {""boosting_type"": ""gbdt"", ""n_estimators"": 10, ""learning_rate"": 0.1, ""sampling_rate"": 0.1, ""max_depth_check"": false, ""max_depth"": 3, ""num_leaves_check"": false, ""num_leaves"": 31}, ""contrast_level"": 2, ""node_type"": ""model""}, {""node_id"": ""5159"", ""algorithm_step_name"": ""Missing Value Handling"", ""node_name"": ""Impute"", ""node_params"": {}, ""contrast_level"": 1, ""node_type"": ""preprocess""}]}",1.0
帮我在模型训练之前添加一个数据划分步骤，以便将处理后的数据进行拆分。,1.0,5217,192,16.80330991744995,6.965222120285034,2.2594358921051025,7.5786519050598145,0,"{""edges"": [{""edge_id"": ""25887"", ""source_node_id"": ""5160"", ""target_node_id"": ""5161""}, {""edge_id"": ""25888"", ""source_node_id"": ""5163"", ""target_node_id"": ""5162""}, {""edge_id"": ""25889"", ""source_node_id"": ""5161"", ""target_node_id"": ""5163""}], ""nodes"": [{""node_id"": ""5160"", ""widget_name"": ""File"", ""node_name"": ""鸢尾花示例数据"", ""node_params"": {""type"": ""sample"", ""filename"": ""iris.csv""}, ""matched"": true}, {""node_id"": ""5161"", ""widget_name"": ""Impute"", ""node_name"": ""缺失值填充"", ""node_params"": {""method"": 1}, ""matched"": true}, {""node_id"": ""5162"", ""widget_name"": ""LightGBM"", ""node_name"": ""LightGBM分类器"", ""node_params"": {""boosting_type"": ""gbdt"", ""n_estimators"": 10, ""learning_rate"": 0.1, ""sampling_rate"": 0.1, ""max_depth_check"": false, ""max_depth"": 3, ""num_leaves_check"": false, ""num_leaves"": 31}, ""matched"": true}, {""node_id"": ""5163"", ""widget_name"": ""Data Sampler"", ""node_name"": ""数据划分"", ""node_params"": {""sampling_type"": 0, ""percentage"": 10, ""n_samples"": 15, ""replacement"": false, ""n_folds"": 10, ""selected_folds"": 1, ""replicable"": false, ""stratified"": false}, ""matched"": true}]}","{""dependency_requirements"": [{""edge_id"": ""4029"", ""source_node_id"": ""5160"", ""target_node_id"": ""5161""}, {""edge_id"": ""4030"", ""source_node_id"": ""5163"", ""target_node_id"": ""5162""}, {""edge_id"": ""4031"", ""source_node_id"": ""5161"", ""target_node_id"": ""5163""}], ""step_requirements"": [{""node_id"": ""5160"", ""algorithm_step_name"": ""Tabular Dataset Loading"", ""node_name"": ""鸢尾花示例数据"", ""node_params"": {""type"": ""sample"", ""filename"": ""iris.csv""}, ""contrast_level"": 2, ""node_type"": ""io""}, {""node_id"": ""5161"", ""algorithm_step_name"": ""Missing Value Handling"", ""node_name"": ""缺失值填充"", ""node_params"": {""method"": 1}, ""contrast_level"": 2, ""node_type"": ""preprocess""}, {""node_id"": ""5162"", ""algorithm_step_name"": ""LightGBM"", ""node_name"": ""LightGBM分类器"", ""node_params"": {""boosting_type"": ""gbdt"", ""n_estimators"": 10, ""learning_rate"": 0.1, ""sampling_rate"": 0.1, ""max_depth_check"": false, ""max_depth"": 3, ""num_leaves_check"": false, ""num_leaves"": 31}, ""contrast_level"": 2, ""node_type"": ""model""}, {""node_id"": ""5163"", ""algorithm_step_name"": ""Dataset Division"", ""node_name"": ""Data Sampler"", ""node_params"": {}, ""contrast_level"": 1, ""node_type"": ""preprocess""}]}",1.0
我需要将数据划分的比例设置为8:2,1.0,4758,113,11.32723093032837,5.851444244384766,2.106750249862671,3.3690364360809326,0,"{""edges"": [{""edge_id"": ""25890"", ""source_node_id"": ""5164"", ""target_node_id"": ""5165""}, {""edge_id"": ""25891"", ""source_node_id"": ""5165"", ""target_node_id"": ""5166""}, {""edge_id"": ""25892"", ""source_node_id"": ""5166"", ""target_node_id"": ""5167""}], ""nodes"": [{""node_id"": ""5164"", ""widget_name"": ""File"", ""node_name"": ""鸢尾花示例数据"", ""node_params"": {""type"": ""sample"", ""filename"": ""iris.csv""}, ""matched"": true}, {""node_id"": ""5165"", ""widget_name"": ""Impute"", ""node_name"": ""缺失值填充"", ""node_params"": {""method"": 1}, ""matched"": true}, {""node_id"": ""5166"", ""widget_name"": ""Data Sampler"", ""node_name"": ""数据采样"", ""node_params"": {""sampling_type"": 0, ""percentage"": 20, ""n_samples"": 15, ""replacement"": false, ""n_folds"": 10, ""selected_folds"": 1, ""replicable"": false, ""stratified"": false}, ""matched"": true}, {""node_id"": ""5167"", ""widget_name"": ""LightGBM"", ""node_name"": ""LightGBM分类器"", ""node_params"": {""boosting_type"": ""gbdt"", ""n_estimators"": 10, ""learning_rate"": 0.1, ""sampling_rate"": 0.1, ""max_depth_check"": false, ""max_depth"": 3, ""num_leaves_check"": false, ""num_leaves"": 31}, ""matched"": true}]}","{""dependency_requirements"": [{""edge_id"": ""4032"", ""source_node_id"": ""5164"", ""target_node_id"": ""5165""}, {""edge_id"": ""4033"", ""source_node_id"": ""5165"", ""target_node_id"": ""5166""}, {""edge_id"": ""4034"", ""source_node_id"": ""5166"", ""target_node_id"": ""5167""}], ""step_requirements"": [{""node_id"": ""5164"", ""algorithm_step_name"": ""Tabular Dataset Loading"", ""node_name"": ""鸢尾花示例数据"", ""node_params"": {""type"": ""sample"", ""filename"": ""iris.csv""}, ""contrast_level"": 2, ""node_type"": ""io""}, {""node_id"": ""5165"", ""algorithm_step_name"": ""Missing Value Handling"", ""node_name"": ""缺失值填充"", ""node_params"": {""method"": 1}, ""contrast_level"": 2, ""node_type"": ""preprocess""}, {""node_id"": ""5166"", ""algorithm_step_name"": ""Dataset Division"", ""node_name"": ""数据采样"", ""node_params"": {""sampling_type"": 0, ""percentage"": 20, ""n_samples"": 15, ""replacement"": false, ""n_folds"": 10, ""selected_folds"": 1, ""replicable"": false, ""stratified"": false}, ""contrast_level"": 2, ""node_type"": ""preprocess""}, {""node_id"": ""5167"", ""algorithm_step_name"": ""LightGBM"", ""node_name"": ""LightGBM分类器"", ""node_params"": {""boosting_type"": ""gbdt"", ""n_estimators"": 10, ""learning_rate"": 0.1, ""sampling_rate"": 0.1, ""max_depth_check"": false, ""max_depth"": 3, ""num_leaves_check"": false, ""num_leaves"": 31}, ""contrast_level"": 2, ""node_type"": ""model""}]}",1.0
帮我添加一个模型评估步骤,1.0,2832,168,11.953498363494871,7.823157548904419,0.0080006122589111,4.122340202331543,0,"{""edges"": [{""edge_id"": ""25893"", ""source_node_id"": ""2899"", ""target_node_id"": ""2900""}, {""edge_id"": ""25894"", ""source_node_id"": ""2900"", ""target_node_id"": ""2901""}, {""edge_id"": ""25895"", ""source_node_id"": ""2901"", ""target_node_id"": ""2902""}, {""edge_id"": ""25896"", ""source_node_id"": ""2901"", ""target_node_id"": ""2903""}, {""edge_id"": ""25898"", ""source_node_id"": ""2902"", ""target_node_id"": ""2903""}], ""nodes"": [{""node_id"": ""2899"", ""widget_name"": ""File"", ""node_name"": ""鸢尾花示例数据"", ""node_params"": {""type"": ""sample"", ""filename"": ""iris.csv""}, ""matched"": true}, {""node_id"": ""2900"", ""widget_name"": ""Impute"", ""node_name"": ""缺失值处理"", ""node_params"": {""method"": 1}, ""matched"": true}, {""node_id"": ""2901"", ""widget_name"": ""Data Sampler"", ""node_name"": ""数据划分处理"", ""node_params"": {""sampling_type"": 0, ""percentage"": 10, ""n_samples"": 15, ""replacement"": false, ""n_folds"": 10, ""selected_folds"": 1, ""replicable"": false, ""stratified"": false}, ""matched"": true}, {""node_id"": ""2902"", ""widget_name"": ""LightGBM"", ""node_name"": ""LightGBM分类器"", ""node_params"": {""boosting_type"": ""gbdt"", ""n_estimators"": 10, ""learning_rate"": 0.1, ""sampling_rate"": 0.1, ""max_depth_check"": false, ""max_depth"": 3, ""num_leaves_check"": false, ""num_leaves"": 31}, ""matched"": true}, {""node_id"": ""2903"", ""widget_name"": ""Test & Score"", ""node_name"": ""测试评分"", ""node_params"": {}, ""matched"": true}]}","{""dependency_requirements"": [{""edge_id"": ""2379"", ""source_node_id"": ""2899"", ""target_node_id"": ""2900""}, {""edge_id"": ""2380"", ""source_node_id"": ""2900"", ""target_node_id"": ""2901""}, {""edge_id"": ""2381"", ""source_node_id"": ""2901"", ""target_node_id"": ""2902""}, {""edge_id"": ""2382"", ""source_node_id"": ""2901"", ""target_node_id"": ""2903""}, {""edge_id"": ""2384"", ""source_node_id"": ""2902"", ""target_node_id"": ""2903""}], ""step_requirements"": [{""node_id"": ""2899"", ""algorithm_step_name"": ""Tabular Dataset Loading"", ""node_name"": ""鸢尾花示例数据"", ""node_params"": {""type"": ""sample"", ""filename"": ""iris.csv""}, ""contrast_level"": 2, ""node_type"": ""io""}, {""node_id"": ""2900"", ""algorithm_step_name"": ""Missing Value Handling"", ""node_name"": ""缺失值处理"", ""node_params"": {""method"": 1}, ""contrast_level"": 2, ""node_type"": ""preprocess""}, {""node_id"": ""2901"", ""algorithm_step_name"": ""Dataset Division"", ""node_name"": ""数据划分处理"", ""node_params"": {""sampling_type"": 0, ""percentage"": 10, ""n_samples"": 15, ""replacement"": false, ""n_folds"": 10, ""selected_folds"": 1, ""replicable"": false, ""stratified"": false}, ""contrast_level"": 2, ""node_type"": ""preprocess""}, {""node_id"": ""2902"", ""algorithm_step_name"": ""LightGBM"", ""node_name"": ""LightGBM分类器"", ""node_params"": {""boosting_type"": ""gbdt"", ""n_estimators"": 10, ""learning_rate"": 0.1, ""sampling_rate"": 0.1, ""max_depth_check"": false, ""max_depth"": 3, ""num_leaves_check"": false, ""num_leaves"": 31}, ""contrast_level"": 2, ""node_type"": ""model""}, {""node_id"": ""2903"", ""algorithm_step_name"": ""Model Evaluate"", ""node_name"": ""模型评估"", ""node_params"": {}, ""contrast_level"": 1, ""node_type"": ""evaluate""}]}",1.0
数据集中没有缺失值，所以帮我把缺失值这个步骤删除掉。,1.0,4960,136,13.084558486938477,5.93468165397644,2.0639538764953613,5.085922956466675,0,"{""edges"": [{""edge_id"": ""25901"", ""source_node_id"": ""2906"", ""target_node_id"": ""2907""}, {""edge_id"": ""25902"", ""source_node_id"": ""2906"", ""target_node_id"": ""2908""}, {""edge_id"": ""25904"", ""source_node_id"": ""2907"", ""target_node_id"": ""2908""}, {""edge_id"": ""25905"", ""source_node_id"": ""2904"", ""target_node_id"": ""2906""}], ""nodes"": [{""node_id"": ""2904"", ""widget_name"": ""File"", ""node_name"": ""鸢尾花示例数据"", ""node_params"": {""type"": ""sample"", ""filename"": ""iris.csv""}, ""matched"": true}, {""node_id"": ""2906"", ""widget_name"": ""Data Sampler"", ""node_name"": ""数据划分处理"", ""node_params"": {""sampling_type"": 0, ""percentage"": 10, ""n_samples"": 15, ""replacement"": false, ""n_folds"": 10, ""selected_folds"": 1, ""replicable"": false, ""stratified"": false}, ""matched"": true}, {""node_id"": ""2907"", ""widget_name"": ""LightGBM"", ""node_name"": ""LightGBM分类器"", ""node_params"": {""boosting_type"": ""gbdt"", ""n_estimators"": 10, ""learning_rate"": 0.1, ""sampling_rate"": 0.1, ""max_depth_check"": false, ""max_depth"": 3, ""num_leaves_check"": false, ""num_leaves"": 31}, ""matched"": true}, {""node_id"": ""2908"", ""widget_name"": ""Test & Score"", ""node_name"": ""模型评估"", ""node_params"": {}, ""matched"": true}]}","{""dependency_requirements"": [{""edge_id"": ""2387"", ""source_node_id"": ""2906"", ""target_node_id"": ""2907""}, {""edge_id"": ""2388"", ""source_node_id"": ""2906"", ""target_node_id"": ""2908""}, {""edge_id"": ""2390"", ""source_node_id"": ""2907"", ""target_node_id"": ""2908""}, {""edge_id"": ""2391"", ""source_node_id"": ""2904"", ""target_node_id"": ""2906""}], ""step_requirements"": [{""node_id"": ""2904"", ""algorithm_step_name"": ""Tabular Dataset Loading"", ""node_name"": ""鸢尾花示例数据"", ""node_params"": {""type"": ""sample"", ""filename"": ""iris.csv""}, ""contrast_level"": 2, ""node_type"": ""io""}, {""node_id"": ""2906"", ""algorithm_step_name"": ""Dataset Division"", ""node_name"": ""数据划分处理"", ""node_params"": {""sampling_type"": 0, ""percentage"": 10, ""n_samples"": 15, ""replacement"": false, ""n_folds"": 10, ""selected_folds"": 1, ""replicable"": false, ""stratified"": false}, ""contrast_level"": 2, ""node_type"": ""preprocess""}, {""node_id"": ""2907"", ""algorithm_step_name"": ""LightGBM"", ""node_name"": ""LightGBM分类器"", ""node_params"": {""boosting_type"": ""gbdt"", ""n_estimators"": 10, ""learning_rate"": 0.1, ""sampling_rate"": 0.1, ""max_depth_check"": false, ""max_depth"": 3, ""num_leaves_check"": false, ""num_leaves"": 31}, ""contrast_level"": 2, ""node_type"": ""model""}, {""node_id"": ""2908"", ""algorithm_step_name"": ""Model Evaluate"", ""node_name"": ""模型评估"", ""node_params"": {}, ""contrast_level"": 2, ""node_type"": ""evaluate""}]}",1.0
删除工作流中的KNN模型。,1.0,4710,122,13.789192914962769,6.298322916030884,3.662303686141968,3.828566312789917,0,"{""edges"": [{""edge_id"": ""25906"", ""source_node_id"": ""2914"", ""target_node_id"": ""2915""}, {""edge_id"": ""25907"", ""source_node_id"": ""2915"", ""target_node_id"": ""2916""}, {""edge_id"": ""25909"", ""source_node_id"": ""2915"", ""target_node_id"": ""2918""}, {""edge_id"": ""25911"", ""source_node_id"": ""2916"", ""target_node_id"": ""2918""}], ""nodes"": [{""node_id"": ""2914"", ""widget_name"": ""File"", ""node_name"": ""鸢尾花示例数据"", ""node_params"": {""type"": ""sample"", ""filename"": ""iris.csv""}, ""matched"": true}, {""node_id"": ""2915"", ""widget_name"": ""Data Sampler"", ""node_name"": ""数据划分处理"", ""node_params"": {""sampling_type"": 0, ""percentage"": 10, ""n_samples"": 15, ""replacement"": false, ""n_folds"": 10, ""selected_folds"": 1, ""replicable"": false, ""stratified"": false}, ""matched"": true}, {""node_id"": ""2916"", ""widget_name"": ""LightGBM"", ""node_name"": ""LightGBM分类器"", ""node_params"": {""boosting_type"": ""gbdt"", ""n_estimators"": 10, ""learning_rate"": 0.1, ""sampling_rate"": 0.1, ""max_depth_check"": false, ""max_depth"": 3, ""num_leaves_check"": false, ""num_leaves"": 31}, ""matched"": true}, {""node_id"": ""2918"", ""widget_name"": ""Test & Score"", ""node_name"": ""模型评估"", ""node_params"": {}, ""matched"": true}]}","{""dependency_requirements"": [{""edge_id"": ""2399"", ""source_node_id"": ""2914"", ""target_node_id"": ""2915""}, {""edge_id"": ""2400"", ""source_node_id"": ""2915"", ""target_node_id"": ""2916""}, {""edge_id"": ""2402"", ""source_node_id"": ""2915"", ""target_node_id"": ""2918""}, {""edge_id"": ""2404"", ""source_node_id"": ""2916"", ""target_node_id"": ""2918""}], ""step_requirements"": [{""node_id"": ""2914"", ""algorithm_step_name"": ""Tabular Dataset Loading"", ""node_name"": ""鸢尾花示例数据"", ""node_params"": {""type"": ""sample"", ""filename"": ""iris.csv""}, ""contrast_level"": 2, ""node_type"": ""io""}, {""node_id"": ""2915"", ""algorithm_step_name"": ""Dataset Division"", ""node_name"": ""数据划分处理"", ""node_params"": {""sampling_type"": 0, ""percentage"": 10, ""n_samples"": 15, ""replacement"": false, ""n_folds"": 10, ""selected_folds"": 1, ""replicable"": false, ""stratified"": false}, ""contrast_level"": 2, ""node_type"": ""preprocess""}, {""node_id"": ""2916"", ""algorithm_step_name"": ""LightGBM"", ""node_name"": ""LightGBM分类器"", ""node_params"": {""boosting_type"": ""gbdt"", ""n_estimators"": 10, ""learning_rate"": 0.1, ""sampling_rate"": 0.1, ""max_depth_check"": false, ""max_depth"": 3, ""num_leaves_check"": false, ""num_leaves"": 31}, ""contrast_level"": 2, ""node_type"": ""model""}, {""node_id"": ""2918"", ""algorithm_step_name"": ""Model Evaluate"", ""node_name"": ""模型评估"", ""node_params"": {}, ""contrast_level"": 2, ""node_type"": ""evaluate""}]}",1.0
帮我把工作流中的缺失值处理步骤和多余的KNN模型都删除掉,1.0,8583,207,23.22891545295716,8.462678909301758,5.8040771484375,8.962159395217896,0,"{""edges"": [{""edge_id"": ""25916"", ""source_node_id"": ""2921"", ""target_node_id"": ""2922""}, {""edge_id"": ""25918"", ""source_node_id"": ""2921"", ""target_node_id"": ""2924""}, {""edge_id"": ""25920"", ""source_node_id"": ""2922"", ""target_node_id"": ""2924""}, {""edge_id"": ""25922"", ""source_node_id"": ""2919"", ""target_node_id"": ""2921""}], ""nodes"": [{""node_id"": ""2919"", ""widget_name"": ""File"", ""node_name"": ""鸢尾花示例数据"", ""node_params"": {""type"": ""sample"", ""filename"": ""iris.csv""}, ""matched"": true}, {""node_id"": ""2921"", ""widget_name"": ""Data Sampler"", ""node_name"": ""数据划分处理"", ""node_params"": {""sampling_type"": 0, ""percentage"": 10, ""n_samples"": 15, ""replacement"": false, ""n_folds"": 10, ""selected_folds"": 1, ""replicable"": false, ""stratified"": false}, ""matched"": true}, {""node_id"": ""2922"", ""widget_name"": ""LightGBM"", ""node_name"": ""LightGBM分类器"", ""node_params"": {""boosting_type"": ""gbdt"", ""n_estimators"": 10, ""learning_rate"": 0.1, ""sampling_rate"": 0.1, ""max_depth_check"": false, ""max_depth"": 3, ""num_leaves_check"": false, ""num_leaves"": 31}, ""matched"": true}, {""node_id"": ""2924"", ""widget_name"": ""Test & Score"", ""node_name"": ""模型评估"", ""node_params"": {}, ""matched"": true}]}","{""dependency_requirements"": [{""edge_id"": ""2408"", ""source_node_id"": ""2921"", ""target_node_id"": ""2922""}, {""edge_id"": ""2410"", ""source_node_id"": ""2921"", ""target_node_id"": ""2924""}, {""edge_id"": ""2412"", ""source_node_id"": ""2922"", ""target_node_id"": ""2924""}, {""edge_id"": ""2414"", ""source_node_id"": ""2919"", ""target_node_id"": ""2921""}], ""step_requirements"": [{""node_id"": ""2919"", ""algorithm_step_name"": ""Tabular Dataset Loading"", ""node_name"": ""鸢尾花示例数据"", ""node_params"": {""type"": ""sample"", ""filename"": ""iris.csv""}, ""contrast_level"": 2, ""node_type"": ""io""}, {""node_id"": ""2921"", ""algorithm_step_name"": ""Dataset Division"", ""node_name"": ""数据划分处理"", ""node_params"": {""sampling_type"": 0, ""percentage"": 10, ""n_samples"": 15, ""replacement"": false, ""n_folds"": 10, ""selected_folds"": 1, ""replicable"": false, ""stratified"": false}, ""contrast_level"": 2, ""node_type"": ""preprocess""}, {""node_id"": ""2922"", ""algorithm_step_name"": ""LightGBM"", ""node_name"": ""LightGBM分类器"", ""node_params"": {""boosting_type"": ""gbdt"", ""n_estimators"": 10, ""learning_rate"": 0.1, ""sampling_rate"": 0.1, ""max_depth_check"": false, ""max_depth"": 3, ""num_leaves_check"": false, ""num_leaves"": 31}, ""contrast_level"": 2, ""node_type"": ""model""}, {""node_id"": ""2924"", ""algorithm_step_name"": ""Model Evaluate"", ""node_name"": ""模型评估"", ""node_params"": {}, ""contrast_level"": 2, ""node_type"": ""evaluate""}]}",1.0
在数据抽样之前添加一个特征选择步骤，然后把数据抽样的抽样比例设置为抽取30%。,1.0,7740,286,23.63073229789734,8.909751653671265,2.172999382019043,12.547981262207031,0,"{""edges"": [{""edge_id"": ""25924"", ""source_node_id"": ""2991"", ""target_node_id"": ""2988""}, {""edge_id"": ""25925"", ""source_node_id"": ""2988"", ""target_node_id"": ""2989""}, {""edge_id"": ""25926"", ""source_node_id"": ""2988"", ""target_node_id"": ""2990""}, {""edge_id"": ""25927"", ""source_node_id"": ""2989"", ""target_node_id"": ""2990""}, {""edge_id"": ""25928"", ""source_node_id"": ""2987"", ""target_node_id"": ""2991""}], ""nodes"": [{""node_id"": ""2987"", ""widget_name"": ""File"", ""node_name"": ""鸢尾花示例数据"", ""node_params"": {""type"": ""sample"", ""filename"": ""iris.csv""}, ""matched"": true}, {""node_id"": ""2988"", ""widget_name"": ""Data Sampler"", ""node_name"": ""数据划分处理"", ""node_params"": {""sampling_type"": 0, ""percentage"": 30, ""n_samples"": 15, ""replacement"": false, ""n_folds"": 10, ""selected_folds"": 1, ""replicable"": false, ""stratified"": false}, ""matched"": true}, {""node_id"": ""2989"", ""widget_name"": ""LightGBM"", ""node_name"": ""LightGBM分类器"", ""node_params"": {""boosting_type"": ""gbdt"", ""n_estimators"": 10, ""learning_rate"": 0.1, ""sampling_rate"": 0.1, ""max_depth_check"": false, ""max_depth"": 3, ""num_leaves_check"": false, ""num_leaves"": 31}, ""matched"": true}, {""node_id"": ""2990"", ""widget_name"": ""Predictions"", ""node_name"": ""预测"", ""node_params"": {""output_attrs"": true, ""output_predictions"": true, ""output_probabilities"": false}, ""matched"": true}, {""node_id"": ""2991"", ""widget_name"": ""Select Best N Attributes"", ""node_name"": ""特征选择"", ""node_params"": {""n"": 3}, ""matched"": true}]}","{""dependency_requirements"": [{""edge_id"": ""2485"", ""source_node_id"": ""2991"", ""target_node_id"": ""2988""}, {""edge_id"": ""2486"", ""source_node_id"": ""2988"", ""target_node_id"": ""2989""}, {""edge_id"": ""2487"", ""source_node_id"": ""2988"", ""target_node_id"": ""2990""}, {""edge_id"": ""2488"", ""source_node_id"": ""2989"", ""target_node_id"": ""2990""}, {""edge_id"": ""2489"", ""source_node_id"": ""2987"", ""target_node_id"": ""2991""}], ""step_requirements"": [{""node_id"": ""2987"", ""algorithm_step_name"": ""Tabular Dataset Loading"", ""node_name"": ""鸢尾花示例数据"", ""node_params"": {""type"": ""sample"", ""filename"": ""iris.csv""}, ""contrast_level"": 2, ""node_type"": ""io""}, {""node_id"": ""2988"", ""algorithm_step_name"": ""Dataset Division"", ""node_name"": ""数据划分处理"", ""node_params"": {""sampling_type"": 0, ""percentage"": 30, ""n_samples"": 15, ""replacement"": false, ""n_folds"": 10, ""selected_folds"": 1, ""replicable"": false, ""stratified"": false}, ""contrast_level"": 2, ""node_type"": ""preprocess""}, {""node_id"": ""2989"", ""algorithm_step_name"": ""LightGBM"", ""node_name"": ""LightGBM分类器"", ""node_params"": {""boosting_type"": ""gbdt"", ""n_estimators"": 10, ""learning_rate"": 0.1, ""sampling_rate"": 0.1, ""max_depth_check"": false, ""max_depth"": 3, ""num_leaves_check"": false, ""num_leaves"": 31}, ""contrast_level"": 2, ""node_type"": ""model""}, {""node_id"": ""2990"", ""algorithm_step_name"": ""Test Dataset Predictions"", ""node_name"": ""预测"", ""node_params"": {""output_attrs"": true, ""output_predictions"": true, ""output_probabilities"": false}, ""contrast_level"": 2, ""node_type"": ""predict""}, {""node_id"": ""2991"", ""algorithm_step_name"": ""Feature Selection"", ""node_name"": ""自动特征选择"", ""node_params"": {}, ""contrast_level"": 1, ""node_type"": ""feature engineering""}]}",1.0
帮我把数据划分的比例改为5:5，最后还需要你添加一个步骤帮我把预测结果保存。,1.0,7490,190,17.652013778686523,8.426263809204102,2.164604425430298,7.061145544052124,0,"{""edges"": [{""edge_id"": ""25929"", ""source_node_id"": ""2982"", ""target_node_id"": ""2983""}, {""edge_id"": ""25930"", ""source_node_id"": ""2983"", ""target_node_id"": ""2984""}, {""edge_id"": ""25931"", ""source_node_id"": ""2983"", ""target_node_id"": ""2985""}, {""edge_id"": ""25932"", ""source_node_id"": ""2984"", ""target_node_id"": ""2985""}, {""edge_id"": ""25933"", ""source_node_id"": ""2985"", ""target_node_id"": ""2986""}], ""nodes"": [{""node_id"": ""2982"", ""widget_name"": ""File"", ""node_name"": ""鸢尾花示例数据"", ""node_params"": {""type"": ""sample"", ""filename"": ""iris.csv""}, ""matched"": true}, {""node_id"": ""2983"", ""widget_name"": ""Data Sampler"", ""node_name"": ""数据划分处理"", ""node_params"": {""sampling_type"": 0, ""percentage"": 50, ""n_samples"": 15, ""replacement"": false, ""n_folds"": 10, ""selected_folds"": 1, ""replicable"": false, ""stratified"": false}, ""matched"": true}, {""node_id"": ""2984"", ""widget_name"": ""LightGBM"", ""node_name"": ""LightGBM分类器"", ""node_params"": {""boosting_type"": ""gbdt"", ""n_estimators"": 10, ""learning_rate"": 0.1, ""sampling_rate"": 0.1, ""max_depth_check"": false, ""max_depth"": 3, ""num_leaves_check"": false, ""num_leaves"": 31}, ""matched"": true}, {""node_id"": ""2985"", ""widget_name"": ""Predictions"", ""node_name"": ""预测"", ""node_params"": {""output_attrs"": true, ""output_predictions"": true, ""output_probabilities"": false}, ""matched"": true}, {""node_id"": ""2986"", ""widget_name"": ""Save Data"", ""node_name"": ""保存预测结果"", ""node_params"": {}, ""matched"": true}]}","{""dependency_requirements"": [{""edge_id"": ""2480"", ""source_node_id"": ""2982"", ""target_node_id"": ""2983""}, {""edge_id"": ""2481"", ""source_node_id"": ""2983"", ""target_node_id"": ""2984""}, {""edge_id"": ""2482"", ""source_node_id"": ""2983"", ""target_node_id"": ""2985""}, {""edge_id"": ""2483"", ""source_node_id"": ""2984"", ""target_node_id"": ""2985""}, {""edge_id"": ""2484"", ""source_node_id"": ""2985"", ""target_node_id"": ""2986""}], ""step_requirements"": [{""node_id"": ""2982"", ""algorithm_step_name"": ""Tabular Dataset Loading"", ""node_name"": ""鸢尾花示例数据"", ""node_params"": {""type"": ""sample"", ""filename"": ""iris.csv""}, ""contrast_level"": 2, ""node_type"": ""io""}, {""node_id"": ""2983"", ""algorithm_step_name"": ""Dataset Division"", ""node_name"": ""数据划分处理"", ""node_params"": {""sampling_type"": 0, ""percentage"": 50, ""n_samples"": 15, ""replacement"": false, ""n_folds"": 10, ""selected_folds"": 1, ""replicable"": false, ""stratified"": false}, ""contrast_level"": 2, ""node_type"": ""preprocess""}, {""node_id"": ""2984"", ""algorithm_step_name"": ""LightGBM"", ""node_name"": ""LightGBM分类器"", ""node_params"": {""boosting_type"": ""gbdt"", ""n_estimators"": 10, ""learning_rate"": 0.1, ""sampling_rate"": 0.1, ""max_depth_check"": false, ""max_depth"": 3, ""num_leaves_check"": false, ""num_leaves"": 31}, ""contrast_level"": 2, ""node_type"": ""model""}, {""node_id"": ""2985"", ""algorithm_step_name"": ""Test Dataset Predictions"", ""node_name"": ""预测"", ""node_params"": {""output_attrs"": true, ""output_predictions"": true, ""output_probabilities"": false}, ""contrast_level"": 2, ""node_type"": ""predict""}, {""node_id"": ""2986"", ""algorithm_step_name"": ""Save Data"", ""node_name"": ""Save Data"", ""node_params"": {}, ""contrast_level"": 1, ""node_type"": ""io""}]}",1.0
帮我把目标检测使用的模型换成SSD，学习率使用0.02。最后，我还需要查看训练日志。,1.0,6600,328,29.26938915252685,11.879965543746948,5.690274477005005,11.699149131774902,0,"{""edges"": [{""edge_id"": ""25935"", ""source_node_id"": ""2998"", ""target_node_id"": ""2999""}, {""edge_id"": ""25936"", ""source_node_id"": ""2999"", ""target_node_id"": ""3000""}], ""nodes"": [{""node_id"": ""2998"", ""widget_name"": ""Image"", ""node_name"": ""猫狗图像数据加载"", ""node_params"": {}, ""matched"": true}, {""node_id"": ""2999"", ""widget_name"": ""Object Detection"", ""node_name"": ""目标检测模型"", ""node_params"": {""frame"": ""pytorch"", ""select_model"": ""SSD"", ""backbone"": ""DarkNet53"", ""epoch"": 3, ""learning_rate"": 0.02, ""batch_size"": 2}, ""matched"": true}, {""node_id"": ""3000"", ""widget_name"": ""Train Log"", ""node_name"": ""训练日志"", ""node_params"": {}, ""matched"": true}]}","{""dependency_requirements"": [{""edge_id"": ""2495"", ""source_node_id"": ""2998"", ""target_node_id"": ""2999""}, {""edge_id"": ""2496"", ""source_node_id"": ""2999"", ""target_node_id"": ""3000""}], ""step_requirements"": [{""node_id"": ""2998"", ""algorithm_step_name"": ""Image Dataset Loading"", ""node_name"": ""猫狗图像数据"", ""node_params"": {}, ""contrast_level"": 2, ""node_type"": ""io""}, {""node_id"": ""2999"", ""algorithm_step_name"": ""Object Detection Model"", ""node_name"": ""目标检测"", ""node_params"": {""frame"": ""pytorch"", ""select_model"": ""SSD"", ""backbone"": ""DarkNet53"", ""epoch"": 3, ""learning_rate"": 0.02, ""batch_size"": 2}, ""contrast_level"": 2, ""node_type"": ""model""}, {""node_id"": ""3000"", ""algorithm_step_name"": ""Train Log"", ""node_name"": ""训练日志"", ""node_params"": {}, ""contrast_level"": 2, ""node_type"": ""visualize""}]}",1.0
帮我把缺失值处理方式修改为使用平均值填补，然后把多余的KNN模型删除掉。,1.0,8301,161,19.828665018081665,8.10183310508728,5.936499834060669,5.790332078933716,0,"{""edges"": [{""edge_id"": ""25937"", ""source_node_id"": ""2958"", ""target_node_id"": ""2959""}, {""edge_id"": ""25938"", ""source_node_id"": ""2959"", ""target_node_id"": ""2960""}, {""edge_id"": ""25939"", ""source_node_id"": ""2960"", ""target_node_id"": ""2961""}, {""edge_id"": ""25941"", ""source_node_id"": ""2960"", ""target_node_id"": ""2963""}, {""edge_id"": ""25943"", ""source_node_id"": ""2961"", ""target_node_id"": ""2963""}], ""nodes"": [{""node_id"": ""2958"", ""widget_name"": ""File"", ""node_name"": ""鸢尾花示例数据"", ""node_params"": {""type"": ""sample"", ""filename"": ""iris.csv""}, ""matched"": true}, {""node_id"": ""2959"", ""widget_name"": ""Impute"", ""node_name"": ""缺失值处理"", ""node_params"": {""method"": 2}, ""matched"": true}, {""node_id"": ""2960"", ""widget_name"": ""Data Sampler"", ""node_name"": ""数据划分处理"", ""node_params"": {""sampling_type"": 0, ""percentage"": 10, ""n_samples"": 15, ""replacement"": false, ""n_folds"": 10, ""selected_folds"": 1, ""replicable"": false, ""stratified"": false}, ""matched"": true}, {""node_id"": ""2961"", ""widget_name"": ""LightGBM"", ""node_name"": ""LightGBM分类器"", ""node_params"": {""boosting_type"": ""gbdt"", ""n_estimators"": 10, ""learning_rate"": 0.1, ""sampling_rate"": 0.1, ""max_depth_check"": false, ""max_depth"": 3, ""num_leaves_check"": false, ""num_leaves"": 31}, ""matched"": true}, {""node_id"": ""2963"", ""widget_name"": ""Test & Score"", ""node_name"": ""模型评估"", ""node_params"": {}, ""matched"": true}]}","{""dependency_requirements"": [{""edge_id"": ""2447"", ""source_node_id"": ""2958"", ""target_node_id"": ""2959""}, {""edge_id"": ""2448"", ""source_node_id"": ""2959"", ""target_node_id"": ""2960""}, {""edge_id"": ""2449"", ""source_node_id"": ""2960"", ""target_node_id"": ""2961""}, {""edge_id"": ""2451"", ""source_node_id"": ""2960"", ""target_node_id"": ""2963""}, {""edge_id"": ""2453"", ""source_node_id"": ""2961"", ""target_node_id"": ""2963""}], ""step_requirements"": [{""node_id"": ""2958"", ""algorithm_step_name"": ""Tabular Dataset Loading"", ""node_name"": ""鸢尾花示例数据"", ""node_params"": {""type"": ""sample"", ""filename"": ""iris.csv""}, ""contrast_level"": 2, ""node_type"": ""io""}, {""node_id"": ""2959"", ""algorithm_step_name"": ""Missing Value Handling"", ""node_name"": ""缺失值处理"", ""node_params"": {""method"": 2}, ""contrast_level"": 2, ""node_type"": ""preprocess""}, {""node_id"": ""2960"", ""algorithm_step_name"": ""Dataset Division"", ""node_name"": ""数据划分处理"", ""node_params"": {""sampling_type"": 0, ""percentage"": 10, ""n_samples"": 15, ""replacement"": false, ""n_folds"": 10, ""selected_folds"": 1, ""replicable"": false, ""stratified"": false}, ""contrast_level"": 2, ""node_type"": ""preprocess""}, {""node_id"": ""2961"", ""algorithm_step_name"": ""LightGBM"", ""node_name"": ""LightGBM分类器"", ""node_params"": {""boosting_type"": ""gbdt"", ""n_estimators"": 10, ""learning_rate"": 0.1, ""sampling_rate"": 0.1, ""max_depth_check"": false, ""max_depth"": 3, ""num_leaves_check"": false, ""num_leaves"": 31}, ""contrast_level"": 2, ""node_type"": ""model""}, {""node_id"": ""2963"", ""algorithm_step_name"": ""Model Evaluate"", ""node_name"": ""模型评估"", ""node_params"": {}, ""contrast_level"": 2, ""node_type"": ""evaluate""}]}",1.0
独热编码这个步骤是冗余的，帮我删除掉。在这之后还需要你将随机森林数的数量改为30，缺失值的处理方法改为用随机值填补。,1.0,12542,281,31.431488513946533,11.431926012039185,7.967808246612549,12.0317542552948,0,"{""edges"": [{""edge_id"": ""25945"", ""source_node_id"": ""3002"", ""target_node_id"": ""3003""}, {""edge_id"": ""25948"", ""source_node_id"": ""3005"", ""target_node_id"": ""3006""}, {""edge_id"": ""25949"", ""source_node_id"": ""3005"", ""target_node_id"": ""3007""}, {""edge_id"": ""25951"", ""source_node_id"": ""3006"", ""target_node_id"": ""3007""}, {""edge_id"": ""25952"", ""source_node_id"": ""3003"", ""target_node_id"": ""3005""}], ""nodes"": [{""node_id"": ""3002"", ""widget_name"": ""File"", ""node_name"": ""数据"", ""node_params"": {""type"": ""sample"", ""filename"": ""iris.csv""}, ""matched"": true}, {""node_id"": ""3003"", ""widget_name"": ""Impute"", ""node_name"": ""缺失值处理"", ""node_params"": {""method"": 4}, ""matched"": true}, {""node_id"": ""3005"", ""widget_name"": ""Data Sampler"", ""node_name"": ""数据采样"", ""node_params"": {""sampling_type"": 0, ""percentage"": 10, ""n_samples"": 15, ""replacement"": false, ""n_folds"": 10, ""selected_folds"": 1, ""replicable"": false, ""stratified"": false}, ""matched"": true}, {""node_id"": ""3006"", ""widget_name"": ""Random Forest"", ""node_name"": ""随机森林"", ""node_params"": {""n_estimators"": 30, ""use_max_features"": false, ""max_features"": ""auto"", ""use_random_state"": false, ""use_max_depth"": false, ""max_depth"": 3, ""use_min_samples_split"": true, ""min_samples_split"": 2}, ""matched"": true}, {""node_id"": ""3007"", ""widget_name"": ""Test & Score"", ""node_name"": ""测试得分"", ""node_params"": {}, ""matched"": true}]}","{""dependency_requirements"": [{""edge_id"": ""2497"", ""source_node_id"": ""3002"", ""target_node_id"": ""3003""}, {""edge_id"": ""2500"", ""source_node_id"": ""3005"", ""target_node_id"": ""3006""}, {""edge_id"": ""2501"", ""source_node_id"": ""3005"", ""target_node_id"": ""3007""}, {""edge_id"": ""2503"", ""source_node_id"": ""3006"", ""target_node_id"": ""3007""}, {""edge_id"": ""2504"", ""source_node_id"": ""3003"", ""target_node_id"": ""3005""}], ""step_requirements"": [{""node_id"": ""3002"", ""algorithm_step_name"": ""Tabular Dataset Loading"", ""node_name"": ""数据"", ""node_params"": {""type"": ""sample"", ""filename"": ""iris.csv""}, ""contrast_level"": 2, ""node_type"": ""io""}, {""node_id"": ""3003"", ""algorithm_step_name"": ""Missing Value Handling"", ""node_name"": ""缺失值处理"", ""node_params"": {""method"": 4}, ""contrast_level"": 2, ""node_type"": ""preprocess""}, {""node_id"": ""3005"", ""algorithm_step_name"": ""Dataset Division"", ""node_name"": ""数据采样"", ""node_params"": {""sampling_type"": 0, ""percentage"": 10, ""n_samples"": 15, ""replacement"": false, ""n_folds"": 10, ""selected_folds"": 1, ""replicable"": false, ""stratified"": false}, ""contrast_level"": 2, ""node_type"": ""preprocess""}, {""node_id"": ""3006"", ""algorithm_step_name"": ""Random Forest"", ""node_name"": ""随机森林"", ""node_params"": {""n_estimators"": 30, ""use_max_features"": false, ""max_features"": ""auto"", ""use_random_state"": false, ""use_max_depth"": false, ""max_depth"": 3, ""use_min_samples_split"": true, ""min_samples_split"": 2}, ""contrast_level"": 2, ""node_type"": ""model""}, {""node_id"": ""3007"", ""algorithm_step_name"": ""Model Evaluate"", ""node_name"": ""测试得分"", ""node_params"": {}, ""contrast_level"": 2, ""node_type"": ""evaluate""}]}",1.0
帮我把多余的模型都删除掉，只留下LightGBM，并把LightGBM的学习率改为0.01。,1.0,5700,252,21.87638807296753,12.61674952507019,3.731612920761109,5.528025627136231,0,"{""edges"": [{""edge_id"": ""25953"", ""source_node_id"": ""3032"", ""target_node_id"": ""3033""}, {""edge_id"": ""25955"", ""source_node_id"": ""3033"", ""target_node_id"": ""3035""}, {""edge_id"": ""25958"", ""source_node_id"": ""3033"", ""target_node_id"": ""3038""}, {""edge_id"": ""25961"", ""source_node_id"": ""3035"", ""target_node_id"": ""3038""}], ""nodes"": [{""node_id"": ""3032"", ""widget_name"": ""File"", ""node_name"": ""数据"", ""node_params"": {""type"": ""sample"", ""filename"": ""iris.csv""}, ""matched"": true}, {""node_id"": ""3033"", ""widget_name"": ""Data Sampler"", ""node_name"": ""数据采样"", ""node_params"": {""sampling_type"": 0, ""percentage"": 10, ""n_samples"": 15, ""replacement"": false, ""n_folds"": 10, ""selected_folds"": 1, ""replicable"": false, ""stratified"": false}, ""matched"": true}, {""node_id"": ""3035"", ""widget_name"": ""LightGBM"", ""node_name"": ""LightGBM"", ""node_params"": {""boosting_type"": ""gbdt"", ""n_estimators"": 10, ""learning_rate"": 0.01, ""sampling_rate"": 0.1, ""max_depth_check"": false, ""max_depth"": 3, ""num_leaves_check"": false, ""num_leaves"": 31}, ""matched"": true}, {""node_id"": ""3038"", ""widget_name"": ""Test & Score"", ""node_name"": ""测试得分"", ""node_params"": {}, ""matched"": true}]}","{""dependency_requirements"": [{""edge_id"": ""2536"", ""source_node_id"": ""3032"", ""target_node_id"": ""3033""}, {""edge_id"": ""2538"", ""source_node_id"": ""3033"", ""target_node_id"": ""3035""}, {""edge_id"": ""2541"", ""source_node_id"": ""3033"", ""target_node_id"": ""3038""}, {""edge_id"": ""2544"", ""source_node_id"": ""3035"", ""target_node_id"": ""3038""}], ""step_requirements"": [{""node_id"": ""3032"", ""algorithm_step_name"": ""Tabular Dataset Loading"", ""node_name"": ""数据"", ""node_params"": {""type"": ""sample"", ""filename"": ""iris.csv""}, ""contrast_level"": 2, ""node_type"": ""io""}, {""node_id"": ""3033"", ""algorithm_step_name"": ""Dataset Division"", ""node_name"": ""数据采样"", ""node_params"": {""sampling_type"": 0, ""percentage"": 10, ""n_samples"": 15, ""replacement"": false, ""n_folds"": 10, ""selected_folds"": 1, ""replicable"": false, ""stratified"": false}, ""contrast_level"": 2, ""node_type"": ""preprocess""}, {""node_id"": ""3035"", ""algorithm_step_name"": ""LightGBM"", ""node_name"": ""LightGBM"", ""node_params"": {""boosting_type"": ""gbdt"", ""n_estimators"": 10, ""learning_rate"": 0.01, ""sampling_rate"": 0.1, ""max_depth_check"": false, ""max_depth"": 3, ""num_leaves_check"": false, ""num_leaves"": 31}, ""contrast_level"": 2, ""node_type"": ""model""}, {""node_id"": ""3038"", ""algorithm_step_name"": ""Model Evaluate"", ""node_name"": ""测试得分"", ""node_params"": {}, ""contrast_level"": 2, ""node_type"": ""evaluate""}]}",1.0
帮我把LightGBM模型更换为XGBoost。,1.0,5735,165,16.975455045700073,7.183687210083008,3.7135279178619385,6.078239917755127,0,"{""edges"": [{""edge_id"": ""25964"", ""source_node_id"": ""2964"", ""target_node_id"": ""2965""}, {""edge_id"": ""25965"", ""source_node_id"": ""2965"", ""target_node_id"": ""2966""}, {""edge_id"": ""25967"", ""source_node_id"": ""2966"", ""target_node_id"": ""2968""}, {""edge_id"": ""25970"", ""source_node_id"": ""2966"", ""target_node_id"": ""2969""}, {""edge_id"": ""25971"", ""source_node_id"": ""2969"", ""target_node_id"": ""2968""}], ""nodes"": [{""node_id"": ""2964"", ""widget_name"": ""File"", ""node_name"": ""鸢尾花示例数据"", ""node_params"": {""type"": ""sample"", ""filename"": ""iris.csv""}, ""matched"": true}, {""node_id"": ""2965"", ""widget_name"": ""Impute"", ""node_name"": ""缺失值处理"", ""node_params"": {""method"": 1}, ""matched"": true}, {""node_id"": ""2966"", ""widget_name"": ""Data Sampler"", ""node_name"": ""数据划分处理"", ""node_params"": {""sampling_type"": 0, ""percentage"": 10, ""n_samples"": 15, ""replacement"": false, ""n_folds"": 10, ""selected_folds"": 1, ""replicable"": false, ""stratified"": false}, ""matched"": true}, {""node_id"": ""2968"", ""widget_name"": ""Test & Score"", ""node_name"": ""模型评估"", ""node_params"": {}, ""matched"": true}, {""node_id"": ""2969"", ""widget_name"": ""XGBoost"", ""node_name"": ""XGBoost分类器"", ""node_params"": {""booster"": ""gbtree"", ""learning_rate"": 0.3, ""gamma"": 0, ""max_depth"": 6, ""min_child_widget"": 1, ""max_delta_step"": 0, ""subsample"": 1, ""sampling_method"": ""uniform"", ""lambda"": 1, ""alpha"": 0, ""tree_method"": ""auto"", ""scale_pos_weight"": 1, ""updater"": ""grow_colmaker"", ""process_type"": ""default"", ""grow_policy"": ""depthwise""}, ""matched"": true}]}","{""dependency_requirements"": [{""edge_id"": ""2455"", ""source_node_id"": ""2964"", ""target_node_id"": ""2965""}, {""edge_id"": ""2456"", ""source_node_id"": ""2965"", ""target_node_id"": ""2966""}, {""edge_id"": ""2458"", ""source_node_id"": ""2966"", ""target_node_id"": ""2968""}, {""edge_id"": ""2461"", ""source_node_id"": ""2966"", ""target_node_id"": ""2969""}, {""edge_id"": ""2462"", ""source_node_id"": ""2969"", ""target_node_id"": ""2968""}], ""step_requirements"": [{""node_id"": ""2964"", ""algorithm_step_name"": ""Tabular Dataset Loading"", ""node_name"": ""鸢尾花示例数据"", ""node_params"": {""type"": ""sample"", ""filename"": ""iris.csv""}, ""contrast_level"": 2, ""node_type"": ""io""}, {""node_id"": ""2965"", ""algorithm_step_name"": ""Missing Value Handling"", ""node_name"": ""缺失值处理"", ""node_params"": {""method"": 1}, ""contrast_level"": 2, ""node_type"": ""preprocess""}, {""node_id"": ""2966"", ""algorithm_step_name"": ""Dataset Division"", ""node_name"": ""数据划分处理"", ""node_params"": {""sampling_type"": 0, ""percentage"": 10, ""n_samples"": 15, ""replacement"": false, ""n_folds"": 10, ""selected_folds"": 1, ""replicable"": false, ""stratified"": false}, ""contrast_level"": 2, ""node_type"": ""preprocess""}, {""node_id"": ""2968"", ""algorithm_step_name"": ""Model Evaluate"", ""node_name"": ""模型评估"", ""node_params"": {}, ""contrast_level"": 2, ""node_type"": ""evaluate""}, {""node_id"": ""2969"", ""algorithm_step_name"": ""XGBoost"", ""node_name"": ""XGBoost分类器"", ""node_params"": {}, ""contrast_level"": 1, ""node_type"": ""model""}]}",1.0
我不需要对模型进行评估了，帮我把模型评估组件换成预测组件。,1.0,6266,222,16.905288219451904,7.96443247795105,0.0010004043579101,8.939855337142944,0,"{""edges"": [{""edge_id"": ""25972"", ""source_node_id"": ""2970"", ""target_node_id"": ""2971""}, {""edge_id"": ""25973"", ""source_node_id"": ""2971"", ""target_node_id"": ""2972""}, {""edge_id"": ""25974"", ""source_node_id"": ""2972"", ""target_node_id"": ""2973""}, {""edge_id"": ""25978"", ""source_node_id"": ""2972"", ""target_node_id"": ""2975""}, {""edge_id"": ""25979"", ""source_node_id"": ""2973"", ""target_node_id"": ""2975""}], ""nodes"": [{""node_id"": ""2970"", ""widget_name"": ""File"", ""node_name"": ""鸢尾花示例数据"", ""node_params"": {""type"": ""sample"", ""filename"": ""iris.csv""}, ""matched"": true}, {""node_id"": ""2971"", ""widget_name"": ""Impute"", ""node_name"": ""缺失值处理"", ""node_params"": {""method"": 1}, ""matched"": true}, {""node_id"": ""2972"", ""widget_name"": ""Data Sampler"", ""node_name"": ""数据划分处理"", ""node_params"": {""sampling_type"": 0, ""percentage"": 10, ""n_samples"": 15, ""replacement"": false, ""n_folds"": 10, ""selected_folds"": 1, ""replicable"": false, ""stratified"": false}, ""matched"": true}, {""node_id"": ""2973"", ""widget_name"": ""LightGBM"", ""node_name"": ""LightGBM分类器"", ""node_params"": {""boosting_type"": ""gbdt"", ""n_estimators"": 10, ""learning_rate"": 0.1, ""sampling_rate"": 0.1, ""max_depth_check"": false, ""max_depth"": 3, ""num_leaves_check"": false, ""num_leaves"": 31}, ""matched"": true}, {""node_id"": ""2975"", ""widget_name"": ""Predictions"", ""node_name"": ""预测"", ""node_params"": {""output_attrs"": true, ""output_predictions"": true, ""output_probabilities"": true}, ""matched"": true}]}","{""dependency_requirements"": [{""edge_id"": ""2463"", ""source_node_id"": ""2970"", ""target_node_id"": ""2971""}, {""edge_id"": ""2464"", ""source_node_id"": ""2971"", ""target_node_id"": ""2972""}, {""edge_id"": ""2465"", ""source_node_id"": ""2972"", ""target_node_id"": ""2973""}, {""edge_id"": ""2469"", ""source_node_id"": ""2972"", ""target_node_id"": ""2975""}, {""edge_id"": ""2470"", ""source_node_id"": ""2973"", ""target_node_id"": ""2975""}], ""step_requirements"": [{""node_id"": ""2970"", ""algorithm_step_name"": ""Tabular Dataset Loading"", ""node_name"": ""鸢尾花示例数据"", ""node_params"": {""type"": ""sample"", ""filename"": ""iris.csv""}, ""contrast_level"": 2, ""node_type"": ""io""}, {""node_id"": ""2971"", ""algorithm_step_name"": ""Missing Value Handling"", ""node_name"": ""缺失值处理"", ""node_params"": {""method"": 1}, ""contrast_level"": 2, ""node_type"": ""preprocess""}, {""node_id"": ""2972"", ""algorithm_step_name"": ""Dataset Division"", ""node_name"": ""数据划分处理"", ""node_params"": {""sampling_type"": 0, ""percentage"": 10, ""n_samples"": 15, ""replacement"": false, ""n_folds"": 10, ""selected_folds"": 1, ""replicable"": false, ""stratified"": false}, ""contrast_level"": 2, ""node_type"": ""preprocess""}, {""node_id"": ""2973"", ""algorithm_step_name"": ""LightGBM"", ""node_name"": ""LightGBM分类器"", ""node_params"": {""boosting_type"": ""gbdt"", ""n_estimators"": 10, ""learning_rate"": 0.1, ""sampling_rate"": 0.1, ""max_depth_check"": false, ""max_depth"": 3, ""num_leaves_check"": false, ""num_leaves"": 31}, ""contrast_level"": 2, ""node_type"": ""model""}, {""node_id"": ""2975"", ""algorithm_step_name"": ""Test Dataset Predictions"", ""node_name"": ""预测"", ""node_params"": {}, ""contrast_level"": 1, ""node_type"": ""predict""}]}",1.0
帮我把缺失值处理步骤删除掉，并换一个更好的模型。,0.8333,9111,250,26.16661691665649,9.39908480644226,5.849456310272217,10.918075799942017,0,"{""edges"": [{""edge_id"": ""25983"", ""source_node_id"": ""2978"", ""target_node_id"": ""2980""}, {""edge_id"": ""25986"", ""source_node_id"": ""2976"", ""target_node_id"": ""2978""}, {""edge_id"": ""25987"", ""source_node_id"": ""2978"", ""target_node_id"": ""32597""}, {""edge_id"": ""25988"", ""source_node_id"": ""32597"", ""target_node_id"": ""2980""}], ""nodes"": [{""node_id"": ""2976"", ""widget_name"": ""File"", ""node_name"": ""鸢尾花示例数据"", ""node_params"": {""type"": ""sample"", ""filename"": ""iris.csv""}, ""matched"": true}, {""node_id"": ""2978"", ""widget_name"": ""Data Sampler"", ""node_name"": ""数据划分处理"", ""node_params"": {""sampling_type"": 0, ""percentage"": 10, ""n_samples"": 15, ""replacement"": false, ""n_folds"": 10, ""selected_folds"": 1, ""replicable"": false, ""stratified"": false}, ""matched"": true}, {""node_id"": ""2980"", ""widget_name"": ""Test & Score"", ""node_name"": ""模型评估"", ""node_params"": {}, ""matched"": true}, {""node_id"": ""32597"", ""widget_name"": ""Logistic Regression"", ""node_name"": ""逻辑回归分类器"", ""node_params"": {""C"": 1, ""penalty"": ""l2""}, ""matched"": false}]}","{""dependency_requirements"": [{""edge_id"": ""2474"", ""source_node_id"": ""2978"", ""target_node_id"": ""2980""}, {""edge_id"": ""2477"", ""source_node_id"": ""2976"", ""target_node_id"": ""2978""}, {""edge_id"": ""2478"", ""source_node_id"": ""2978"", ""target_node_id"": ""2981""}, {""edge_id"": ""2479"", ""source_node_id"": ""2981"", ""target_node_id"": ""2980""}], ""step_requirements"": [{""node_id"": ""2976"", ""algorithm_step_name"": ""Tabular Dataset Loading"", ""node_name"": ""鸢尾花示例数据"", ""node_params"": {""type"": ""sample"", ""filename"": ""iris.csv""}, ""contrast_level"": 2, ""node_type"": ""io""}, {""node_id"": ""2978"", ""algorithm_step_name"": ""Dataset Division"", ""node_name"": ""数据划分处理"", ""node_params"": {""sampling_type"": 0, ""percentage"": 10, ""n_samples"": 15, ""replacement"": false, ""n_folds"": 10, ""selected_folds"": 1, ""replicable"": false, ""stratified"": false}, ""contrast_level"": 2, ""node_type"": ""preprocess""}, {""node_id"": ""2980"", ""algorithm_step_name"": ""Model Evaluate"", ""node_name"": ""模型评估"", ""node_params"": {}, ""contrast_level"": 2, ""node_type"": ""evaluate""}, {""node_id"": ""2981"", ""algorithm_step_name"": ""XGBoost"", ""node_name"": ""XGBoost"", ""node_params"": {}, ""contrast_level"": 1, ""node_type"": ""model""}]}",0.75
我的数据集没有缺失值，所以请你帮我删除掉缺失值处理这一步，然后把数据抽样的比例改为7:3，最后帮我添加一个可视化混淆矩阵的步骤。,1.0,7278,295,25.797600269317627,11.503697395324709,3.7956151962280273,10.498287677764893,0,"{""edges"": [{""edge_id"": ""25991"", ""source_node_id"": ""3047"", ""target_node_id"": ""3048""}, {""edge_id"": ""25992"", ""source_node_id"": ""3047"", ""target_node_id"": ""3049""}, {""edge_id"": ""25994"", ""source_node_id"": ""3048"", ""target_node_id"": ""3049""}, {""edge_id"": ""25995"", ""source_node_id"": ""3045"", ""target_node_id"": ""3047""}, {""edge_id"": ""25996"", ""source_node_id"": ""3049"", ""target_node_id"": ""3050""}], ""nodes"": [{""node_id"": ""3045"", ""widget_name"": ""File"", ""node_name"": ""数据"", ""node_params"": {""type"": ""sample"", ""filename"": ""iris.csv""}, ""matched"": true}, {""node_id"": ""3047"", ""widget_name"": ""Data Sampler"", ""node_name"": ""数据采样"", ""node_params"": {""sampling_type"": 0, ""percentage"": 30, ""n_samples"": 15, ""replacement"": false, ""n_folds"": 10, ""selected_folds"": 1, ""replicable"": false, ""stratified"": false}, ""matched"": true}, {""node_id"": ""3048"", ""widget_name"": ""LightGBM"", ""node_name"": ""LightGBM"", ""node_params"": {""boosting_type"": ""gbdt"", ""n_estimators"": 10, ""learning_rate"": 0.1, ""sampling_rate"": 0.1, ""max_depth_check"": false, ""max_depth"": 3, ""num_leaves_check"": false, ""num_leaves"": 31}, ""matched"": true}, {""node_id"": ""3049"", ""widget_name"": ""Test & Score"", ""node_name"": ""测试得分"", ""node_params"": {}, ""matched"": true}, {""node_id"": ""3050"", ""widget_name"": ""Confusion Matrix"", ""node_name"": ""混淆矩阵"", ""node_params"": {}, ""matched"": true}]}","{""dependency_requirements"": [{""edge_id"": ""2556"", ""source_node_id"": ""3047"", ""target_node_id"": ""3048""}, {""edge_id"": ""2557"", ""source_node_id"": ""3047"", ""target_node_id"": ""3049""}, {""edge_id"": ""2559"", ""source_node_id"": ""3048"", ""target_node_id"": ""3049""}, {""edge_id"": ""2560"", ""source_node_id"": ""3045"", ""target_node_id"": ""3047""}, {""edge_id"": ""2561"", ""source_node_id"": ""3049"", ""target_node_id"": ""3050""}], ""step_requirements"": [{""node_id"": ""3045"", ""algorithm_step_name"": ""Tabular Dataset Loading"", ""node_name"": ""数据"", ""node_params"": {""type"": ""sample"", ""filename"": ""iris.csv""}, ""contrast_level"": 2, ""node_type"": ""io""}, {""node_id"": ""3047"", ""algorithm_step_name"": ""Dataset Division"", ""node_name"": ""数据采样"", ""node_params"": {""sampling_type"": 0, ""percentage"": 30, ""n_samples"": 15, ""replacement"": false, ""n_folds"": 10, ""selected_folds"": 1, ""replicable"": false, ""stratified"": false}, ""contrast_level"": 2, ""node_type"": ""preprocess""}, {""node_id"": ""3048"", ""algorithm_step_name"": ""LightGBM"", ""node_name"": ""LightGBM"", ""node_params"": {""boosting_type"": ""gbdt"", ""n_estimators"": 10, ""learning_rate"": 0.1, ""sampling_rate"": 0.1, ""max_depth_check"": false, ""max_depth"": 3, ""num_leaves_check"": false, ""num_leaves"": 31}, ""contrast_level"": 2, ""node_type"": ""model""}, {""node_id"": ""3049"", ""algorithm_step_name"": ""Model Evaluate"", ""node_name"": ""测试得分"", ""node_params"": {}, ""contrast_level"": 2, ""node_type"": ""evaluate""}, {""node_id"": ""3050"", ""algorithm_step_name"": ""Confusion Matrix"", ""node_name"": ""混淆矩阵"", ""node_params"": {}, ""contrast_level"": 2, ""node_type"": ""visualize""}]}",1.0
帮我把加载的数据集换成房价示例数据集。然后，把KNN模型给我换成XGBoost模型。,0.8333,6871,230,31.466896533966064,9.68450379371643,3.685525894165039,18.096866846084595,0,"{""edges"": [{""edge_id"": ""25997"", ""source_node_id"": ""3051"", ""target_node_id"": ""3052""}, {""edge_id"": ""25999"", ""source_node_id"": ""3052"", ""target_node_id"": ""3054""}, {""edge_id"": ""26002"", ""source_node_id"": ""3052"", ""target_node_id"": ""32608""}, {""edge_id"": ""26003"", ""source_node_id"": ""32608"", ""target_node_id"": ""3054""}], ""nodes"": [{""node_id"": ""3051"", ""widget_name"": ""File"", ""node_name"": ""数据"", ""node_params"": {""type"": ""sample"", ""filename"": ""housing.csv""}, ""matched"": true}, {""node_id"": ""3052"", ""widget_name"": ""Data Sampler"", ""node_name"": ""数据采样"", ""node_params"": {""sampling_type"": 0, ""percentage"": 10, ""n_samples"": 15, ""replacement"": false, ""n_folds"": 10, ""selected_folds"": 1, ""replicable"": false, ""stratified"": false}, ""matched"": true}, {""node_id"": ""3054"", ""widget_name"": ""Test & Score"", ""node_name"": ""测试得分"", ""node_params"": {}, ""matched"": true}, {""node_id"": ""32608"", ""widget_name"": ""Linear Regression"", ""node_name"": ""线性回归"", ""node_params"": {""regression_type"": ""0""}, ""matched"": false}]}","{""dependency_requirements"": [{""edge_id"": ""2562"", ""source_node_id"": ""3051"", ""target_node_id"": ""3052""}, {""edge_id"": ""2564"", ""source_node_id"": ""3052"", ""target_node_id"": ""3054""}, {""edge_id"": ""2567"", ""source_node_id"": ""3052"", ""target_node_id"": ""3055""}, {""edge_id"": ""2568"", ""source_node_id"": ""3055"", ""target_node_id"": ""3054""}], ""step_requirements"": [{""node_id"": ""3051"", ""algorithm_step_name"": ""Tabular Dataset Loading"", ""node_name"": ""数据"", ""node_params"": {""type"": ""sample"", ""filename"": ""housing.csv""}, ""contrast_level"": 2, ""node_type"": ""io""}, {""node_id"": ""3052"", ""algorithm_step_name"": ""Dataset Division"", ""node_name"": ""数据采样"", ""node_params"": {""sampling_type"": 0, ""percentage"": 10, ""n_samples"": 15, ""replacement"": false, ""n_folds"": 10, ""selected_folds"": 1, ""replicable"": false, ""stratified"": false}, ""contrast_level"": 2, ""node_type"": ""preprocess""}, {""node_id"": ""3054"", ""algorithm_step_name"": ""Model Evaluate"", ""node_name"": ""测试得分"", ""node_params"": {}, ""contrast_level"": 2, ""node_type"": ""evaluate""}, {""node_id"": ""3055"", ""algorithm_step_name"": ""XGBoost"", ""node_name"": ""XGBoost"", ""node_params"": {}, ""contrast_level"": 1, ""node_type"": ""model""}]}",0.75
帮我把连续化处理换成特征选择，KNN的邻节点个数改为7。,0.6667,11958,345,29.400391340255737,8.4938485622406,2.138503074645996,18.76803970336914,0,"{""edges"": [{""edge_id"": ""26006"", ""source_node_id"": ""3067"", ""target_node_id"": ""32612""}, {""edge_id"": ""26007"", ""source_node_id"": ""3067"", ""target_node_id"": ""3069""}, {""edge_id"": ""26009"", ""source_node_id"": ""32612"", ""target_node_id"": ""3069""}], ""nodes"": [{""node_id"": ""3065"", ""widget_name"": ""File"", ""node_name"": ""数据"", ""node_params"": {""type"": ""sample"", ""filename"": ""iris.csv""}, ""matched"": true}, {""node_id"": ""3067"", ""widget_name"": ""Data Sampler"", ""node_name"": ""数据采样"", ""node_params"": {""sampling_type"": 0, ""percentage"": 10, ""n_samples"": 15, ""replacement"": false, ""n_folds"": 10, ""selected_folds"": 1, ""replicable"": false, ""stratified"": false}, ""matched"": true}, {""node_id"": ""32612"", ""widget_name"": ""KNN"", ""node_name"": ""KNN"", ""node_params"": {""n_neighbors"": 5, ""metric"": ""euclidean"", ""weights"": ""uniform""}, ""matched"": false}, {""node_id"": ""3069"", ""widget_name"": ""Test & Score"", ""node_name"": ""测试得分"", ""node_params"": {}, ""matched"": true}, {""node_id"": ""32614"", ""widget_name"": ""Select Columns"", ""node_name"": ""特征选择"", ""node_params"": {""ignores"": [], ""features"": [], ""targets"": """"}, ""matched"": false}]}","{""dependency_requirements"": [{""edge_id"": ""2576"", ""source_node_id"": ""3067"", ""target_node_id"": ""3068""}, {""edge_id"": ""2577"", ""source_node_id"": ""3067"", ""target_node_id"": ""3069""}, {""edge_id"": ""2579"", ""source_node_id"": ""3068"", ""target_node_id"": ""3069""}, {""edge_id"": ""2580"", ""source_node_id"": ""3065"", ""target_node_id"": ""3070""}, {""edge_id"": ""2581"", ""source_node_id"": ""3070"", ""target_node_id"": ""3067""}], ""step_requirements"": [{""node_id"": ""3065"", ""algorithm_step_name"": ""Tabular Dataset Loading"", ""node_name"": ""数据"", ""node_params"": {""type"": ""sample"", ""filename"": ""iris.csv""}, ""contrast_level"": 2, ""node_type"": ""io""}, {""node_id"": ""3067"", ""algorithm_step_name"": ""Dataset Division"", ""node_name"": ""数据采样"", ""node_params"": {""sampling_type"": 0, ""percentage"": 10, ""n_samples"": 15, ""replacement"": false, ""n_folds"": 10, ""selected_folds"": 1, ""replicable"": false, ""stratified"": false}, ""contrast_level"": 2, ""node_type"": ""preprocess""}, {""node_id"": ""3068"", ""algorithm_step_name"": ""KNN"", ""node_name"": ""KNN"", ""node_params"": {""n_neighbors"": 7, ""metric"": ""euclidean"", ""weights"": ""uniform""}, ""contrast_level"": 2, ""node_type"": ""model""}, {""node_id"": ""3069"", ""algorithm_step_name"": ""Model Evaluate"", ""node_name"": ""测试得分"", ""node_params"": {}, ""contrast_level"": 2, ""node_type"": ""evaluate""}, {""node_id"": ""3070"", ""algorithm_step_name"": ""Feature Selection"", ""node_name"": ""特征选择"", ""node_params"": {}, ""contrast_level"": 1, ""node_type"": ""feature engineering""}]}",0.4
帮我把加载的鸢尾花示例数据修改为加载房价示例数据集。,1.0,2951,124,19.13936996459961,6.51967191696167,0.0019996166229248,12.617698431015016,0,"{""edges"": [{""edge_id"": ""26010"", ""source_node_id"": ""2895"", ""target_node_id"": ""2896""}], ""nodes"": [{""node_id"": ""2895"", ""widget_name"": ""File"", ""node_name"": ""鸢尾花示例数据"", ""node_params"": {""type"": ""sample"", ""filename"": ""housing.csv""}, ""matched"": true}, {""node_id"": ""2896"", ""widget_name"": ""LightGBM"", ""node_name"": ""LightGBM分类器"", ""node_params"": {""boosting_type"": ""gbdt"", ""n_estimators"": 10, ""learning_rate"": 0.1, ""sampling_rate"": 0.1, ""max_depth_check"": false, ""max_depth"": 3, ""num_leaves_check"": false, ""num_leaves"": 31}, ""matched"": true}]}","{""dependency_requirements"": [{""edge_id"": ""2376"", ""source_node_id"": ""2895"", ""target_node_id"": ""2896""}], ""step_requirements"": [{""node_id"": ""2895"", ""algorithm_step_name"": ""Tabular Dataset Loading"", ""node_name"": ""鸢尾花示例数据"", ""node_params"": {""type"": ""sample"", ""filename"": ""housing.csv""}, ""contrast_level"": 2, ""node_type"": ""io""}, {""node_id"": ""2896"", ""algorithm_step_name"": ""LightGBM"", ""node_name"": ""LightGBM分类器"", ""node_params"": {""boosting_type"": ""gbdt"", ""n_estimators"": 10, ""learning_rate"": 0.1, ""sampling_rate"": 0.1, ""max_depth_check"": false, ""max_depth"": 3, ""num_leaves_check"": false, ""num_leaves"": 31}, ""contrast_level"": 2, ""node_type"": ""model""}]}",1.0
帮我把LightGBM模型的学习器类型重新设置为rf，学习率修改为0.01。,1.0,4286,181,16.690117597579956,9.13573718070984,3.645633220672608,3.9087471961975098,0,"{""edges"": [{""edge_id"": ""26011"", ""source_node_id"": ""2895"", ""target_node_id"": ""2896""}], ""nodes"": [{""node_id"": ""2895"", ""widget_name"": ""File"", ""node_name"": ""鸢尾花示例数据"", ""node_params"": {""type"": ""sample"", ""filename"": ""iris.csv""}, ""matched"": true}, {""node_id"": ""2896"", ""widget_name"": ""LightGBM"", ""node_name"": ""LightGBM分类器"", ""node_params"": {""boosting_type"": ""rf"", ""n_estimators"": 10, ""learning_rate"": 0.01, ""sampling_rate"": 0.1, ""max_depth_check"": false, ""max_depth"": 3, ""num_leaves_check"": false, ""num_leaves"": 31}, ""matched"": true}]}","{""dependency_requirements"": [{""edge_id"": ""2376"", ""source_node_id"": ""2895"", ""target_node_id"": ""2896""}], ""step_requirements"": [{""node_id"": ""2895"", ""algorithm_step_name"": ""Tabular Dataset Loading"", ""node_name"": ""鸢尾花示例数据"", ""node_params"": {""type"": ""sample"", ""filename"": ""iris.csv""}, ""contrast_level"": 2, ""node_type"": ""io""}, {""node_id"": ""2896"", ""algorithm_step_name"": ""LightGBM"", ""node_name"": ""LightGBM分类器"", ""node_params"": {""boosting_type"": ""rf"", ""n_estimators"": 10, ""learning_rate"": 0.01, ""sampling_rate"": 0.1, ""max_depth_check"": false, ""max_depth"": 3, ""num_leaves_check"": false, ""num_leaves"": 31}, ""contrast_level"": 2, ""node_type"": ""model""}]}",1.0
帮我添加一个缺失值处理步骤，以便对鸢尾花数据进行缺失值处理,1.0,4414,240,19.20426726341248,7.51138162612915,2.1779255867004395,9.514960050582886,0,"{""edges"": [{""edge_id"": ""26012"", ""source_node_id"": ""5159"", ""target_node_id"": ""5158""}, {""edge_id"": ""26013"", ""source_node_id"": ""5157"", ""target_node_id"": ""5159""}], ""nodes"": [{""node_id"": ""5157"", ""widget_name"": ""File"", ""node_name"": ""鸢尾花示例数据"", ""node_params"": {""type"": ""sample"", ""filename"": ""iris.csv""}, ""matched"": true}, {""node_id"": ""5158"", ""widget_name"": ""LightGBM"", ""node_name"": ""LightGBM分类器"", ""node_params"": {""boosting_type"": ""gbdt"", ""n_estimators"": 10, ""learning_rate"": 0.1, ""sampling_rate"": 0.1, ""max_depth_check"": false, ""max_depth"": 3, ""num_leaves_check"": false, ""num_leaves"": 31}, ""matched"": true}, {""node_id"": ""5159"", ""widget_name"": ""Impute"", ""node_name"": ""缺失值处理"", ""node_params"": {""method"": 2}, ""matched"": true}]}","{""dependency_requirements"": [{""edge_id"": ""4027"", ""source_node_id"": ""5159"", ""target_node_id"": ""5158""}, {""edge_id"": ""4028"", ""source_node_id"": ""5157"", ""target_node_id"": ""5159""}], ""step_requirements"": [{""node_id"": ""5157"", ""algorithm_step_name"": ""Tabular Dataset Loading"", ""node_name"": ""鸢尾花示例数据"", ""node_params"": {""type"": ""sample"", ""filename"": ""iris.csv""}, ""contrast_level"": 2, ""node_type"": ""io""}, {""node_id"": ""5158"", ""algorithm_step_name"": ""LightGBM"", ""node_name"": ""LightGBM分类器"", ""node_params"": {""boosting_type"": ""gbdt"", ""n_estimators"": 10, ""learning_rate"": 0.1, ""sampling_rate"": 0.1, ""max_depth_check"": false, ""max_depth"": 3, ""num_leaves_check"": false, ""num_leaves"": 31}, ""contrast_level"": 2, ""node_type"": ""model""}, {""node_id"": ""5159"", ""algorithm_step_name"": ""Missing Value Handling"", ""node_name"": ""Impute"", ""node_params"": {}, ""contrast_level"": 1, ""node_type"": ""preprocess""}]}",1.0
帮我在模型训练之前添加一个数据划分步骤，以便将处理后的数据进行拆分。,1.0,5217,192,16.69750428199768,6.965560436248779,2.13869047164917,7.5932533740997314,0,"{""edges"": [{""edge_id"": ""26014"", ""source_node_id"": ""5160"", ""target_node_id"": ""5161""}, {""edge_id"": ""26015"", ""source_node_id"": ""5163"", ""target_node_id"": ""5162""}, {""edge_id"": ""26016"", ""source_node_id"": ""5161"", ""target_node_id"": ""5163""}], ""nodes"": [{""node_id"": ""5160"", ""widget_name"": ""File"", ""node_name"": ""鸢尾花示例数据"", ""node_params"": {""type"": ""sample"", ""filename"": ""iris.csv""}, ""matched"": true}, {""node_id"": ""5161"", ""widget_name"": ""Impute"", ""node_name"": ""缺失值填充"", ""node_params"": {""method"": 1}, ""matched"": true}, {""node_id"": ""5162"", ""widget_name"": ""LightGBM"", ""node_name"": ""LightGBM分类器"", ""node_params"": {""boosting_type"": ""gbdt"", ""n_estimators"": 10, ""learning_rate"": 0.1, ""sampling_rate"": 0.1, ""max_depth_check"": false, ""max_depth"": 3, ""num_leaves_check"": false, ""num_leaves"": 31}, ""matched"": true}, {""node_id"": ""5163"", ""widget_name"": ""Data Sampler"", ""node_name"": ""数据划分"", ""node_params"": {""sampling_type"": 0, ""percentage"": 10, ""n_samples"": 15, ""replacement"": false, ""n_folds"": 10, ""selected_folds"": 1, ""replicable"": false, ""stratified"": false}, ""matched"": true}]}","{""dependency_requirements"": [{""edge_id"": ""4029"", ""source_node_id"": ""5160"", ""target_node_id"": ""5161""}, {""edge_id"": ""4030"", ""source_node_id"": ""5163"", ""target_node_id"": ""5162""}, {""edge_id"": ""4031"", ""source_node_id"": ""5161"", ""target_node_id"": ""5163""}], ""step_requirements"": [{""node_id"": ""5160"", ""algorithm_step_name"": ""Tabular Dataset Loading"", ""node_name"": ""鸢尾花示例数据"", ""node_params"": {""type"": ""sample"", ""filename"": ""iris.csv""}, ""contrast_level"": 2, ""node_type"": ""io""}, {""node_id"": ""5161"", ""algorithm_step_name"": ""Missing Value Handling"", ""node_name"": ""缺失值填充"", ""node_params"": {""method"": 1}, ""contrast_level"": 2, ""node_type"": ""preprocess""}, {""node_id"": ""5162"", ""algorithm_step_name"": ""LightGBM"", ""node_name"": ""LightGBM分类器"", ""node_params"": {""boosting_type"": ""gbdt"", ""n_estimators"": 10, ""learning_rate"": 0.1, ""sampling_rate"": 0.1, ""max_depth_check"": false, ""max_depth"": 3, ""num_leaves_check"": false, ""num_leaves"": 31}, ""contrast_level"": 2, ""node_type"": ""model""}, {""node_id"": ""5163"", ""algorithm_step_name"": ""Dataset Division"", ""node_name"": ""Data Sampler"", ""node_params"": {}, ""contrast_level"": 1, ""node_type"": ""preprocess""}]}",1.0
我需要将数据划分的比例设置为8:2,1.0,4758,113,11.355872631072998,5.846449375152588,2.1486103534698486,3.360812902450561,0,"{""edges"": [{""edge_id"": ""26017"", ""source_node_id"": ""5164"", ""target_node_id"": ""5165""}, {""edge_id"": ""26018"", ""source_node_id"": ""5165"", ""target_node_id"": ""5166""}, {""edge_id"": ""26019"", ""source_node_id"": ""5166"", ""target_node_id"": ""5167""}], ""nodes"": [{""node_id"": ""5164"", ""widget_name"": ""File"", ""node_name"": ""鸢尾花示例数据"", ""node_params"": {""type"": ""sample"", ""filename"": ""iris.csv""}, ""matched"": true}, {""node_id"": ""5165"", ""widget_name"": ""Impute"", ""node_name"": ""缺失值填充"", ""node_params"": {""method"": 1}, ""matched"": true}, {""node_id"": ""5166"", ""widget_name"": ""Data Sampler"", ""node_name"": ""数据采样"", ""node_params"": {""sampling_type"": 0, ""percentage"": 20, ""n_samples"": 15, ""replacement"": false, ""n_folds"": 10, ""selected_folds"": 1, ""replicable"": false, ""stratified"": false}, ""matched"": true}, {""node_id"": ""5167"", ""widget_name"": ""LightGBM"", ""node_name"": ""LightGBM分类器"", ""node_params"": {""boosting_type"": ""gbdt"", ""n_estimators"": 10, ""learning_rate"": 0.1, ""sampling_rate"": 0.1, ""max_depth_check"": false, ""max_depth"": 3, ""num_leaves_check"": false, ""num_leaves"": 31}, ""matched"": true}]}","{""dependency_requirements"": [{""edge_id"": ""4032"", ""source_node_id"": ""5164"", ""target_node_id"": ""5165""}, {""edge_id"": ""4033"", ""source_node_id"": ""5165"", ""target_node_id"": ""5166""}, {""edge_id"": ""4034"", ""source_node_id"": ""5166"", ""target_node_id"": ""5167""}], ""step_requirements"": [{""node_id"": ""5164"", ""algorithm_step_name"": ""Tabular Dataset Loading"", ""node_name"": ""鸢尾花示例数据"", ""node_params"": {""type"": ""sample"", ""filename"": ""iris.csv""}, ""contrast_level"": 2, ""node_type"": ""io""}, {""node_id"": ""5165"", ""algorithm_step_name"": ""Missing Value Handling"", ""node_name"": ""缺失值填充"", ""node_params"": {""method"": 1}, ""contrast_level"": 2, ""node_type"": ""preprocess""}, {""node_id"": ""5166"", ""algorithm_step_name"": ""Dataset Division"", ""node_name"": ""数据采样"", ""node_params"": {""sampling_type"": 0, ""percentage"": 20, ""n_samples"": 15, ""replacement"": false, ""n_folds"": 10, ""selected_folds"": 1, ""replicable"": false, ""stratified"": false}, ""contrast_level"": 2, ""node_type"": ""preprocess""}, {""node_id"": ""5167"", ""algorithm_step_name"": ""LightGBM"", ""node_name"": ""LightGBM分类器"", ""node_params"": {""boosting_type"": ""gbdt"", ""n_estimators"": 10, ""learning_rate"": 0.1, ""sampling_rate"": 0.1, ""max_depth_check"": false, ""max_depth"": 3, ""num_leaves_check"": false, ""num_leaves"": 31}, ""contrast_level"": 2, ""node_type"": ""model""}]}",1.0
帮我添加一个模型评估步骤,1.0,2832,164,11.698732376098633,7.580308198928833,0.0010004043579101,4.11742377281189,0,"{""edges"": [{""edge_id"": ""26020"", ""source_node_id"": ""2899"", ""target_node_id"": ""2900""}, {""edge_id"": ""26021"", ""source_node_id"": ""2900"", ""target_node_id"": ""2901""}, {""edge_id"": ""26022"", ""source_node_id"": ""2901"", ""target_node_id"": ""2902""}, {""edge_id"": ""26023"", ""source_node_id"": ""2901"", ""target_node_id"": ""2903""}, {""edge_id"": ""26025"", ""source_node_id"": ""2902"", ""target_node_id"": ""2903""}], ""nodes"": [{""node_id"": ""2899"", ""widget_name"": ""File"", ""node_name"": ""鸢尾花示例数据"", ""node_params"": {""type"": ""sample"", ""filename"": ""iris.csv""}, ""matched"": true}, {""node_id"": ""2900"", ""widget_name"": ""Impute"", ""node_name"": ""缺失值处理"", ""node_params"": {""method"": 1}, ""matched"": true}, {""node_id"": ""2901"", ""widget_name"": ""Data Sampler"", ""node_name"": ""数据划分处理"", ""node_params"": {""sampling_type"": 0, ""percentage"": 10, ""n_samples"": 15, ""replacement"": false, ""n_folds"": 10, ""selected_folds"": 1, ""replicable"": false, ""stratified"": false}, ""matched"": true}, {""node_id"": ""2902"", ""widget_name"": ""LightGBM"", ""node_name"": ""LightGBM分类器"", ""node_params"": {""boosting_type"": ""gbdt"", ""n_estimators"": 10, ""learning_rate"": 0.1, ""sampling_rate"": 0.1, ""max_depth_check"": false, ""max_depth"": 3, ""num_leaves_check"": false, ""num_leaves"": 31}, ""matched"": true}, {""node_id"": ""2903"", ""widget_name"": ""Test & Score"", ""node_name"": ""测试评分"", ""node_params"": {}, ""matched"": true}]}","{""dependency_requirements"": [{""edge_id"": ""2379"", ""source_node_id"": ""2899"", ""target_node_id"": ""2900""}, {""edge_id"": ""2380"", ""source_node_id"": ""2900"", ""target_node_id"": ""2901""}, {""edge_id"": ""2381"", ""source_node_id"": ""2901"", ""target_node_id"": ""2902""}, {""edge_id"": ""2382"", ""source_node_id"": ""2901"", ""target_node_id"": ""2903""}, {""edge_id"": ""2384"", ""source_node_id"": ""2902"", ""target_node_id"": ""2903""}], ""step_requirements"": [{""node_id"": ""2899"", ""algorithm_step_name"": ""Tabular Dataset Loading"", ""node_name"": ""鸢尾花示例数据"", ""node_params"": {""type"": ""sample"", ""filename"": ""iris.csv""}, ""contrast_level"": 2, ""node_type"": ""io""}, {""node_id"": ""2900"", ""algorithm_step_name"": ""Missing Value Handling"", ""node_name"": ""缺失值处理"", ""node_params"": {""method"": 1}, ""contrast_level"": 2, ""node_type"": ""preprocess""}, {""node_id"": ""2901"", ""algorithm_step_name"": ""Dataset Division"", ""node_name"": ""数据划分处理"", ""node_params"": {""sampling_type"": 0, ""percentage"": 10, ""n_samples"": 15, ""replacement"": false, ""n_folds"": 10, ""selected_folds"": 1, ""replicable"": false, ""stratified"": false}, ""contrast_level"": 2, ""node_type"": ""preprocess""}, {""node_id"": ""2902"", ""algorithm_step_name"": ""LightGBM"", ""node_name"": ""LightGBM分类器"", ""node_params"": {""boosting_type"": ""gbdt"", ""n_estimators"": 10, ""learning_rate"": 0.1, ""sampling_rate"": 0.1, ""max_depth_check"": false, ""max_depth"": 3, ""num_leaves_check"": false, ""num_leaves"": 31}, ""contrast_level"": 2, ""node_type"": ""model""}, {""node_id"": ""2903"", ""algorithm_step_name"": ""Model Evaluate"", ""node_name"": ""模型评估"", ""node_params"": {}, ""contrast_level"": 1, ""node_type"": ""evaluate""}]}",1.0
数据集中没有缺失值，所以帮我把缺失值这个步骤删除掉。,1.0,4960,136,13.167823553085327,5.934318065643311,2.1578562259674072,5.075649261474609,0,"{""edges"": [{""edge_id"": ""26028"", ""source_node_id"": ""2906"", ""target_node_id"": ""2907""}, {""edge_id"": ""26029"", ""source_node_id"": ""2906"", ""target_node_id"": ""2908""}, {""edge_id"": ""26031"", ""source_node_id"": ""2907"", ""target_node_id"": ""2908""}, {""edge_id"": ""26032"", ""source_node_id"": ""2904"", ""target_node_id"": ""2906""}], ""nodes"": [{""node_id"": ""2904"", ""widget_name"": ""File"", ""node_name"": ""鸢尾花示例数据"", ""node_params"": {""type"": ""sample"", ""filename"": ""iris.csv""}, ""matched"": true}, {""node_id"": ""2906"", ""widget_name"": ""Data Sampler"", ""node_name"": ""数据划分处理"", ""node_params"": {""sampling_type"": 0, ""percentage"": 10, ""n_samples"": 15, ""replacement"": false, ""n_folds"": 10, ""selected_folds"": 1, ""replicable"": false, ""stratified"": false}, ""matched"": true}, {""node_id"": ""2907"", ""widget_name"": ""LightGBM"", ""node_name"": ""LightGBM分类器"", ""node_params"": {""boosting_type"": ""gbdt"", ""n_estimators"": 10, ""learning_rate"": 0.1, ""sampling_rate"": 0.1, ""max_depth_check"": false, ""max_depth"": 3, ""num_leaves_check"": false, ""num_leaves"": 31}, ""matched"": true}, {""node_id"": ""2908"", ""widget_name"": ""Test & Score"", ""node_name"": ""模型评估"", ""node_params"": {}, ""matched"": true}]}","{""dependency_requirements"": [{""edge_id"": ""2387"", ""source_node_id"": ""2906"", ""target_node_id"": ""2907""}, {""edge_id"": ""2388"", ""source_node_id"": ""2906"", ""target_node_id"": ""2908""}, {""edge_id"": ""2390"", ""source_node_id"": ""2907"", ""target_node_id"": ""2908""}, {""edge_id"": ""2391"", ""source_node_id"": ""2904"", ""target_node_id"": ""2906""}], ""step_requirements"": [{""node_id"": ""2904"", ""algorithm_step_name"": ""Tabular Dataset Loading"", ""node_name"": ""鸢尾花示例数据"", ""node_params"": {""type"": ""sample"", ""filename"": ""iris.csv""}, ""contrast_level"": 2, ""node_type"": ""io""}, {""node_id"": ""2906"", ""algorithm_step_name"": ""Dataset Division"", ""node_name"": ""数据划分处理"", ""node_params"": {""sampling_type"": 0, ""percentage"": 10, ""n_samples"": 15, ""replacement"": false, ""n_folds"": 10, ""selected_folds"": 1, ""replicable"": false, ""stratified"": false}, ""contrast_level"": 2, ""node_type"": ""preprocess""}, {""node_id"": ""2907"", ""algorithm_step_name"": ""LightGBM"", ""node_name"": ""LightGBM分类器"", ""node_params"": {""boosting_type"": ""gbdt"", ""n_estimators"": 10, ""learning_rate"": 0.1, ""sampling_rate"": 0.1, ""max_depth_check"": false, ""max_depth"": 3, ""num_leaves_check"": false, ""num_leaves"": 31}, ""contrast_level"": 2, ""node_type"": ""model""}, {""node_id"": ""2908"", ""algorithm_step_name"": ""Model Evaluate"", ""node_name"": ""模型评估"", ""node_params"": {}, ""contrast_level"": 2, ""node_type"": ""evaluate""}]}",1.0
删除工作流中的KNN模型。,1.0,4798,179,17.310964107513428,6.589802026748657,3.726204872131348,6.994957208633423,0,"{""edges"": [{""edge_id"": ""26033"", ""source_node_id"": ""2914"", ""target_node_id"": ""2915""}, {""edge_id"": ""26034"", ""source_node_id"": ""2915"", ""target_node_id"": ""2916""}, {""edge_id"": ""26036"", ""source_node_id"": ""2915"", ""target_node_id"": ""2918""}, {""edge_id"": ""26038"", ""source_node_id"": ""2916"", ""target_node_id"": ""2918""}], ""nodes"": [{""node_id"": ""2914"", ""widget_name"": ""File"", ""node_name"": ""鸢尾花示例数据"", ""node_params"": {""type"": ""sample"", ""filename"": ""iris.csv""}, ""matched"": true}, {""node_id"": ""2915"", ""widget_name"": ""Data Sampler"", ""node_name"": ""数据划分处理"", ""node_params"": {""sampling_type"": 0, ""percentage"": 10, ""n_samples"": 15, ""replacement"": false, ""n_folds"": 10, ""selected_folds"": 1, ""replicable"": false, ""stratified"": false}, ""matched"": true}, {""node_id"": ""2916"", ""widget_name"": ""LightGBM"", ""node_name"": ""LightGBM分类器"", ""node_params"": {""boosting_type"": ""gbdt"", ""n_estimators"": 10, ""learning_rate"": 0.1, ""sampling_rate"": 0.1, ""max_depth_check"": false, ""max_depth"": 3, ""num_leaves_check"": false, ""num_leaves"": 31}, ""matched"": true}, {""node_id"": ""2918"", ""widget_name"": ""Test & Score"", ""node_name"": ""模型评估"", ""node_params"": {}, ""matched"": true}]}","{""dependency_requirements"": [{""edge_id"": ""2399"", ""source_node_id"": ""2914"", ""target_node_id"": ""2915""}, {""edge_id"": ""2400"", ""source_node_id"": ""2915"", ""target_node_id"": ""2916""}, {""edge_id"": ""2402"", ""source_node_id"": ""2915"", ""target_node_id"": ""2918""}, {""edge_id"": ""2404"", ""source_node_id"": ""2916"", ""target_node_id"": ""2918""}], ""step_requirements"": [{""node_id"": ""2914"", ""algorithm_step_name"": ""Tabular Dataset Loading"", ""node_name"": ""鸢尾花示例数据"", ""node_params"": {""type"": ""sample"", ""filename"": ""iris.csv""}, ""contrast_level"": 2, ""node_type"": ""io""}, {""node_id"": ""2915"", ""algorithm_step_name"": ""Dataset Division"", ""node_name"": ""数据划分处理"", ""node_params"": {""sampling_type"": 0, ""percentage"": 10, ""n_samples"": 15, ""replacement"": false, ""n_folds"": 10, ""selected_folds"": 1, ""replicable"": false, ""stratified"": false}, ""contrast_level"": 2, ""node_type"": ""preprocess""}, {""node_id"": ""2916"", ""algorithm_step_name"": ""LightGBM"", ""node_name"": ""LightGBM分类器"", ""node_params"": {""boosting_type"": ""gbdt"", ""n_estimators"": 10, ""learning_rate"": 0.1, ""sampling_rate"": 0.1, ""max_depth_check"": false, ""max_depth"": 3, ""num_leaves_check"": false, ""num_leaves"": 31}, ""contrast_level"": 2, ""node_type"": ""model""}, {""node_id"": ""2918"", ""algorithm_step_name"": ""Model Evaluate"", ""node_name"": ""模型评估"", ""node_params"": {}, ""contrast_level"": 2, ""node_type"": ""evaluate""}]}",1.0
帮我把工作流中的缺失值处理步骤和多余的KNN模型都删除掉,1.0,8583,207,23.169675588607788,8.464908361434937,5.749440670013428,8.955326557159424,0,"{""edges"": [{""edge_id"": ""26042"", ""source_node_id"": ""2921"", ""target_node_id"": ""2922""}, {""edge_id"": ""26044"", ""source_node_id"": ""2921"", ""target_node_id"": ""2924""}, {""edge_id"": ""26046"", ""source_node_id"": ""2922"", ""target_node_id"": ""2924""}, {""edge_id"": ""26048"", ""source_node_id"": ""2919"", ""target_node_id"": ""2921""}], ""nodes"": [{""node_id"": ""2919"", ""widget_name"": ""File"", ""node_name"": ""鸢尾花示例数据"", ""node_params"": {""type"": ""sample"", ""filename"": ""iris.csv""}, ""matched"": true}, {""node_id"": ""2921"", ""widget_name"": ""Data Sampler"", ""node_name"": ""数据划分处理"", ""node_params"": {""sampling_type"": 0, ""percentage"": 10, ""n_samples"": 15, ""replacement"": false, ""n_folds"": 10, ""selected_folds"": 1, ""replicable"": false, ""stratified"": false}, ""matched"": true}, {""node_id"": ""2922"", ""widget_name"": ""LightGBM"", ""node_name"": ""LightGBM分类器"", ""node_params"": {""boosting_type"": ""gbdt"", ""n_estimators"": 10, ""learning_rate"": 0.1, ""sampling_rate"": 0.1, ""max_depth_check"": false, ""max_depth"": 3, ""num_leaves_check"": false, ""num_leaves"": 31}, ""matched"": true}, {""node_id"": ""2924"", ""widget_name"": ""Test & Score"", ""node_name"": ""模型评估"", ""node_params"": {}, ""matched"": true}]}","{""dependency_requirements"": [{""edge_id"": ""2408"", ""source_node_id"": ""2921"", ""target_node_id"": ""2922""}, {""edge_id"": ""2410"", ""source_node_id"": ""2921"", ""target_node_id"": ""2924""}, {""edge_id"": ""2412"", ""source_node_id"": ""2922"", ""target_node_id"": ""2924""}, {""edge_id"": ""2414"", ""source_node_id"": ""2919"", ""target_node_id"": ""2921""}], ""step_requirements"": [{""node_id"": ""2919"", ""algorithm_step_name"": ""Tabular Dataset Loading"", ""node_name"": ""鸢尾花示例数据"", ""node_params"": {""type"": ""sample"", ""filename"": ""iris.csv""}, ""contrast_level"": 2, ""node_type"": ""io""}, {""node_id"": ""2921"", ""algorithm_step_name"": ""Dataset Division"", ""node_name"": ""数据划分处理"", ""node_params"": {""sampling_type"": 0, ""percentage"": 10, ""n_samples"": 15, ""replacement"": false, ""n_folds"": 10, ""selected_folds"": 1, ""replicable"": false, ""stratified"": false}, ""contrast_level"": 2, ""node_type"": ""preprocess""}, {""node_id"": ""2922"", ""algorithm_step_name"": ""LightGBM"", ""node_name"": ""LightGBM分类器"", ""node_params"": {""boosting_type"": ""gbdt"", ""n_estimators"": 10, ""learning_rate"": 0.1, ""sampling_rate"": 0.1, ""max_depth_check"": false, ""max_depth"": 3, ""num_leaves_check"": false, ""num_leaves"": 31}, ""contrast_level"": 2, ""node_type"": ""model""}, {""node_id"": ""2924"", ""algorithm_step_name"": ""Model Evaluate"", ""node_name"": ""模型评估"", ""node_params"": {}, ""contrast_level"": 2, ""node_type"": ""evaluate""}]}",1.0
在数据抽样之前添加一个特征选择步骤，然后把数据抽样的抽样比例设置为抽取30%。,1.0,7740,284,23.42800998687744,8.900468826293945,2.109118700027466,12.41842246055603,0,"{""edges"": [{""edge_id"": ""26050"", ""source_node_id"": ""2991"", ""target_node_id"": ""2988""}, {""edge_id"": ""26051"", ""source_node_id"": ""2988"", ""target_node_id"": ""2989""}, {""edge_id"": ""26052"", ""source_node_id"": ""2988"", ""target_node_id"": ""2990""}, {""edge_id"": ""26053"", ""source_node_id"": ""2989"", ""target_node_id"": ""2990""}, {""edge_id"": ""26054"", ""source_node_id"": ""2987"", ""target_node_id"": ""2991""}], ""nodes"": [{""node_id"": ""2987"", ""widget_name"": ""File"", ""node_name"": ""鸢尾花示例数据"", ""node_params"": {""type"": ""sample"", ""filename"": ""iris.csv""}, ""matched"": true}, {""node_id"": ""2988"", ""widget_name"": ""Data Sampler"", ""node_name"": ""数据划分处理"", ""node_params"": {""sampling_type"": 0, ""percentage"": 30, ""n_samples"": 15, ""replacement"": false, ""n_folds"": 10, ""selected_folds"": 1, ""replicable"": false, ""stratified"": false}, ""matched"": true}, {""node_id"": ""2989"", ""widget_name"": ""LightGBM"", ""node_name"": ""LightGBM分类器"", ""node_params"": {""boosting_type"": ""gbdt"", ""n_estimators"": 10, ""learning_rate"": 0.1, ""sampling_rate"": 0.1, ""max_depth_check"": false, ""max_depth"": 3, ""num_leaves_check"": false, ""num_leaves"": 31}, ""matched"": true}, {""node_id"": ""2990"", ""widget_name"": ""Predictions"", ""node_name"": ""预测"", ""node_params"": {""output_attrs"": true, ""output_predictions"": true, ""output_probabilities"": false}, ""matched"": true}, {""node_id"": ""2991"", ""widget_name"": ""Select Best N Attributes"", ""node_name"": ""特征选择"", ""node_params"": {""n"": 3}, ""matched"": true}]}","{""dependency_requirements"": [{""edge_id"": ""2485"", ""source_node_id"": ""2991"", ""target_node_id"": ""2988""}, {""edge_id"": ""2486"", ""source_node_id"": ""2988"", ""target_node_id"": ""2989""}, {""edge_id"": ""2487"", ""source_node_id"": ""2988"", ""target_node_id"": ""2990""}, {""edge_id"": ""2488"", ""source_node_id"": ""2989"", ""target_node_id"": ""2990""}, {""edge_id"": ""2489"", ""source_node_id"": ""2987"", ""target_node_id"": ""2991""}], ""step_requirements"": [{""node_id"": ""2987"", ""algorithm_step_name"": ""Tabular Dataset Loading"", ""node_name"": ""鸢尾花示例数据"", ""node_params"": {""type"": ""sample"", ""filename"": ""iris.csv""}, ""contrast_level"": 2, ""node_type"": ""io""}, {""node_id"": ""2988"", ""algorithm_step_name"": ""Dataset Division"", ""node_name"": ""数据划分处理"", ""node_params"": {""sampling_type"": 0, ""percentage"": 30, ""n_samples"": 15, ""replacement"": false, ""n_folds"": 10, ""selected_folds"": 1, ""replicable"": false, ""stratified"": false}, ""contrast_level"": 2, ""node_type"": ""preprocess""}, {""node_id"": ""2989"", ""algorithm_step_name"": ""LightGBM"", ""node_name"": ""LightGBM分类器"", ""node_params"": {""boosting_type"": ""gbdt"", ""n_estimators"": 10, ""learning_rate"": 0.1, ""sampling_rate"": 0.1, ""max_depth_check"": false, ""max_depth"": 3, ""num_leaves_check"": false, ""num_leaves"": 31}, ""contrast_level"": 2, ""node_type"": ""model""}, {""node_id"": ""2990"", ""algorithm_step_name"": ""Test Dataset Predictions"", ""node_name"": ""预测"", ""node_params"": {""output_attrs"": true, ""output_predictions"": true, ""output_probabilities"": false}, ""contrast_level"": 2, ""node_type"": ""predict""}, {""node_id"": ""2991"", ""algorithm_step_name"": ""Feature Selection"", ""node_name"": ""自动特征选择"", ""node_params"": {}, ""contrast_level"": 1, ""node_type"": ""feature engineering""}]}",1.0
帮我把数据划分的比例改为5:5，最后还需要你添加一个步骤帮我把预测结果保存。,1.0,7490,190,17.680859088897705,8.415776252746582,2.225209951400757,7.039872884750366,0,"{""edges"": [{""edge_id"": ""26055"", ""source_node_id"": ""2982"", ""target_node_id"": ""2983""}, {""edge_id"": ""26056"", ""source_node_id"": ""2983"", ""target_node_id"": ""2984""}, {""edge_id"": ""26057"", ""source_node_id"": ""2983"", ""target_node_id"": ""2985""}, {""edge_id"": ""26058"", ""source_node_id"": ""2984"", ""target_node_id"": ""2985""}, {""edge_id"": ""26059"", ""source_node_id"": ""2985"", ""target_node_id"": ""2986""}], ""nodes"": [{""node_id"": ""2982"", ""widget_name"": ""File"", ""node_name"": ""鸢尾花示例数据"", ""node_params"": {""type"": ""sample"", ""filename"": ""iris.csv""}, ""matched"": true}, {""node_id"": ""2983"", ""widget_name"": ""Data Sampler"", ""node_name"": ""数据划分处理"", ""node_params"": {""sampling_type"": 0, ""percentage"": 50, ""n_samples"": 15, ""replacement"": false, ""n_folds"": 10, ""selected_folds"": 1, ""replicable"": false, ""stratified"": false}, ""matched"": true}, {""node_id"": ""2984"", ""widget_name"": ""LightGBM"", ""node_name"": ""LightGBM分类器"", ""node_params"": {""boosting_type"": ""gbdt"", ""n_estimators"": 10, ""learning_rate"": 0.1, ""sampling_rate"": 0.1, ""max_depth_check"": false, ""max_depth"": 3, ""num_leaves_check"": false, ""num_leaves"": 31}, ""matched"": true}, {""node_id"": ""2985"", ""widget_name"": ""Predictions"", ""node_name"": ""预测"", ""node_params"": {""output_attrs"": true, ""output_predictions"": true, ""output_probabilities"": false}, ""matched"": true}, {""node_id"": ""2986"", ""widget_name"": ""Save Data"", ""node_name"": ""保存预测结果"", ""node_params"": {}, ""matched"": true}]}","{""dependency_requirements"": [{""edge_id"": ""2480"", ""source_node_id"": ""2982"", ""target_node_id"": ""2983""}, {""edge_id"": ""2481"", ""source_node_id"": ""2983"", ""target_node_id"": ""2984""}, {""edge_id"": ""2482"", ""source_node_id"": ""2983"", ""target_node_id"": ""2985""}, {""edge_id"": ""2483"", ""source_node_id"": ""2984"", ""target_node_id"": ""2985""}, {""edge_id"": ""2484"", ""source_node_id"": ""2985"", ""target_node_id"": ""2986""}], ""step_requirements"": [{""node_id"": ""2982"", ""algorithm_step_name"": ""Tabular Dataset Loading"", ""node_name"": ""鸢尾花示例数据"", ""node_params"": {""type"": ""sample"", ""filename"": ""iris.csv""}, ""contrast_level"": 2, ""node_type"": ""io""}, {""node_id"": ""2983"", ""algorithm_step_name"": ""Dataset Division"", ""node_name"": ""数据划分处理"", ""node_params"": {""sampling_type"": 0, ""percentage"": 50, ""n_samples"": 15, ""replacement"": false, ""n_folds"": 10, ""selected_folds"": 1, ""replicable"": false, ""stratified"": false}, ""contrast_level"": 2, ""node_type"": ""preprocess""}, {""node_id"": ""2984"", ""algorithm_step_name"": ""LightGBM"", ""node_name"": ""LightGBM分类器"", ""node_params"": {""boosting_type"": ""gbdt"", ""n_estimators"": 10, ""learning_rate"": 0.1, ""sampling_rate"": 0.1, ""max_depth_check"": false, ""max_depth"": 3, ""num_leaves_check"": false, ""num_leaves"": 31}, ""contrast_level"": 2, ""node_type"": ""model""}, {""node_id"": ""2985"", ""algorithm_step_name"": ""Test Dataset Predictions"", ""node_name"": ""预测"", ""node_params"": {""output_attrs"": true, ""output_predictions"": true, ""output_probabilities"": false}, ""contrast_level"": 2, ""node_type"": ""predict""}, {""node_id"": ""2986"", ""algorithm_step_name"": ""Save Data"", ""node_name"": ""Save Data"", ""node_params"": {}, ""contrast_level"": 1, ""node_type"": ""io""}]}",1.0
帮我把目标检测使用的模型换成SSD，学习率使用0.02。最后，我还需要查看训练日志。,1.0,6600,328,29.41666555404663,11.885917901992798,5.818336248397827,11.712411403656006,0,"{""edges"": [{""edge_id"": ""26061"", ""source_node_id"": ""2998"", ""target_node_id"": ""2999""}, {""edge_id"": ""26062"", ""source_node_id"": ""2999"", ""target_node_id"": ""3000""}], ""nodes"": [{""node_id"": ""2998"", ""widget_name"": ""Image"", ""node_name"": ""猫狗图像数据加载"", ""node_params"": {}, ""matched"": true}, {""node_id"": ""2999"", ""widget_name"": ""Object Detection"", ""node_name"": ""目标检测模型"", ""node_params"": {""frame"": ""pytorch"", ""select_model"": ""SSD"", ""backbone"": ""DarkNet53"", ""epoch"": 3, ""learning_rate"": 0.02, ""batch_size"": 2}, ""matched"": true}, {""node_id"": ""3000"", ""widget_name"": ""Train Log"", ""node_name"": ""训练日志"", ""node_params"": {}, ""matched"": true}]}","{""dependency_requirements"": [{""edge_id"": ""2495"", ""source_node_id"": ""2998"", ""target_node_id"": ""2999""}, {""edge_id"": ""2496"", ""source_node_id"": ""2999"", ""target_node_id"": ""3000""}], ""step_requirements"": [{""node_id"": ""2998"", ""algorithm_step_name"": ""Image Dataset Loading"", ""node_name"": ""猫狗图像数据"", ""node_params"": {}, ""contrast_level"": 2, ""node_type"": ""io""}, {""node_id"": ""2999"", ""algorithm_step_name"": ""Object Detection Model"", ""node_name"": ""目标检测"", ""node_params"": {""frame"": ""pytorch"", ""select_model"": ""SSD"", ""backbone"": ""DarkNet53"", ""epoch"": 3, ""learning_rate"": 0.02, ""batch_size"": 2}, ""contrast_level"": 2, ""node_type"": ""model""}, {""node_id"": ""3000"", ""algorithm_step_name"": ""Train Log"", ""node_name"": ""训练日志"", ""node_params"": {}, ""contrast_level"": 2, ""node_type"": ""visualize""}]}",1.0
帮我把缺失值处理方式修改为使用平均值填补，然后把多余的KNN模型删除掉。,1.0,8301,161,19.69212031364441,8.104364156723022,5.81410813331604,5.773648023605347,0,"{""edges"": [{""edge_id"": ""26063"", ""source_node_id"": ""2958"", ""target_node_id"": ""2959""}, {""edge_id"": ""26064"", ""source_node_id"": ""2959"", ""target_node_id"": ""2960""}, {""edge_id"": ""26065"", ""source_node_id"": ""2960"", ""target_node_id"": ""2961""}, {""edge_id"": ""26067"", ""source_node_id"": ""2960"", ""target_node_id"": ""2963""}, {""edge_id"": ""26069"", ""source_node_id"": ""2961"", ""target_node_id"": ""2963""}], ""nodes"": [{""node_id"": ""2958"", ""widget_name"": ""File"", ""node_name"": ""鸢尾花示例数据"", ""node_params"": {""type"": ""sample"", ""filename"": ""iris.csv""}, ""matched"": true}, {""node_id"": ""2959"", ""widget_name"": ""Impute"", ""node_name"": ""缺失值处理"", ""node_params"": {""method"": 2}, ""matched"": true}, {""node_id"": ""2960"", ""widget_name"": ""Data Sampler"", ""node_name"": ""数据划分处理"", ""node_params"": {""sampling_type"": 0, ""percentage"": 10, ""n_samples"": 15, ""replacement"": false, ""n_folds"": 10, ""selected_folds"": 1, ""replicable"": false, ""stratified"": false}, ""matched"": true}, {""node_id"": ""2961"", ""widget_name"": ""LightGBM"", ""node_name"": ""LightGBM分类器"", ""node_params"": {""boosting_type"": ""gbdt"", ""n_estimators"": 10, ""learning_rate"": 0.1, ""sampling_rate"": 0.1, ""max_depth_check"": false, ""max_depth"": 3, ""num_leaves_check"": false, ""num_leaves"": 31}, ""matched"": true}, {""node_id"": ""2963"", ""widget_name"": ""Test & Score"", ""node_name"": ""模型评估"", ""node_params"": {}, ""matched"": true}]}","{""dependency_requirements"": [{""edge_id"": ""2447"", ""source_node_id"": ""2958"", ""target_node_id"": ""2959""}, {""edge_id"": ""2448"", ""source_node_id"": ""2959"", ""target_node_id"": ""2960""}, {""edge_id"": ""2449"", ""source_node_id"": ""2960"", ""target_node_id"": ""2961""}, {""edge_id"": ""2451"", ""source_node_id"": ""2960"", ""target_node_id"": ""2963""}, {""edge_id"": ""2453"", ""source_node_id"": ""2961"", ""target_node_id"": ""2963""}], ""step_requirements"": [{""node_id"": ""2958"", ""algorithm_step_name"": ""Tabular Dataset Loading"", ""node_name"": ""鸢尾花示例数据"", ""node_params"": {""type"": ""sample"", ""filename"": ""iris.csv""}, ""contrast_level"": 2, ""node_type"": ""io""}, {""node_id"": ""2959"", ""algorithm_step_name"": ""Missing Value Handling"", ""node_name"": ""缺失值处理"", ""node_params"": {""method"": 2}, ""contrast_level"": 2, ""node_type"": ""preprocess""}, {""node_id"": ""2960"", ""algorithm_step_name"": ""Dataset Division"", ""node_name"": ""数据划分处理"", ""node_params"": {""sampling_type"": 0, ""percentage"": 10, ""n_samples"": 15, ""replacement"": false, ""n_folds"": 10, ""selected_folds"": 1, ""replicable"": false, ""stratified"": false}, ""contrast_level"": 2, ""node_type"": ""preprocess""}, {""node_id"": ""2961"", ""algorithm_step_name"": ""LightGBM"", ""node_name"": ""LightGBM分类器"", ""node_params"": {""boosting_type"": ""gbdt"", ""n_estimators"": 10, ""learning_rate"": 0.1, ""sampling_rate"": 0.1, ""max_depth_check"": false, ""max_depth"": 3, ""num_leaves_check"": false, ""num_leaves"": 31}, ""contrast_level"": 2, ""node_type"": ""model""}, {""node_id"": ""2963"", ""algorithm_step_name"": ""Model Evaluate"", ""node_name"": ""模型评估"", ""node_params"": {}, ""contrast_level"": 2, ""node_type"": ""evaluate""}]}",1.0
独热编码这个步骤是冗余的，帮我删除掉。在这之后还需要你将随机森林数的数量改为30，缺失值的处理方法改为用随机值填补。,1.0,12542,279,31.35223960876465,11.435709714889526,8.004308462142944,11.912221431732178,0,"{""edges"": [{""edge_id"": ""26071"", ""source_node_id"": ""3002"", ""target_node_id"": ""3003""}, {""edge_id"": ""26074"", ""source_node_id"": ""3005"", ""target_node_id"": ""3006""}, {""edge_id"": ""26075"", ""source_node_id"": ""3005"", ""target_node_id"": ""3007""}, {""edge_id"": ""26077"", ""source_node_id"": ""3006"", ""target_node_id"": ""3007""}, {""edge_id"": ""26078"", ""source_node_id"": ""3003"", ""target_node_id"": ""3005""}], ""nodes"": [{""node_id"": ""3002"", ""widget_name"": ""File"", ""node_name"": ""数据"", ""node_params"": {""type"": ""sample"", ""filename"": ""iris.csv""}, ""matched"": true}, {""node_id"": ""3003"", ""widget_name"": ""Impute"", ""node_name"": ""缺失值处理"", ""node_params"": {""method"": 4}, ""matched"": true}, {""node_id"": ""3005"", ""widget_name"": ""Data Sampler"", ""node_name"": ""数据采样"", ""node_params"": {""sampling_type"": 0, ""percentage"": 10, ""n_samples"": 15, ""replacement"": false, ""n_folds"": 10, ""selected_folds"": 1, ""replicable"": false, ""stratified"": false}, ""matched"": true}, {""node_id"": ""3006"", ""widget_name"": ""Random Forest"", ""node_name"": ""随机森林"", ""node_params"": {""n_estimators"": 30, ""use_max_features"": false, ""max_features"": ""auto"", ""use_random_state"": false, ""use_max_depth"": false, ""max_depth"": 3, ""use_min_samples_split"": true, ""min_samples_split"": 2}, ""matched"": true}, {""node_id"": ""3007"", ""widget_name"": ""Test & Score"", ""node_name"": ""测试得分"", ""node_params"": {}, ""matched"": true}]}","{""dependency_requirements"": [{""edge_id"": ""2497"", ""source_node_id"": ""3002"", ""target_node_id"": ""3003""}, {""edge_id"": ""2500"", ""source_node_id"": ""3005"", ""target_node_id"": ""3006""}, {""edge_id"": ""2501"", ""source_node_id"": ""3005"", ""target_node_id"": ""3007""}, {""edge_id"": ""2503"", ""source_node_id"": ""3006"", ""target_node_id"": ""3007""}, {""edge_id"": ""2504"", ""source_node_id"": ""3003"", ""target_node_id"": ""3005""}], ""step_requirements"": [{""node_id"": ""3002"", ""algorithm_step_name"": ""Tabular Dataset Loading"", ""node_name"": ""数据"", ""node_params"": {""type"": ""sample"", ""filename"": ""iris.csv""}, ""contrast_level"": 2, ""node_type"": ""io""}, {""node_id"": ""3003"", ""algorithm_step_name"": ""Missing Value Handling"", ""node_name"": ""缺失值处理"", ""node_params"": {""method"": 4}, ""contrast_level"": 2, ""node_type"": ""preprocess""}, {""node_id"": ""3005"", ""algorithm_step_name"": ""Dataset Division"", ""node_name"": ""数据采样"", ""node_params"": {""sampling_type"": 0, ""percentage"": 10, ""n_samples"": 15, ""replacement"": false, ""n_folds"": 10, ""selected_folds"": 1, ""replicable"": false, ""stratified"": false}, ""contrast_level"": 2, ""node_type"": ""preprocess""}, {""node_id"": ""3006"", ""algorithm_step_name"": ""Random Forest"", ""node_name"": ""随机森林"", ""node_params"": {""n_estimators"": 30, ""use_max_features"": false, ""max_features"": ""auto"", ""use_random_state"": false, ""use_max_depth"": false, ""max_depth"": 3, ""use_min_samples_split"": true, ""min_samples_split"": 2}, ""contrast_level"": 2, ""node_type"": ""model""}, {""node_id"": ""3007"", ""algorithm_step_name"": ""Model Evaluate"", ""node_name"": ""测试得分"", ""node_params"": {}, ""contrast_level"": 2, ""node_type"": ""evaluate""}]}",1.0
帮我把多余的模型都删除掉，只留下LightGBM，并把LightGBM的学习率改为0.01。,1.0,5700,252,22.033361196517944,12.620215892791748,3.891270160675049,5.521875143051148,0,"{""edges"": [{""edge_id"": ""26079"", ""source_node_id"": ""3032"", ""target_node_id"": ""3033""}, {""edge_id"": ""26081"", ""source_node_id"": ""3033"", ""target_node_id"": ""3035""}, {""edge_id"": ""26084"", ""source_node_id"": ""3033"", ""target_node_id"": ""3038""}, {""edge_id"": ""26087"", ""source_node_id"": ""3035"", ""target_node_id"": ""3038""}], ""nodes"": [{""node_id"": ""3032"", ""widget_name"": ""File"", ""node_name"": ""数据"", ""node_params"": {""type"": ""sample"", ""filename"": ""iris.csv""}, ""matched"": true}, {""node_id"": ""3033"", ""widget_name"": ""Data Sampler"", ""node_name"": ""数据采样"", ""node_params"": {""sampling_type"": 0, ""percentage"": 10, ""n_samples"": 15, ""replacement"": false, ""n_folds"": 10, ""selected_folds"": 1, ""replicable"": false, ""stratified"": false}, ""matched"": true}, {""node_id"": ""3035"", ""widget_name"": ""LightGBM"", ""node_name"": ""LightGBM"", ""node_params"": {""boosting_type"": ""gbdt"", ""n_estimators"": 10, ""learning_rate"": 0.01, ""sampling_rate"": 0.1, ""max_depth_check"": false, ""max_depth"": 3, ""num_leaves_check"": false, ""num_leaves"": 31}, ""matched"": true}, {""node_id"": ""3038"", ""widget_name"": ""Test & Score"", ""node_name"": ""测试得分"", ""node_params"": {}, ""matched"": true}]}","{""dependency_requirements"": [{""edge_id"": ""2536"", ""source_node_id"": ""3032"", ""target_node_id"": ""3033""}, {""edge_id"": ""2538"", ""source_node_id"": ""3033"", ""target_node_id"": ""3035""}, {""edge_id"": ""2541"", ""source_node_id"": ""3033"", ""target_node_id"": ""3038""}, {""edge_id"": ""2544"", ""source_node_id"": ""3035"", ""target_node_id"": ""3038""}], ""step_requirements"": [{""node_id"": ""3032"", ""algorithm_step_name"": ""Tabular Dataset Loading"", ""node_name"": ""数据"", ""node_params"": {""type"": ""sample"", ""filename"": ""iris.csv""}, ""contrast_level"": 2, ""node_type"": ""io""}, {""node_id"": ""3033"", ""algorithm_step_name"": ""Dataset Division"", ""node_name"": ""数据采样"", ""node_params"": {""sampling_type"": 0, ""percentage"": 10, ""n_samples"": 15, ""replacement"": false, ""n_folds"": 10, ""selected_folds"": 1, ""replicable"": false, ""stratified"": false}, ""contrast_level"": 2, ""node_type"": ""preprocess""}, {""node_id"": ""3035"", ""algorithm_step_name"": ""LightGBM"", ""node_name"": ""LightGBM"", ""node_params"": {""boosting_type"": ""gbdt"", ""n_estimators"": 10, ""learning_rate"": 0.01, ""sampling_rate"": 0.1, ""max_depth_check"": false, ""max_depth"": 3, ""num_leaves_check"": false, ""num_leaves"": 31}, ""contrast_level"": 2, ""node_type"": ""model""}, {""node_id"": ""3038"", ""algorithm_step_name"": ""Model Evaluate"", ""node_name"": ""测试得分"", ""node_params"": {}, ""contrast_level"": 2, ""node_type"": ""evaluate""}]}",1.0
帮我把LightGBM模型更换为XGBoost。,1.0,5735,165,16.95834183692932,7.188527822494507,3.691603422164917,6.0782105922698975,0,"{""edges"": [{""edge_id"": ""26090"", ""source_node_id"": ""2964"", ""target_node_id"": ""2965""}, {""edge_id"": ""26091"", ""source_node_id"": ""2965"", ""target_node_id"": ""2966""}, {""edge_id"": ""26093"", ""source_node_id"": ""2966"", ""target_node_id"": ""2968""}, {""edge_id"": ""26096"", ""source_node_id"": ""2966"", ""target_node_id"": ""2969""}, {""edge_id"": ""26097"", ""source_node_id"": ""2969"", ""target_node_id"": ""2968""}], ""nodes"": [{""node_id"": ""2964"", ""widget_name"": ""File"", ""node_name"": ""鸢尾花示例数据"", ""node_params"": {""type"": ""sample"", ""filename"": ""iris.csv""}, ""matched"": true}, {""node_id"": ""2965"", ""widget_name"": ""Impute"", ""node_name"": ""缺失值处理"", ""node_params"": {""method"": 1}, ""matched"": true}, {""node_id"": ""2966"", ""widget_name"": ""Data Sampler"", ""node_name"": ""数据划分处理"", ""node_params"": {""sampling_type"": 0, ""percentage"": 10, ""n_samples"": 15, ""replacement"": false, ""n_folds"": 10, ""selected_folds"": 1, ""replicable"": false, ""stratified"": false}, ""matched"": true}, {""node_id"": ""2968"", ""widget_name"": ""Test & Score"", ""node_name"": ""模型评估"", ""node_params"": {}, ""matched"": true}, {""node_id"": ""2969"", ""widget_name"": ""XGBoost"", ""node_name"": ""XGBoost分类器"", ""node_params"": {""booster"": ""gbtree"", ""learning_rate"": 0.3, ""gamma"": 0, ""max_depth"": 6, ""min_child_widget"": 1, ""max_delta_step"": 0, ""subsample"": 1, ""sampling_method"": ""uniform"", ""lambda"": 1, ""alpha"": 0, ""tree_method"": ""auto"", ""scale_pos_weight"": 1, ""updater"": ""grow_colmaker"", ""process_type"": ""default"", ""grow_policy"": ""depthwise""}, ""matched"": true}]}","{""dependency_requirements"": [{""edge_id"": ""2455"", ""source_node_id"": ""2964"", ""target_node_id"": ""2965""}, {""edge_id"": ""2456"", ""source_node_id"": ""2965"", ""target_node_id"": ""2966""}, {""edge_id"": ""2458"", ""source_node_id"": ""2966"", ""target_node_id"": ""2968""}, {""edge_id"": ""2461"", ""source_node_id"": ""2966"", ""target_node_id"": ""2969""}, {""edge_id"": ""2462"", ""source_node_id"": ""2969"", ""target_node_id"": ""2968""}], ""step_requirements"": [{""node_id"": ""2964"", ""algorithm_step_name"": ""Tabular Dataset Loading"", ""node_name"": ""鸢尾花示例数据"", ""node_params"": {""type"": ""sample"", ""filename"": ""iris.csv""}, ""contrast_level"": 2, ""node_type"": ""io""}, {""node_id"": ""2965"", ""algorithm_step_name"": ""Missing Value Handling"", ""node_name"": ""缺失值处理"", ""node_params"": {""method"": 1}, ""contrast_level"": 2, ""node_type"": ""preprocess""}, {""node_id"": ""2966"", ""algorithm_step_name"": ""Dataset Division"", ""node_name"": ""数据划分处理"", ""node_params"": {""sampling_type"": 0, ""percentage"": 10, ""n_samples"": 15, ""replacement"": false, ""n_folds"": 10, ""selected_folds"": 1, ""replicable"": false, ""stratified"": false}, ""contrast_level"": 2, ""node_type"": ""preprocess""}, {""node_id"": ""2968"", ""algorithm_step_name"": ""Model Evaluate"", ""node_name"": ""模型评估"", ""node_params"": {}, ""contrast_level"": 2, ""node_type"": ""evaluate""}, {""node_id"": ""2969"", ""algorithm_step_name"": ""XGBoost"", ""node_name"": ""XGBoost分类器"", ""node_params"": {}, ""contrast_level"": 1, ""node_type"": ""model""}]}",1.0
我不需要对模型进行评估了，帮我把模型评估组件换成预测组件。,1.0,6266,222,16.97526979446411,7.9674482345581055,0.0030398368835449,9.004781723022461,0,"{""edges"": [{""edge_id"": ""26098"", ""source_node_id"": ""2970"", ""target_node_id"": ""2971""}, {""edge_id"": ""26099"", ""source_node_id"": ""2971"", ""target_node_id"": ""2972""}, {""edge_id"": ""26100"", ""source_node_id"": ""2972"", ""target_node_id"": ""2973""}, {""edge_id"": ""26104"", ""source_node_id"": ""2972"", ""target_node_id"": ""2975""}, {""edge_id"": ""26105"", ""source_node_id"": ""2973"", ""target_node_id"": ""2975""}], ""nodes"": [{""node_id"": ""2970"", ""widget_name"": ""File"", ""node_name"": ""鸢尾花示例数据"", ""node_params"": {""type"": ""sample"", ""filename"": ""iris.csv""}, ""matched"": true}, {""node_id"": ""2971"", ""widget_name"": ""Impute"", ""node_name"": ""缺失值处理"", ""node_params"": {""method"": 1}, ""matched"": true}, {""node_id"": ""2972"", ""widget_name"": ""Data Sampler"", ""node_name"": ""数据划分处理"", ""node_params"": {""sampling_type"": 0, ""percentage"": 10, ""n_samples"": 15, ""replacement"": false, ""n_folds"": 10, ""selected_folds"": 1, ""replicable"": false, ""stratified"": false}, ""matched"": true}, {""node_id"": ""2973"", ""widget_name"": ""LightGBM"", ""node_name"": ""LightGBM分类器"", ""node_params"": {""boosting_type"": ""gbdt"", ""n_estimators"": 10, ""learning_rate"": 0.1, ""sampling_rate"": 0.1, ""max_depth_check"": false, ""max_depth"": 3, ""num_leaves_check"": false, ""num_leaves"": 31}, ""matched"": true}, {""node_id"": ""2975"", ""widget_name"": ""Predictions"", ""node_name"": ""预测"", ""node_params"": {""output_attrs"": true, ""output_predictions"": true, ""output_probabilities"": true}, ""matched"": true}]}","{""dependency_requirements"": [{""edge_id"": ""2463"", ""source_node_id"": ""2970"", ""target_node_id"": ""2971""}, {""edge_id"": ""2464"", ""source_node_id"": ""2971"", ""target_node_id"": ""2972""}, {""edge_id"": ""2465"", ""source_node_id"": ""2972"", ""target_node_id"": ""2973""}, {""edge_id"": ""2469"", ""source_node_id"": ""2972"", ""target_node_id"": ""2975""}, {""edge_id"": ""2470"", ""source_node_id"": ""2973"", ""target_node_id"": ""2975""}], ""step_requirements"": [{""node_id"": ""2970"", ""algorithm_step_name"": ""Tabular Dataset Loading"", ""node_name"": ""鸢尾花示例数据"", ""node_params"": {""type"": ""sample"", ""filename"": ""iris.csv""}, ""contrast_level"": 2, ""node_type"": ""io""}, {""node_id"": ""2971"", ""algorithm_step_name"": ""Missing Value Handling"", ""node_name"": ""缺失值处理"", ""node_params"": {""method"": 1}, ""contrast_level"": 2, ""node_type"": ""preprocess""}, {""node_id"": ""2972"", ""algorithm_step_name"": ""Dataset Division"", ""node_name"": ""数据划分处理"", ""node_params"": {""sampling_type"": 0, ""percentage"": 10, ""n_samples"": 15, ""replacement"": false, ""n_folds"": 10, ""selected_folds"": 1, ""replicable"": false, ""stratified"": false}, ""contrast_level"": 2, ""node_type"": ""preprocess""}, {""node_id"": ""2973"", ""algorithm_step_name"": ""LightGBM"", ""node_name"": ""LightGBM分类器"", ""node_params"": {""boosting_type"": ""gbdt"", ""n_estimators"": 10, ""learning_rate"": 0.1, ""sampling_rate"": 0.1, ""max_depth_check"": false, ""max_depth"": 3, ""num_leaves_check"": false, ""num_leaves"": 31}, ""contrast_level"": 2, ""node_type"": ""model""}, {""node_id"": ""2975"", ""algorithm_step_name"": ""Test Dataset Predictions"", ""node_name"": ""预测"", ""node_params"": {}, ""contrast_level"": 1, ""node_type"": ""predict""}]}",1.0
帮我把缺失值处理步骤删除掉，并换一个更好的模型。,0.8333,9111,250,26.179376363754272,9.40800166130066,5.84428596496582,10.927088737487791,0,"{""edges"": [{""edge_id"": ""26109"", ""source_node_id"": ""2978"", ""target_node_id"": ""2980""}, {""edge_id"": ""26112"", ""source_node_id"": ""2976"", ""target_node_id"": ""2978""}, {""edge_id"": ""26113"", ""source_node_id"": ""2978"", ""target_node_id"": ""32702""}, {""edge_id"": ""26114"", ""source_node_id"": ""32702"", ""target_node_id"": ""2980""}], ""nodes"": [{""node_id"": ""2976"", ""widget_name"": ""File"", ""node_name"": ""鸢尾花示例数据"", ""node_params"": {""type"": ""sample"", ""filename"": ""iris.csv""}, ""matched"": true}, {""node_id"": ""2978"", ""widget_name"": ""Data Sampler"", ""node_name"": ""数据划分处理"", ""node_params"": {""sampling_type"": 0, ""percentage"": 10, ""n_samples"": 15, ""replacement"": false, ""n_folds"": 10, ""selected_folds"": 1, ""replicable"": false, ""stratified"": false}, ""matched"": true}, {""node_id"": ""2980"", ""widget_name"": ""Test & Score"", ""node_name"": ""模型评估"", ""node_params"": {}, ""matched"": true}, {""node_id"": ""32702"", ""widget_name"": ""Logistic Regression"", ""node_name"": ""逻辑回归分类器"", ""node_params"": {""C"": 1, ""penalty"": ""l2""}, ""matched"": false}]}","{""dependency_requirements"": [{""edge_id"": ""2474"", ""source_node_id"": ""2978"", ""target_node_id"": ""2980""}, {""edge_id"": ""2477"", ""source_node_id"": ""2976"", ""target_node_id"": ""2978""}, {""edge_id"": ""2478"", ""source_node_id"": ""2978"", ""target_node_id"": ""2981""}, {""edge_id"": ""2479"", ""source_node_id"": ""2981"", ""target_node_id"": ""2980""}], ""step_requirements"": [{""node_id"": ""2976"", ""algorithm_step_name"": ""Tabular Dataset Loading"", ""node_name"": ""鸢尾花示例数据"", ""node_params"": {""type"": ""sample"", ""filename"": ""iris.csv""}, ""contrast_level"": 2, ""node_type"": ""io""}, {""node_id"": ""2978"", ""algorithm_step_name"": ""Dataset Division"", ""node_name"": ""数据划分处理"", ""node_params"": {""sampling_type"": 0, ""percentage"": 10, ""n_samples"": 15, ""replacement"": false, ""n_folds"": 10, ""selected_folds"": 1, ""replicable"": false, ""stratified"": false}, ""contrast_level"": 2, ""node_type"": ""preprocess""}, {""node_id"": ""2980"", ""algorithm_step_name"": ""Model Evaluate"", ""node_name"": ""模型评估"", ""node_params"": {}, ""contrast_level"": 2, ""node_type"": ""evaluate""}, {""node_id"": ""2981"", ""algorithm_step_name"": ""XGBoost"", ""node_name"": ""XGBoost"", ""node_params"": {}, ""contrast_level"": 1, ""node_type"": ""model""}]}",0.75
我的数据集没有缺失值，所以请你帮我删除掉缺失值处理这一步，然后把数据抽样的比例改为7:3，最后帮我添加一个可视化混淆矩阵的步骤。,1.0,7278,289,25.52884817123413,11.136913537979126,3.910572290420532,10.481362342834473,0,"{""edges"": [{""edge_id"": ""26117"", ""source_node_id"": ""3047"", ""target_node_id"": ""3048""}, {""edge_id"": ""26118"", ""source_node_id"": ""3047"", ""target_node_id"": ""3049""}, {""edge_id"": ""26120"", ""source_node_id"": ""3048"", ""target_node_id"": ""3049""}, {""edge_id"": ""26121"", ""source_node_id"": ""3045"", ""target_node_id"": ""3047""}, {""edge_id"": ""26122"", ""source_node_id"": ""3049"", ""target_node_id"": ""3050""}], ""nodes"": [{""node_id"": ""3045"", ""widget_name"": ""File"", ""node_name"": ""数据"", ""node_params"": {""type"": ""sample"", ""filename"": ""iris.csv""}, ""matched"": true}, {""node_id"": ""3047"", ""widget_name"": ""Data Sampler"", ""node_name"": ""数据采样"", ""node_params"": {""sampling_type"": 0, ""percentage"": 30, ""n_samples"": 15, ""replacement"": false, ""n_folds"": 10, ""selected_folds"": 1, ""replicable"": false, ""stratified"": false}, ""matched"": true}, {""node_id"": ""3048"", ""widget_name"": ""LightGBM"", ""node_name"": ""LightGBM"", ""node_params"": {""boosting_type"": ""gbdt"", ""n_estimators"": 10, ""learning_rate"": 0.1, ""sampling_rate"": 0.1, ""max_depth_check"": false, ""max_depth"": 3, ""num_leaves_check"": false, ""num_leaves"": 31}, ""matched"": true}, {""node_id"": ""3049"", ""widget_name"": ""Test & Score"", ""node_name"": ""测试得分"", ""node_params"": {}, ""matched"": true}, {""node_id"": ""3050"", ""widget_name"": ""Confusion Matrix"", ""node_name"": ""混淆矩阵"", ""node_params"": {}, ""matched"": true}]}","{""dependency_requirements"": [{""edge_id"": ""2556"", ""source_node_id"": ""3047"", ""target_node_id"": ""3048""}, {""edge_id"": ""2557"", ""source_node_id"": ""3047"", ""target_node_id"": ""3049""}, {""edge_id"": ""2559"", ""source_node_id"": ""3048"", ""target_node_id"": ""3049""}, {""edge_id"": ""2560"", ""source_node_id"": ""3045"", ""target_node_id"": ""3047""}, {""edge_id"": ""2561"", ""source_node_id"": ""3049"", ""target_node_id"": ""3050""}], ""step_requirements"": [{""node_id"": ""3045"", ""algorithm_step_name"": ""Tabular Dataset Loading"", ""node_name"": ""数据"", ""node_params"": {""type"": ""sample"", ""filename"": ""iris.csv""}, ""contrast_level"": 2, ""node_type"": ""io""}, {""node_id"": ""3047"", ""algorithm_step_name"": ""Dataset Division"", ""node_name"": ""数据采样"", ""node_params"": {""sampling_type"": 0, ""percentage"": 30, ""n_samples"": 15, ""replacement"": false, ""n_folds"": 10, ""selected_folds"": 1, ""replicable"": false, ""stratified"": false}, ""contrast_level"": 2, ""node_type"": ""preprocess""}, {""node_id"": ""3048"", ""algorithm_step_name"": ""LightGBM"", ""node_name"": ""LightGBM"", ""node_params"": {""boosting_type"": ""gbdt"", ""n_estimators"": 10, ""learning_rate"": 0.1, ""sampling_rate"": 0.1, ""max_depth_check"": false, ""max_depth"": 3, ""num_leaves_check"": false, ""num_leaves"": 31}, ""contrast_level"": 2, ""node_type"": ""model""}, {""node_id"": ""3049"", ""algorithm_step_name"": ""Model Evaluate"", ""node_name"": ""测试得分"", ""node_params"": {}, ""contrast_level"": 2, ""node_type"": ""evaluate""}, {""node_id"": ""3050"", ""algorithm_step_name"": ""Confusion Matrix"", ""node_name"": ""混淆矩阵"", ""node_params"": {}, ""contrast_level"": 2, ""node_type"": ""visualize""}]}",1.0
帮我把加载的数据集换成房价示例数据集。然后，把KNN模型给我换成XGBoost模型。,1.0,7734,229,31.84931898117065,9.564095973968506,3.6637606620788574,18.62146234512329,0,"{""edges"": [{""edge_id"": ""26123"", ""source_node_id"": ""3051"", ""target_node_id"": ""3052""}, {""edge_id"": ""26125"", ""source_node_id"": ""3052"", ""target_node_id"": ""3054""}, {""edge_id"": ""26128"", ""source_node_id"": ""3052"", ""target_node_id"": ""3055""}, {""edge_id"": ""26129"", ""source_node_id"": ""3055"", ""target_node_id"": ""3054""}], ""nodes"": [{""node_id"": ""3051"", ""widget_name"": ""File"", ""node_name"": ""数据"", ""node_params"": {""type"": ""sample"", ""filename"": ""housing.csv""}, ""matched"": true}, {""node_id"": ""3052"", ""widget_name"": ""Data Sampler"", ""node_name"": ""数据采样"", ""node_params"": {""sampling_type"": 0, ""percentage"": 10, ""n_samples"": 15, ""replacement"": false, ""n_folds"": 10, ""selected_folds"": 1, ""replicable"": false, ""stratified"": false}, ""matched"": true}, {""node_id"": ""3054"", ""widget_name"": ""Test & Score"", ""node_name"": ""测试得分"", ""node_params"": {}, ""matched"": true}, {""node_id"": ""3055"", ""widget_name"": ""XGBoost"", ""node_name"": ""XGBoost"", ""node_params"": {""booster"": ""gbtree"", ""learning_rate"": 0.3, ""gamma"": 0, ""max_depth"": 6, ""min_child_widget"": 1, ""max_delta_step"": 0, ""subsample"": 1, ""sampling_method"": ""uniform"", ""lambda"": 1, ""alpha"": 0, ""tree_method"": ""auto"", ""scale_pos_weight"": 1, ""updater"": ""grow_colmaker"", ""process_type"": ""default"", ""grow_policy"": ""depthwise""}, ""matched"": true}]}","{""dependency_requirements"": [{""edge_id"": ""2562"", ""source_node_id"": ""3051"", ""target_node_id"": ""3052""}, {""edge_id"": ""2564"", ""source_node_id"": ""3052"", ""target_node_id"": ""3054""}, {""edge_id"": ""2567"", ""source_node_id"": ""3052"", ""target_node_id"": ""3055""}, {""edge_id"": ""2568"", ""source_node_id"": ""3055"", ""target_node_id"": ""3054""}], ""step_requirements"": [{""node_id"": ""3051"", ""algorithm_step_name"": ""Tabular Dataset Loading"", ""node_name"": ""数据"", ""node_params"": {""type"": ""sample"", ""filename"": ""housing.csv""}, ""contrast_level"": 2, ""node_type"": ""io""}, {""node_id"": ""3052"", ""algorithm_step_name"": ""Dataset Division"", ""node_name"": ""数据采样"", ""node_params"": {""sampling_type"": 0, ""percentage"": 10, ""n_samples"": 15, ""replacement"": false, ""n_folds"": 10, ""selected_folds"": 1, ""replicable"": false, ""stratified"": false}, ""contrast_level"": 2, ""node_type"": ""preprocess""}, {""node_id"": ""3054"", ""algorithm_step_name"": ""Model Evaluate"", ""node_name"": ""测试得分"", ""node_params"": {}, ""contrast_level"": 2, ""node_type"": ""evaluate""}, {""node_id"": ""3055"", ""algorithm_step_name"": ""XGBoost"", ""node_name"": ""XGBoost"", ""node_params"": {}, ""contrast_level"": 1, ""node_type"": ""model""}]}",1.0
帮我把连续化处理换成特征选择，KNN的邻节点个数改为7。,1.0,6655,233,21.34320831298828,8.61213755607605,3.574864149093628,9.156206607818604,0,"{""edges"": [{""edge_id"": ""26132"", ""source_node_id"": ""3067"", ""target_node_id"": ""3068""}, {""edge_id"": ""26133"", ""source_node_id"": ""3067"", ""target_node_id"": ""3069""}, {""edge_id"": ""26135"", ""source_node_id"": ""3068"", ""target_node_id"": ""3069""}, {""edge_id"": ""26136"", ""source_node_id"": ""3065"", ""target_node_id"": ""3070""}, {""edge_id"": ""26137"", ""source_node_id"": ""3070"", ""target_node_id"": ""3067""}], ""nodes"": [{""node_id"": ""3065"", ""widget_name"": ""File"", ""node_name"": ""数据"", ""node_params"": {""type"": ""sample"", ""filename"": ""iris.csv""}, ""matched"": true}, {""node_id"": ""3067"", ""widget_name"": ""Data Sampler"", ""node_name"": ""数据采样"", ""node_params"": {""sampling_type"": 0, ""percentage"": 10, ""n_samples"": 15, ""replacement"": false, ""n_folds"": 10, ""selected_folds"": 1, ""replicable"": false, ""stratified"": false}, ""matched"": true}, {""node_id"": ""3068"", ""widget_name"": ""KNN"", ""node_name"": ""KNN"", ""node_params"": {""n_neighbors"": 7, ""metric"": ""euclidean"", ""weights"": ""uniform""}, ""matched"": true}, {""node_id"": ""3069"", ""widget_name"": ""Test & Score"", ""node_name"": ""测试得分"", ""node_params"": {}, ""matched"": true}, {""node_id"": ""3070"", ""widget_name"": ""Select Best N Attributes"", ""node_name"": ""特征选择"", ""node_params"": {""n"": 3}, ""matched"": true}]}","{""dependency_requirements"": [{""edge_id"": ""2576"", ""source_node_id"": ""3067"", ""target_node_id"": ""3068""}, {""edge_id"": ""2577"", ""source_node_id"": ""3067"", ""target_node_id"": ""3069""}, {""edge_id"": ""2579"", ""source_node_id"": ""3068"", ""target_node_id"": ""3069""}, {""edge_id"": ""2580"", ""source_node_id"": ""3065"", ""target_node_id"": ""3070""}, {""edge_id"": ""2581"", ""source_node_id"": ""3070"", ""target_node_id"": ""3067""}], ""step_requirements"": [{""node_id"": ""3065"", ""algorithm_step_name"": ""Tabular Dataset Loading"", ""node_name"": ""数据"", ""node_params"": {""type"": ""sample"", ""filename"": ""iris.csv""}, ""contrast_level"": 2, ""node_type"": ""io""}, {""node_id"": ""3067"", ""algorithm_step_name"": ""Dataset Division"", ""node_name"": ""数据采样"", ""node_params"": {""sampling_type"": 0, ""percentage"": 10, ""n_samples"": 15, ""replacement"": false, ""n_folds"": 10, ""selected_folds"": 1, ""replicable"": false, ""stratified"": false}, ""contrast_level"": 2, ""node_type"": ""preprocess""}, {""node_id"": ""3068"", ""algorithm_step_name"": ""KNN"", ""node_name"": ""KNN"", ""node_params"": {""n_neighbors"": 7, ""metric"": ""euclidean"", ""weights"": ""uniform""}, ""contrast_level"": 2, ""node_type"": ""model""}, {""node_id"": ""3069"", ""algorithm_step_name"": ""Model Evaluate"", ""node_name"": ""测试得分"", ""node_params"": {}, ""contrast_level"": 2, ""node_type"": ""evaluate""}, {""node_id"": ""3070"", ""algorithm_step_name"": ""Feature Selection"", ""node_name"": ""特征选择"", ""node_params"": {}, ""contrast_level"": 1, ""node_type"": ""feature engineering""}]}",1.0
帮我把加载的鸢尾花示例数据修改为加载房价示例数据集。,1.0,2951,124,19.09377360343933,6.487763404846191,0.0019998550415039,12.604010343551636,0,"{""edges"": [{""edge_id"": ""26138"", ""source_node_id"": ""2895"", ""target_node_id"": ""2896""}], ""nodes"": [{""node_id"": ""2895"", ""widget_name"": ""File"", ""node_name"": ""鸢尾花示例数据"", ""node_params"": {""type"": ""sample"", ""filename"": ""housing.csv""}, ""matched"": true}, {""node_id"": ""2896"", ""widget_name"": ""LightGBM"", ""node_name"": ""LightGBM分类器"", ""node_params"": {""boosting_type"": ""gbdt"", ""n_estimators"": 10, ""learning_rate"": 0.1, ""sampling_rate"": 0.1, ""max_depth_check"": false, ""max_depth"": 3, ""num_leaves_check"": false, ""num_leaves"": 31}, ""matched"": true}]}","{""dependency_requirements"": [{""edge_id"": ""2376"", ""source_node_id"": ""2895"", ""target_node_id"": ""2896""}], ""step_requirements"": [{""node_id"": ""2895"", ""algorithm_step_name"": ""Tabular Dataset Loading"", ""node_name"": ""鸢尾花示例数据"", ""node_params"": {""type"": ""sample"", ""filename"": ""housing.csv""}, ""contrast_level"": 2, ""node_type"": ""io""}, {""node_id"": ""2896"", ""algorithm_step_name"": ""LightGBM"", ""node_name"": ""LightGBM分类器"", ""node_params"": {""boosting_type"": ""gbdt"", ""n_estimators"": 10, ""learning_rate"": 0.1, ""sampling_rate"": 0.1, ""max_depth_check"": false, ""max_depth"": 3, ""num_leaves_check"": false, ""num_leaves"": 31}, ""contrast_level"": 2, ""node_type"": ""model""}]}",1.0
帮我把LightGBM模型的学习器类型重新设置为rf，学习率修改为0.01。,1.0,4286,181,16.686705350875854,9.135594129562378,3.651843070983887,3.89926815032959,0,"{""edges"": [{""edge_id"": ""26139"", ""source_node_id"": ""2895"", ""target_node_id"": ""2896""}], ""nodes"": [{""node_id"": ""2895"", ""widget_name"": ""File"", ""node_name"": ""鸢尾花示例数据"", ""node_params"": {""type"": ""sample"", ""filename"": ""iris.csv""}, ""matched"": true}, {""node_id"": ""2896"", ""widget_name"": ""LightGBM"", ""node_name"": ""LightGBM分类器"", ""node_params"": {""boosting_type"": ""rf"", ""n_estimators"": 10, ""learning_rate"": 0.01, ""sampling_rate"": 0.1, ""max_depth_check"": false, ""max_depth"": 3, ""num_leaves_check"": false, ""num_leaves"": 31}, ""matched"": true}]}","{""dependency_requirements"": [{""edge_id"": ""2376"", ""source_node_id"": ""2895"", ""target_node_id"": ""2896""}], ""step_requirements"": [{""node_id"": ""2895"", ""algorithm_step_name"": ""Tabular Dataset Loading"", ""node_name"": ""鸢尾花示例数据"", ""node_params"": {""type"": ""sample"", ""filename"": ""iris.csv""}, ""contrast_level"": 2, ""node_type"": ""io""}, {""node_id"": ""2896"", ""algorithm_step_name"": ""LightGBM"", ""node_name"": ""LightGBM分类器"", ""node_params"": {""boosting_type"": ""rf"", ""n_estimators"": 10, ""learning_rate"": 0.01, ""sampling_rate"": 0.1, ""max_depth_check"": false, ""max_depth"": 3, ""num_leaves_check"": false, ""num_leaves"": 31}, ""contrast_level"": 2, ""node_type"": ""model""}]}",1.0
帮我添加一个缺失值处理步骤，以便对鸢尾花数据进行缺失值处理,1.0,4414,240,19.090059757232662,7.519657850265503,2.060316562652588,9.510085344314575,0,"{""edges"": [{""edge_id"": ""26140"", ""source_node_id"": ""5159"", ""target_node_id"": ""5158""}, {""edge_id"": ""26141"", ""source_node_id"": ""5157"", ""target_node_id"": ""5159""}], ""nodes"": [{""node_id"": ""5157"", ""widget_name"": ""File"", ""node_name"": ""鸢尾花示例数据"", ""node_params"": {""type"": ""sample"", ""filename"": ""iris.csv""}, ""matched"": true}, {""node_id"": ""5158"", ""widget_name"": ""LightGBM"", ""node_name"": ""LightGBM分类器"", ""node_params"": {""boosting_type"": ""gbdt"", ""n_estimators"": 10, ""learning_rate"": 0.1, ""sampling_rate"": 0.1, ""max_depth_check"": false, ""max_depth"": 3, ""num_leaves_check"": false, ""num_leaves"": 31}, ""matched"": true}, {""node_id"": ""5159"", ""widget_name"": ""Impute"", ""node_name"": ""缺失值处理"", ""node_params"": {""method"": 2}, ""matched"": true}]}","{""dependency_requirements"": [{""edge_id"": ""4027"", ""source_node_id"": ""5159"", ""target_node_id"": ""5158""}, {""edge_id"": ""4028"", ""source_node_id"": ""5157"", ""target_node_id"": ""5159""}], ""step_requirements"": [{""node_id"": ""5157"", ""algorithm_step_name"": ""Tabular Dataset Loading"", ""node_name"": ""鸢尾花示例数据"", ""node_params"": {""type"": ""sample"", ""filename"": ""iris.csv""}, ""contrast_level"": 2, ""node_type"": ""io""}, {""node_id"": ""5158"", ""algorithm_step_name"": ""LightGBM"", ""node_name"": ""LightGBM分类器"", ""node_params"": {""boosting_type"": ""gbdt"", ""n_estimators"": 10, ""learning_rate"": 0.1, ""sampling_rate"": 0.1, ""max_depth_check"": false, ""max_depth"": 3, ""num_leaves_check"": false, ""num_leaves"": 31}, ""contrast_level"": 2, ""node_type"": ""model""}, {""node_id"": ""5159"", ""algorithm_step_name"": ""Missing Value Handling"", ""node_name"": ""Impute"", ""node_params"": {}, ""contrast_level"": 1, ""node_type"": ""preprocess""}]}",1.0
帮我在模型训练之前添加一个数据划分步骤，以便将处理后的数据进行拆分。,1.0,5217,192,16.696009635925293,6.960129022598267,2.1447911262512207,7.591089487075806,0,"{""edges"": [{""edge_id"": ""26142"", ""source_node_id"": ""5160"", ""target_node_id"": ""5161""}, {""edge_id"": ""26143"", ""source_node_id"": ""5163"", ""target_node_id"": ""5162""}, {""edge_id"": ""26144"", ""source_node_id"": ""5161"", ""target_node_id"": ""5163""}], ""nodes"": [{""node_id"": ""5160"", ""widget_name"": ""File"", ""node_name"": ""鸢尾花示例数据"", ""node_params"": {""type"": ""sample"", ""filename"": ""iris.csv""}, ""matched"": true}, {""node_id"": ""5161"", ""widget_name"": ""Impute"", ""node_name"": ""缺失值填充"", ""node_params"": {""method"": 1}, ""matched"": true}, {""node_id"": ""5162"", ""widget_name"": ""LightGBM"", ""node_name"": ""LightGBM分类器"", ""node_params"": {""boosting_type"": ""gbdt"", ""n_estimators"": 10, ""learning_rate"": 0.1, ""sampling_rate"": 0.1, ""max_depth_check"": false, ""max_depth"": 3, ""num_leaves_check"": false, ""num_leaves"": 31}, ""matched"": true}, {""node_id"": ""5163"", ""widget_name"": ""Data Sampler"", ""node_name"": ""数据划分"", ""node_params"": {""sampling_type"": 0, ""percentage"": 10, ""n_samples"": 15, ""replacement"": false, ""n_folds"": 10, ""selected_folds"": 1, ""replicable"": false, ""stratified"": false}, ""matched"": true}]}","{""dependency_requirements"": [{""edge_id"": ""4029"", ""source_node_id"": ""5160"", ""target_node_id"": ""5161""}, {""edge_id"": ""4030"", ""source_node_id"": ""5163"", ""target_node_id"": ""5162""}, {""edge_id"": ""4031"", ""source_node_id"": ""5161"", ""target_node_id"": ""5163""}], ""step_requirements"": [{""node_id"": ""5160"", ""algorithm_step_name"": ""Tabular Dataset Loading"", ""node_name"": ""鸢尾花示例数据"", ""node_params"": {""type"": ""sample"", ""filename"": ""iris.csv""}, ""contrast_level"": 2, ""node_type"": ""io""}, {""node_id"": ""5161"", ""algorithm_step_name"": ""Missing Value Handling"", ""node_name"": ""缺失值填充"", ""node_params"": {""method"": 1}, ""contrast_level"": 2, ""node_type"": ""preprocess""}, {""node_id"": ""5162"", ""algorithm_step_name"": ""LightGBM"", ""node_name"": ""LightGBM分类器"", ""node_params"": {""boosting_type"": ""gbdt"", ""n_estimators"": 10, ""learning_rate"": 0.1, ""sampling_rate"": 0.1, ""max_depth_check"": false, ""max_depth"": 3, ""num_leaves_check"": false, ""num_leaves"": 31}, ""contrast_level"": 2, ""node_type"": ""model""}, {""node_id"": ""5163"", ""algorithm_step_name"": ""Dataset Division"", ""node_name"": ""Data Sampler"", ""node_params"": {}, ""contrast_level"": 1, ""node_type"": ""preprocess""}]}",1.0
我需要将数据划分的比例设置为8:2,1.0,4758,113,11.28297734260559,5.844224214553833,2.0741894245147705,3.364563703536988,0,"{""edges"": [{""edge_id"": ""26145"", ""source_node_id"": ""5164"", ""target_node_id"": ""5165""}, {""edge_id"": ""26146"", ""source_node_id"": ""5165"", ""target_node_id"": ""5166""}, {""edge_id"": ""26147"", ""source_node_id"": ""5166"", ""target_node_id"": ""5167""}], ""nodes"": [{""node_id"": ""5164"", ""widget_name"": ""File"", ""node_name"": ""鸢尾花示例数据"", ""node_params"": {""type"": ""sample"", ""filename"": ""iris.csv""}, ""matched"": true}, {""node_id"": ""5165"", ""widget_name"": ""Impute"", ""node_name"": ""缺失值填充"", ""node_params"": {""method"": 1}, ""matched"": true}, {""node_id"": ""5166"", ""widget_name"": ""Data Sampler"", ""node_name"": ""数据采样"", ""node_params"": {""sampling_type"": 0, ""percentage"": 20, ""n_samples"": 15, ""replacement"": false, ""n_folds"": 10, ""selected_folds"": 1, ""replicable"": false, ""stratified"": false}, ""matched"": true}, {""node_id"": ""5167"", ""widget_name"": ""LightGBM"", ""node_name"": ""LightGBM分类器"", ""node_params"": {""boosting_type"": ""gbdt"", ""n_estimators"": 10, ""learning_rate"": 0.1, ""sampling_rate"": 0.1, ""max_depth_check"": false, ""max_depth"": 3, ""num_leaves_check"": false, ""num_leaves"": 31}, ""matched"": true}]}","{""dependency_requirements"": [{""edge_id"": ""4032"", ""source_node_id"": ""5164"", ""target_node_id"": ""5165""}, {""edge_id"": ""4033"", ""source_node_id"": ""5165"", ""target_node_id"": ""5166""}, {""edge_id"": ""4034"", ""source_node_id"": ""5166"", ""target_node_id"": ""5167""}], ""step_requirements"": [{""node_id"": ""5164"", ""algorithm_step_name"": ""Tabular Dataset Loading"", ""node_name"": ""鸢尾花示例数据"", ""node_params"": {""type"": ""sample"", ""filename"": ""iris.csv""}, ""contrast_level"": 2, ""node_type"": ""io""}, {""node_id"": ""5165"", ""algorithm_step_name"": ""Missing Value Handling"", ""node_name"": ""缺失值填充"", ""node_params"": {""method"": 1}, ""contrast_level"": 2, ""node_type"": ""preprocess""}, {""node_id"": ""5166"", ""algorithm_step_name"": ""Dataset Division"", ""node_name"": ""数据采样"", ""node_params"": {""sampling_type"": 0, ""percentage"": 20, ""n_samples"": 15, ""replacement"": false, ""n_folds"": 10, ""selected_folds"": 1, ""replicable"": false, ""stratified"": false}, ""contrast_level"": 2, ""node_type"": ""preprocess""}, {""node_id"": ""5167"", ""algorithm_step_name"": ""LightGBM"", ""node_name"": ""LightGBM分类器"", ""node_params"": {""boosting_type"": ""gbdt"", ""n_estimators"": 10, ""learning_rate"": 0.1, ""sampling_rate"": 0.1, ""max_depth_check"": false, ""max_depth"": 3, ""num_leaves_check"": false, ""num_leaves"": 31}, ""contrast_level"": 2, ""node_type"": ""model""}]}",1.0
帮我添加一个模型评估步骤,1.0,2832,168,11.945783138275146,7.823046445846558,0.0020413398742675,4.120695352554321,0,"{""edges"": [{""edge_id"": ""26148"", ""source_node_id"": ""2899"", ""target_node_id"": ""2900""}, {""edge_id"": ""26149"", ""source_node_id"": ""2900"", ""target_node_id"": ""2901""}, {""edge_id"": ""26150"", ""source_node_id"": ""2901"", ""target_node_id"": ""2902""}, {""edge_id"": ""26151"", ""source_node_id"": ""2901"", ""target_node_id"": ""2903""}, {""edge_id"": ""26153"", ""source_node_id"": ""2902"", ""target_node_id"": ""2903""}], ""nodes"": [{""node_id"": ""2899"", ""widget_name"": ""File"", ""node_name"": ""鸢尾花示例数据"", ""node_params"": {""type"": ""sample"", ""filename"": ""iris.csv""}, ""matched"": true}, {""node_id"": ""2900"", ""widget_name"": ""Impute"", ""node_name"": ""缺失值处理"", ""node_params"": {""method"": 1}, ""matched"": true}, {""node_id"": ""2901"", ""widget_name"": ""Data Sampler"", ""node_name"": ""数据划分处理"", ""node_params"": {""sampling_type"": 0, ""percentage"": 10, ""n_samples"": 15, ""replacement"": false, ""n_folds"": 10, ""selected_folds"": 1, ""replicable"": false, ""stratified"": false}, ""matched"": true}, {""node_id"": ""2902"", ""widget_name"": ""LightGBM"", ""node_name"": ""LightGBM分类器"", ""node_params"": {""boosting_type"": ""gbdt"", ""n_estimators"": 10, ""learning_rate"": 0.1, ""sampling_rate"": 0.1, ""max_depth_check"": false, ""max_depth"": 3, ""num_leaves_check"": false, ""num_leaves"": 31}, ""matched"": true}, {""node_id"": ""2903"", ""widget_name"": ""Test & Score"", ""node_name"": ""测试评分"", ""node_params"": {}, ""matched"": true}]}","{""dependency_requirements"": [{""edge_id"": ""2379"", ""source_node_id"": ""2899"", ""target_node_id"": ""2900""}, {""edge_id"": ""2380"", ""source_node_id"": ""2900"", ""target_node_id"": ""2901""}, {""edge_id"": ""2381"", ""source_node_id"": ""2901"", ""target_node_id"": ""2902""}, {""edge_id"": ""2382"", ""source_node_id"": ""2901"", ""target_node_id"": ""2903""}, {""edge_id"": ""2384"", ""source_node_id"": ""2902"", ""target_node_id"": ""2903""}], ""step_requirements"": [{""node_id"": ""2899"", ""algorithm_step_name"": ""Tabular Dataset Loading"", ""node_name"": ""鸢尾花示例数据"", ""node_params"": {""type"": ""sample"", ""filename"": ""iris.csv""}, ""contrast_level"": 2, ""node_type"": ""io""}, {""node_id"": ""2900"", ""algorithm_step_name"": ""Missing Value Handling"", ""node_name"": ""缺失值处理"", ""node_params"": {""method"": 1}, ""contrast_level"": 2, ""node_type"": ""preprocess""}, {""node_id"": ""2901"", ""algorithm_step_name"": ""Dataset Division"", ""node_name"": ""数据划分处理"", ""node_params"": {""sampling_type"": 0, ""percentage"": 10, ""n_samples"": 15, ""replacement"": false, ""n_folds"": 10, ""selected_folds"": 1, ""replicable"": false, ""stratified"": false}, ""contrast_level"": 2, ""node_type"": ""preprocess""}, {""node_id"": ""2902"", ""algorithm_step_name"": ""LightGBM"", ""node_name"": ""LightGBM分类器"", ""node_params"": {""boosting_type"": ""gbdt"", ""n_estimators"": 10, ""learning_rate"": 0.1, ""sampling_rate"": 0.1, ""max_depth_check"": false, ""max_depth"": 3, ""num_leaves_check"": false, ""num_leaves"": 31}, ""contrast_level"": 2, ""node_type"": ""model""}, {""node_id"": ""2903"", ""algorithm_step_name"": ""Model Evaluate"", ""node_name"": ""模型评估"", ""node_params"": {}, ""contrast_level"": 1, ""node_type"": ""evaluate""}]}",1.0
数据集中没有缺失值，所以帮我把缺失值这个步骤删除掉。,1.0,4960,136,13.066021203994753,5.9326012134552,2.0535531044006348,5.079866886138916,0,"{""edges"": [{""edge_id"": ""26156"", ""source_node_id"": ""2906"", ""target_node_id"": ""2907""}, {""edge_id"": ""26157"", ""source_node_id"": ""2906"", ""target_node_id"": ""2908""}, {""edge_id"": ""26159"", ""source_node_id"": ""2907"", ""target_node_id"": ""2908""}, {""edge_id"": ""26160"", ""source_node_id"": ""2904"", ""target_node_id"": ""2906""}], ""nodes"": [{""node_id"": ""2904"", ""widget_name"": ""File"", ""node_name"": ""鸢尾花示例数据"", ""node_params"": {""type"": ""sample"", ""filename"": ""iris.csv""}, ""matched"": true}, {""node_id"": ""2906"", ""widget_name"": ""Data Sampler"", ""node_name"": ""数据划分处理"", ""node_params"": {""sampling_type"": 0, ""percentage"": 10, ""n_samples"": 15, ""replacement"": false, ""n_folds"": 10, ""selected_folds"": 1, ""replicable"": false, ""stratified"": false}, ""matched"": true}, {""node_id"": ""2907"", ""widget_name"": ""LightGBM"", ""node_name"": ""LightGBM分类器"", ""node_params"": {""boosting_type"": ""gbdt"", ""n_estimators"": 10, ""learning_rate"": 0.1, ""sampling_rate"": 0.1, ""max_depth_check"": false, ""max_depth"": 3, ""num_leaves_check"": false, ""num_leaves"": 31}, ""matched"": true}, {""node_id"": ""2908"", ""widget_name"": ""Test & Score"", ""node_name"": ""模型评估"", ""node_params"": {}, ""matched"": true}]}","{""dependency_requirements"": [{""edge_id"": ""2387"", ""source_node_id"": ""2906"", ""target_node_id"": ""2907""}, {""edge_id"": ""2388"", ""source_node_id"": ""2906"", ""target_node_id"": ""2908""}, {""edge_id"": ""2390"", ""source_node_id"": ""2907"", ""target_node_id"": ""2908""}, {""edge_id"": ""2391"", ""source_node_id"": ""2904"", ""target_node_id"": ""2906""}], ""step_requirements"": [{""node_id"": ""2904"", ""algorithm_step_name"": ""Tabular Dataset Loading"", ""node_name"": ""鸢尾花示例数据"", ""node_params"": {""type"": ""sample"", ""filename"": ""iris.csv""}, ""contrast_level"": 2, ""node_type"": ""io""}, {""node_id"": ""2906"", ""algorithm_step_name"": ""Dataset Division"", ""node_name"": ""数据划分处理"", ""node_params"": {""sampling_type"": 0, ""percentage"": 10, ""n_samples"": 15, ""replacement"": false, ""n_folds"": 10, ""selected_folds"": 1, ""replicable"": false, ""stratified"": false}, ""contrast_level"": 2, ""node_type"": ""preprocess""}, {""node_id"": ""2907"", ""algorithm_step_name"": ""LightGBM"", ""node_name"": ""LightGBM分类器"", ""node_params"": {""boosting_type"": ""gbdt"", ""n_estimators"": 10, ""learning_rate"": 0.1, ""sampling_rate"": 0.1, ""max_depth_check"": false, ""max_depth"": 3, ""num_leaves_check"": false, ""num_leaves"": 31}, ""contrast_level"": 2, ""node_type"": ""model""}, {""node_id"": ""2908"", ""algorithm_step_name"": ""Model Evaluate"", ""node_name"": ""模型评估"", ""node_params"": {}, ""contrast_level"": 2, ""node_type"": ""evaluate""}]}",1.0
删除工作流中的KNN模型。,1.0,4567,120,13.61389970779419,6.165070056915283,3.7104358673095694,3.738393783569336,0,"{""edges"": [{""edge_id"": ""26161"", ""source_node_id"": ""2914"", ""target_node_id"": ""2915""}, {""edge_id"": ""26162"", ""source_node_id"": ""2915"", ""target_node_id"": ""2916""}, {""edge_id"": ""26164"", ""source_node_id"": ""2915"", ""target_node_id"": ""2918""}, {""edge_id"": ""26166"", ""source_node_id"": ""2916"", ""target_node_id"": ""2918""}], ""nodes"": [{""node_id"": ""2914"", ""widget_name"": ""File"", ""node_name"": ""鸢尾花示例数据"", ""node_params"": {""type"": ""sample"", ""filename"": ""iris.csv""}, ""matched"": true}, {""node_id"": ""2915"", ""widget_name"": ""Data Sampler"", ""node_name"": ""数据划分处理"", ""node_params"": {""sampling_type"": 0, ""percentage"": 10, ""n_samples"": 15, ""replacement"": false, ""n_folds"": 10, ""selected_folds"": 1, ""replicable"": false, ""stratified"": false}, ""matched"": true}, {""node_id"": ""2916"", ""widget_name"": ""LightGBM"", ""node_name"": ""LightGBM分类器"", ""node_params"": {""boosting_type"": ""gbdt"", ""n_estimators"": 10, ""learning_rate"": 0.1, ""sampling_rate"": 0.1, ""max_depth_check"": false, ""max_depth"": 3, ""num_leaves_check"": false, ""num_leaves"": 31}, ""matched"": true}, {""node_id"": ""2918"", ""widget_name"": ""Test & Score"", ""node_name"": ""模型评估"", ""node_params"": {}, ""matched"": true}]}","{""dependency_requirements"": [{""edge_id"": ""2399"", ""source_node_id"": ""2914"", ""target_node_id"": ""2915""}, {""edge_id"": ""2400"", ""source_node_id"": ""2915"", ""target_node_id"": ""2916""}, {""edge_id"": ""2402"", ""source_node_id"": ""2915"", ""target_node_id"": ""2918""}, {""edge_id"": ""2404"", ""source_node_id"": ""2916"", ""target_node_id"": ""2918""}], ""step_requirements"": [{""node_id"": ""2914"", ""algorithm_step_name"": ""Tabular Dataset Loading"", ""node_name"": ""鸢尾花示例数据"", ""node_params"": {""type"": ""sample"", ""filename"": ""iris.csv""}, ""contrast_level"": 2, ""node_type"": ""io""}, {""node_id"": ""2915"", ""algorithm_step_name"": ""Dataset Division"", ""node_name"": ""数据划分处理"", ""node_params"": {""sampling_type"": 0, ""percentage"": 10, ""n_samples"": 15, ""replacement"": false, ""n_folds"": 10, ""selected_folds"": 1, ""replicable"": false, ""stratified"": false}, ""contrast_level"": 2, ""node_type"": ""preprocess""}, {""node_id"": ""2916"", ""algorithm_step_name"": ""LightGBM"", ""node_name"": ""LightGBM分类器"", ""node_params"": {""boosting_type"": ""gbdt"", ""n_estimators"": 10, ""learning_rate"": 0.1, ""sampling_rate"": 0.1, ""max_depth_check"": false, ""max_depth"": 3, ""num_leaves_check"": false, ""num_leaves"": 31}, ""contrast_level"": 2, ""node_type"": ""model""}, {""node_id"": ""2918"", ""algorithm_step_name"": ""Model Evaluate"", ""node_name"": ""模型评估"", ""node_params"": {}, ""contrast_level"": 2, ""node_type"": ""evaluate""}]}",1.0
帮我把工作流中的缺失值处理步骤和多余的KNN模型都删除掉,1.0,8583,207,23.31173086166382,8.638622045516968,5.726773023605347,8.946335792541504,0,"{""edges"": [{""edge_id"": ""26171"", ""source_node_id"": ""2921"", ""target_node_id"": ""2922""}, {""edge_id"": ""26173"", ""source_node_id"": ""2921"", ""target_node_id"": ""2924""}, {""edge_id"": ""26175"", ""source_node_id"": ""2922"", ""target_node_id"": ""2924""}, {""edge_id"": ""26177"", ""source_node_id"": ""2919"", ""target_node_id"": ""2921""}], ""nodes"": [{""node_id"": ""2919"", ""widget_name"": ""File"", ""node_name"": ""鸢尾花示例数据"", ""node_params"": {""type"": ""sample"", ""filename"": ""iris.csv""}, ""matched"": true}, {""node_id"": ""2921"", ""widget_name"": ""Data Sampler"", ""node_name"": ""数据划分处理"", ""node_params"": {""sampling_type"": 0, ""percentage"": 10, ""n_samples"": 15, ""replacement"": false, ""n_folds"": 10, ""selected_folds"": 1, ""replicable"": false, ""stratified"": false}, ""matched"": true}, {""node_id"": ""2922"", ""widget_name"": ""LightGBM"", ""node_name"": ""LightGBM分类器"", ""node_params"": {""boosting_type"": ""gbdt"", ""n_estimators"": 10, ""learning_rate"": 0.1, ""sampling_rate"": 0.1, ""max_depth_check"": false, ""max_depth"": 3, ""num_leaves_check"": false, ""num_leaves"": 31}, ""matched"": true}, {""node_id"": ""2924"", ""widget_name"": ""Test & Score"", ""node_name"": ""模型评估"", ""node_params"": {}, ""matched"": true}]}","{""dependency_requirements"": [{""edge_id"": ""2408"", ""source_node_id"": ""2921"", ""target_node_id"": ""2922""}, {""edge_id"": ""2410"", ""source_node_id"": ""2921"", ""target_node_id"": ""2924""}, {""edge_id"": ""2412"", ""source_node_id"": ""2922"", ""target_node_id"": ""2924""}, {""edge_id"": ""2414"", ""source_node_id"": ""2919"", ""target_node_id"": ""2921""}], ""step_requirements"": [{""node_id"": ""2919"", ""algorithm_step_name"": ""Tabular Dataset Loading"", ""node_name"": ""鸢尾花示例数据"", ""node_params"": {""type"": ""sample"", ""filename"": ""iris.csv""}, ""contrast_level"": 2, ""node_type"": ""io""}, {""node_id"": ""2921"", ""algorithm_step_name"": ""Dataset Division"", ""node_name"": ""数据划分处理"", ""node_params"": {""sampling_type"": 0, ""percentage"": 10, ""n_samples"": 15, ""replacement"": false, ""n_folds"": 10, ""selected_folds"": 1, ""replicable"": false, ""stratified"": false}, ""contrast_level"": 2, ""node_type"": ""preprocess""}, {""node_id"": ""2922"", ""algorithm_step_name"": ""LightGBM"", ""node_name"": ""LightGBM分类器"", ""node_params"": {""boosting_type"": ""gbdt"", ""n_estimators"": 10, ""learning_rate"": 0.1, ""sampling_rate"": 0.1, ""max_depth_check"": false, ""max_depth"": 3, ""num_leaves_check"": false, ""num_leaves"": 31}, ""contrast_level"": 2, ""node_type"": ""model""}, {""node_id"": ""2924"", ""algorithm_step_name"": ""Model Evaluate"", ""node_name"": ""模型评估"", ""node_params"": {}, ""contrast_level"": 2, ""node_type"": ""evaluate""}]}",1.0
在数据抽样之前添加一个特征选择步骤，然后把数据抽样的抽样比例设置为抽取30%。,1.0,7741,285,23.46392297744751,8.899791955947876,2.081340074539185,12.48279094696045,0,"{""edges"": [{""edge_id"": ""26179"", ""source_node_id"": ""2991"", ""target_node_id"": ""2988""}, {""edge_id"": ""26180"", ""source_node_id"": ""2988"", ""target_node_id"": ""2989""}, {""edge_id"": ""26181"", ""source_node_id"": ""2988"", ""target_node_id"": ""2990""}, {""edge_id"": ""26182"", ""source_node_id"": ""2989"", ""target_node_id"": ""2990""}, {""edge_id"": ""26183"", ""source_node_id"": ""2987"", ""target_node_id"": ""2991""}], ""nodes"": [{""node_id"": ""2987"", ""widget_name"": ""File"", ""node_name"": ""鸢尾花示例数据"", ""node_params"": {""type"": ""sample"", ""filename"": ""iris.csv""}, ""matched"": true}, {""node_id"": ""2988"", ""widget_name"": ""Data Sampler"", ""node_name"": ""数据划分处理"", ""node_params"": {""sampling_type"": 0, ""percentage"": 30, ""n_samples"": 15, ""replacement"": false, ""n_folds"": 10, ""selected_folds"": 1, ""replicable"": false, ""stratified"": false}, ""matched"": true}, {""node_id"": ""2989"", ""widget_name"": ""LightGBM"", ""node_name"": ""LightGBM分类器"", ""node_params"": {""boosting_type"": ""gbdt"", ""n_estimators"": 10, ""learning_rate"": 0.1, ""sampling_rate"": 0.1, ""max_depth_check"": false, ""max_depth"": 3, ""num_leaves_check"": false, ""num_leaves"": 31}, ""matched"": true}, {""node_id"": ""2990"", ""widget_name"": ""Predictions"", ""node_name"": ""预测"", ""node_params"": {""output_attrs"": true, ""output_predictions"": true, ""output_probabilities"": false}, ""matched"": true}, {""node_id"": ""2991"", ""widget_name"": ""Select Best N Attributes"", ""node_name"": ""选择最佳特征"", ""node_params"": {""n"": 3}, ""matched"": true}]}","{""dependency_requirements"": [{""edge_id"": ""2485"", ""source_node_id"": ""2991"", ""target_node_id"": ""2988""}, {""edge_id"": ""2486"", ""source_node_id"": ""2988"", ""target_node_id"": ""2989""}, {""edge_id"": ""2487"", ""source_node_id"": ""2988"", ""target_node_id"": ""2990""}, {""edge_id"": ""2488"", ""source_node_id"": ""2989"", ""target_node_id"": ""2990""}, {""edge_id"": ""2489"", ""source_node_id"": ""2987"", ""target_node_id"": ""2991""}], ""step_requirements"": [{""node_id"": ""2987"", ""algorithm_step_name"": ""Tabular Dataset Loading"", ""node_name"": ""鸢尾花示例数据"", ""node_params"": {""type"": ""sample"", ""filename"": ""iris.csv""}, ""contrast_level"": 2, ""node_type"": ""io""}, {""node_id"": ""2988"", ""algorithm_step_name"": ""Dataset Division"", ""node_name"": ""数据划分处理"", ""node_params"": {""sampling_type"": 0, ""percentage"": 30, ""n_samples"": 15, ""replacement"": false, ""n_folds"": 10, ""selected_folds"": 1, ""replicable"": false, ""stratified"": false}, ""contrast_level"": 2, ""node_type"": ""preprocess""}, {""node_id"": ""2989"", ""algorithm_step_name"": ""LightGBM"", ""node_name"": ""LightGBM分类器"", ""node_params"": {""boosting_type"": ""gbdt"", ""n_estimators"": 10, ""learning_rate"": 0.1, ""sampling_rate"": 0.1, ""max_depth_check"": false, ""max_depth"": 3, ""num_leaves_check"": false, ""num_leaves"": 31}, ""contrast_level"": 2, ""node_type"": ""model""}, {""node_id"": ""2990"", ""algorithm_step_name"": ""Test Dataset Predictions"", ""node_name"": ""预测"", ""node_params"": {""output_attrs"": true, ""output_predictions"": true, ""output_probabilities"": false}, ""contrast_level"": 2, ""node_type"": ""predict""}, {""node_id"": ""2991"", ""algorithm_step_name"": ""Feature Selection"", ""node_name"": ""自动特征选择"", ""node_params"": {}, ""contrast_level"": 1, ""node_type"": ""feature engineering""}]}",1.0
帮我把数据划分的比例改为5:5，最后还需要你添加一个步骤帮我把预测结果保存。,1.0,7490,190,17.639641284942627,8.42681622505188,2.1554322242736816,7.057392835617065,0,"{""edges"": [{""edge_id"": ""26184"", ""source_node_id"": ""2982"", ""target_node_id"": ""2983""}, {""edge_id"": ""26185"", ""source_node_id"": ""2983"", ""target_node_id"": ""2984""}, {""edge_id"": ""26186"", ""source_node_id"": ""2983"", ""target_node_id"": ""2985""}, {""edge_id"": ""26187"", ""source_node_id"": ""2984"", ""target_node_id"": ""2985""}, {""edge_id"": ""26188"", ""source_node_id"": ""2985"", ""target_node_id"": ""2986""}], ""nodes"": [{""node_id"": ""2982"", ""widget_name"": ""File"", ""node_name"": ""鸢尾花示例数据"", ""node_params"": {""type"": ""sample"", ""filename"": ""iris.csv""}, ""matched"": true}, {""node_id"": ""2983"", ""widget_name"": ""Data Sampler"", ""node_name"": ""数据划分处理"", ""node_params"": {""sampling_type"": 0, ""percentage"": 50, ""n_samples"": 15, ""replacement"": false, ""n_folds"": 10, ""selected_folds"": 1, ""replicable"": false, ""stratified"": false}, ""matched"": true}, {""node_id"": ""2984"", ""widget_name"": ""LightGBM"", ""node_name"": ""LightGBM分类器"", ""node_params"": {""boosting_type"": ""gbdt"", ""n_estimators"": 10, ""learning_rate"": 0.1, ""sampling_rate"": 0.1, ""max_depth_check"": false, ""max_depth"": 3, ""num_leaves_check"": false, ""num_leaves"": 31}, ""matched"": true}, {""node_id"": ""2985"", ""widget_name"": ""Predictions"", ""node_name"": ""预测"", ""node_params"": {""output_attrs"": true, ""output_predictions"": true, ""output_probabilities"": false}, ""matched"": true}, {""node_id"": ""2986"", ""widget_name"": ""Save Data"", ""node_name"": ""保存预测结果"", ""node_params"": {}, ""matched"": true}]}","{""dependency_requirements"": [{""edge_id"": ""2480"", ""source_node_id"": ""2982"", ""target_node_id"": ""2983""}, {""edge_id"": ""2481"", ""source_node_id"": ""2983"", ""target_node_id"": ""2984""}, {""edge_id"": ""2482"", ""source_node_id"": ""2983"", ""target_node_id"": ""2985""}, {""edge_id"": ""2483"", ""source_node_id"": ""2984"", ""target_node_id"": ""2985""}, {""edge_id"": ""2484"", ""source_node_id"": ""2985"", ""target_node_id"": ""2986""}], ""step_requirements"": [{""node_id"": ""2982"", ""algorithm_step_name"": ""Tabular Dataset Loading"", ""node_name"": ""鸢尾花示例数据"", ""node_params"": {""type"": ""sample"", ""filename"": ""iris.csv""}, ""contrast_level"": 2, ""node_type"": ""io""}, {""node_id"": ""2983"", ""algorithm_step_name"": ""Dataset Division"", ""node_name"": ""数据划分处理"", ""node_params"": {""sampling_type"": 0, ""percentage"": 50, ""n_samples"": 15, ""replacement"": false, ""n_folds"": 10, ""selected_folds"": 1, ""replicable"": false, ""stratified"": false}, ""contrast_level"": 2, ""node_type"": ""preprocess""}, {""node_id"": ""2984"", ""algorithm_step_name"": ""LightGBM"", ""node_name"": ""LightGBM分类器"", ""node_params"": {""boosting_type"": ""gbdt"", ""n_estimators"": 10, ""learning_rate"": 0.1, ""sampling_rate"": 0.1, ""max_depth_check"": false, ""max_depth"": 3, ""num_leaves_check"": false, ""num_leaves"": 31}, ""contrast_level"": 2, ""node_type"": ""model""}, {""node_id"": ""2985"", ""algorithm_step_name"": ""Test Dataset Predictions"", ""node_name"": ""预测"", ""node_params"": {""output_attrs"": true, ""output_predictions"": true, ""output_probabilities"": false}, ""contrast_level"": 2, ""node_type"": ""predict""}, {""node_id"": ""2986"", ""algorithm_step_name"": ""Save Data"", ""node_name"": ""Save Data"", ""node_params"": {}, ""contrast_level"": 1, ""node_type"": ""io""}]}",1.0
帮我把目标检测使用的模型换成SSD，学习率使用0.02。最后，我还需要查看训练日志。,1.0,6600,328,29.26117873191833,11.87999701499939,5.696796178817749,11.684385538101196,0,"{""edges"": [{""edge_id"": ""26190"", ""source_node_id"": ""2998"", ""target_node_id"": ""2999""}, {""edge_id"": ""26191"", ""source_node_id"": ""2999"", ""target_node_id"": ""3000""}], ""nodes"": [{""node_id"": ""2998"", ""widget_name"": ""Image"", ""node_name"": ""猫狗图像数据加载"", ""node_params"": {}, ""matched"": true}, {""node_id"": ""2999"", ""widget_name"": ""Object Detection"", ""node_name"": ""目标检测模型"", ""node_params"": {""frame"": ""pytorch"", ""select_model"": ""SSD"", ""backbone"": ""DarkNet53"", ""epoch"": 3, ""learning_rate"": 0.02, ""batch_size"": 2}, ""matched"": true}, {""node_id"": ""3000"", ""widget_name"": ""Train Log"", ""node_name"": ""训练日志"", ""node_params"": {}, ""matched"": true}]}","{""dependency_requirements"": [{""edge_id"": ""2495"", ""source_node_id"": ""2998"", ""target_node_id"": ""2999""}, {""edge_id"": ""2496"", ""source_node_id"": ""2999"", ""target_node_id"": ""3000""}], ""step_requirements"": [{""node_id"": ""2998"", ""algorithm_step_name"": ""Image Dataset Loading"", ""node_name"": ""猫狗图像数据"", ""node_params"": {}, ""contrast_level"": 2, ""node_type"": ""io""}, {""node_id"": ""2999"", ""algorithm_step_name"": ""Object Detection Model"", ""node_name"": ""目标检测"", ""node_params"": {""frame"": ""pytorch"", ""select_model"": ""SSD"", ""backbone"": ""DarkNet53"", ""epoch"": 3, ""learning_rate"": 0.02, ""batch_size"": 2}, ""contrast_level"": 2, ""node_type"": ""model""}, {""node_id"": ""3000"", ""algorithm_step_name"": ""Train Log"", ""node_name"": ""训练日志"", ""node_params"": {}, ""contrast_level"": 2, ""node_type"": ""visualize""}]}",1.0
帮我把缺失值处理方式修改为使用平均值填补，然后把多余的KNN模型删除掉。,1.0,8301,161,19.65983629226685,8.119868516921997,5.758099794387817,5.781867980957031,0,"{""edges"": [{""edge_id"": ""26192"", ""source_node_id"": ""2958"", ""target_node_id"": ""2959""}, {""edge_id"": ""26193"", ""source_node_id"": ""2959"", ""target_node_id"": ""2960""}, {""edge_id"": ""26194"", ""source_node_id"": ""2960"", ""target_node_id"": ""2961""}, {""edge_id"": ""26196"", ""source_node_id"": ""2960"", ""target_node_id"": ""2963""}, {""edge_id"": ""26198"", ""source_node_id"": ""2961"", ""target_node_id"": ""2963""}], ""nodes"": [{""node_id"": ""2958"", ""widget_name"": ""File"", ""node_name"": ""鸢尾花示例数据"", ""node_params"": {""type"": ""sample"", ""filename"": ""iris.csv""}, ""matched"": true}, {""node_id"": ""2959"", ""widget_name"": ""Impute"", ""node_name"": ""缺失值处理"", ""node_params"": {""method"": 2}, ""matched"": true}, {""node_id"": ""2960"", ""widget_name"": ""Data Sampler"", ""node_name"": ""数据划分处理"", ""node_params"": {""sampling_type"": 0, ""percentage"": 10, ""n_samples"": 15, ""replacement"": false, ""n_folds"": 10, ""selected_folds"": 1, ""replicable"": false, ""stratified"": false}, ""matched"": true}, {""node_id"": ""2961"", ""widget_name"": ""LightGBM"", ""node_name"": ""LightGBM分类器"", ""node_params"": {""boosting_type"": ""gbdt"", ""n_estimators"": 10, ""learning_rate"": 0.1, ""sampling_rate"": 0.1, ""max_depth_check"": false, ""max_depth"": 3, ""num_leaves_check"": false, ""num_leaves"": 31}, ""matched"": true}, {""node_id"": ""2963"", ""widget_name"": ""Test & Score"", ""node_name"": ""模型评估"", ""node_params"": {}, ""matched"": true}]}","{""dependency_requirements"": [{""edge_id"": ""2447"", ""source_node_id"": ""2958"", ""target_node_id"": ""2959""}, {""edge_id"": ""2448"", ""source_node_id"": ""2959"", ""target_node_id"": ""2960""}, {""edge_id"": ""2449"", ""source_node_id"": ""2960"", ""target_node_id"": ""2961""}, {""edge_id"": ""2451"", ""source_node_id"": ""2960"", ""target_node_id"": ""2963""}, {""edge_id"": ""2453"", ""source_node_id"": ""2961"", ""target_node_id"": ""2963""}], ""step_requirements"": [{""node_id"": ""2958"", ""algorithm_step_name"": ""Tabular Dataset Loading"", ""node_name"": ""鸢尾花示例数据"", ""node_params"": {""type"": ""sample"", ""filename"": ""iris.csv""}, ""contrast_level"": 2, ""node_type"": ""io""}, {""node_id"": ""2959"", ""algorithm_step_name"": ""Missing Value Handling"", ""node_name"": ""缺失值处理"", ""node_params"": {""method"": 2}, ""contrast_level"": 2, ""node_type"": ""preprocess""}, {""node_id"": ""2960"", ""algorithm_step_name"": ""Dataset Division"", ""node_name"": ""数据划分处理"", ""node_params"": {""sampling_type"": 0, ""percentage"": 10, ""n_samples"": 15, ""replacement"": false, ""n_folds"": 10, ""selected_folds"": 1, ""replicable"": false, ""stratified"": false}, ""contrast_level"": 2, ""node_type"": ""preprocess""}, {""node_id"": ""2961"", ""algorithm_step_name"": ""LightGBM"", ""node_name"": ""LightGBM分类器"", ""node_params"": {""boosting_type"": ""gbdt"", ""n_estimators"": 10, ""learning_rate"": 0.1, ""sampling_rate"": 0.1, ""max_depth_check"": false, ""max_depth"": 3, ""num_leaves_check"": false, ""num_leaves"": 31}, ""contrast_level"": 2, ""node_type"": ""model""}, {""node_id"": ""2963"", ""algorithm_step_name"": ""Model Evaluate"", ""node_name"": ""模型评估"", ""node_params"": {}, ""contrast_level"": 2, ""node_type"": ""evaluate""}]}",1.0
独热编码这个步骤是冗余的，帮我删除掉。在这之后还需要你将随机森林数的数量改为30，缺失值的处理方法改为用随机值填补。,1.0,12542,281,31.458271265029907,11.434805870056152,7.990867376327515,12.03259801864624,0,"{""edges"": [{""edge_id"": ""26200"", ""source_node_id"": ""3002"", ""target_node_id"": ""3003""}, {""edge_id"": ""26203"", ""source_node_id"": ""3005"", ""target_node_id"": ""3006""}, {""edge_id"": ""26204"", ""source_node_id"": ""3005"", ""target_node_id"": ""3007""}, {""edge_id"": ""26206"", ""source_node_id"": ""3006"", ""target_node_id"": ""3007""}, {""edge_id"": ""26207"", ""source_node_id"": ""3003"", ""target_node_id"": ""3005""}], ""nodes"": [{""node_id"": ""3002"", ""widget_name"": ""File"", ""node_name"": ""数据"", ""node_params"": {""type"": ""sample"", ""filename"": ""iris.csv""}, ""matched"": true}, {""node_id"": ""3003"", ""widget_name"": ""Impute"", ""node_name"": ""缺失值处理"", ""node_params"": {""method"": 4}, ""matched"": true}, {""node_id"": ""3005"", ""widget_name"": ""Data Sampler"", ""node_name"": ""数据采样"", ""node_params"": {""sampling_type"": 0, ""percentage"": 10, ""n_samples"": 15, ""replacement"": false, ""n_folds"": 10, ""selected_folds"": 1, ""replicable"": false, ""stratified"": false}, ""matched"": true}, {""node_id"": ""3006"", ""widget_name"": ""Random Forest"", ""node_name"": ""随机森林"", ""node_params"": {""n_estimators"": 30, ""use_max_features"": false, ""max_features"": ""auto"", ""use_random_state"": false, ""use_max_depth"": false, ""max_depth"": 3, ""use_min_samples_split"": true, ""min_samples_split"": 2}, ""matched"": true}, {""node_id"": ""3007"", ""widget_name"": ""Test & Score"", ""node_name"": ""测试得分"", ""node_params"": {}, ""matched"": true}]}","{""dependency_requirements"": [{""edge_id"": ""2497"", ""source_node_id"": ""3002"", ""target_node_id"": ""3003""}, {""edge_id"": ""2500"", ""source_node_id"": ""3005"", ""target_node_id"": ""3006""}, {""edge_id"": ""2501"", ""source_node_id"": ""3005"", ""target_node_id"": ""3007""}, {""edge_id"": ""2503"", ""source_node_id"": ""3006"", ""target_node_id"": ""3007""}, {""edge_id"": ""2504"", ""source_node_id"": ""3003"", ""target_node_id"": ""3005""}], ""step_requirements"": [{""node_id"": ""3002"", ""algorithm_step_name"": ""Tabular Dataset Loading"", ""node_name"": ""数据"", ""node_params"": {""type"": ""sample"", ""filename"": ""iris.csv""}, ""contrast_level"": 2, ""node_type"": ""io""}, {""node_id"": ""3003"", ""algorithm_step_name"": ""Missing Value Handling"", ""node_name"": ""缺失值处理"", ""node_params"": {""method"": 4}, ""contrast_level"": 2, ""node_type"": ""preprocess""}, {""node_id"": ""3005"", ""algorithm_step_name"": ""Dataset Division"", ""node_name"": ""数据采样"", ""node_params"": {""sampling_type"": 0, ""percentage"": 10, ""n_samples"": 15, ""replacement"": false, ""n_folds"": 10, ""selected_folds"": 1, ""replicable"": false, ""stratified"": false}, ""contrast_level"": 2, ""node_type"": ""preprocess""}, {""node_id"": ""3006"", ""algorithm_step_name"": ""Random Forest"", ""node_name"": ""随机森林"", ""node_params"": {""n_estimators"": 30, ""use_max_features"": false, ""max_features"": ""auto"", ""use_random_state"": false, ""use_max_depth"": false, ""max_depth"": 3, ""use_min_samples_split"": true, ""min_samples_split"": 2}, ""contrast_level"": 2, ""node_type"": ""model""}, {""node_id"": ""3007"", ""algorithm_step_name"": ""Model Evaluate"", ""node_name"": ""测试得分"", ""node_params"": {}, ""contrast_level"": 2, ""node_type"": ""evaluate""}]}",1.0
帮我把多余的模型都删除掉，只留下LightGBM，并把LightGBM的学习率改为0.01。,1.0,5700,252,22.008400678634644,12.624837636947632,3.841224193572998,5.542338848114014,0,"{""edges"": [{""edge_id"": ""26208"", ""source_node_id"": ""3032"", ""target_node_id"": ""3033""}, {""edge_id"": ""26210"", ""source_node_id"": ""3033"", ""target_node_id"": ""3035""}, {""edge_id"": ""26213"", ""source_node_id"": ""3033"", ""target_node_id"": ""3038""}, {""edge_id"": ""26216"", ""source_node_id"": ""3035"", ""target_node_id"": ""3038""}], ""nodes"": [{""node_id"": ""3032"", ""widget_name"": ""File"", ""node_name"": ""数据"", ""node_params"": {""type"": ""sample"", ""filename"": ""iris.csv""}, ""matched"": true}, {""node_id"": ""3033"", ""widget_name"": ""Data Sampler"", ""node_name"": ""数据采样"", ""node_params"": {""sampling_type"": 0, ""percentage"": 10, ""n_samples"": 15, ""replacement"": false, ""n_folds"": 10, ""selected_folds"": 1, ""replicable"": false, ""stratified"": false}, ""matched"": true}, {""node_id"": ""3035"", ""widget_name"": ""LightGBM"", ""node_name"": ""LightGBM"", ""node_params"": {""boosting_type"": ""gbdt"", ""n_estimators"": 10, ""learning_rate"": 0.01, ""sampling_rate"": 0.1, ""max_depth_check"": false, ""max_depth"": 3, ""num_leaves_check"": false, ""num_leaves"": 31}, ""matched"": true}, {""node_id"": ""3038"", ""widget_name"": ""Test & Score"", ""node_name"": ""测试得分"", ""node_params"": {}, ""matched"": true}]}","{""dependency_requirements"": [{""edge_id"": ""2536"", ""source_node_id"": ""3032"", ""target_node_id"": ""3033""}, {""edge_id"": ""2538"", ""source_node_id"": ""3033"", ""target_node_id"": ""3035""}, {""edge_id"": ""2541"", ""source_node_id"": ""3033"", ""target_node_id"": ""3038""}, {""edge_id"": ""2544"", ""source_node_id"": ""3035"", ""target_node_id"": ""3038""}], ""step_requirements"": [{""node_id"": ""3032"", ""algorithm_step_name"": ""Tabular Dataset Loading"", ""node_name"": ""数据"", ""node_params"": {""type"": ""sample"", ""filename"": ""iris.csv""}, ""contrast_level"": 2, ""node_type"": ""io""}, {""node_id"": ""3033"", ""algorithm_step_name"": ""Dataset Division"", ""node_name"": ""数据采样"", ""node_params"": {""sampling_type"": 0, ""percentage"": 10, ""n_samples"": 15, ""replacement"": false, ""n_folds"": 10, ""selected_folds"": 1, ""replicable"": false, ""stratified"": false}, ""contrast_level"": 2, ""node_type"": ""preprocess""}, {""node_id"": ""3035"", ""algorithm_step_name"": ""LightGBM"", ""node_name"": ""LightGBM"", ""node_params"": {""boosting_type"": ""gbdt"", ""n_estimators"": 10, ""learning_rate"": 0.01, ""sampling_rate"": 0.1, ""max_depth_check"": false, ""max_depth"": 3, ""num_leaves_check"": false, ""num_leaves"": 31}, ""contrast_level"": 2, ""node_type"": ""model""}, {""node_id"": ""3038"", ""algorithm_step_name"": ""Model Evaluate"", ""node_name"": ""测试得分"", ""node_params"": {}, ""contrast_level"": 2, ""node_type"": ""evaluate""}]}",1.0
帮我把LightGBM模型更换为XGBoost。,1.0,5735,165,17.016084909439087,7.199122905731201,3.736622095108032,6.0803399085998535,0,"{""edges"": [{""edge_id"": ""26219"", ""source_node_id"": ""2964"", ""target_node_id"": ""2965""}, {""edge_id"": ""26220"", ""source_node_id"": ""2965"", ""target_node_id"": ""2966""}, {""edge_id"": ""26222"", ""source_node_id"": ""2966"", ""target_node_id"": ""2968""}, {""edge_id"": ""26225"", ""source_node_id"": ""2966"", ""target_node_id"": ""2969""}, {""edge_id"": ""26226"", ""source_node_id"": ""2969"", ""target_node_id"": ""2968""}], ""nodes"": [{""node_id"": ""2964"", ""widget_name"": ""File"", ""node_name"": ""鸢尾花示例数据"", ""node_params"": {""type"": ""sample"", ""filename"": ""iris.csv""}, ""matched"": true}, {""node_id"": ""2965"", ""widget_name"": ""Impute"", ""node_name"": ""缺失值处理"", ""node_params"": {""method"": 1}, ""matched"": true}, {""node_id"": ""2966"", ""widget_name"": ""Data Sampler"", ""node_name"": ""数据划分处理"", ""node_params"": {""sampling_type"": 0, ""percentage"": 10, ""n_samples"": 15, ""replacement"": false, ""n_folds"": 10, ""selected_folds"": 1, ""replicable"": false, ""stratified"": false}, ""matched"": true}, {""node_id"": ""2968"", ""widget_name"": ""Test & Score"", ""node_name"": ""模型评估"", ""node_params"": {}, ""matched"": true}, {""node_id"": ""2969"", ""widget_name"": ""XGBoost"", ""node_name"": ""XGBoost分类器"", ""node_params"": {""booster"": ""gbtree"", ""learning_rate"": 0.3, ""gamma"": 0, ""max_depth"": 6, ""min_child_widget"": 1, ""max_delta_step"": 0, ""subsample"": 1, ""sampling_method"": ""uniform"", ""lambda"": 1, ""alpha"": 0, ""tree_method"": ""auto"", ""scale_pos_weight"": 1, ""updater"": ""grow_colmaker"", ""process_type"": ""default"", ""grow_policy"": ""depthwise""}, ""matched"": true}]}","{""dependency_requirements"": [{""edge_id"": ""2455"", ""source_node_id"": ""2964"", ""target_node_id"": ""2965""}, {""edge_id"": ""2456"", ""source_node_id"": ""2965"", ""target_node_id"": ""2966""}, {""edge_id"": ""2458"", ""source_node_id"": ""2966"", ""target_node_id"": ""2968""}, {""edge_id"": ""2461"", ""source_node_id"": ""2966"", ""target_node_id"": ""2969""}, {""edge_id"": ""2462"", ""source_node_id"": ""2969"", ""target_node_id"": ""2968""}], ""step_requirements"": [{""node_id"": ""2964"", ""algorithm_step_name"": ""Tabular Dataset Loading"", ""node_name"": ""鸢尾花示例数据"", ""node_params"": {""type"": ""sample"", ""filename"": ""iris.csv""}, ""contrast_level"": 2, ""node_type"": ""io""}, {""node_id"": ""2965"", ""algorithm_step_name"": ""Missing Value Handling"", ""node_name"": ""缺失值处理"", ""node_params"": {""method"": 1}, ""contrast_level"": 2, ""node_type"": ""preprocess""}, {""node_id"": ""2966"", ""algorithm_step_name"": ""Dataset Division"", ""node_name"": ""数据划分处理"", ""node_params"": {""sampling_type"": 0, ""percentage"": 10, ""n_samples"": 15, ""replacement"": false, ""n_folds"": 10, ""selected_folds"": 1, ""replicable"": false, ""stratified"": false}, ""contrast_level"": 2, ""node_type"": ""preprocess""}, {""node_id"": ""2968"", ""algorithm_step_name"": ""Model Evaluate"", ""node_name"": ""模型评估"", ""node_params"": {}, ""contrast_level"": 2, ""node_type"": ""evaluate""}, {""node_id"": ""2969"", ""algorithm_step_name"": ""XGBoost"", ""node_name"": ""XGBoost分类器"", ""node_params"": {}, ""contrast_level"": 1, ""node_type"": ""model""}]}",1.0
我不需要对模型进行评估了，帮我把模型评估组件换成预测组件。,1.0,6266,222,16.92665696144104,7.97639274597168,0.0019047260284423,8.948359489440918,0,"{""edges"": [{""edge_id"": ""26227"", ""source_node_id"": ""2970"", ""target_node_id"": ""2971""}, {""edge_id"": ""26228"", ""source_node_id"": ""2971"", ""target_node_id"": ""2972""}, {""edge_id"": ""26229"", ""source_node_id"": ""2972"", ""target_node_id"": ""2973""}, {""edge_id"": ""26233"", ""source_node_id"": ""2972"", ""target_node_id"": ""2975""}, {""edge_id"": ""26234"", ""source_node_id"": ""2973"", ""target_node_id"": ""2975""}], ""nodes"": [{""node_id"": ""2970"", ""widget_name"": ""File"", ""node_name"": ""鸢尾花示例数据"", ""node_params"": {""type"": ""sample"", ""filename"": ""iris.csv""}, ""matched"": true}, {""node_id"": ""2971"", ""widget_name"": ""Impute"", ""node_name"": ""缺失值处理"", ""node_params"": {""method"": 1}, ""matched"": true}, {""node_id"": ""2972"", ""widget_name"": ""Data Sampler"", ""node_name"": ""数据划分处理"", ""node_params"": {""sampling_type"": 0, ""percentage"": 10, ""n_samples"": 15, ""replacement"": false, ""n_folds"": 10, ""selected_folds"": 1, ""replicable"": false, ""stratified"": false}, ""matched"": true}, {""node_id"": ""2973"", ""widget_name"": ""LightGBM"", ""node_name"": ""LightGBM分类器"", ""node_params"": {""boosting_type"": ""gbdt"", ""n_estimators"": 10, ""learning_rate"": 0.1, ""sampling_rate"": 0.1, ""max_depth_check"": false, ""max_depth"": 3, ""num_leaves_check"": false, ""num_leaves"": 31}, ""matched"": true}, {""node_id"": ""2975"", ""widget_name"": ""Predictions"", ""node_name"": ""预测"", ""node_params"": {""output_attrs"": true, ""output_predictions"": true, ""output_probabilities"": true}, ""matched"": true}]}","{""dependency_requirements"": [{""edge_id"": ""2463"", ""source_node_id"": ""2970"", ""target_node_id"": ""2971""}, {""edge_id"": ""2464"", ""source_node_id"": ""2971"", ""target_node_id"": ""2972""}, {""edge_id"": ""2465"", ""source_node_id"": ""2972"", ""target_node_id"": ""2973""}, {""edge_id"": ""2469"", ""source_node_id"": ""2972"", ""target_node_id"": ""2975""}, {""edge_id"": ""2470"", ""source_node_id"": ""2973"", ""target_node_id"": ""2975""}], ""step_requirements"": [{""node_id"": ""2970"", ""algorithm_step_name"": ""Tabular Dataset Loading"", ""node_name"": ""鸢尾花示例数据"", ""node_params"": {""type"": ""sample"", ""filename"": ""iris.csv""}, ""contrast_level"": 2, ""node_type"": ""io""}, {""node_id"": ""2971"", ""algorithm_step_name"": ""Missing Value Handling"", ""node_name"": ""缺失值处理"", ""node_params"": {""method"": 1}, ""contrast_level"": 2, ""node_type"": ""preprocess""}, {""node_id"": ""2972"", ""algorithm_step_name"": ""Dataset Division"", ""node_name"": ""数据划分处理"", ""node_params"": {""sampling_type"": 0, ""percentage"": 10, ""n_samples"": 15, ""replacement"": false, ""n_folds"": 10, ""selected_folds"": 1, ""replicable"": false, ""stratified"": false}, ""contrast_level"": 2, ""node_type"": ""preprocess""}, {""node_id"": ""2973"", ""algorithm_step_name"": ""LightGBM"", ""node_name"": ""LightGBM分类器"", ""node_params"": {""boosting_type"": ""gbdt"", ""n_estimators"": 10, ""learning_rate"": 0.1, ""sampling_rate"": 0.1, ""max_depth_check"": false, ""max_depth"": 3, ""num_leaves_check"": false, ""num_leaves"": 31}, ""contrast_level"": 2, ""node_type"": ""model""}, {""node_id"": ""2975"", ""algorithm_step_name"": ""Test Dataset Predictions"", ""node_name"": ""预测"", ""node_params"": {}, ""contrast_level"": 1, ""node_type"": ""predict""}]}",1.0
帮我把缺失值处理步骤删除掉，并换一个更好的模型。,0.8333,9111,250,26.24509882926941,9.407894134521484,5.88959550857544,10.947609186172484,0,"{""edges"": [{""edge_id"": ""26238"", ""source_node_id"": ""2978"", ""target_node_id"": ""2980""}, {""edge_id"": ""26241"", ""source_node_id"": ""2976"", ""target_node_id"": ""2978""}, {""edge_id"": ""26242"", ""source_node_id"": ""2978"", ""target_node_id"": ""32807""}, {""edge_id"": ""26243"", ""source_node_id"": ""32807"", ""target_node_id"": ""2980""}], ""nodes"": [{""node_id"": ""2976"", ""widget_name"": ""File"", ""node_name"": ""鸢尾花示例数据"", ""node_params"": {""type"": ""sample"", ""filename"": ""iris.csv""}, ""matched"": true}, {""node_id"": ""2978"", ""widget_name"": ""Data Sampler"", ""node_name"": ""数据划分处理"", ""node_params"": {""sampling_type"": 0, ""percentage"": 10, ""n_samples"": 15, ""replacement"": false, ""n_folds"": 10, ""selected_folds"": 1, ""replicable"": false, ""stratified"": false}, ""matched"": true}, {""node_id"": ""2980"", ""widget_name"": ""Test & Score"", ""node_name"": ""模型评估"", ""node_params"": {}, ""matched"": true}, {""node_id"": ""32807"", ""widget_name"": ""Logistic Regression"", ""node_name"": ""逻辑回归分类器"", ""node_params"": {""C"": 1, ""penalty"": ""l2""}, ""matched"": false}]}","{""dependency_requirements"": [{""edge_id"": ""2474"", ""source_node_id"": ""2978"", ""target_node_id"": ""2980""}, {""edge_id"": ""2477"", ""source_node_id"": ""2976"", ""target_node_id"": ""2978""}, {""edge_id"": ""2478"", ""source_node_id"": ""2978"", ""target_node_id"": ""2981""}, {""edge_id"": ""2479"", ""source_node_id"": ""2981"", ""target_node_id"": ""2980""}], ""step_requirements"": [{""node_id"": ""2976"", ""algorithm_step_name"": ""Tabular Dataset Loading"", ""node_name"": ""鸢尾花示例数据"", ""node_params"": {""type"": ""sample"", ""filename"": ""iris.csv""}, ""contrast_level"": 2, ""node_type"": ""io""}, {""node_id"": ""2978"", ""algorithm_step_name"": ""Dataset Division"", ""node_name"": ""数据划分处理"", ""node_params"": {""sampling_type"": 0, ""percentage"": 10, ""n_samples"": 15, ""replacement"": false, ""n_folds"": 10, ""selected_folds"": 1, ""replicable"": false, ""stratified"": false}, ""contrast_level"": 2, ""node_type"": ""preprocess""}, {""node_id"": ""2980"", ""algorithm_step_name"": ""Model Evaluate"", ""node_name"": ""模型评估"", ""node_params"": {}, ""contrast_level"": 2, ""node_type"": ""evaluate""}, {""node_id"": ""2981"", ""algorithm_step_name"": ""XGBoost"", ""node_name"": ""XGBoost"", ""node_params"": {}, ""contrast_level"": 1, ""node_type"": ""model""}]}",0.75
我的数据集没有缺失值，所以请你帮我删除掉缺失值处理这一步，然后把数据抽样的比例改为7:3，最后帮我添加一个可视化混淆矩阵的步骤。,1.0,7278,289,25.57713198661804,11.1575927734375,3.899826765060425,10.519712448120115,0,"{""edges"": [{""edge_id"": ""26246"", ""source_node_id"": ""3047"", ""target_node_id"": ""3048""}, {""edge_id"": ""26247"", ""source_node_id"": ""3047"", ""target_node_id"": ""3049""}, {""edge_id"": ""26249"", ""source_node_id"": ""3048"", ""target_node_id"": ""3049""}, {""edge_id"": ""26250"", ""source_node_id"": ""3045"", ""target_node_id"": ""3047""}, {""edge_id"": ""26251"", ""source_node_id"": ""3049"", ""target_node_id"": ""3050""}], ""nodes"": [{""node_id"": ""3045"", ""widget_name"": ""File"", ""node_name"": ""数据"", ""node_params"": {""type"": ""sample"", ""filename"": ""iris.csv""}, ""matched"": true}, {""node_id"": ""3047"", ""widget_name"": ""Data Sampler"", ""node_name"": ""数据采样"", ""node_params"": {""sampling_type"": 0, ""percentage"": 30, ""n_samples"": 15, ""replacement"": false, ""n_folds"": 10, ""selected_folds"": 1, ""replicable"": false, ""stratified"": false}, ""matched"": true}, {""node_id"": ""3048"", ""widget_name"": ""LightGBM"", ""node_name"": ""LightGBM"", ""node_params"": {""boosting_type"": ""gbdt"", ""n_estimators"": 10, ""learning_rate"": 0.1, ""sampling_rate"": 0.1, ""max_depth_check"": false, ""max_depth"": 3, ""num_leaves_check"": false, ""num_leaves"": 31}, ""matched"": true}, {""node_id"": ""3049"", ""widget_name"": ""Test & Score"", ""node_name"": ""测试得分"", ""node_params"": {}, ""matched"": true}, {""node_id"": ""3050"", ""widget_name"": ""Confusion Matrix"", ""node_name"": ""混淆矩阵"", ""node_params"": {}, ""matched"": true}]}","{""dependency_requirements"": [{""edge_id"": ""2556"", ""source_node_id"": ""3047"", ""target_node_id"": ""3048""}, {""edge_id"": ""2557"", ""source_node_id"": ""3047"", ""target_node_id"": ""3049""}, {""edge_id"": ""2559"", ""source_node_id"": ""3048"", ""target_node_id"": ""3049""}, {""edge_id"": ""2560"", ""source_node_id"": ""3045"", ""target_node_id"": ""3047""}, {""edge_id"": ""2561"", ""source_node_id"": ""3049"", ""target_node_id"": ""3050""}], ""step_requirements"": [{""node_id"": ""3045"", ""algorithm_step_name"": ""Tabular Dataset Loading"", ""node_name"": ""数据"", ""node_params"": {""type"": ""sample"", ""filename"": ""iris.csv""}, ""contrast_level"": 2, ""node_type"": ""io""}, {""node_id"": ""3047"", ""algorithm_step_name"": ""Dataset Division"", ""node_name"": ""数据采样"", ""node_params"": {""sampling_type"": 0, ""percentage"": 30, ""n_samples"": 15, ""replacement"": false, ""n_folds"": 10, ""selected_folds"": 1, ""replicable"": false, ""stratified"": false}, ""contrast_level"": 2, ""node_type"": ""preprocess""}, {""node_id"": ""3048"", ""algorithm_step_name"": ""LightGBM"", ""node_name"": ""LightGBM"", ""node_params"": {""boosting_type"": ""gbdt"", ""n_estimators"": 10, ""learning_rate"": 0.1, ""sampling_rate"": 0.1, ""max_depth_check"": false, ""max_depth"": 3, ""num_leaves_check"": false, ""num_leaves"": 31}, ""contrast_level"": 2, ""node_type"": ""model""}, {""node_id"": ""3049"", ""algorithm_step_name"": ""Model Evaluate"", ""node_name"": ""测试得分"", ""node_params"": {}, ""contrast_level"": 2, ""node_type"": ""evaluate""}, {""node_id"": ""3050"", ""algorithm_step_name"": ""Confusion Matrix"", ""node_name"": ""混淆矩阵"", ""node_params"": {}, ""contrast_level"": 2, ""node_type"": ""visualize""}]}",1.0
帮我把加载的数据集换成房价示例数据集。然后，把KNN模型给我换成XGBoost模型。,0.8333,6871,230,31.52547645568848,9.685078382492064,3.7288005352020255,18.111597537994385,0,"{""edges"": [{""edge_id"": ""26252"", ""source_node_id"": ""3051"", ""target_node_id"": ""3052""}, {""edge_id"": ""26254"", ""source_node_id"": ""3052"", ""target_node_id"": ""3054""}, {""edge_id"": ""26257"", ""source_node_id"": ""3052"", ""target_node_id"": ""32818""}, {""edge_id"": ""26258"", ""source_node_id"": ""32818"", ""target_node_id"": ""3054""}], ""nodes"": [{""node_id"": ""3051"", ""widget_name"": ""File"", ""node_name"": ""数据"", ""node_params"": {""type"": ""sample"", ""filename"": ""housing.csv""}, ""matched"": true}, {""node_id"": ""3052"", ""widget_name"": ""Data Sampler"", ""node_name"": ""数据采样"", ""node_params"": {""sampling_type"": 0, ""percentage"": 10, ""n_samples"": 15, ""replacement"": false, ""n_folds"": 10, ""selected_folds"": 1, ""replicable"": false, ""stratified"": false}, ""matched"": true}, {""node_id"": ""3054"", ""widget_name"": ""Test & Score"", ""node_name"": ""测试得分"", ""node_params"": {}, ""matched"": true}, {""node_id"": ""32818"", ""widget_name"": ""Linear Regression"", ""node_name"": ""线性回归"", ""node_params"": {""regression_type"": ""0""}, ""matched"": false}]}","{""dependency_requirements"": [{""edge_id"": ""2562"", ""source_node_id"": ""3051"", ""target_node_id"": ""3052""}, {""edge_id"": ""2564"", ""source_node_id"": ""3052"", ""target_node_id"": ""3054""}, {""edge_id"": ""2567"", ""source_node_id"": ""3052"", ""target_node_id"": ""3055""}, {""edge_id"": ""2568"", ""source_node_id"": ""3055"", ""target_node_id"": ""3054""}], ""step_requirements"": [{""node_id"": ""3051"", ""algorithm_step_name"": ""Tabular Dataset Loading"", ""node_name"": ""数据"", ""node_params"": {""type"": ""sample"", ""filename"": ""housing.csv""}, ""contrast_level"": 2, ""node_type"": ""io""}, {""node_id"": ""3052"", ""algorithm_step_name"": ""Dataset Division"", ""node_name"": ""数据采样"", ""node_params"": {""sampling_type"": 0, ""percentage"": 10, ""n_samples"": 15, ""replacement"": false, ""n_folds"": 10, ""selected_folds"": 1, ""replicable"": false, ""stratified"": false}, ""contrast_level"": 2, ""node_type"": ""preprocess""}, {""node_id"": ""3054"", ""algorithm_step_name"": ""Model Evaluate"", ""node_name"": ""测试得分"", ""node_params"": {}, ""contrast_level"": 2, ""node_type"": ""evaluate""}, {""node_id"": ""3055"", ""algorithm_step_name"": ""XGBoost"", ""node_name"": ""XGBoost"", ""node_params"": {}, ""contrast_level"": 1, ""node_type"": ""model""}]}",0.75
帮我把连续化处理换成特征选择，KNN的邻节点个数改为7。,0.6667,12024,416,33.90464496612549,8.70339035987854,2.0875349044799805,23.113719701766968,0,"{""edges"": [{""edge_id"": ""26261"", ""source_node_id"": ""3067"", ""target_node_id"": ""32822""}, {""edge_id"": ""26262"", ""source_node_id"": ""3067"", ""target_node_id"": ""3069""}, {""edge_id"": ""26264"", ""source_node_id"": ""32822"", ""target_node_id"": ""3069""}], ""nodes"": [{""node_id"": ""3065"", ""widget_name"": ""File"", ""node_name"": ""数据"", ""node_params"": {""type"": ""sample"", ""filename"": ""iris.csv""}, ""matched"": true}, {""node_id"": ""3067"", ""widget_name"": ""Data Sampler"", ""node_name"": ""数据采样"", ""node_params"": {""sampling_type"": 0, ""percentage"": 10, ""n_samples"": 15, ""replacement"": false, ""n_folds"": 10, ""selected_folds"": 1, ""replicable"": false, ""stratified"": false}, ""matched"": true}, {""node_id"": ""32822"", ""widget_name"": ""KNN"", ""node_name"": ""KNN"", ""node_params"": {""n_neighbors"": 5, ""metric"": ""euclidean"", ""weights"": ""uniform""}, ""matched"": false}, {""node_id"": ""3069"", ""widget_name"": ""Test & Score"", ""node_name"": ""测试得分"", ""node_params"": {}, ""matched"": true}, {""node_id"": ""32824"", ""widget_name"": ""Select Columns"", ""node_name"": ""特征选择"", ""node_params"": {""ignores"": [], ""features"": [], ""targets"": """"}, ""matched"": false}]}","{""dependency_requirements"": [{""edge_id"": ""2576"", ""source_node_id"": ""3067"", ""target_node_id"": ""3068""}, {""edge_id"": ""2577"", ""source_node_id"": ""3067"", ""target_node_id"": ""3069""}, {""edge_id"": ""2579"", ""source_node_id"": ""3068"", ""target_node_id"": ""3069""}, {""edge_id"": ""2580"", ""source_node_id"": ""3065"", ""target_node_id"": ""3070""}, {""edge_id"": ""2581"", ""source_node_id"": ""3070"", ""target_node_id"": ""3067""}], ""step_requirements"": [{""node_id"": ""3065"", ""algorithm_step_name"": ""Tabular Dataset Loading"", ""node_name"": ""数据"", ""node_params"": {""type"": ""sample"", ""filename"": ""iris.csv""}, ""contrast_level"": 2, ""node_type"": ""io""}, {""node_id"": ""3067"", ""algorithm_step_name"": ""Dataset Division"", ""node_name"": ""数据采样"", ""node_params"": {""sampling_type"": 0, ""percentage"": 10, ""n_samples"": 15, ""replacement"": false, ""n_folds"": 10, ""selected_folds"": 1, ""replicable"": false, ""stratified"": false}, ""contrast_level"": 2, ""node_type"": ""preprocess""}, {""node_id"": ""3068"", ""algorithm_step_name"": ""KNN"", ""node_name"": ""KNN"", ""node_params"": {""n_neighbors"": 7, ""metric"": ""euclidean"", ""weights"": ""uniform""}, ""contrast_level"": 2, ""node_type"": ""model""}, {""node_id"": ""3069"", ""algorithm_step_name"": ""Model Evaluate"", ""node_name"": ""测试得分"", ""node_params"": {}, ""contrast_level"": 2, ""node_type"": ""evaluate""}, {""node_id"": ""3070"", ""algorithm_step_name"": ""Feature Selection"", ""node_name"": ""特征选择"", ""node_params"": {}, ""contrast_level"": 1, ""node_type"": ""feature engineering""}]}",0.4
