instruction,rcr,input_tokens,output_tokens,times,time_task_decomposition,time_widget_retrieval,time_operation_sequence_generation,time_data_retrieval,workflow,requirements
帮我把加载的鸢尾花示例数据修改为加载房价示例数据集。,1.0,13171,25,0,0,0,0,0,"{""edges"": [{""edge_id"": ""49651"", ""source_node_id"": ""2895"", ""target_node_id"": ""2896""}], ""nodes"": [{""node_id"": ""2895"", ""widget_name"": ""File"", ""node_name"": ""鸢尾花示例数据"", ""node_params"": {""type"": ""sample"", ""filename"": ""housing.csv""}, ""matched"": true}, {""node_id"": ""2896"", ""widget_name"": ""LightGBM"", ""node_name"": ""LightGBM分类器"", ""node_params"": {""boosting_type"": ""gbdt"", ""n_estimators"": 10, ""learning_rate"": 0.1, ""sampling_rate"": 0.1, ""max_depth_check"": false, ""max_depth"": 3, ""num_leaves_check"": false, ""num_leaves"": 31}, ""matched"": true}]}","{""dependency_requirements"": [{""edge_id"": ""2376"", ""source_node_id"": ""2895"", ""target_node_id"": ""2896""}], ""step_requirements"": [{""node_id"": ""2895"", ""algorithm_step_name"": ""Tabular Dataset Loading"", ""node_name"": ""鸢尾花示例数据"", ""node_params"": {""type"": ""sample"", ""filename"": ""housing.csv""}, ""contrast_level"": 2, ""node_type"": ""io""}, {""node_id"": ""2896"", ""algorithm_step_name"": ""LightGBM"", ""node_name"": ""LightGBM分类器"", ""node_params"": {""boosting_type"": ""gbdt"", ""n_estimators"": 10, ""learning_rate"": 0.1, ""sampling_rate"": 0.1, ""max_depth_check"": false, ""max_depth"": 3, ""num_leaves_check"": false, ""num_leaves"": 31}, ""contrast_level"": 2, ""node_type"": ""model""}]}"
帮我把LightGBM模型的学习器类型重新设置为rf，学习率修改为0.01。,1.0,12900,38,0,0,0,0,0,"{""edges"": [{""edge_id"": ""49652"", ""source_node_id"": ""2895"", ""target_node_id"": ""2896""}], ""nodes"": [{""node_id"": ""2895"", ""widget_name"": ""File"", ""node_name"": ""鸢尾花示例数据"", ""node_params"": {""type"": ""sample"", ""filename"": ""iris.csv""}, ""matched"": true}, {""node_id"": ""2896"", ""widget_name"": ""LightGBM"", ""node_name"": ""LightGBM分类器"", ""node_params"": {""boosting_type"": ""rf"", ""n_estimators"": 10, ""learning_rate"": 0.01, ""sampling_rate"": 0.1, ""max_depth_check"": false, ""max_depth"": 3, ""num_leaves_check"": false, ""num_leaves"": 31}, ""matched"": true}]}","{""dependency_requirements"": [{""edge_id"": ""2376"", ""source_node_id"": ""2895"", ""target_node_id"": ""2896""}], ""step_requirements"": [{""node_id"": ""2895"", ""algorithm_step_name"": ""Tabular Dataset Loading"", ""node_name"": ""鸢尾花示例数据"", ""node_params"": {""type"": ""sample"", ""filename"": ""iris.csv""}, ""contrast_level"": 2, ""node_type"": ""io""}, {""node_id"": ""2896"", ""algorithm_step_name"": ""LightGBM"", ""node_name"": ""LightGBM分类器"", ""node_params"": {""boosting_type"": ""rf"", ""n_estimators"": 10, ""learning_rate"": 0.01, ""sampling_rate"": 0.1, ""max_depth_check"": false, ""max_depth"": 3, ""num_leaves_check"": false, ""num_leaves"": 31}, ""contrast_level"": 2, ""node_type"": ""model""}]}"
帮我添加一个缺失值处理步骤，以便对鸢尾花数据进行缺失值处理,1.0,13465,86,0,0,0,0,0,"{""edges"": [{""edge_id"": ""49653"", ""source_node_id"": ""5159"", ""target_node_id"": ""5158""}, {""edge_id"": ""49654"", ""source_node_id"": ""5157"", ""target_node_id"": ""5159""}], ""nodes"": [{""node_id"": ""5157"", ""widget_name"": ""File"", ""node_name"": ""鸢尾花示例数据"", ""node_params"": {""type"": ""sample"", ""filename"": ""iris.csv""}, ""matched"": true}, {""node_id"": ""5158"", ""widget_name"": ""LightGBM"", ""node_name"": ""LightGBM分类器"", ""node_params"": {""boosting_type"": ""gbdt"", ""n_estimators"": 10, ""learning_rate"": 0.1, ""sampling_rate"": 0.1, ""max_depth_check"": false, ""max_depth"": 3, ""num_leaves_check"": false, ""num_leaves"": 31}, ""matched"": true}, {""node_id"": ""5159"", ""widget_name"": ""Impute"", ""node_name"": ""缺失值处理"", ""node_params"": {""method"": 1}, ""matched"": true}]}","{""dependency_requirements"": [{""edge_id"": ""4027"", ""source_node_id"": ""5159"", ""target_node_id"": ""5158""}, {""edge_id"": ""4028"", ""source_node_id"": ""5157"", ""target_node_id"": ""5159""}], ""step_requirements"": [{""node_id"": ""5157"", ""algorithm_step_name"": ""Tabular Dataset Loading"", ""node_name"": ""鸢尾花示例数据"", ""node_params"": {""type"": ""sample"", ""filename"": ""iris.csv""}, ""contrast_level"": 2, ""node_type"": ""io""}, {""node_id"": ""5158"", ""algorithm_step_name"": ""LightGBM"", ""node_name"": ""LightGBM分类器"", ""node_params"": {""boosting_type"": ""gbdt"", ""n_estimators"": 10, ""learning_rate"": 0.1, ""sampling_rate"": 0.1, ""max_depth_check"": false, ""max_depth"": 3, ""num_leaves_check"": false, ""num_leaves"": 31}, ""contrast_level"": 2, ""node_type"": ""model""}, {""node_id"": ""5159"", ""algorithm_step_name"": ""Missing Value Handling"", ""node_name"": ""Impute"", ""node_params"": {}, ""contrast_level"": 1, ""node_type"": ""preprocess""}]}"
帮我在模型训练之前添加一个数据划分步骤，以便将处理后的数据进行拆分。,1.0,13910,83,0,0,0,0,0,"{""edges"": [{""edge_id"": ""49655"", ""source_node_id"": ""5160"", ""target_node_id"": ""5161""}, {""edge_id"": ""49656"", ""source_node_id"": ""5163"", ""target_node_id"": ""5162""}, {""edge_id"": ""49657"", ""source_node_id"": ""5161"", ""target_node_id"": ""5163""}], ""nodes"": [{""node_id"": ""5160"", ""widget_name"": ""File"", ""node_name"": ""鸢尾花示例数据"", ""node_params"": {""type"": ""sample"", ""filename"": ""iris.csv""}, ""matched"": true}, {""node_id"": ""5161"", ""widget_name"": ""Impute"", ""node_name"": ""缺失值填充"", ""node_params"": {""method"": 1}, ""matched"": true}, {""node_id"": ""5162"", ""widget_name"": ""LightGBM"", ""node_name"": ""LightGBM分类器"", ""node_params"": {""boosting_type"": ""gbdt"", ""n_estimators"": 10, ""learning_rate"": 0.1, ""sampling_rate"": 0.1, ""max_depth_check"": false, ""max_depth"": 3, ""num_leaves_check"": false, ""num_leaves"": 31}, ""matched"": true}, {""node_id"": ""5163"", ""widget_name"": ""Data Sampler"", ""node_name"": ""数据划分"", ""node_params"": {""sampling_type"": 0, ""percentage"": 10, ""n_samples"": 15, ""replacement"": false, ""n_folds"": 10, ""selected_folds"": 1, ""replicable"": false, ""stratified"": false}, ""matched"": true}]}","{""dependency_requirements"": [{""edge_id"": ""4029"", ""source_node_id"": ""5160"", ""target_node_id"": ""5161""}, {""edge_id"": ""4030"", ""source_node_id"": ""5163"", ""target_node_id"": ""5162""}, {""edge_id"": ""4031"", ""source_node_id"": ""5161"", ""target_node_id"": ""5163""}], ""step_requirements"": [{""node_id"": ""5160"", ""algorithm_step_name"": ""Tabular Dataset Loading"", ""node_name"": ""鸢尾花示例数据"", ""node_params"": {""type"": ""sample"", ""filename"": ""iris.csv""}, ""contrast_level"": 2, ""node_type"": ""io""}, {""node_id"": ""5161"", ""algorithm_step_name"": ""Missing Value Handling"", ""node_name"": ""缺失值填充"", ""node_params"": {""method"": 1}, ""contrast_level"": 2, ""node_type"": ""preprocess""}, {""node_id"": ""5162"", ""algorithm_step_name"": ""LightGBM"", ""node_name"": ""LightGBM分类器"", ""node_params"": {""boosting_type"": ""gbdt"", ""n_estimators"": 10, ""learning_rate"": 0.1, ""sampling_rate"": 0.1, ""max_depth_check"": false, ""max_depth"": 3, ""num_leaves_check"": false, ""num_leaves"": 31}, ""contrast_level"": 2, ""node_type"": ""model""}, {""node_id"": ""5163"", ""algorithm_step_name"": ""Dataset Division"", ""node_name"": ""Data Sampler"", ""node_params"": {}, ""contrast_level"": 1, ""node_type"": ""preprocess""}]}"
我需要将数据划分的比例设置为8:2,1.0,13330,26,0,0,0,0,0,"{""edges"": [{""edge_id"": ""49658"", ""source_node_id"": ""5164"", ""target_node_id"": ""5165""}, {""edge_id"": ""49659"", ""source_node_id"": ""5165"", ""target_node_id"": ""5166""}, {""edge_id"": ""49660"", ""source_node_id"": ""5166"", ""target_node_id"": ""5167""}], ""nodes"": [{""node_id"": ""5164"", ""widget_name"": ""File"", ""node_name"": ""鸢尾花示例数据"", ""node_params"": {""type"": ""sample"", ""filename"": ""iris.csv""}, ""matched"": true}, {""node_id"": ""5165"", ""widget_name"": ""Impute"", ""node_name"": ""缺失值填充"", ""node_params"": {""method"": 1}, ""matched"": true}, {""node_id"": ""5166"", ""widget_name"": ""Data Sampler"", ""node_name"": ""数据采样"", ""node_params"": {""sampling_type"": 0, ""percentage"": 20, ""n_samples"": 15, ""replacement"": false, ""n_folds"": 10, ""selected_folds"": 1, ""replicable"": false, ""stratified"": false}, ""matched"": true}, {""node_id"": ""5167"", ""widget_name"": ""LightGBM"", ""node_name"": ""LightGBM分类器"", ""node_params"": {""boosting_type"": ""gbdt"", ""n_estimators"": 10, ""learning_rate"": 0.1, ""sampling_rate"": 0.1, ""max_depth_check"": false, ""max_depth"": 3, ""num_leaves_check"": false, ""num_leaves"": 31}, ""matched"": true}]}","{""dependency_requirements"": [{""edge_id"": ""4032"", ""source_node_id"": ""5164"", ""target_node_id"": ""5165""}, {""edge_id"": ""4033"", ""source_node_id"": ""5165"", ""target_node_id"": ""5166""}, {""edge_id"": ""4034"", ""source_node_id"": ""5166"", ""target_node_id"": ""5167""}], ""step_requirements"": [{""node_id"": ""5164"", ""algorithm_step_name"": ""Tabular Dataset Loading"", ""node_name"": ""鸢尾花示例数据"", ""node_params"": {""type"": ""sample"", ""filename"": ""iris.csv""}, ""contrast_level"": 2, ""node_type"": ""io""}, {""node_id"": ""5165"", ""algorithm_step_name"": ""Missing Value Handling"", ""node_name"": ""缺失值填充"", ""node_params"": {""method"": 1}, ""contrast_level"": 2, ""node_type"": ""preprocess""}, {""node_id"": ""5166"", ""algorithm_step_name"": ""Dataset Division"", ""node_name"": ""数据采样"", ""node_params"": {""sampling_type"": 0, ""percentage"": 20, ""n_samples"": 15, ""replacement"": false, ""n_folds"": 10, ""selected_folds"": 1, ""replicable"": false, ""stratified"": false}, ""contrast_level"": 2, ""node_type"": ""preprocess""}, {""node_id"": ""5167"", ""algorithm_step_name"": ""LightGBM"", ""node_name"": ""LightGBM分类器"", ""node_params"": {""boosting_type"": ""gbdt"", ""n_estimators"": 10, ""learning_rate"": 0.1, ""sampling_rate"": 0.1, ""max_depth_check"": false, ""max_depth"": 3, ""num_leaves_check"": false, ""num_leaves"": 31}, ""contrast_level"": 2, ""node_type"": ""model""}]}"
帮我添加一个模型评估步骤,1.0,13237,85,0,0,0,0,0,"{""edges"": [{""edge_id"": ""49661"", ""source_node_id"": ""2899"", ""target_node_id"": ""2900""}, {""edge_id"": ""49662"", ""source_node_id"": ""2900"", ""target_node_id"": ""2901""}, {""edge_id"": ""49663"", ""source_node_id"": ""2901"", ""target_node_id"": ""2902""}, {""edge_id"": ""49664"", ""source_node_id"": ""2901"", ""target_node_id"": ""2903""}, {""edge_id"": ""49666"", ""source_node_id"": ""2902"", ""target_node_id"": ""2903""}], ""nodes"": [{""node_id"": ""2899"", ""widget_name"": ""File"", ""node_name"": ""鸢尾花示例数据"", ""node_params"": {""type"": ""sample"", ""filename"": ""iris.csv""}, ""matched"": true}, {""node_id"": ""2900"", ""widget_name"": ""Impute"", ""node_name"": ""缺失值处理"", ""node_params"": {""method"": 1}, ""matched"": true}, {""node_id"": ""2901"", ""widget_name"": ""Data Sampler"", ""node_name"": ""数据划分处理"", ""node_params"": {""sampling_type"": 0, ""percentage"": 10, ""n_samples"": 15, ""replacement"": false, ""n_folds"": 10, ""selected_folds"": 1, ""replicable"": false, ""stratified"": false}, ""matched"": true}, {""node_id"": ""2902"", ""widget_name"": ""LightGBM"", ""node_name"": ""LightGBM分类器"", ""node_params"": {""boosting_type"": ""gbdt"", ""n_estimators"": 10, ""learning_rate"": 0.1, ""sampling_rate"": 0.1, ""max_depth_check"": false, ""max_depth"": 3, ""num_leaves_check"": false, ""num_leaves"": 31}, ""matched"": true}, {""node_id"": ""2903"", ""widget_name"": ""Test & Score"", ""node_name"": ""模型评估"", ""node_params"": {}, ""matched"": true}]}","{""dependency_requirements"": [{""edge_id"": ""2379"", ""source_node_id"": ""2899"", ""target_node_id"": ""2900""}, {""edge_id"": ""2380"", ""source_node_id"": ""2900"", ""target_node_id"": ""2901""}, {""edge_id"": ""2381"", ""source_node_id"": ""2901"", ""target_node_id"": ""2902""}, {""edge_id"": ""2382"", ""source_node_id"": ""2901"", ""target_node_id"": ""2903""}, {""edge_id"": ""2384"", ""source_node_id"": ""2902"", ""target_node_id"": ""2903""}], ""step_requirements"": [{""node_id"": ""2899"", ""algorithm_step_name"": ""Tabular Dataset Loading"", ""node_name"": ""鸢尾花示例数据"", ""node_params"": {""type"": ""sample"", ""filename"": ""iris.csv""}, ""contrast_level"": 2, ""node_type"": ""io""}, {""node_id"": ""2900"", ""algorithm_step_name"": ""Missing Value Handling"", ""node_name"": ""缺失值处理"", ""node_params"": {""method"": 1}, ""contrast_level"": 2, ""node_type"": ""preprocess""}, {""node_id"": ""2901"", ""algorithm_step_name"": ""Dataset Division"", ""node_name"": ""数据划分处理"", ""node_params"": {""sampling_type"": 0, ""percentage"": 10, ""n_samples"": 15, ""replacement"": false, ""n_folds"": 10, ""selected_folds"": 1, ""replicable"": false, ""stratified"": false}, ""contrast_level"": 2, ""node_type"": ""preprocess""}, {""node_id"": ""2902"", ""algorithm_step_name"": ""LightGBM"", ""node_name"": ""LightGBM分类器"", ""node_params"": {""boosting_type"": ""gbdt"", ""n_estimators"": 10, ""learning_rate"": 0.1, ""sampling_rate"": 0.1, ""max_depth_check"": false, ""max_depth"": 3, ""num_leaves_check"": false, ""num_leaves"": 31}, ""contrast_level"": 2, ""node_type"": ""model""}, {""node_id"": ""2903"", ""algorithm_step_name"": ""Model Evaluate"", ""node_name"": ""模型评估"", ""node_params"": {}, ""contrast_level"": 1, ""node_type"": ""evaluate""}]}"
数据集中没有缺失值，所以帮我把缺失值这个步骤删除掉。,1.0,13721,49,0,0,0,0,0,"{""edges"": [{""edge_id"": ""49669"", ""source_node_id"": ""2906"", ""target_node_id"": ""2907""}, {""edge_id"": ""49670"", ""source_node_id"": ""2906"", ""target_node_id"": ""2908""}, {""edge_id"": ""49672"", ""source_node_id"": ""2907"", ""target_node_id"": ""2908""}, {""edge_id"": ""49673"", ""source_node_id"": ""2904"", ""target_node_id"": ""2906""}], ""nodes"": [{""node_id"": ""2904"", ""widget_name"": ""File"", ""node_name"": ""鸢尾花示例数据"", ""node_params"": {""type"": ""sample"", ""filename"": ""iris.csv""}, ""matched"": true}, {""node_id"": ""2906"", ""widget_name"": ""Data Sampler"", ""node_name"": ""数据划分处理"", ""node_params"": {""sampling_type"": 0, ""percentage"": 10, ""n_samples"": 15, ""replacement"": false, ""n_folds"": 10, ""selected_folds"": 1, ""replicable"": false, ""stratified"": false}, ""matched"": true}, {""node_id"": ""2907"", ""widget_name"": ""LightGBM"", ""node_name"": ""LightGBM分类器"", ""node_params"": {""boosting_type"": ""gbdt"", ""n_estimators"": 10, ""learning_rate"": 0.1, ""sampling_rate"": 0.1, ""max_depth_check"": false, ""max_depth"": 3, ""num_leaves_check"": false, ""num_leaves"": 31}, ""matched"": true}, {""node_id"": ""2908"", ""widget_name"": ""Test & Score"", ""node_name"": ""模型评估"", ""node_params"": {}, ""matched"": true}]}","{""dependency_requirements"": [{""edge_id"": ""2387"", ""source_node_id"": ""2906"", ""target_node_id"": ""2907""}, {""edge_id"": ""2388"", ""source_node_id"": ""2906"", ""target_node_id"": ""2908""}, {""edge_id"": ""2390"", ""source_node_id"": ""2907"", ""target_node_id"": ""2908""}, {""edge_id"": ""2391"", ""source_node_id"": ""2904"", ""target_node_id"": ""2906""}], ""step_requirements"": [{""node_id"": ""2904"", ""algorithm_step_name"": ""Tabular Dataset Loading"", ""node_name"": ""鸢尾花示例数据"", ""node_params"": {""type"": ""sample"", ""filename"": ""iris.csv""}, ""contrast_level"": 2, ""node_type"": ""io""}, {""node_id"": ""2906"", ""algorithm_step_name"": ""Dataset Division"", ""node_name"": ""数据划分处理"", ""node_params"": {""sampling_type"": 0, ""percentage"": 10, ""n_samples"": 15, ""replacement"": false, ""n_folds"": 10, ""selected_folds"": 1, ""replicable"": false, ""stratified"": false}, ""contrast_level"": 2, ""node_type"": ""preprocess""}, {""node_id"": ""2907"", ""algorithm_step_name"": ""LightGBM"", ""node_name"": ""LightGBM分类器"", ""node_params"": {""boosting_type"": ""gbdt"", ""n_estimators"": 10, ""learning_rate"": 0.1, ""sampling_rate"": 0.1, ""max_depth_check"": false, ""max_depth"": 3, ""num_leaves_check"": false, ""num_leaves"": 31}, ""contrast_level"": 2, ""node_type"": ""model""}, {""node_id"": ""2908"", ""algorithm_step_name"": ""Model Evaluate"", ""node_name"": ""模型评估"", ""node_params"": {}, ""contrast_level"": 2, ""node_type"": ""evaluate""}]}"
删除工作流中的KNN模型。,1.0,13677,81,0,0,0,0,0,"{""edges"": [{""edge_id"": ""49674"", ""source_node_id"": ""2914"", ""target_node_id"": ""2915""}, {""edge_id"": ""49675"", ""source_node_id"": ""2915"", ""target_node_id"": ""2916""}, {""edge_id"": ""49677"", ""source_node_id"": ""2915"", ""target_node_id"": ""2918""}, {""edge_id"": ""49679"", ""source_node_id"": ""2916"", ""target_node_id"": ""2918""}], ""nodes"": [{""node_id"": ""2914"", ""widget_name"": ""File"", ""node_name"": ""鸢尾花示例数据"", ""node_params"": {""type"": ""sample"", ""filename"": ""iris.csv""}, ""matched"": true}, {""node_id"": ""2915"", ""widget_name"": ""Data Sampler"", ""node_name"": ""数据划分处理"", ""node_params"": {""sampling_type"": 0, ""percentage"": 10, ""n_samples"": 15, ""replacement"": false, ""n_folds"": 10, ""selected_folds"": 1, ""replicable"": false, ""stratified"": false}, ""matched"": true}, {""node_id"": ""2916"", ""widget_name"": ""LightGBM"", ""node_name"": ""LightGBM分类器"", ""node_params"": {""boosting_type"": ""gbdt"", ""n_estimators"": 10, ""learning_rate"": 0.1, ""sampling_rate"": 0.1, ""max_depth_check"": false, ""max_depth"": 3, ""num_leaves_check"": false, ""num_leaves"": 31}, ""matched"": true}, {""node_id"": ""2918"", ""widget_name"": ""Test & Score"", ""node_name"": ""模型评估"", ""node_params"": {}, ""matched"": true}]}","{""dependency_requirements"": [{""edge_id"": ""2399"", ""source_node_id"": ""2914"", ""target_node_id"": ""2915""}, {""edge_id"": ""2400"", ""source_node_id"": ""2915"", ""target_node_id"": ""2916""}, {""edge_id"": ""2402"", ""source_node_id"": ""2915"", ""target_node_id"": ""2918""}, {""edge_id"": ""2404"", ""source_node_id"": ""2916"", ""target_node_id"": ""2918""}], ""step_requirements"": [{""node_id"": ""2914"", ""algorithm_step_name"": ""Tabular Dataset Loading"", ""node_name"": ""鸢尾花示例数据"", ""node_params"": {""type"": ""sample"", ""filename"": ""iris.csv""}, ""contrast_level"": 2, ""node_type"": ""io""}, {""node_id"": ""2915"", ""algorithm_step_name"": ""Dataset Division"", ""node_name"": ""数据划分处理"", ""node_params"": {""sampling_type"": 0, ""percentage"": 10, ""n_samples"": 15, ""replacement"": false, ""n_folds"": 10, ""selected_folds"": 1, ""replicable"": false, ""stratified"": false}, ""contrast_level"": 2, ""node_type"": ""preprocess""}, {""node_id"": ""2916"", ""algorithm_step_name"": ""LightGBM"", ""node_name"": ""LightGBM分类器"", ""node_params"": {""boosting_type"": ""gbdt"", ""n_estimators"": 10, ""learning_rate"": 0.1, ""sampling_rate"": 0.1, ""max_depth_check"": false, ""max_depth"": 3, ""num_leaves_check"": false, ""num_leaves"": 31}, ""contrast_level"": 2, ""node_type"": ""model""}, {""node_id"": ""2918"", ""algorithm_step_name"": ""Model Evaluate"", ""node_name"": ""模型评估"", ""node_params"": {}, ""contrast_level"": 2, ""node_type"": ""evaluate""}]}"
帮我把工作流中的缺失值处理步骤和多余的KNN模型都删除掉,1.0,13655,95,0,0,0,0,0,"{""edges"": [{""edge_id"": ""49684"", ""source_node_id"": ""2921"", ""target_node_id"": ""2922""}, {""edge_id"": ""49686"", ""source_node_id"": ""2921"", ""target_node_id"": ""2924""}, {""edge_id"": ""49688"", ""source_node_id"": ""2922"", ""target_node_id"": ""2924""}, {""edge_id"": ""49690"", ""source_node_id"": ""2919"", ""target_node_id"": ""2921""}], ""nodes"": [{""node_id"": ""2919"", ""widget_name"": ""File"", ""node_name"": ""鸢尾花示例数据"", ""node_params"": {""type"": ""sample"", ""filename"": ""iris.csv""}, ""matched"": true}, {""node_id"": ""2921"", ""widget_name"": ""Data Sampler"", ""node_name"": ""数据划分处理"", ""node_params"": {""sampling_type"": 0, ""percentage"": 10, ""n_samples"": 15, ""replacement"": false, ""n_folds"": 10, ""selected_folds"": 1, ""replicable"": false, ""stratified"": false}, ""matched"": true}, {""node_id"": ""2922"", ""widget_name"": ""LightGBM"", ""node_name"": ""LightGBM分类器"", ""node_params"": {""boosting_type"": ""gbdt"", ""n_estimators"": 10, ""learning_rate"": 0.1, ""sampling_rate"": 0.1, ""max_depth_check"": false, ""max_depth"": 3, ""num_leaves_check"": false, ""num_leaves"": 31}, ""matched"": true}, {""node_id"": ""2924"", ""widget_name"": ""Test & Score"", ""node_name"": ""模型评估"", ""node_params"": {}, ""matched"": true}]}","{""dependency_requirements"": [{""edge_id"": ""2408"", ""source_node_id"": ""2921"", ""target_node_id"": ""2922""}, {""edge_id"": ""2410"", ""source_node_id"": ""2921"", ""target_node_id"": ""2924""}, {""edge_id"": ""2412"", ""source_node_id"": ""2922"", ""target_node_id"": ""2924""}, {""edge_id"": ""2414"", ""source_node_id"": ""2919"", ""target_node_id"": ""2921""}], ""step_requirements"": [{""node_id"": ""2919"", ""algorithm_step_name"": ""Tabular Dataset Loading"", ""node_name"": ""鸢尾花示例数据"", ""node_params"": {""type"": ""sample"", ""filename"": ""iris.csv""}, ""contrast_level"": 2, ""node_type"": ""io""}, {""node_id"": ""2921"", ""algorithm_step_name"": ""Dataset Division"", ""node_name"": ""数据划分处理"", ""node_params"": {""sampling_type"": 0, ""percentage"": 10, ""n_samples"": 15, ""replacement"": false, ""n_folds"": 10, ""selected_folds"": 1, ""replicable"": false, ""stratified"": false}, ""contrast_level"": 2, ""node_type"": ""preprocess""}, {""node_id"": ""2922"", ""algorithm_step_name"": ""LightGBM"", ""node_name"": ""LightGBM分类器"", ""node_params"": {""boosting_type"": ""gbdt"", ""n_estimators"": 10, ""learning_rate"": 0.1, ""sampling_rate"": 0.1, ""max_depth_check"": false, ""max_depth"": 3, ""num_leaves_check"": false, ""num_leaves"": 31}, ""contrast_level"": 2, ""node_type"": ""model""}, {""node_id"": ""2924"", ""algorithm_step_name"": ""Model Evaluate"", ""node_name"": ""模型评估"", ""node_params"": {}, ""contrast_level"": 2, ""node_type"": ""evaluate""}]}"
在数据抽样之前添加一个特征选择步骤，然后把数据抽样的抽样比例设置为抽取30%。,1.0,13390,114,0,0,0,0,0,"{""edges"": [{""edge_id"": ""49691"", ""source_node_id"": ""2991"", ""target_node_id"": ""2988""}, {""edge_id"": ""49692"", ""source_node_id"": ""2988"", ""target_node_id"": ""2989""}, {""edge_id"": ""49693"", ""source_node_id"": ""2988"", ""target_node_id"": ""2990""}, {""edge_id"": ""49694"", ""source_node_id"": ""2989"", ""target_node_id"": ""2990""}, {""edge_id"": ""49695"", ""source_node_id"": ""2987"", ""target_node_id"": ""2991""}], ""nodes"": [{""node_id"": ""2987"", ""widget_name"": ""File"", ""node_name"": ""鸢尾花示例数据"", ""node_params"": {""type"": ""sample"", ""filename"": ""iris.csv""}, ""matched"": true}, {""node_id"": ""2988"", ""widget_name"": ""Data Sampler"", ""node_name"": ""数据划分处理"", ""node_params"": {""sampling_type"": 0, ""percentage"": 30, ""n_samples"": 15, ""replacement"": false, ""n_folds"": 10, ""selected_folds"": 1, ""replicable"": false, ""stratified"": false}, ""matched"": true}, {""node_id"": ""2989"", ""widget_name"": ""LightGBM"", ""node_name"": ""LightGBM分类器"", ""node_params"": {""boosting_type"": ""gbdt"", ""n_estimators"": 10, ""learning_rate"": 0.1, ""sampling_rate"": 0.1, ""max_depth_check"": false, ""max_depth"": 3, ""num_leaves_check"": false, ""num_leaves"": 31}, ""matched"": true}, {""node_id"": ""2990"", ""widget_name"": ""Predictions"", ""node_name"": ""预测"", ""node_params"": {""output_attrs"": true, ""output_predictions"": true, ""output_probabilities"": false}, ""matched"": true}, {""node_id"": ""2991"", ""widget_name"": ""Select Best N Attributes"", ""node_name"": ""特征选择"", ""node_params"": {""n"": 3}, ""matched"": true}]}","{""dependency_requirements"": [{""edge_id"": ""2485"", ""source_node_id"": ""2991"", ""target_node_id"": ""2988""}, {""edge_id"": ""2486"", ""source_node_id"": ""2988"", ""target_node_id"": ""2989""}, {""edge_id"": ""2487"", ""source_node_id"": ""2988"", ""target_node_id"": ""2990""}, {""edge_id"": ""2488"", ""source_node_id"": ""2989"", ""target_node_id"": ""2990""}, {""edge_id"": ""2489"", ""source_node_id"": ""2987"", ""target_node_id"": ""2991""}], ""step_requirements"": [{""node_id"": ""2987"", ""algorithm_step_name"": ""Tabular Dataset Loading"", ""node_name"": ""鸢尾花示例数据"", ""node_params"": {""type"": ""sample"", ""filename"": ""iris.csv""}, ""contrast_level"": 2, ""node_type"": ""io""}, {""node_id"": ""2988"", ""algorithm_step_name"": ""Dataset Division"", ""node_name"": ""数据划分处理"", ""node_params"": {""sampling_type"": 0, ""percentage"": 30, ""n_samples"": 15, ""replacement"": false, ""n_folds"": 10, ""selected_folds"": 1, ""replicable"": false, ""stratified"": false}, ""contrast_level"": 2, ""node_type"": ""preprocess""}, {""node_id"": ""2989"", ""algorithm_step_name"": ""LightGBM"", ""node_name"": ""LightGBM分类器"", ""node_params"": {""boosting_type"": ""gbdt"", ""n_estimators"": 10, ""learning_rate"": 0.1, ""sampling_rate"": 0.1, ""max_depth_check"": false, ""max_depth"": 3, ""num_leaves_check"": false, ""num_leaves"": 31}, ""contrast_level"": 2, ""node_type"": ""model""}, {""node_id"": ""2990"", ""algorithm_step_name"": ""Test Dataset Predictions"", ""node_name"": ""预测"", ""node_params"": {""output_attrs"": true, ""output_predictions"": true, ""output_probabilities"": false}, ""contrast_level"": 2, ""node_type"": ""predict""}, {""node_id"": ""2991"", ""algorithm_step_name"": ""Feature Selection"", ""node_name"": ""自动特征选择"", ""node_params"": {}, ""contrast_level"": 1, ""node_type"": ""feature engineering""}]}"
帮我把数据划分的比例改为5:5，最后还需要你添加一个步骤帮我把预测结果保存。,1.0,14049,85,0,0,0,0,0,"{""edges"": [{""edge_id"": ""49696"", ""source_node_id"": ""2982"", ""target_node_id"": ""2983""}, {""edge_id"": ""49697"", ""source_node_id"": ""2983"", ""target_node_id"": ""2984""}, {""edge_id"": ""49698"", ""source_node_id"": ""2983"", ""target_node_id"": ""2985""}, {""edge_id"": ""49699"", ""source_node_id"": ""2984"", ""target_node_id"": ""2985""}, {""edge_id"": ""49700"", ""source_node_id"": ""2985"", ""target_node_id"": ""2986""}], ""nodes"": [{""node_id"": ""2982"", ""widget_name"": ""File"", ""node_name"": ""鸢尾花示例数据"", ""node_params"": {""type"": ""sample"", ""filename"": ""iris.csv""}, ""matched"": true}, {""node_id"": ""2983"", ""widget_name"": ""Data Sampler"", ""node_name"": ""数据划分处理"", ""node_params"": {""sampling_type"": 0, ""percentage"": 50, ""n_samples"": 15, ""replacement"": false, ""n_folds"": 10, ""selected_folds"": 1, ""replicable"": false, ""stratified"": false}, ""matched"": true}, {""node_id"": ""2984"", ""widget_name"": ""LightGBM"", ""node_name"": ""LightGBM分类器"", ""node_params"": {""boosting_type"": ""gbdt"", ""n_estimators"": 10, ""learning_rate"": 0.1, ""sampling_rate"": 0.1, ""max_depth_check"": false, ""max_depth"": 3, ""num_leaves_check"": false, ""num_leaves"": 31}, ""matched"": true}, {""node_id"": ""2985"", ""widget_name"": ""Predictions"", ""node_name"": ""预测"", ""node_params"": {""output_attrs"": true, ""output_predictions"": true, ""output_probabilities"": false}, ""matched"": true}, {""node_id"": ""2986"", ""widget_name"": ""Save Data"", ""node_name"": ""保存预测结果"", ""node_params"": {}, ""matched"": true}]}","{""dependency_requirements"": [{""edge_id"": ""2480"", ""source_node_id"": ""2982"", ""target_node_id"": ""2983""}, {""edge_id"": ""2481"", ""source_node_id"": ""2983"", ""target_node_id"": ""2984""}, {""edge_id"": ""2482"", ""source_node_id"": ""2983"", ""target_node_id"": ""2985""}, {""edge_id"": ""2483"", ""source_node_id"": ""2984"", ""target_node_id"": ""2985""}, {""edge_id"": ""2484"", ""source_node_id"": ""2985"", ""target_node_id"": ""2986""}], ""step_requirements"": [{""node_id"": ""2982"", ""algorithm_step_name"": ""Tabular Dataset Loading"", ""node_name"": ""鸢尾花示例数据"", ""node_params"": {""type"": ""sample"", ""filename"": ""iris.csv""}, ""contrast_level"": 2, ""node_type"": ""io""}, {""node_id"": ""2983"", ""algorithm_step_name"": ""Dataset Division"", ""node_name"": ""数据划分处理"", ""node_params"": {""sampling_type"": 0, ""percentage"": 50, ""n_samples"": 15, ""replacement"": false, ""n_folds"": 10, ""selected_folds"": 1, ""replicable"": false, ""stratified"": false}, ""contrast_level"": 2, ""node_type"": ""preprocess""}, {""node_id"": ""2984"", ""algorithm_step_name"": ""LightGBM"", ""node_name"": ""LightGBM分类器"", ""node_params"": {""boosting_type"": ""gbdt"", ""n_estimators"": 10, ""learning_rate"": 0.1, ""sampling_rate"": 0.1, ""max_depth_check"": false, ""max_depth"": 3, ""num_leaves_check"": false, ""num_leaves"": 31}, ""contrast_level"": 2, ""node_type"": ""model""}, {""node_id"": ""2985"", ""algorithm_step_name"": ""Test Dataset Predictions"", ""node_name"": ""预测"", ""node_params"": {""output_attrs"": true, ""output_predictions"": true, ""output_probabilities"": false}, ""contrast_level"": 2, ""node_type"": ""predict""}, {""node_id"": ""2986"", ""algorithm_step_name"": ""Save Data"", ""node_name"": ""Save Data"", ""node_params"": {}, ""contrast_level"": 1, ""node_type"": ""io""}]}"
帮我把目标检测使用的模型换成SSD，学习率使用0.02。最后，我还需要查看训练日志。,1.0,12935,96,0,0,0,0,0,"{""edges"": [{""edge_id"": ""49701"", ""source_node_id"": ""2998"", ""target_node_id"": ""2999""}, {""edge_id"": ""49702"", ""source_node_id"": ""2999"", ""target_node_id"": ""3000""}], ""nodes"": [{""node_id"": ""2998"", ""widget_name"": ""Image"", ""node_name"": ""猫狗图像数据"", ""node_params"": {}, ""matched"": true}, {""node_id"": ""2999"", ""widget_name"": ""Object Detection"", ""node_name"": ""目标检测"", ""node_params"": {""frame"": ""pytorch"", ""select_model"": ""SSD"", ""backbone"": ""DarkNet53"", ""epoch"": 3, ""learning_rate"": 0.02, ""batch_size"": 2}, ""matched"": true}, {""node_id"": ""3000"", ""widget_name"": ""Train Log"", ""node_name"": ""训练日志"", ""node_params"": {}, ""matched"": true}]}","{""dependency_requirements"": [{""edge_id"": ""2495"", ""source_node_id"": ""2998"", ""target_node_id"": ""2999""}, {""edge_id"": ""2496"", ""source_node_id"": ""2999"", ""target_node_id"": ""3000""}], ""step_requirements"": [{""node_id"": ""2998"", ""algorithm_step_name"": ""Image Dataset Loading"", ""node_name"": ""猫狗图像数据"", ""node_params"": {}, ""contrast_level"": 2, ""node_type"": ""io""}, {""node_id"": ""2999"", ""algorithm_step_name"": ""Object Detection Model"", ""node_name"": ""目标检测"", ""node_params"": {""frame"": ""pytorch"", ""select_model"": ""SSD"", ""backbone"": ""DarkNet53"", ""epoch"": 3, ""learning_rate"": 0.02, ""batch_size"": 2}, ""contrast_level"": 2, ""node_type"": ""model""}, {""node_id"": ""3000"", ""algorithm_step_name"": ""Train Log"", ""node_name"": ""训练日志"", ""node_params"": {}, ""contrast_level"": 2, ""node_type"": ""visualize""}]}"
帮我把缺失值处理方式修改为使用平均值填补，然后把多余的KNN模型删除掉。,1.0,13568,53,0,0,0,0,0,"{""edges"": [{""edge_id"": ""49703"", ""source_node_id"": ""2958"", ""target_node_id"": ""2959""}, {""edge_id"": ""49704"", ""source_node_id"": ""2959"", ""target_node_id"": ""2960""}, {""edge_id"": ""49705"", ""source_node_id"": ""2960"", ""target_node_id"": ""2961""}, {""edge_id"": ""49707"", ""source_node_id"": ""2960"", ""target_node_id"": ""2963""}, {""edge_id"": ""49709"", ""source_node_id"": ""2961"", ""target_node_id"": ""2963""}], ""nodes"": [{""node_id"": ""2958"", ""widget_name"": ""File"", ""node_name"": ""鸢尾花示例数据"", ""node_params"": {""type"": ""sample"", ""filename"": ""iris.csv""}, ""matched"": true}, {""node_id"": ""2959"", ""widget_name"": ""Impute"", ""node_name"": ""缺失值处理"", ""node_params"": {""method"": 2}, ""matched"": true}, {""node_id"": ""2960"", ""widget_name"": ""Data Sampler"", ""node_name"": ""数据划分处理"", ""node_params"": {""sampling_type"": 0, ""percentage"": 10, ""n_samples"": 15, ""replacement"": false, ""n_folds"": 10, ""selected_folds"": 1, ""replicable"": false, ""stratified"": false}, ""matched"": true}, {""node_id"": ""2961"", ""widget_name"": ""LightGBM"", ""node_name"": ""LightGBM分类器"", ""node_params"": {""boosting_type"": ""gbdt"", ""n_estimators"": 10, ""learning_rate"": 0.1, ""sampling_rate"": 0.1, ""max_depth_check"": false, ""max_depth"": 3, ""num_leaves_check"": false, ""num_leaves"": 31}, ""matched"": true}, {""node_id"": ""2963"", ""widget_name"": ""Test & Score"", ""node_name"": ""模型评估"", ""node_params"": {}, ""matched"": true}]}","{""dependency_requirements"": [{""edge_id"": ""2447"", ""source_node_id"": ""2958"", ""target_node_id"": ""2959""}, {""edge_id"": ""2448"", ""source_node_id"": ""2959"", ""target_node_id"": ""2960""}, {""edge_id"": ""2449"", ""source_node_id"": ""2960"", ""target_node_id"": ""2961""}, {""edge_id"": ""2451"", ""source_node_id"": ""2960"", ""target_node_id"": ""2963""}, {""edge_id"": ""2453"", ""source_node_id"": ""2961"", ""target_node_id"": ""2963""}], ""step_requirements"": [{""node_id"": ""2958"", ""algorithm_step_name"": ""Tabular Dataset Loading"", ""node_name"": ""鸢尾花示例数据"", ""node_params"": {""type"": ""sample"", ""filename"": ""iris.csv""}, ""contrast_level"": 2, ""node_type"": ""io""}, {""node_id"": ""2959"", ""algorithm_step_name"": ""Missing Value Handling"", ""node_name"": ""缺失值处理"", ""node_params"": {""method"": 2}, ""contrast_level"": 2, ""node_type"": ""preprocess""}, {""node_id"": ""2960"", ""algorithm_step_name"": ""Dataset Division"", ""node_name"": ""数据划分处理"", ""node_params"": {""sampling_type"": 0, ""percentage"": 10, ""n_samples"": 15, ""replacement"": false, ""n_folds"": 10, ""selected_folds"": 1, ""replicable"": false, ""stratified"": false}, ""contrast_level"": 2, ""node_type"": ""preprocess""}, {""node_id"": ""2961"", ""algorithm_step_name"": ""LightGBM"", ""node_name"": ""LightGBM分类器"", ""node_params"": {""boosting_type"": ""gbdt"", ""n_estimators"": 10, ""learning_rate"": 0.1, ""sampling_rate"": 0.1, ""max_depth_check"": false, ""max_depth"": 3, ""num_leaves_check"": false, ""num_leaves"": 31}, ""contrast_level"": 2, ""node_type"": ""model""}, {""node_id"": ""2963"", ""algorithm_step_name"": ""Model Evaluate"", ""node_name"": ""模型评估"", ""node_params"": {}, ""contrast_level"": 2, ""node_type"": ""evaluate""}]}"
独热编码这个步骤是冗余的，帮我删除掉。在这之后还需要你将随机森林数的数量改为30，缺失值的处理方法改为用随机值填补。,1.0,14141,110,0,0,0,0,0,"{""edges"": [{""edge_id"": ""49711"", ""source_node_id"": ""3002"", ""target_node_id"": ""3003""}, {""edge_id"": ""49714"", ""source_node_id"": ""3005"", ""target_node_id"": ""3006""}, {""edge_id"": ""49715"", ""source_node_id"": ""3005"", ""target_node_id"": ""3007""}, {""edge_id"": ""49717"", ""source_node_id"": ""3006"", ""target_node_id"": ""3007""}, {""edge_id"": ""49718"", ""source_node_id"": ""3003"", ""target_node_id"": ""3005""}], ""nodes"": [{""node_id"": ""3002"", ""widget_name"": ""File"", ""node_name"": ""数据"", ""node_params"": {""type"": ""sample"", ""filename"": ""iris.csv""}, ""matched"": true}, {""node_id"": ""3003"", ""widget_name"": ""Impute"", ""node_name"": ""缺失值处理"", ""node_params"": {""method"": 4}, ""matched"": true}, {""node_id"": ""3005"", ""widget_name"": ""Data Sampler"", ""node_name"": ""数据采样"", ""node_params"": {""sampling_type"": 0, ""percentage"": 10, ""n_samples"": 15, ""replacement"": false, ""n_folds"": 10, ""selected_folds"": 1, ""replicable"": false, ""stratified"": false}, ""matched"": true}, {""node_id"": ""3006"", ""widget_name"": ""Random Forest"", ""node_name"": ""随机森林"", ""node_params"": {""n_estimators"": 30, ""use_max_features"": false, ""max_features"": ""auto"", ""use_random_state"": false, ""use_max_depth"": false, ""max_depth"": 3, ""use_min_samples_split"": true, ""min_samples_split"": 2}, ""matched"": true}, {""node_id"": ""3007"", ""widget_name"": ""Test & Score"", ""node_name"": ""测试得分"", ""node_params"": {}, ""matched"": true}]}","{""dependency_requirements"": [{""edge_id"": ""2497"", ""source_node_id"": ""3002"", ""target_node_id"": ""3003""}, {""edge_id"": ""2500"", ""source_node_id"": ""3005"", ""target_node_id"": ""3006""}, {""edge_id"": ""2501"", ""source_node_id"": ""3005"", ""target_node_id"": ""3007""}, {""edge_id"": ""2503"", ""source_node_id"": ""3006"", ""target_node_id"": ""3007""}, {""edge_id"": ""2504"", ""source_node_id"": ""3003"", ""target_node_id"": ""3005""}], ""step_requirements"": [{""node_id"": ""3002"", ""algorithm_step_name"": ""Tabular Dataset Loading"", ""node_name"": ""数据"", ""node_params"": {""type"": ""sample"", ""filename"": ""iris.csv""}, ""contrast_level"": 2, ""node_type"": ""io""}, {""node_id"": ""3003"", ""algorithm_step_name"": ""Missing Value Handling"", ""node_name"": ""缺失值处理"", ""node_params"": {""method"": 4}, ""contrast_level"": 2, ""node_type"": ""preprocess""}, {""node_id"": ""3005"", ""algorithm_step_name"": ""Dataset Division"", ""node_name"": ""数据采样"", ""node_params"": {""sampling_type"": 0, ""percentage"": 10, ""n_samples"": 15, ""replacement"": false, ""n_folds"": 10, ""selected_folds"": 1, ""replicable"": false, ""stratified"": false}, ""contrast_level"": 2, ""node_type"": ""preprocess""}, {""node_id"": ""3006"", ""algorithm_step_name"": ""Random Forest"", ""node_name"": ""随机森林"", ""node_params"": {""n_estimators"": 30, ""use_max_features"": false, ""max_features"": ""auto"", ""use_random_state"": false, ""use_max_depth"": false, ""max_depth"": 3, ""use_min_samples_split"": true, ""min_samples_split"": 2}, ""contrast_level"": 2, ""node_type"": ""model""}, {""node_id"": ""3007"", ""algorithm_step_name"": ""Model Evaluate"", ""node_name"": ""测试得分"", ""node_params"": {}, ""contrast_level"": 2, ""node_type"": ""evaluate""}]}"
帮我把多余的模型都删除掉，只留下LightGBM，并把LightGBM的学习率改为0.01。,1.0,13840,89,0,0,0,0,0,"{""edges"": [{""edge_id"": ""49719"", ""source_node_id"": ""3032"", ""target_node_id"": ""3033""}, {""edge_id"": ""49721"", ""source_node_id"": ""3033"", ""target_node_id"": ""3035""}, {""edge_id"": ""49724"", ""source_node_id"": ""3033"", ""target_node_id"": ""3038""}, {""edge_id"": ""49727"", ""source_node_id"": ""3035"", ""target_node_id"": ""3038""}], ""nodes"": [{""node_id"": ""3032"", ""widget_name"": ""File"", ""node_name"": ""数据"", ""node_params"": {""type"": ""sample"", ""filename"": ""iris.csv""}, ""matched"": true}, {""node_id"": ""3033"", ""widget_name"": ""Data Sampler"", ""node_name"": ""数据采样"", ""node_params"": {""sampling_type"": 0, ""percentage"": 10, ""n_samples"": 15, ""replacement"": false, ""n_folds"": 10, ""selected_folds"": 1, ""replicable"": false, ""stratified"": false}, ""matched"": true}, {""node_id"": ""3035"", ""widget_name"": ""LightGBM"", ""node_name"": ""LightGBM"", ""node_params"": {""boosting_type"": ""gbdt"", ""n_estimators"": 10, ""learning_rate"": 0.01, ""sampling_rate"": 0.1, ""max_depth_check"": false, ""max_depth"": 3, ""num_leaves_check"": false, ""num_leaves"": 31}, ""matched"": true}, {""node_id"": ""3038"", ""widget_name"": ""Test & Score"", ""node_name"": ""测试得分"", ""node_params"": {}, ""matched"": true}]}","{""dependency_requirements"": [{""edge_id"": ""2536"", ""source_node_id"": ""3032"", ""target_node_id"": ""3033""}, {""edge_id"": ""2538"", ""source_node_id"": ""3033"", ""target_node_id"": ""3035""}, {""edge_id"": ""2541"", ""source_node_id"": ""3033"", ""target_node_id"": ""3038""}, {""edge_id"": ""2544"", ""source_node_id"": ""3035"", ""target_node_id"": ""3038""}], ""step_requirements"": [{""node_id"": ""3032"", ""algorithm_step_name"": ""Tabular Dataset Loading"", ""node_name"": ""数据"", ""node_params"": {""type"": ""sample"", ""filename"": ""iris.csv""}, ""contrast_level"": 2, ""node_type"": ""io""}, {""node_id"": ""3033"", ""algorithm_step_name"": ""Dataset Division"", ""node_name"": ""数据采样"", ""node_params"": {""sampling_type"": 0, ""percentage"": 10, ""n_samples"": 15, ""replacement"": false, ""n_folds"": 10, ""selected_folds"": 1, ""replicable"": false, ""stratified"": false}, ""contrast_level"": 2, ""node_type"": ""preprocess""}, {""node_id"": ""3035"", ""algorithm_step_name"": ""LightGBM"", ""node_name"": ""LightGBM"", ""node_params"": {""boosting_type"": ""gbdt"", ""n_estimators"": 10, ""learning_rate"": 0.01, ""sampling_rate"": 0.1, ""max_depth_check"": false, ""max_depth"": 3, ""num_leaves_check"": false, ""num_leaves"": 31}, ""contrast_level"": 2, ""node_type"": ""model""}, {""node_id"": ""3038"", ""algorithm_step_name"": ""Model Evaluate"", ""node_name"": ""测试得分"", ""node_params"": {}, ""contrast_level"": 2, ""node_type"": ""evaluate""}]}"
帮我把LightGBM模型更换为XGBoost。,1.0,13434,108,0,0,0,0,0,"{""edges"": [{""edge_id"": ""49730"", ""source_node_id"": ""2964"", ""target_node_id"": ""2965""}, {""edge_id"": ""49731"", ""source_node_id"": ""2965"", ""target_node_id"": ""2966""}, {""edge_id"": ""49733"", ""source_node_id"": ""2966"", ""target_node_id"": ""2968""}, {""edge_id"": ""49736"", ""source_node_id"": ""2966"", ""target_node_id"": ""2969""}, {""edge_id"": ""49737"", ""source_node_id"": ""2969"", ""target_node_id"": ""2968""}], ""nodes"": [{""node_id"": ""2964"", ""widget_name"": ""File"", ""node_name"": ""鸢尾花示例数据"", ""node_params"": {""type"": ""sample"", ""filename"": ""iris.csv""}, ""matched"": true}, {""node_id"": ""2965"", ""widget_name"": ""Impute"", ""node_name"": ""缺失值处理"", ""node_params"": {""method"": 1}, ""matched"": true}, {""node_id"": ""2966"", ""widget_name"": ""Data Sampler"", ""node_name"": ""数据划分处理"", ""node_params"": {""sampling_type"": 0, ""percentage"": 10, ""n_samples"": 15, ""replacement"": false, ""n_folds"": 10, ""selected_folds"": 1, ""replicable"": false, ""stratified"": false}, ""matched"": true}, {""node_id"": ""2968"", ""widget_name"": ""Test & Score"", ""node_name"": ""模型评估"", ""node_params"": {}, ""matched"": true}, {""node_id"": ""2969"", ""widget_name"": ""XGBoost"", ""node_name"": ""XGBoost分类器"", ""node_params"": {""booster"": ""gbtree"", ""learning_rate"": 0.3, ""gamma"": 0, ""max_depth"": 6, ""min_child_widget"": 1, ""max_delta_step"": 0, ""subsample"": 1, ""sampling_method"": ""uniform"", ""lambda"": 1, ""alpha"": 0, ""tree_method"": ""auto"", ""scale_pos_weight"": 1, ""updater"": ""grow_colmaker"", ""process_type"": ""default"", ""grow_policy"": ""depthwise""}, ""matched"": true}]}","{""dependency_requirements"": [{""edge_id"": ""2455"", ""source_node_id"": ""2964"", ""target_node_id"": ""2965""}, {""edge_id"": ""2456"", ""source_node_id"": ""2965"", ""target_node_id"": ""2966""}, {""edge_id"": ""2458"", ""source_node_id"": ""2966"", ""target_node_id"": ""2968""}, {""edge_id"": ""2461"", ""source_node_id"": ""2966"", ""target_node_id"": ""2969""}, {""edge_id"": ""2462"", ""source_node_id"": ""2969"", ""target_node_id"": ""2968""}], ""step_requirements"": [{""node_id"": ""2964"", ""algorithm_step_name"": ""Tabular Dataset Loading"", ""node_name"": ""鸢尾花示例数据"", ""node_params"": {""type"": ""sample"", ""filename"": ""iris.csv""}, ""contrast_level"": 2, ""node_type"": ""io""}, {""node_id"": ""2965"", ""algorithm_step_name"": ""Missing Value Handling"", ""node_name"": ""缺失值处理"", ""node_params"": {""method"": 1}, ""contrast_level"": 2, ""node_type"": ""preprocess""}, {""node_id"": ""2966"", ""algorithm_step_name"": ""Dataset Division"", ""node_name"": ""数据划分处理"", ""node_params"": {""sampling_type"": 0, ""percentage"": 10, ""n_samples"": 15, ""replacement"": false, ""n_folds"": 10, ""selected_folds"": 1, ""replicable"": false, ""stratified"": false}, ""contrast_level"": 2, ""node_type"": ""preprocess""}, {""node_id"": ""2968"", ""algorithm_step_name"": ""Model Evaluate"", ""node_name"": ""模型评估"", ""node_params"": {}, ""contrast_level"": 2, ""node_type"": ""evaluate""}, {""node_id"": ""2969"", ""algorithm_step_name"": ""XGBoost"", ""node_name"": ""XGBoost分类器"", ""node_params"": {}, ""contrast_level"": 1, ""node_type"": ""model""}]}"
我不需要对模型进行评估了，帮我把模型评估组件换成预测组件。,1.0,13910,145,0,0,0,0,0,"{""edges"": [{""edge_id"": ""49738"", ""source_node_id"": ""2970"", ""target_node_id"": ""2971""}, {""edge_id"": ""49739"", ""source_node_id"": ""2971"", ""target_node_id"": ""2972""}, {""edge_id"": ""49740"", ""source_node_id"": ""2972"", ""target_node_id"": ""2973""}, {""edge_id"": ""49744"", ""source_node_id"": ""2972"", ""target_node_id"": ""2975""}, {""edge_id"": ""49745"", ""source_node_id"": ""2973"", ""target_node_id"": ""2975""}], ""nodes"": [{""node_id"": ""2970"", ""widget_name"": ""File"", ""node_name"": ""鸢尾花示例数据"", ""node_params"": {""type"": ""sample"", ""filename"": ""iris.csv""}, ""matched"": true}, {""node_id"": ""2971"", ""widget_name"": ""Impute"", ""node_name"": ""缺失值处理"", ""node_params"": {""method"": 1}, ""matched"": true}, {""node_id"": ""2972"", ""widget_name"": ""Data Sampler"", ""node_name"": ""数据划分处理"", ""node_params"": {""sampling_type"": 0, ""percentage"": 10, ""n_samples"": 15, ""replacement"": false, ""n_folds"": 10, ""selected_folds"": 1, ""replicable"": false, ""stratified"": false}, ""matched"": true}, {""node_id"": ""2973"", ""widget_name"": ""LightGBM"", ""node_name"": ""LightGBM分类器"", ""node_params"": {""boosting_type"": ""gbdt"", ""n_estimators"": 10, ""learning_rate"": 0.1, ""sampling_rate"": 0.1, ""max_depth_check"": false, ""max_depth"": 3, ""num_leaves_check"": false, ""num_leaves"": 31}, ""matched"": true}, {""node_id"": ""2975"", ""widget_name"": ""Predictions"", ""node_name"": ""预测"", ""node_params"": {""output_attrs"": true, ""output_predictions"": true, ""output_probabilities"": true}, ""matched"": true}]}","{""dependency_requirements"": [{""edge_id"": ""2463"", ""source_node_id"": ""2970"", ""target_node_id"": ""2971""}, {""edge_id"": ""2464"", ""source_node_id"": ""2971"", ""target_node_id"": ""2972""}, {""edge_id"": ""2465"", ""source_node_id"": ""2972"", ""target_node_id"": ""2973""}, {""edge_id"": ""2469"", ""source_node_id"": ""2972"", ""target_node_id"": ""2975""}, {""edge_id"": ""2470"", ""source_node_id"": ""2973"", ""target_node_id"": ""2975""}], ""step_requirements"": [{""node_id"": ""2970"", ""algorithm_step_name"": ""Tabular Dataset Loading"", ""node_name"": ""鸢尾花示例数据"", ""node_params"": {""type"": ""sample"", ""filename"": ""iris.csv""}, ""contrast_level"": 2, ""node_type"": ""io""}, {""node_id"": ""2971"", ""algorithm_step_name"": ""Missing Value Handling"", ""node_name"": ""缺失值处理"", ""node_params"": {""method"": 1}, ""contrast_level"": 2, ""node_type"": ""preprocess""}, {""node_id"": ""2972"", ""algorithm_step_name"": ""Dataset Division"", ""node_name"": ""数据划分处理"", ""node_params"": {""sampling_type"": 0, ""percentage"": 10, ""n_samples"": 15, ""replacement"": false, ""n_folds"": 10, ""selected_folds"": 1, ""replicable"": false, ""stratified"": false}, ""contrast_level"": 2, ""node_type"": ""preprocess""}, {""node_id"": ""2973"", ""algorithm_step_name"": ""LightGBM"", ""node_name"": ""LightGBM分类器"", ""node_params"": {""boosting_type"": ""gbdt"", ""n_estimators"": 10, ""learning_rate"": 0.1, ""sampling_rate"": 0.1, ""max_depth_check"": false, ""max_depth"": 3, ""num_leaves_check"": false, ""num_leaves"": 31}, ""contrast_level"": 2, ""node_type"": ""model""}, {""node_id"": ""2975"", ""algorithm_step_name"": ""Test Dataset Predictions"", ""node_name"": ""预测"", ""node_params"": {}, ""contrast_level"": 1, ""node_type"": ""predict""}]}"
帮我把缺失值处理步骤删除掉，并换一个更好的模型。,0.875,13527,98,0,0,0,0,0,"{""edges"": [{""edge_id"": ""49748"", ""source_node_id"": ""2978"", ""target_node_id"": ""60123""}, {""edge_id"": ""49749"", ""source_node_id"": ""2978"", ""target_node_id"": ""2980""}, {""edge_id"": ""49751"", ""source_node_id"": ""60123"", ""target_node_id"": ""2980""}, {""edge_id"": ""49752"", ""source_node_id"": ""2978"", ""target_node_id"": ""2981""}, {""edge_id"": ""49753"", ""source_node_id"": ""2981"", ""target_node_id"": ""2980""}], ""nodes"": [{""node_id"": ""2976"", ""widget_name"": ""File"", ""node_name"": ""鸢尾花示例数据"", ""node_params"": {""type"": ""sample"", ""filename"": ""iris.csv""}, ""matched"": true}, {""node_id"": ""2978"", ""widget_name"": ""Data Sampler"", ""node_name"": ""数据划分处理"", ""node_params"": {""sampling_type"": 0, ""percentage"": 10, ""n_samples"": 15, ""replacement"": false, ""n_folds"": 10, ""selected_folds"": 1, ""replicable"": false, ""stratified"": false}, ""matched"": true}, {""node_id"": ""60123"", ""widget_name"": ""LightGBM"", ""node_name"": ""LightGBM分类器"", ""node_params"": {""boosting_type"": ""gbdt"", ""n_estimators"": 10, ""learning_rate"": 0.1, ""sampling_rate"": 0.1, ""max_depth_check"": false, ""max_depth"": 3, ""num_leaves_check"": false, ""num_leaves"": 31}, ""matched"": false}, {""node_id"": ""2980"", ""widget_name"": ""Test & Score"", ""node_name"": ""模型评估"", ""node_params"": {}, ""matched"": true}, {""node_id"": ""2981"", ""widget_name"": ""XGBoost"", ""node_name"": ""XGBoost分类器"", ""node_params"": {""booster"": ""gbtree"", ""learning_rate"": 0.3, ""gamma"": 0, ""max_depth"": 6, ""min_child_widget"": 1, ""max_delta_step"": 0, ""subsample"": 1, ""sampling_method"": ""uniform"", ""lambda"": 1, ""alpha"": 0, ""tree_method"": ""auto"", ""scale_pos_weight"": 1, ""updater"": ""grow_colmaker"", ""process_type"": ""default"", ""grow_policy"": ""depthwise""}, ""matched"": true}]}","{""dependency_requirements"": [{""edge_id"": ""2474"", ""source_node_id"": ""2978"", ""target_node_id"": ""2980""}, {""edge_id"": ""2477"", ""source_node_id"": ""2976"", ""target_node_id"": ""2978""}, {""edge_id"": ""2478"", ""source_node_id"": ""2978"", ""target_node_id"": ""2981""}, {""edge_id"": ""2479"", ""source_node_id"": ""2981"", ""target_node_id"": ""2980""}], ""step_requirements"": [{""node_id"": ""2976"", ""algorithm_step_name"": ""Tabular Dataset Loading"", ""node_name"": ""鸢尾花示例数据"", ""node_params"": {""type"": ""sample"", ""filename"": ""iris.csv""}, ""contrast_level"": 2, ""node_type"": ""io""}, {""node_id"": ""2978"", ""algorithm_step_name"": ""Dataset Division"", ""node_name"": ""数据划分处理"", ""node_params"": {""sampling_type"": 0, ""percentage"": 10, ""n_samples"": 15, ""replacement"": false, ""n_folds"": 10, ""selected_folds"": 1, ""replicable"": false, ""stratified"": false}, ""contrast_level"": 2, ""node_type"": ""preprocess""}, {""node_id"": ""2980"", ""algorithm_step_name"": ""Model Evaluate"", ""node_name"": ""模型评估"", ""node_params"": {}, ""contrast_level"": 2, ""node_type"": ""evaluate""}, {""node_id"": ""2981"", ""algorithm_step_name"": ""XGBoost"", ""node_name"": ""XGBoost"", ""node_params"": {}, ""contrast_level"": 1, ""node_type"": ""model""}]}"
我的数据集没有缺失值，所以请你帮我删除掉缺失值处理这一步，然后把数据抽样的比例改为7:3，最后帮我添加一个可视化混淆矩阵的步骤。,0.9,13454,104,0,0,0,0,0,"{""edges"": [{""edge_id"": ""49756"", ""source_node_id"": ""3047"", ""target_node_id"": ""3048""}, {""edge_id"": ""49757"", ""source_node_id"": ""3047"", ""target_node_id"": ""3049""}, {""edge_id"": ""49759"", ""source_node_id"": ""3048"", ""target_node_id"": ""3049""}, {""edge_id"": ""49760"", ""source_node_id"": ""3049"", ""target_node_id"": ""3050""}], ""nodes"": [{""node_id"": ""3045"", ""widget_name"": ""File"", ""node_name"": ""数据"", ""node_params"": {""type"": ""sample"", ""filename"": ""iris.csv""}, ""matched"": true}, {""node_id"": ""3047"", ""widget_name"": ""Data Sampler"", ""node_name"": ""数据采样"", ""node_params"": {""sampling_type"": 0, ""percentage"": 30, ""n_samples"": 15, ""replacement"": false, ""n_folds"": 10, ""selected_folds"": 1, ""replicable"": false, ""stratified"": false}, ""matched"": true}, {""node_id"": ""3048"", ""widget_name"": ""LightGBM"", ""node_name"": ""LightGBM"", ""node_params"": {""boosting_type"": ""gbdt"", ""n_estimators"": 10, ""learning_rate"": 0.1, ""sampling_rate"": 0.1, ""max_depth_check"": false, ""max_depth"": 3, ""num_leaves_check"": false, ""num_leaves"": 31}, ""matched"": true}, {""node_id"": ""3049"", ""widget_name"": ""Test & Score"", ""node_name"": ""测试得分"", ""node_params"": {}, ""matched"": true}, {""node_id"": ""3050"", ""widget_name"": ""Confusion Matrix"", ""node_name"": ""混淆矩阵"", ""node_params"": {}, ""matched"": true}]}","{""dependency_requirements"": [{""edge_id"": ""2556"", ""source_node_id"": ""3047"", ""target_node_id"": ""3048""}, {""edge_id"": ""2557"", ""source_node_id"": ""3047"", ""target_node_id"": ""3049""}, {""edge_id"": ""2559"", ""source_node_id"": ""3048"", ""target_node_id"": ""3049""}, {""edge_id"": ""2560"", ""source_node_id"": ""3045"", ""target_node_id"": ""3047""}, {""edge_id"": ""2561"", ""source_node_id"": ""3049"", ""target_node_id"": ""3050""}], ""step_requirements"": [{""node_id"": ""3045"", ""algorithm_step_name"": ""Tabular Dataset Loading"", ""node_name"": ""数据"", ""node_params"": {""type"": ""sample"", ""filename"": ""iris.csv""}, ""contrast_level"": 2, ""node_type"": ""io""}, {""node_id"": ""3047"", ""algorithm_step_name"": ""Dataset Division"", ""node_name"": ""数据采样"", ""node_params"": {""sampling_type"": 0, ""percentage"": 30, ""n_samples"": 15, ""replacement"": false, ""n_folds"": 10, ""selected_folds"": 1, ""replicable"": false, ""stratified"": false}, ""contrast_level"": 2, ""node_type"": ""preprocess""}, {""node_id"": ""3048"", ""algorithm_step_name"": ""LightGBM"", ""node_name"": ""LightGBM"", ""node_params"": {""boosting_type"": ""gbdt"", ""n_estimators"": 10, ""learning_rate"": 0.1, ""sampling_rate"": 0.1, ""max_depth_check"": false, ""max_depth"": 3, ""num_leaves_check"": false, ""num_leaves"": 31}, ""contrast_level"": 2, ""node_type"": ""model""}, {""node_id"": ""3049"", ""algorithm_step_name"": ""Model Evaluate"", ""node_name"": ""测试得分"", ""node_params"": {}, ""contrast_level"": 2, ""node_type"": ""evaluate""}, {""node_id"": ""3050"", ""algorithm_step_name"": ""Confusion Matrix"", ""node_name"": ""混淆矩阵"", ""node_params"": {}, ""contrast_level"": 2, ""node_type"": ""visualize""}]}"
帮我把加载的数据集换成房价示例数据集。然后，把KNN模型给我换成XGBoost模型。,1.0,13013,137,0,0,0,0,0,"{""edges"": [{""edge_id"": ""49761"", ""source_node_id"": ""3051"", ""target_node_id"": ""3052""}, {""edge_id"": ""49763"", ""source_node_id"": ""3052"", ""target_node_id"": ""3054""}, {""edge_id"": ""49766"", ""source_node_id"": ""3052"", ""target_node_id"": ""3055""}, {""edge_id"": ""49767"", ""source_node_id"": ""3055"", ""target_node_id"": ""3054""}], ""nodes"": [{""node_id"": ""3051"", ""widget_name"": ""File"", ""node_name"": ""数据"", ""node_params"": {""type"": ""sample"", ""filename"": ""housing.csv""}, ""matched"": true}, {""node_id"": ""3052"", ""widget_name"": ""Data Sampler"", ""node_name"": ""数据采样"", ""node_params"": {""sampling_type"": 0, ""percentage"": 10, ""n_samples"": 15, ""replacement"": false, ""n_folds"": 10, ""selected_folds"": 1, ""replicable"": false, ""stratified"": false}, ""matched"": true}, {""node_id"": ""3054"", ""widget_name"": ""Test & Score"", ""node_name"": ""测试得分"", ""node_params"": {}, ""matched"": true}, {""node_id"": ""3055"", ""widget_name"": ""XGBoost"", ""node_name"": ""XGBoost模型"", ""node_params"": {""booster"": ""gbtree"", ""learning_rate"": 0.3, ""gamma"": 0, ""max_depth"": 6, ""min_child_widget"": 1, ""max_delta_step"": 0, ""subsample"": 1, ""sampling_method"": ""uniform"", ""lambda"": 1, ""alpha"": 0, ""tree_method"": ""auto"", ""scale_pos_weight"": 1, ""updater"": ""grow_colmaker"", ""process_type"": ""default"", ""grow_policy"": ""depthwise""}, ""matched"": true}]}","{""dependency_requirements"": [{""edge_id"": ""2562"", ""source_node_id"": ""3051"", ""target_node_id"": ""3052""}, {""edge_id"": ""2564"", ""source_node_id"": ""3052"", ""target_node_id"": ""3054""}, {""edge_id"": ""2567"", ""source_node_id"": ""3052"", ""target_node_id"": ""3055""}, {""edge_id"": ""2568"", ""source_node_id"": ""3055"", ""target_node_id"": ""3054""}], ""step_requirements"": [{""node_id"": ""3051"", ""algorithm_step_name"": ""Tabular Dataset Loading"", ""node_name"": ""数据"", ""node_params"": {""type"": ""sample"", ""filename"": ""housing.csv""}, ""contrast_level"": 2, ""node_type"": ""io""}, {""node_id"": ""3052"", ""algorithm_step_name"": ""Dataset Division"", ""node_name"": ""数据采样"", ""node_params"": {""sampling_type"": 0, ""percentage"": 10, ""n_samples"": 15, ""replacement"": false, ""n_folds"": 10, ""selected_folds"": 1, ""replicable"": false, ""stratified"": false}, ""contrast_level"": 2, ""node_type"": ""preprocess""}, {""node_id"": ""3054"", ""algorithm_step_name"": ""Model Evaluate"", ""node_name"": ""测试得分"", ""node_params"": {}, ""contrast_level"": 2, ""node_type"": ""evaluate""}, {""node_id"": ""3055"", ""algorithm_step_name"": ""XGBoost"", ""node_name"": ""XGBoost"", ""node_params"": {}, ""contrast_level"": 1, ""node_type"": ""model""}]}"
帮我把连续化处理换成特征选择，KNN的邻节点个数改为7。,1.0,13409,132,0,0,0,0,0,"{""edges"": [{""edge_id"": ""49770"", ""source_node_id"": ""3067"", ""target_node_id"": ""3068""}, {""edge_id"": ""49771"", ""source_node_id"": ""3067"", ""target_node_id"": ""3069""}, {""edge_id"": ""49773"", ""source_node_id"": ""3068"", ""target_node_id"": ""3069""}, {""edge_id"": ""49774"", ""source_node_id"": ""3065"", ""target_node_id"": ""3070""}, {""edge_id"": ""49775"", ""source_node_id"": ""3070"", ""target_node_id"": ""3067""}], ""nodes"": [{""node_id"": ""3065"", ""widget_name"": ""File"", ""node_name"": ""数据"", ""node_params"": {""type"": ""sample"", ""filename"": ""iris.csv""}, ""matched"": true}, {""node_id"": ""3067"", ""widget_name"": ""Data Sampler"", ""node_name"": ""数据采样"", ""node_params"": {""sampling_type"": 0, ""percentage"": 10, ""n_samples"": 15, ""replacement"": false, ""n_folds"": 10, ""selected_folds"": 1, ""replicable"": false, ""stratified"": false}, ""matched"": true}, {""node_id"": ""3068"", ""widget_name"": ""KNN"", ""node_name"": ""KNN"", ""node_params"": {""n_neighbors"": 7, ""metric"": ""euclidean"", ""weights"": ""uniform""}, ""matched"": true}, {""node_id"": ""3069"", ""widget_name"": ""Test & Score"", ""node_name"": ""测试得分"", ""node_params"": {}, ""matched"": true}, {""node_id"": ""3070"", ""widget_name"": ""Select Best N Attributes"", ""node_name"": ""特征选择"", ""node_params"": {""n"": 3}, ""matched"": true}]}","{""dependency_requirements"": [{""edge_id"": ""2576"", ""source_node_id"": ""3067"", ""target_node_id"": ""3068""}, {""edge_id"": ""2577"", ""source_node_id"": ""3067"", ""target_node_id"": ""3069""}, {""edge_id"": ""2579"", ""source_node_id"": ""3068"", ""target_node_id"": ""3069""}, {""edge_id"": ""2580"", ""source_node_id"": ""3065"", ""target_node_id"": ""3070""}, {""edge_id"": ""2581"", ""source_node_id"": ""3070"", ""target_node_id"": ""3067""}], ""step_requirements"": [{""node_id"": ""3065"", ""algorithm_step_name"": ""Tabular Dataset Loading"", ""node_name"": ""数据"", ""node_params"": {""type"": ""sample"", ""filename"": ""iris.csv""}, ""contrast_level"": 2, ""node_type"": ""io""}, {""node_id"": ""3067"", ""algorithm_step_name"": ""Dataset Division"", ""node_name"": ""数据采样"", ""node_params"": {""sampling_type"": 0, ""percentage"": 10, ""n_samples"": 15, ""replacement"": false, ""n_folds"": 10, ""selected_folds"": 1, ""replicable"": false, ""stratified"": false}, ""contrast_level"": 2, ""node_type"": ""preprocess""}, {""node_id"": ""3068"", ""algorithm_step_name"": ""KNN"", ""node_name"": ""KNN"", ""node_params"": {""n_neighbors"": 7, ""metric"": ""euclidean"", ""weights"": ""uniform""}, ""contrast_level"": 2, ""node_type"": ""model""}, {""node_id"": ""3069"", ""algorithm_step_name"": ""Model Evaluate"", ""node_name"": ""测试得分"", ""node_params"": {}, ""contrast_level"": 2, ""node_type"": ""evaluate""}, {""node_id"": ""3070"", ""algorithm_step_name"": ""Feature Selection"", ""node_name"": ""特征选择"", ""node_params"": {}, ""contrast_level"": 1, ""node_type"": ""feature engineering""}]}"
帮我把加载的鸢尾花示例数据修改为加载房价示例数据集。,1.0,13171,25,0,0,0,0,0,"{""edges"": [{""edge_id"": ""49776"", ""source_node_id"": ""2895"", ""target_node_id"": ""2896""}], ""nodes"": [{""node_id"": ""2895"", ""widget_name"": ""File"", ""node_name"": ""鸢尾花示例数据"", ""node_params"": {""type"": ""sample"", ""filename"": ""housing.csv""}, ""matched"": true}, {""node_id"": ""2896"", ""widget_name"": ""LightGBM"", ""node_name"": ""LightGBM分类器"", ""node_params"": {""boosting_type"": ""gbdt"", ""n_estimators"": 10, ""learning_rate"": 0.1, ""sampling_rate"": 0.1, ""max_depth_check"": false, ""max_depth"": 3, ""num_leaves_check"": false, ""num_leaves"": 31}, ""matched"": true}]}","{""dependency_requirements"": [{""edge_id"": ""2376"", ""source_node_id"": ""2895"", ""target_node_id"": ""2896""}], ""step_requirements"": [{""node_id"": ""2895"", ""algorithm_step_name"": ""Tabular Dataset Loading"", ""node_name"": ""鸢尾花示例数据"", ""node_params"": {""type"": ""sample"", ""filename"": ""housing.csv""}, ""contrast_level"": 2, ""node_type"": ""io""}, {""node_id"": ""2896"", ""algorithm_step_name"": ""LightGBM"", ""node_name"": ""LightGBM分类器"", ""node_params"": {""boosting_type"": ""gbdt"", ""n_estimators"": 10, ""learning_rate"": 0.1, ""sampling_rate"": 0.1, ""max_depth_check"": false, ""max_depth"": 3, ""num_leaves_check"": false, ""num_leaves"": 31}, ""contrast_level"": 2, ""node_type"": ""model""}]}"
帮我把LightGBM模型的学习器类型重新设置为rf，学习率修改为0.01。,1.0,12900,38,0,0,0,0,0,"{""edges"": [{""edge_id"": ""49777"", ""source_node_id"": ""2895"", ""target_node_id"": ""2896""}], ""nodes"": [{""node_id"": ""2895"", ""widget_name"": ""File"", ""node_name"": ""鸢尾花示例数据"", ""node_params"": {""type"": ""sample"", ""filename"": ""iris.csv""}, ""matched"": true}, {""node_id"": ""2896"", ""widget_name"": ""LightGBM"", ""node_name"": ""LightGBM分类器"", ""node_params"": {""boosting_type"": ""rf"", ""n_estimators"": 10, ""learning_rate"": 0.01, ""sampling_rate"": 0.1, ""max_depth_check"": false, ""max_depth"": 3, ""num_leaves_check"": false, ""num_leaves"": 31}, ""matched"": true}]}","{""dependency_requirements"": [{""edge_id"": ""2376"", ""source_node_id"": ""2895"", ""target_node_id"": ""2896""}], ""step_requirements"": [{""node_id"": ""2895"", ""algorithm_step_name"": ""Tabular Dataset Loading"", ""node_name"": ""鸢尾花示例数据"", ""node_params"": {""type"": ""sample"", ""filename"": ""iris.csv""}, ""contrast_level"": 2, ""node_type"": ""io""}, {""node_id"": ""2896"", ""algorithm_step_name"": ""LightGBM"", ""node_name"": ""LightGBM分类器"", ""node_params"": {""boosting_type"": ""rf"", ""n_estimators"": 10, ""learning_rate"": 0.01, ""sampling_rate"": 0.1, ""max_depth_check"": false, ""max_depth"": 3, ""num_leaves_check"": false, ""num_leaves"": 31}, ""contrast_level"": 2, ""node_type"": ""model""}]}"
帮我添加一个缺失值处理步骤，以便对鸢尾花数据进行缺失值处理,1.0,13465,86,0,0,0,0,0,"{""edges"": [{""edge_id"": ""49778"", ""source_node_id"": ""5159"", ""target_node_id"": ""5158""}, {""edge_id"": ""49779"", ""source_node_id"": ""5157"", ""target_node_id"": ""5159""}], ""nodes"": [{""node_id"": ""5157"", ""widget_name"": ""File"", ""node_name"": ""鸢尾花示例数据"", ""node_params"": {""type"": ""sample"", ""filename"": ""iris.csv""}, ""matched"": true}, {""node_id"": ""5158"", ""widget_name"": ""LightGBM"", ""node_name"": ""LightGBM分类器"", ""node_params"": {""boosting_type"": ""gbdt"", ""n_estimators"": 10, ""learning_rate"": 0.1, ""sampling_rate"": 0.1, ""max_depth_check"": false, ""max_depth"": 3, ""num_leaves_check"": false, ""num_leaves"": 31}, ""matched"": true}, {""node_id"": ""5159"", ""widget_name"": ""Impute"", ""node_name"": ""缺失值处理"", ""node_params"": {""method"": 1}, ""matched"": true}]}","{""dependency_requirements"": [{""edge_id"": ""4027"", ""source_node_id"": ""5159"", ""target_node_id"": ""5158""}, {""edge_id"": ""4028"", ""source_node_id"": ""5157"", ""target_node_id"": ""5159""}], ""step_requirements"": [{""node_id"": ""5157"", ""algorithm_step_name"": ""Tabular Dataset Loading"", ""node_name"": ""鸢尾花示例数据"", ""node_params"": {""type"": ""sample"", ""filename"": ""iris.csv""}, ""contrast_level"": 2, ""node_type"": ""io""}, {""node_id"": ""5158"", ""algorithm_step_name"": ""LightGBM"", ""node_name"": ""LightGBM分类器"", ""node_params"": {""boosting_type"": ""gbdt"", ""n_estimators"": 10, ""learning_rate"": 0.1, ""sampling_rate"": 0.1, ""max_depth_check"": false, ""max_depth"": 3, ""num_leaves_check"": false, ""num_leaves"": 31}, ""contrast_level"": 2, ""node_type"": ""model""}, {""node_id"": ""5159"", ""algorithm_step_name"": ""Missing Value Handling"", ""node_name"": ""Impute"", ""node_params"": {}, ""contrast_level"": 1, ""node_type"": ""preprocess""}]}"
帮我在模型训练之前添加一个数据划分步骤，以便将处理后的数据进行拆分。,1.0,13910,83,0,0,0,0,0,"{""edges"": [{""edge_id"": ""49780"", ""source_node_id"": ""5160"", ""target_node_id"": ""5161""}, {""edge_id"": ""49781"", ""source_node_id"": ""5163"", ""target_node_id"": ""5162""}, {""edge_id"": ""49782"", ""source_node_id"": ""5161"", ""target_node_id"": ""5163""}], ""nodes"": [{""node_id"": ""5160"", ""widget_name"": ""File"", ""node_name"": ""鸢尾花示例数据"", ""node_params"": {""type"": ""sample"", ""filename"": ""iris.csv""}, ""matched"": true}, {""node_id"": ""5161"", ""widget_name"": ""Impute"", ""node_name"": ""缺失值填充"", ""node_params"": {""method"": 1}, ""matched"": true}, {""node_id"": ""5162"", ""widget_name"": ""LightGBM"", ""node_name"": ""LightGBM分类器"", ""node_params"": {""boosting_type"": ""gbdt"", ""n_estimators"": 10, ""learning_rate"": 0.1, ""sampling_rate"": 0.1, ""max_depth_check"": false, ""max_depth"": 3, ""num_leaves_check"": false, ""num_leaves"": 31}, ""matched"": true}, {""node_id"": ""5163"", ""widget_name"": ""Data Sampler"", ""node_name"": ""数据划分"", ""node_params"": {""sampling_type"": 0, ""percentage"": 10, ""n_samples"": 15, ""replacement"": false, ""n_folds"": 10, ""selected_folds"": 1, ""replicable"": false, ""stratified"": false}, ""matched"": true}]}","{""dependency_requirements"": [{""edge_id"": ""4029"", ""source_node_id"": ""5160"", ""target_node_id"": ""5161""}, {""edge_id"": ""4030"", ""source_node_id"": ""5163"", ""target_node_id"": ""5162""}, {""edge_id"": ""4031"", ""source_node_id"": ""5161"", ""target_node_id"": ""5163""}], ""step_requirements"": [{""node_id"": ""5160"", ""algorithm_step_name"": ""Tabular Dataset Loading"", ""node_name"": ""鸢尾花示例数据"", ""node_params"": {""type"": ""sample"", ""filename"": ""iris.csv""}, ""contrast_level"": 2, ""node_type"": ""io""}, {""node_id"": ""5161"", ""algorithm_step_name"": ""Missing Value Handling"", ""node_name"": ""缺失值填充"", ""node_params"": {""method"": 1}, ""contrast_level"": 2, ""node_type"": ""preprocess""}, {""node_id"": ""5162"", ""algorithm_step_name"": ""LightGBM"", ""node_name"": ""LightGBM分类器"", ""node_params"": {""boosting_type"": ""gbdt"", ""n_estimators"": 10, ""learning_rate"": 0.1, ""sampling_rate"": 0.1, ""max_depth_check"": false, ""max_depth"": 3, ""num_leaves_check"": false, ""num_leaves"": 31}, ""contrast_level"": 2, ""node_type"": ""model""}, {""node_id"": ""5163"", ""algorithm_step_name"": ""Dataset Division"", ""node_name"": ""Data Sampler"", ""node_params"": {}, ""contrast_level"": 1, ""node_type"": ""preprocess""}]}"
我需要将数据划分的比例设置为8:2,1.0,13330,26,0,0,0,0,0,"{""edges"": [{""edge_id"": ""49783"", ""source_node_id"": ""5164"", ""target_node_id"": ""5165""}, {""edge_id"": ""49784"", ""source_node_id"": ""5165"", ""target_node_id"": ""5166""}, {""edge_id"": ""49785"", ""source_node_id"": ""5166"", ""target_node_id"": ""5167""}], ""nodes"": [{""node_id"": ""5164"", ""widget_name"": ""File"", ""node_name"": ""鸢尾花示例数据"", ""node_params"": {""type"": ""sample"", ""filename"": ""iris.csv""}, ""matched"": true}, {""node_id"": ""5165"", ""widget_name"": ""Impute"", ""node_name"": ""缺失值填充"", ""node_params"": {""method"": 1}, ""matched"": true}, {""node_id"": ""5166"", ""widget_name"": ""Data Sampler"", ""node_name"": ""数据采样"", ""node_params"": {""sampling_type"": 0, ""percentage"": 20, ""n_samples"": 15, ""replacement"": false, ""n_folds"": 10, ""selected_folds"": 1, ""replicable"": false, ""stratified"": false}, ""matched"": true}, {""node_id"": ""5167"", ""widget_name"": ""LightGBM"", ""node_name"": ""LightGBM分类器"", ""node_params"": {""boosting_type"": ""gbdt"", ""n_estimators"": 10, ""learning_rate"": 0.1, ""sampling_rate"": 0.1, ""max_depth_check"": false, ""max_depth"": 3, ""num_leaves_check"": false, ""num_leaves"": 31}, ""matched"": true}]}","{""dependency_requirements"": [{""edge_id"": ""4032"", ""source_node_id"": ""5164"", ""target_node_id"": ""5165""}, {""edge_id"": ""4033"", ""source_node_id"": ""5165"", ""target_node_id"": ""5166""}, {""edge_id"": ""4034"", ""source_node_id"": ""5166"", ""target_node_id"": ""5167""}], ""step_requirements"": [{""node_id"": ""5164"", ""algorithm_step_name"": ""Tabular Dataset Loading"", ""node_name"": ""鸢尾花示例数据"", ""node_params"": {""type"": ""sample"", ""filename"": ""iris.csv""}, ""contrast_level"": 2, ""node_type"": ""io""}, {""node_id"": ""5165"", ""algorithm_step_name"": ""Missing Value Handling"", ""node_name"": ""缺失值填充"", ""node_params"": {""method"": 1}, ""contrast_level"": 2, ""node_type"": ""preprocess""}, {""node_id"": ""5166"", ""algorithm_step_name"": ""Dataset Division"", ""node_name"": ""数据采样"", ""node_params"": {""sampling_type"": 0, ""percentage"": 20, ""n_samples"": 15, ""replacement"": false, ""n_folds"": 10, ""selected_folds"": 1, ""replicable"": false, ""stratified"": false}, ""contrast_level"": 2, ""node_type"": ""preprocess""}, {""node_id"": ""5167"", ""algorithm_step_name"": ""LightGBM"", ""node_name"": ""LightGBM分类器"", ""node_params"": {""boosting_type"": ""gbdt"", ""n_estimators"": 10, ""learning_rate"": 0.1, ""sampling_rate"": 0.1, ""max_depth_check"": false, ""max_depth"": 3, ""num_leaves_check"": false, ""num_leaves"": 31}, ""contrast_level"": 2, ""node_type"": ""model""}]}"
帮我添加一个模型评估步骤,1.0,13237,85,0,0,0,0,0,"{""edges"": [{""edge_id"": ""49786"", ""source_node_id"": ""2899"", ""target_node_id"": ""2900""}, {""edge_id"": ""49787"", ""source_node_id"": ""2900"", ""target_node_id"": ""2901""}, {""edge_id"": ""49788"", ""source_node_id"": ""2901"", ""target_node_id"": ""2902""}, {""edge_id"": ""49789"", ""source_node_id"": ""2901"", ""target_node_id"": ""2903""}, {""edge_id"": ""49791"", ""source_node_id"": ""2902"", ""target_node_id"": ""2903""}], ""nodes"": [{""node_id"": ""2899"", ""widget_name"": ""File"", ""node_name"": ""鸢尾花示例数据"", ""node_params"": {""type"": ""sample"", ""filename"": ""iris.csv""}, ""matched"": true}, {""node_id"": ""2900"", ""widget_name"": ""Impute"", ""node_name"": ""缺失值处理"", ""node_params"": {""method"": 1}, ""matched"": true}, {""node_id"": ""2901"", ""widget_name"": ""Data Sampler"", ""node_name"": ""数据划分处理"", ""node_params"": {""sampling_type"": 0, ""percentage"": 10, ""n_samples"": 15, ""replacement"": false, ""n_folds"": 10, ""selected_folds"": 1, ""replicable"": false, ""stratified"": false}, ""matched"": true}, {""node_id"": ""2902"", ""widget_name"": ""LightGBM"", ""node_name"": ""LightGBM分类器"", ""node_params"": {""boosting_type"": ""gbdt"", ""n_estimators"": 10, ""learning_rate"": 0.1, ""sampling_rate"": 0.1, ""max_depth_check"": false, ""max_depth"": 3, ""num_leaves_check"": false, ""num_leaves"": 31}, ""matched"": true}, {""node_id"": ""2903"", ""widget_name"": ""Test & Score"", ""node_name"": ""模型评估"", ""node_params"": {}, ""matched"": true}]}","{""dependency_requirements"": [{""edge_id"": ""2379"", ""source_node_id"": ""2899"", ""target_node_id"": ""2900""}, {""edge_id"": ""2380"", ""source_node_id"": ""2900"", ""target_node_id"": ""2901""}, {""edge_id"": ""2381"", ""source_node_id"": ""2901"", ""target_node_id"": ""2902""}, {""edge_id"": ""2382"", ""source_node_id"": ""2901"", ""target_node_id"": ""2903""}, {""edge_id"": ""2384"", ""source_node_id"": ""2902"", ""target_node_id"": ""2903""}], ""step_requirements"": [{""node_id"": ""2899"", ""algorithm_step_name"": ""Tabular Dataset Loading"", ""node_name"": ""鸢尾花示例数据"", ""node_params"": {""type"": ""sample"", ""filename"": ""iris.csv""}, ""contrast_level"": 2, ""node_type"": ""io""}, {""node_id"": ""2900"", ""algorithm_step_name"": ""Missing Value Handling"", ""node_name"": ""缺失值处理"", ""node_params"": {""method"": 1}, ""contrast_level"": 2, ""node_type"": ""preprocess""}, {""node_id"": ""2901"", ""algorithm_step_name"": ""Dataset Division"", ""node_name"": ""数据划分处理"", ""node_params"": {""sampling_type"": 0, ""percentage"": 10, ""n_samples"": 15, ""replacement"": false, ""n_folds"": 10, ""selected_folds"": 1, ""replicable"": false, ""stratified"": false}, ""contrast_level"": 2, ""node_type"": ""preprocess""}, {""node_id"": ""2902"", ""algorithm_step_name"": ""LightGBM"", ""node_name"": ""LightGBM分类器"", ""node_params"": {""boosting_type"": ""gbdt"", ""n_estimators"": 10, ""learning_rate"": 0.1, ""sampling_rate"": 0.1, ""max_depth_check"": false, ""max_depth"": 3, ""num_leaves_check"": false, ""num_leaves"": 31}, ""contrast_level"": 2, ""node_type"": ""model""}, {""node_id"": ""2903"", ""algorithm_step_name"": ""Model Evaluate"", ""node_name"": ""模型评估"", ""node_params"": {}, ""contrast_level"": 1, ""node_type"": ""evaluate""}]}"
数据集中没有缺失值，所以帮我把缺失值这个步骤删除掉。,1.0,13721,49,0,0,0,0,0,"{""edges"": [{""edge_id"": ""49794"", ""source_node_id"": ""2906"", ""target_node_id"": ""2907""}, {""edge_id"": ""49795"", ""source_node_id"": ""2906"", ""target_node_id"": ""2908""}, {""edge_id"": ""49797"", ""source_node_id"": ""2907"", ""target_node_id"": ""2908""}, {""edge_id"": ""49798"", ""source_node_id"": ""2904"", ""target_node_id"": ""2906""}], ""nodes"": [{""node_id"": ""2904"", ""widget_name"": ""File"", ""node_name"": ""鸢尾花示例数据"", ""node_params"": {""type"": ""sample"", ""filename"": ""iris.csv""}, ""matched"": true}, {""node_id"": ""2906"", ""widget_name"": ""Data Sampler"", ""node_name"": ""数据划分处理"", ""node_params"": {""sampling_type"": 0, ""percentage"": 10, ""n_samples"": 15, ""replacement"": false, ""n_folds"": 10, ""selected_folds"": 1, ""replicable"": false, ""stratified"": false}, ""matched"": true}, {""node_id"": ""2907"", ""widget_name"": ""LightGBM"", ""node_name"": ""LightGBM分类器"", ""node_params"": {""boosting_type"": ""gbdt"", ""n_estimators"": 10, ""learning_rate"": 0.1, ""sampling_rate"": 0.1, ""max_depth_check"": false, ""max_depth"": 3, ""num_leaves_check"": false, ""num_leaves"": 31}, ""matched"": true}, {""node_id"": ""2908"", ""widget_name"": ""Test & Score"", ""node_name"": ""模型评估"", ""node_params"": {}, ""matched"": true}]}","{""dependency_requirements"": [{""edge_id"": ""2387"", ""source_node_id"": ""2906"", ""target_node_id"": ""2907""}, {""edge_id"": ""2388"", ""source_node_id"": ""2906"", ""target_node_id"": ""2908""}, {""edge_id"": ""2390"", ""source_node_id"": ""2907"", ""target_node_id"": ""2908""}, {""edge_id"": ""2391"", ""source_node_id"": ""2904"", ""target_node_id"": ""2906""}], ""step_requirements"": [{""node_id"": ""2904"", ""algorithm_step_name"": ""Tabular Dataset Loading"", ""node_name"": ""鸢尾花示例数据"", ""node_params"": {""type"": ""sample"", ""filename"": ""iris.csv""}, ""contrast_level"": 2, ""node_type"": ""io""}, {""node_id"": ""2906"", ""algorithm_step_name"": ""Dataset Division"", ""node_name"": ""数据划分处理"", ""node_params"": {""sampling_type"": 0, ""percentage"": 10, ""n_samples"": 15, ""replacement"": false, ""n_folds"": 10, ""selected_folds"": 1, ""replicable"": false, ""stratified"": false}, ""contrast_level"": 2, ""node_type"": ""preprocess""}, {""node_id"": ""2907"", ""algorithm_step_name"": ""LightGBM"", ""node_name"": ""LightGBM分类器"", ""node_params"": {""boosting_type"": ""gbdt"", ""n_estimators"": 10, ""learning_rate"": 0.1, ""sampling_rate"": 0.1, ""max_depth_check"": false, ""max_depth"": 3, ""num_leaves_check"": false, ""num_leaves"": 31}, ""contrast_level"": 2, ""node_type"": ""model""}, {""node_id"": ""2908"", ""algorithm_step_name"": ""Model Evaluate"", ""node_name"": ""模型评估"", ""node_params"": {}, ""contrast_level"": 2, ""node_type"": ""evaluate""}]}"
删除工作流中的KNN模型。,1.0,13677,65,0,0,0,0,0,"{""edges"": [{""edge_id"": ""49799"", ""source_node_id"": ""2914"", ""target_node_id"": ""2915""}, {""edge_id"": ""49800"", ""source_node_id"": ""2915"", ""target_node_id"": ""2916""}, {""edge_id"": ""49802"", ""source_node_id"": ""2915"", ""target_node_id"": ""2918""}, {""edge_id"": ""49804"", ""source_node_id"": ""2916"", ""target_node_id"": ""2918""}], ""nodes"": [{""node_id"": ""2914"", ""widget_name"": ""File"", ""node_name"": ""鸢尾花示例数据"", ""node_params"": {""type"": ""sample"", ""filename"": ""iris.csv""}, ""matched"": true}, {""node_id"": ""2915"", ""widget_name"": ""Data Sampler"", ""node_name"": ""数据划分处理"", ""node_params"": {""sampling_type"": 0, ""percentage"": 10, ""n_samples"": 15, ""replacement"": false, ""n_folds"": 10, ""selected_folds"": 1, ""replicable"": false, ""stratified"": false}, ""matched"": true}, {""node_id"": ""2916"", ""widget_name"": ""LightGBM"", ""node_name"": ""LightGBM分类器"", ""node_params"": {""boosting_type"": ""gbdt"", ""n_estimators"": 10, ""learning_rate"": 0.1, ""sampling_rate"": 0.1, ""max_depth_check"": false, ""max_depth"": 3, ""num_leaves_check"": false, ""num_leaves"": 31}, ""matched"": true}, {""node_id"": ""2918"", ""widget_name"": ""Test & Score"", ""node_name"": ""模型评估"", ""node_params"": {}, ""matched"": true}]}","{""dependency_requirements"": [{""edge_id"": ""2399"", ""source_node_id"": ""2914"", ""target_node_id"": ""2915""}, {""edge_id"": ""2400"", ""source_node_id"": ""2915"", ""target_node_id"": ""2916""}, {""edge_id"": ""2402"", ""source_node_id"": ""2915"", ""target_node_id"": ""2918""}, {""edge_id"": ""2404"", ""source_node_id"": ""2916"", ""target_node_id"": ""2918""}], ""step_requirements"": [{""node_id"": ""2914"", ""algorithm_step_name"": ""Tabular Dataset Loading"", ""node_name"": ""鸢尾花示例数据"", ""node_params"": {""type"": ""sample"", ""filename"": ""iris.csv""}, ""contrast_level"": 2, ""node_type"": ""io""}, {""node_id"": ""2915"", ""algorithm_step_name"": ""Dataset Division"", ""node_name"": ""数据划分处理"", ""node_params"": {""sampling_type"": 0, ""percentage"": 10, ""n_samples"": 15, ""replacement"": false, ""n_folds"": 10, ""selected_folds"": 1, ""replicable"": false, ""stratified"": false}, ""contrast_level"": 2, ""node_type"": ""preprocess""}, {""node_id"": ""2916"", ""algorithm_step_name"": ""LightGBM"", ""node_name"": ""LightGBM分类器"", ""node_params"": {""boosting_type"": ""gbdt"", ""n_estimators"": 10, ""learning_rate"": 0.1, ""sampling_rate"": 0.1, ""max_depth_check"": false, ""max_depth"": 3, ""num_leaves_check"": false, ""num_leaves"": 31}, ""contrast_level"": 2, ""node_type"": ""model""}, {""node_id"": ""2918"", ""algorithm_step_name"": ""Model Evaluate"", ""node_name"": ""模型评估"", ""node_params"": {}, ""contrast_level"": 2, ""node_type"": ""evaluate""}]}"
帮我把工作流中的缺失值处理步骤和多余的KNN模型都删除掉,0.875,13655,117,0,0,0,0,0,"{""edges"": [{""edge_id"": ""49809"", ""source_node_id"": ""2921"", ""target_node_id"": ""2922""}, {""edge_id"": ""49812"", ""source_node_id"": ""2921"", ""target_node_id"": ""2924""}, {""edge_id"": ""49813"", ""source_node_id"": ""2922"", ""target_node_id"": ""2924""}], ""nodes"": [{""node_id"": ""2919"", ""widget_name"": ""File"", ""node_name"": ""鸢尾花示例数据"", ""node_params"": {""type"": ""sample"", ""filename"": ""iris.csv""}, ""matched"": true}, {""node_id"": ""2921"", ""widget_name"": ""Data Sampler"", ""node_name"": ""数据划分处理"", ""node_params"": {""sampling_type"": 0, ""percentage"": 10, ""n_samples"": 15, ""replacement"": false, ""n_folds"": 10, ""selected_folds"": 1, ""replicable"": false, ""stratified"": false}, ""matched"": true}, {""node_id"": ""2922"", ""widget_name"": ""LightGBM"", ""node_name"": ""LightGBM分类器"", ""node_params"": {""boosting_type"": ""gbdt"", ""n_estimators"": 10, ""learning_rate"": 0.1, ""sampling_rate"": 0.1, ""max_depth_check"": false, ""max_depth"": 3, ""num_leaves_check"": false, ""num_leaves"": 31}, ""matched"": true}, {""node_id"": ""2924"", ""widget_name"": ""Test & Score"", ""node_name"": ""模型评估"", ""node_params"": {}, ""matched"": true}]}","{""dependency_requirements"": [{""edge_id"": ""2408"", ""source_node_id"": ""2921"", ""target_node_id"": ""2922""}, {""edge_id"": ""2410"", ""source_node_id"": ""2921"", ""target_node_id"": ""2924""}, {""edge_id"": ""2412"", ""source_node_id"": ""2922"", ""target_node_id"": ""2924""}, {""edge_id"": ""2414"", ""source_node_id"": ""2919"", ""target_node_id"": ""2921""}], ""step_requirements"": [{""node_id"": ""2919"", ""algorithm_step_name"": ""Tabular Dataset Loading"", ""node_name"": ""鸢尾花示例数据"", ""node_params"": {""type"": ""sample"", ""filename"": ""iris.csv""}, ""contrast_level"": 2, ""node_type"": ""io""}, {""node_id"": ""2921"", ""algorithm_step_name"": ""Dataset Division"", ""node_name"": ""数据划分处理"", ""node_params"": {""sampling_type"": 0, ""percentage"": 10, ""n_samples"": 15, ""replacement"": false, ""n_folds"": 10, ""selected_folds"": 1, ""replicable"": false, ""stratified"": false}, ""contrast_level"": 2, ""node_type"": ""preprocess""}, {""node_id"": ""2922"", ""algorithm_step_name"": ""LightGBM"", ""node_name"": ""LightGBM分类器"", ""node_params"": {""boosting_type"": ""gbdt"", ""n_estimators"": 10, ""learning_rate"": 0.1, ""sampling_rate"": 0.1, ""max_depth_check"": false, ""max_depth"": 3, ""num_leaves_check"": false, ""num_leaves"": 31}, ""contrast_level"": 2, ""node_type"": ""model""}, {""node_id"": ""2924"", ""algorithm_step_name"": ""Model Evaluate"", ""node_name"": ""模型评估"", ""node_params"": {}, ""contrast_level"": 2, ""node_type"": ""evaluate""}]}"
在数据抽样之前添加一个特征选择步骤，然后把数据抽样的抽样比例设置为抽取30%。,1.0,13390,114,0,0,0,0,0,"{""edges"": [{""edge_id"": ""49816"", ""source_node_id"": ""2991"", ""target_node_id"": ""2988""}, {""edge_id"": ""49817"", ""source_node_id"": ""2988"", ""target_node_id"": ""2989""}, {""edge_id"": ""49818"", ""source_node_id"": ""2988"", ""target_node_id"": ""2990""}, {""edge_id"": ""49819"", ""source_node_id"": ""2989"", ""target_node_id"": ""2990""}, {""edge_id"": ""49820"", ""source_node_id"": ""2987"", ""target_node_id"": ""2991""}], ""nodes"": [{""node_id"": ""2987"", ""widget_name"": ""File"", ""node_name"": ""鸢尾花示例数据"", ""node_params"": {""type"": ""sample"", ""filename"": ""iris.csv""}, ""matched"": true}, {""node_id"": ""2988"", ""widget_name"": ""Data Sampler"", ""node_name"": ""数据划分处理"", ""node_params"": {""sampling_type"": 0, ""percentage"": 30, ""n_samples"": 15, ""replacement"": false, ""n_folds"": 10, ""selected_folds"": 1, ""replicable"": false, ""stratified"": false}, ""matched"": true}, {""node_id"": ""2989"", ""widget_name"": ""LightGBM"", ""node_name"": ""LightGBM分类器"", ""node_params"": {""boosting_type"": ""gbdt"", ""n_estimators"": 10, ""learning_rate"": 0.1, ""sampling_rate"": 0.1, ""max_depth_check"": false, ""max_depth"": 3, ""num_leaves_check"": false, ""num_leaves"": 31}, ""matched"": true}, {""node_id"": ""2990"", ""widget_name"": ""Predictions"", ""node_name"": ""预测"", ""node_params"": {""output_attrs"": true, ""output_predictions"": true, ""output_probabilities"": false}, ""matched"": true}, {""node_id"": ""2991"", ""widget_name"": ""Select Best N Attributes"", ""node_name"": ""特征选择"", ""node_params"": {""n"": 3}, ""matched"": true}]}","{""dependency_requirements"": [{""edge_id"": ""2485"", ""source_node_id"": ""2991"", ""target_node_id"": ""2988""}, {""edge_id"": ""2486"", ""source_node_id"": ""2988"", ""target_node_id"": ""2989""}, {""edge_id"": ""2487"", ""source_node_id"": ""2988"", ""target_node_id"": ""2990""}, {""edge_id"": ""2488"", ""source_node_id"": ""2989"", ""target_node_id"": ""2990""}, {""edge_id"": ""2489"", ""source_node_id"": ""2987"", ""target_node_id"": ""2991""}], ""step_requirements"": [{""node_id"": ""2987"", ""algorithm_step_name"": ""Tabular Dataset Loading"", ""node_name"": ""鸢尾花示例数据"", ""node_params"": {""type"": ""sample"", ""filename"": ""iris.csv""}, ""contrast_level"": 2, ""node_type"": ""io""}, {""node_id"": ""2988"", ""algorithm_step_name"": ""Dataset Division"", ""node_name"": ""数据划分处理"", ""node_params"": {""sampling_type"": 0, ""percentage"": 30, ""n_samples"": 15, ""replacement"": false, ""n_folds"": 10, ""selected_folds"": 1, ""replicable"": false, ""stratified"": false}, ""contrast_level"": 2, ""node_type"": ""preprocess""}, {""node_id"": ""2989"", ""algorithm_step_name"": ""LightGBM"", ""node_name"": ""LightGBM分类器"", ""node_params"": {""boosting_type"": ""gbdt"", ""n_estimators"": 10, ""learning_rate"": 0.1, ""sampling_rate"": 0.1, ""max_depth_check"": false, ""max_depth"": 3, ""num_leaves_check"": false, ""num_leaves"": 31}, ""contrast_level"": 2, ""node_type"": ""model""}, {""node_id"": ""2990"", ""algorithm_step_name"": ""Test Dataset Predictions"", ""node_name"": ""预测"", ""node_params"": {""output_attrs"": true, ""output_predictions"": true, ""output_probabilities"": false}, ""contrast_level"": 2, ""node_type"": ""predict""}, {""node_id"": ""2991"", ""algorithm_step_name"": ""Feature Selection"", ""node_name"": ""自动特征选择"", ""node_params"": {}, ""contrast_level"": 1, ""node_type"": ""feature engineering""}]}"
帮我把数据划分的比例改为5:5，最后还需要你添加一个步骤帮我把预测结果保存。,1.0,14049,85,0,0,0,0,0,"{""edges"": [{""edge_id"": ""49821"", ""source_node_id"": ""2982"", ""target_node_id"": ""2983""}, {""edge_id"": ""49822"", ""source_node_id"": ""2983"", ""target_node_id"": ""2984""}, {""edge_id"": ""49823"", ""source_node_id"": ""2983"", ""target_node_id"": ""2985""}, {""edge_id"": ""49824"", ""source_node_id"": ""2984"", ""target_node_id"": ""2985""}, {""edge_id"": ""49825"", ""source_node_id"": ""2985"", ""target_node_id"": ""2986""}], ""nodes"": [{""node_id"": ""2982"", ""widget_name"": ""File"", ""node_name"": ""鸢尾花示例数据"", ""node_params"": {""type"": ""sample"", ""filename"": ""iris.csv""}, ""matched"": true}, {""node_id"": ""2983"", ""widget_name"": ""Data Sampler"", ""node_name"": ""数据划分处理"", ""node_params"": {""sampling_type"": 0, ""percentage"": 50, ""n_samples"": 15, ""replacement"": false, ""n_folds"": 10, ""selected_folds"": 1, ""replicable"": false, ""stratified"": false}, ""matched"": true}, {""node_id"": ""2984"", ""widget_name"": ""LightGBM"", ""node_name"": ""LightGBM分类器"", ""node_params"": {""boosting_type"": ""gbdt"", ""n_estimators"": 10, ""learning_rate"": 0.1, ""sampling_rate"": 0.1, ""max_depth_check"": false, ""max_depth"": 3, ""num_leaves_check"": false, ""num_leaves"": 31}, ""matched"": true}, {""node_id"": ""2985"", ""widget_name"": ""Predictions"", ""node_name"": ""预测"", ""node_params"": {""output_attrs"": true, ""output_predictions"": true, ""output_probabilities"": false}, ""matched"": true}, {""node_id"": ""2986"", ""widget_name"": ""Save Data"", ""node_name"": ""保存预测结果"", ""node_params"": {}, ""matched"": true}]}","{""dependency_requirements"": [{""edge_id"": ""2480"", ""source_node_id"": ""2982"", ""target_node_id"": ""2983""}, {""edge_id"": ""2481"", ""source_node_id"": ""2983"", ""target_node_id"": ""2984""}, {""edge_id"": ""2482"", ""source_node_id"": ""2983"", ""target_node_id"": ""2985""}, {""edge_id"": ""2483"", ""source_node_id"": ""2984"", ""target_node_id"": ""2985""}, {""edge_id"": ""2484"", ""source_node_id"": ""2985"", ""target_node_id"": ""2986""}], ""step_requirements"": [{""node_id"": ""2982"", ""algorithm_step_name"": ""Tabular Dataset Loading"", ""node_name"": ""鸢尾花示例数据"", ""node_params"": {""type"": ""sample"", ""filename"": ""iris.csv""}, ""contrast_level"": 2, ""node_type"": ""io""}, {""node_id"": ""2983"", ""algorithm_step_name"": ""Dataset Division"", ""node_name"": ""数据划分处理"", ""node_params"": {""sampling_type"": 0, ""percentage"": 50, ""n_samples"": 15, ""replacement"": false, ""n_folds"": 10, ""selected_folds"": 1, ""replicable"": false, ""stratified"": false}, ""contrast_level"": 2, ""node_type"": ""preprocess""}, {""node_id"": ""2984"", ""algorithm_step_name"": ""LightGBM"", ""node_name"": ""LightGBM分类器"", ""node_params"": {""boosting_type"": ""gbdt"", ""n_estimators"": 10, ""learning_rate"": 0.1, ""sampling_rate"": 0.1, ""max_depth_check"": false, ""max_depth"": 3, ""num_leaves_check"": false, ""num_leaves"": 31}, ""contrast_level"": 2, ""node_type"": ""model""}, {""node_id"": ""2985"", ""algorithm_step_name"": ""Test Dataset Predictions"", ""node_name"": ""预测"", ""node_params"": {""output_attrs"": true, ""output_predictions"": true, ""output_probabilities"": false}, ""contrast_level"": 2, ""node_type"": ""predict""}, {""node_id"": ""2986"", ""algorithm_step_name"": ""Save Data"", ""node_name"": ""Save Data"", ""node_params"": {}, ""contrast_level"": 1, ""node_type"": ""io""}]}"
帮我把目标检测使用的模型换成SSD，学习率使用0.02。最后，我还需要查看训练日志。,1.0,12935,96,0,0,0,0,0,"{""edges"": [{""edge_id"": ""49826"", ""source_node_id"": ""2998"", ""target_node_id"": ""2999""}, {""edge_id"": ""49827"", ""source_node_id"": ""2999"", ""target_node_id"": ""3000""}], ""nodes"": [{""node_id"": ""2998"", ""widget_name"": ""Image"", ""node_name"": ""猫狗图像数据"", ""node_params"": {}, ""matched"": true}, {""node_id"": ""2999"", ""widget_name"": ""Object Detection"", ""node_name"": ""目标检测"", ""node_params"": {""frame"": ""pytorch"", ""select_model"": ""SSD"", ""backbone"": ""DarkNet53"", ""epoch"": 3, ""learning_rate"": 0.02, ""batch_size"": 2}, ""matched"": true}, {""node_id"": ""3000"", ""widget_name"": ""Train Log"", ""node_name"": ""训练日志"", ""node_params"": {}, ""matched"": true}]}","{""dependency_requirements"": [{""edge_id"": ""2495"", ""source_node_id"": ""2998"", ""target_node_id"": ""2999""}, {""edge_id"": ""2496"", ""source_node_id"": ""2999"", ""target_node_id"": ""3000""}], ""step_requirements"": [{""node_id"": ""2998"", ""algorithm_step_name"": ""Image Dataset Loading"", ""node_name"": ""猫狗图像数据"", ""node_params"": {}, ""contrast_level"": 2, ""node_type"": ""io""}, {""node_id"": ""2999"", ""algorithm_step_name"": ""Object Detection Model"", ""node_name"": ""目标检测"", ""node_params"": {""frame"": ""pytorch"", ""select_model"": ""SSD"", ""backbone"": ""DarkNet53"", ""epoch"": 3, ""learning_rate"": 0.02, ""batch_size"": 2}, ""contrast_level"": 2, ""node_type"": ""model""}, {""node_id"": ""3000"", ""algorithm_step_name"": ""Train Log"", ""node_name"": ""训练日志"", ""node_params"": {}, ""contrast_level"": 2, ""node_type"": ""visualize""}]}"
帮我把缺失值处理方式修改为使用平均值填补，然后把多余的KNN模型删除掉。,1.0,13568,53,0,0,0,0,0,"{""edges"": [{""edge_id"": ""49828"", ""source_node_id"": ""2958"", ""target_node_id"": ""2959""}, {""edge_id"": ""49829"", ""source_node_id"": ""2959"", ""target_node_id"": ""2960""}, {""edge_id"": ""49830"", ""source_node_id"": ""2960"", ""target_node_id"": ""2961""}, {""edge_id"": ""49832"", ""source_node_id"": ""2960"", ""target_node_id"": ""2963""}, {""edge_id"": ""49834"", ""source_node_id"": ""2961"", ""target_node_id"": ""2963""}], ""nodes"": [{""node_id"": ""2958"", ""widget_name"": ""File"", ""node_name"": ""鸢尾花示例数据"", ""node_params"": {""type"": ""sample"", ""filename"": ""iris.csv""}, ""matched"": true}, {""node_id"": ""2959"", ""widget_name"": ""Impute"", ""node_name"": ""缺失值处理"", ""node_params"": {""method"": 2}, ""matched"": true}, {""node_id"": ""2960"", ""widget_name"": ""Data Sampler"", ""node_name"": ""数据划分处理"", ""node_params"": {""sampling_type"": 0, ""percentage"": 10, ""n_samples"": 15, ""replacement"": false, ""n_folds"": 10, ""selected_folds"": 1, ""replicable"": false, ""stratified"": false}, ""matched"": true}, {""node_id"": ""2961"", ""widget_name"": ""LightGBM"", ""node_name"": ""LightGBM分类器"", ""node_params"": {""boosting_type"": ""gbdt"", ""n_estimators"": 10, ""learning_rate"": 0.1, ""sampling_rate"": 0.1, ""max_depth_check"": false, ""max_depth"": 3, ""num_leaves_check"": false, ""num_leaves"": 31}, ""matched"": true}, {""node_id"": ""2963"", ""widget_name"": ""Test & Score"", ""node_name"": ""模型评估"", ""node_params"": {}, ""matched"": true}]}","{""dependency_requirements"": [{""edge_id"": ""2447"", ""source_node_id"": ""2958"", ""target_node_id"": ""2959""}, {""edge_id"": ""2448"", ""source_node_id"": ""2959"", ""target_node_id"": ""2960""}, {""edge_id"": ""2449"", ""source_node_id"": ""2960"", ""target_node_id"": ""2961""}, {""edge_id"": ""2451"", ""source_node_id"": ""2960"", ""target_node_id"": ""2963""}, {""edge_id"": ""2453"", ""source_node_id"": ""2961"", ""target_node_id"": ""2963""}], ""step_requirements"": [{""node_id"": ""2958"", ""algorithm_step_name"": ""Tabular Dataset Loading"", ""node_name"": ""鸢尾花示例数据"", ""node_params"": {""type"": ""sample"", ""filename"": ""iris.csv""}, ""contrast_level"": 2, ""node_type"": ""io""}, {""node_id"": ""2959"", ""algorithm_step_name"": ""Missing Value Handling"", ""node_name"": ""缺失值处理"", ""node_params"": {""method"": 2}, ""contrast_level"": 2, ""node_type"": ""preprocess""}, {""node_id"": ""2960"", ""algorithm_step_name"": ""Dataset Division"", ""node_name"": ""数据划分处理"", ""node_params"": {""sampling_type"": 0, ""percentage"": 10, ""n_samples"": 15, ""replacement"": false, ""n_folds"": 10, ""selected_folds"": 1, ""replicable"": false, ""stratified"": false}, ""contrast_level"": 2, ""node_type"": ""preprocess""}, {""node_id"": ""2961"", ""algorithm_step_name"": ""LightGBM"", ""node_name"": ""LightGBM分类器"", ""node_params"": {""boosting_type"": ""gbdt"", ""n_estimators"": 10, ""learning_rate"": 0.1, ""sampling_rate"": 0.1, ""max_depth_check"": false, ""max_depth"": 3, ""num_leaves_check"": false, ""num_leaves"": 31}, ""contrast_level"": 2, ""node_type"": ""model""}, {""node_id"": ""2963"", ""algorithm_step_name"": ""Model Evaluate"", ""node_name"": ""模型评估"", ""node_params"": {}, ""contrast_level"": 2, ""node_type"": ""evaluate""}]}"
独热编码这个步骤是冗余的，帮我删除掉。在这之后还需要你将随机森林数的数量改为30，缺失值的处理方法改为用随机值填补。,1.0,14141,110,0,0,0,0,0,"{""edges"": [{""edge_id"": ""49836"", ""source_node_id"": ""3002"", ""target_node_id"": ""3003""}, {""edge_id"": ""49839"", ""source_node_id"": ""3005"", ""target_node_id"": ""3006""}, {""edge_id"": ""49840"", ""source_node_id"": ""3005"", ""target_node_id"": ""3007""}, {""edge_id"": ""49842"", ""source_node_id"": ""3006"", ""target_node_id"": ""3007""}, {""edge_id"": ""49843"", ""source_node_id"": ""3003"", ""target_node_id"": ""3005""}], ""nodes"": [{""node_id"": ""3002"", ""widget_name"": ""File"", ""node_name"": ""数据"", ""node_params"": {""type"": ""sample"", ""filename"": ""iris.csv""}, ""matched"": true}, {""node_id"": ""3003"", ""widget_name"": ""Impute"", ""node_name"": ""缺失值处理"", ""node_params"": {""method"": 4}, ""matched"": true}, {""node_id"": ""3005"", ""widget_name"": ""Data Sampler"", ""node_name"": ""数据采样"", ""node_params"": {""sampling_type"": 0, ""percentage"": 10, ""n_samples"": 15, ""replacement"": false, ""n_folds"": 10, ""selected_folds"": 1, ""replicable"": false, ""stratified"": false}, ""matched"": true}, {""node_id"": ""3006"", ""widget_name"": ""Random Forest"", ""node_name"": ""随机森林"", ""node_params"": {""n_estimators"": 30, ""use_max_features"": false, ""max_features"": ""auto"", ""use_random_state"": false, ""use_max_depth"": false, ""max_depth"": 3, ""use_min_samples_split"": true, ""min_samples_split"": 2}, ""matched"": true}, {""node_id"": ""3007"", ""widget_name"": ""Test & Score"", ""node_name"": ""测试得分"", ""node_params"": {}, ""matched"": true}]}","{""dependency_requirements"": [{""edge_id"": ""2497"", ""source_node_id"": ""3002"", ""target_node_id"": ""3003""}, {""edge_id"": ""2500"", ""source_node_id"": ""3005"", ""target_node_id"": ""3006""}, {""edge_id"": ""2501"", ""source_node_id"": ""3005"", ""target_node_id"": ""3007""}, {""edge_id"": ""2503"", ""source_node_id"": ""3006"", ""target_node_id"": ""3007""}, {""edge_id"": ""2504"", ""source_node_id"": ""3003"", ""target_node_id"": ""3005""}], ""step_requirements"": [{""node_id"": ""3002"", ""algorithm_step_name"": ""Tabular Dataset Loading"", ""node_name"": ""数据"", ""node_params"": {""type"": ""sample"", ""filename"": ""iris.csv""}, ""contrast_level"": 2, ""node_type"": ""io""}, {""node_id"": ""3003"", ""algorithm_step_name"": ""Missing Value Handling"", ""node_name"": ""缺失值处理"", ""node_params"": {""method"": 4}, ""contrast_level"": 2, ""node_type"": ""preprocess""}, {""node_id"": ""3005"", ""algorithm_step_name"": ""Dataset Division"", ""node_name"": ""数据采样"", ""node_params"": {""sampling_type"": 0, ""percentage"": 10, ""n_samples"": 15, ""replacement"": false, ""n_folds"": 10, ""selected_folds"": 1, ""replicable"": false, ""stratified"": false}, ""contrast_level"": 2, ""node_type"": ""preprocess""}, {""node_id"": ""3006"", ""algorithm_step_name"": ""Random Forest"", ""node_name"": ""随机森林"", ""node_params"": {""n_estimators"": 30, ""use_max_features"": false, ""max_features"": ""auto"", ""use_random_state"": false, ""use_max_depth"": false, ""max_depth"": 3, ""use_min_samples_split"": true, ""min_samples_split"": 2}, ""contrast_level"": 2, ""node_type"": ""model""}, {""node_id"": ""3007"", ""algorithm_step_name"": ""Model Evaluate"", ""node_name"": ""测试得分"", ""node_params"": {}, ""contrast_level"": 2, ""node_type"": ""evaluate""}]}"
帮我把多余的模型都删除掉，只留下LightGBM，并把LightGBM的学习率改为0.01。,1.0,13840,89,0,0,0,0,0,"{""edges"": [{""edge_id"": ""49844"", ""source_node_id"": ""3032"", ""target_node_id"": ""3033""}, {""edge_id"": ""49846"", ""source_node_id"": ""3033"", ""target_node_id"": ""3035""}, {""edge_id"": ""49849"", ""source_node_id"": ""3033"", ""target_node_id"": ""3038""}, {""edge_id"": ""49852"", ""source_node_id"": ""3035"", ""target_node_id"": ""3038""}], ""nodes"": [{""node_id"": ""3032"", ""widget_name"": ""File"", ""node_name"": ""数据"", ""node_params"": {""type"": ""sample"", ""filename"": ""iris.csv""}, ""matched"": true}, {""node_id"": ""3033"", ""widget_name"": ""Data Sampler"", ""node_name"": ""数据采样"", ""node_params"": {""sampling_type"": 0, ""percentage"": 10, ""n_samples"": 15, ""replacement"": false, ""n_folds"": 10, ""selected_folds"": 1, ""replicable"": false, ""stratified"": false}, ""matched"": true}, {""node_id"": ""3035"", ""widget_name"": ""LightGBM"", ""node_name"": ""LightGBM"", ""node_params"": {""boosting_type"": ""gbdt"", ""n_estimators"": 10, ""learning_rate"": 0.01, ""sampling_rate"": 0.1, ""max_depth_check"": false, ""max_depth"": 3, ""num_leaves_check"": false, ""num_leaves"": 31}, ""matched"": true}, {""node_id"": ""3038"", ""widget_name"": ""Test & Score"", ""node_name"": ""测试得分"", ""node_params"": {}, ""matched"": true}]}","{""dependency_requirements"": [{""edge_id"": ""2536"", ""source_node_id"": ""3032"", ""target_node_id"": ""3033""}, {""edge_id"": ""2538"", ""source_node_id"": ""3033"", ""target_node_id"": ""3035""}, {""edge_id"": ""2541"", ""source_node_id"": ""3033"", ""target_node_id"": ""3038""}, {""edge_id"": ""2544"", ""source_node_id"": ""3035"", ""target_node_id"": ""3038""}], ""step_requirements"": [{""node_id"": ""3032"", ""algorithm_step_name"": ""Tabular Dataset Loading"", ""node_name"": ""数据"", ""node_params"": {""type"": ""sample"", ""filename"": ""iris.csv""}, ""contrast_level"": 2, ""node_type"": ""io""}, {""node_id"": ""3033"", ""algorithm_step_name"": ""Dataset Division"", ""node_name"": ""数据采样"", ""node_params"": {""sampling_type"": 0, ""percentage"": 10, ""n_samples"": 15, ""replacement"": false, ""n_folds"": 10, ""selected_folds"": 1, ""replicable"": false, ""stratified"": false}, ""contrast_level"": 2, ""node_type"": ""preprocess""}, {""node_id"": ""3035"", ""algorithm_step_name"": ""LightGBM"", ""node_name"": ""LightGBM"", ""node_params"": {""boosting_type"": ""gbdt"", ""n_estimators"": 10, ""learning_rate"": 0.01, ""sampling_rate"": 0.1, ""max_depth_check"": false, ""max_depth"": 3, ""num_leaves_check"": false, ""num_leaves"": 31}, ""contrast_level"": 2, ""node_type"": ""model""}, {""node_id"": ""3038"", ""algorithm_step_name"": ""Model Evaluate"", ""node_name"": ""测试得分"", ""node_params"": {}, ""contrast_level"": 2, ""node_type"": ""evaluate""}]}"
帮我把LightGBM模型更换为XGBoost。,1.0,13434,109,0,0,0,0,0,"{""edges"": [{""edge_id"": ""49855"", ""source_node_id"": ""2964"", ""target_node_id"": ""2965""}, {""edge_id"": ""49856"", ""source_node_id"": ""2965"", ""target_node_id"": ""2966""}, {""edge_id"": ""49858"", ""source_node_id"": ""2966"", ""target_node_id"": ""2968""}, {""edge_id"": ""49861"", ""source_node_id"": ""2966"", ""target_node_id"": ""2969""}, {""edge_id"": ""49862"", ""source_node_id"": ""2969"", ""target_node_id"": ""2968""}], ""nodes"": [{""node_id"": ""2964"", ""widget_name"": ""File"", ""node_name"": ""鸢尾花示例数据"", ""node_params"": {""type"": ""sample"", ""filename"": ""iris.csv""}, ""matched"": true}, {""node_id"": ""2965"", ""widget_name"": ""Impute"", ""node_name"": ""缺失值处理"", ""node_params"": {""method"": 1}, ""matched"": true}, {""node_id"": ""2966"", ""widget_name"": ""Data Sampler"", ""node_name"": ""数据划分处理"", ""node_params"": {""sampling_type"": 0, ""percentage"": 10, ""n_samples"": 15, ""replacement"": false, ""n_folds"": 10, ""selected_folds"": 1, ""replicable"": false, ""stratified"": false}, ""matched"": true}, {""node_id"": ""2968"", ""widget_name"": ""Test & Score"", ""node_name"": ""模型评估"", ""node_params"": {}, ""matched"": true}, {""node_id"": ""2969"", ""widget_name"": ""XGBoost"", ""node_name"": ""XGBoost分类器"", ""node_params"": {""booster"": ""gbtree"", ""learning_rate"": 0.3, ""gamma"": 0, ""max_depth"": 6, ""min_child_widget"": 1, ""max_delta_step"": 0, ""subsample"": 1, ""sampling_method"": ""uniform"", ""lambda"": 1, ""alpha"": 0, ""tree_method"": ""auto"", ""scale_pos_weight"": 1, ""updater"": ""grow_colmaker"", ""process_type"": ""default"", ""grow_policy"": ""depthwise""}, ""matched"": true}]}","{""dependency_requirements"": [{""edge_id"": ""2455"", ""source_node_id"": ""2964"", ""target_node_id"": ""2965""}, {""edge_id"": ""2456"", ""source_node_id"": ""2965"", ""target_node_id"": ""2966""}, {""edge_id"": ""2458"", ""source_node_id"": ""2966"", ""target_node_id"": ""2968""}, {""edge_id"": ""2461"", ""source_node_id"": ""2966"", ""target_node_id"": ""2969""}, {""edge_id"": ""2462"", ""source_node_id"": ""2969"", ""target_node_id"": ""2968""}], ""step_requirements"": [{""node_id"": ""2964"", ""algorithm_step_name"": ""Tabular Dataset Loading"", ""node_name"": ""鸢尾花示例数据"", ""node_params"": {""type"": ""sample"", ""filename"": ""iris.csv""}, ""contrast_level"": 2, ""node_type"": ""io""}, {""node_id"": ""2965"", ""algorithm_step_name"": ""Missing Value Handling"", ""node_name"": ""缺失值处理"", ""node_params"": {""method"": 1}, ""contrast_level"": 2, ""node_type"": ""preprocess""}, {""node_id"": ""2966"", ""algorithm_step_name"": ""Dataset Division"", ""node_name"": ""数据划分处理"", ""node_params"": {""sampling_type"": 0, ""percentage"": 10, ""n_samples"": 15, ""replacement"": false, ""n_folds"": 10, ""selected_folds"": 1, ""replicable"": false, ""stratified"": false}, ""contrast_level"": 2, ""node_type"": ""preprocess""}, {""node_id"": ""2968"", ""algorithm_step_name"": ""Model Evaluate"", ""node_name"": ""模型评估"", ""node_params"": {}, ""contrast_level"": 2, ""node_type"": ""evaluate""}, {""node_id"": ""2969"", ""algorithm_step_name"": ""XGBoost"", ""node_name"": ""XGBoost分类器"", ""node_params"": {}, ""contrast_level"": 1, ""node_type"": ""model""}]}"
我不需要对模型进行评估了，帮我把模型评估组件换成预测组件。,1.0,13910,145,0,0,0,0,0,"{""edges"": [{""edge_id"": ""49863"", ""source_node_id"": ""2970"", ""target_node_id"": ""2971""}, {""edge_id"": ""49864"", ""source_node_id"": ""2971"", ""target_node_id"": ""2972""}, {""edge_id"": ""49865"", ""source_node_id"": ""2972"", ""target_node_id"": ""2973""}, {""edge_id"": ""49869"", ""source_node_id"": ""2972"", ""target_node_id"": ""2975""}, {""edge_id"": ""49870"", ""source_node_id"": ""2973"", ""target_node_id"": ""2975""}], ""nodes"": [{""node_id"": ""2970"", ""widget_name"": ""File"", ""node_name"": ""鸢尾花示例数据"", ""node_params"": {""type"": ""sample"", ""filename"": ""iris.csv""}, ""matched"": true}, {""node_id"": ""2971"", ""widget_name"": ""Impute"", ""node_name"": ""缺失值处理"", ""node_params"": {""method"": 1}, ""matched"": true}, {""node_id"": ""2972"", ""widget_name"": ""Data Sampler"", ""node_name"": ""数据划分处理"", ""node_params"": {""sampling_type"": 0, ""percentage"": 10, ""n_samples"": 15, ""replacement"": false, ""n_folds"": 10, ""selected_folds"": 1, ""replicable"": false, ""stratified"": false}, ""matched"": true}, {""node_id"": ""2973"", ""widget_name"": ""LightGBM"", ""node_name"": ""LightGBM分类器"", ""node_params"": {""boosting_type"": ""gbdt"", ""n_estimators"": 10, ""learning_rate"": 0.1, ""sampling_rate"": 0.1, ""max_depth_check"": false, ""max_depth"": 3, ""num_leaves_check"": false, ""num_leaves"": 31}, ""matched"": true}, {""node_id"": ""2975"", ""widget_name"": ""Predictions"", ""node_name"": ""预测"", ""node_params"": {""output_attrs"": true, ""output_predictions"": true, ""output_probabilities"": true}, ""matched"": true}]}","{""dependency_requirements"": [{""edge_id"": ""2463"", ""source_node_id"": ""2970"", ""target_node_id"": ""2971""}, {""edge_id"": ""2464"", ""source_node_id"": ""2971"", ""target_node_id"": ""2972""}, {""edge_id"": ""2465"", ""source_node_id"": ""2972"", ""target_node_id"": ""2973""}, {""edge_id"": ""2469"", ""source_node_id"": ""2972"", ""target_node_id"": ""2975""}, {""edge_id"": ""2470"", ""source_node_id"": ""2973"", ""target_node_id"": ""2975""}], ""step_requirements"": [{""node_id"": ""2970"", ""algorithm_step_name"": ""Tabular Dataset Loading"", ""node_name"": ""鸢尾花示例数据"", ""node_params"": {""type"": ""sample"", ""filename"": ""iris.csv""}, ""contrast_level"": 2, ""node_type"": ""io""}, {""node_id"": ""2971"", ""algorithm_step_name"": ""Missing Value Handling"", ""node_name"": ""缺失值处理"", ""node_params"": {""method"": 1}, ""contrast_level"": 2, ""node_type"": ""preprocess""}, {""node_id"": ""2972"", ""algorithm_step_name"": ""Dataset Division"", ""node_name"": ""数据划分处理"", ""node_params"": {""sampling_type"": 0, ""percentage"": 10, ""n_samples"": 15, ""replacement"": false, ""n_folds"": 10, ""selected_folds"": 1, ""replicable"": false, ""stratified"": false}, ""contrast_level"": 2, ""node_type"": ""preprocess""}, {""node_id"": ""2973"", ""algorithm_step_name"": ""LightGBM"", ""node_name"": ""LightGBM分类器"", ""node_params"": {""boosting_type"": ""gbdt"", ""n_estimators"": 10, ""learning_rate"": 0.1, ""sampling_rate"": 0.1, ""max_depth_check"": false, ""max_depth"": 3, ""num_leaves_check"": false, ""num_leaves"": 31}, ""contrast_level"": 2, ""node_type"": ""model""}, {""node_id"": ""2975"", ""algorithm_step_name"": ""Test Dataset Predictions"", ""node_name"": ""预测"", ""node_params"": {}, ""contrast_level"": 1, ""node_type"": ""predict""}]}"
帮我把缺失值处理步骤删除掉，并换一个更好的模型。,0.875,13527,98,0,0,0,0,0,"{""edges"": [{""edge_id"": ""49873"", ""source_node_id"": ""2978"", ""target_node_id"": ""60231""}, {""edge_id"": ""49874"", ""source_node_id"": ""2978"", ""target_node_id"": ""2980""}, {""edge_id"": ""49876"", ""source_node_id"": ""60231"", ""target_node_id"": ""2980""}, {""edge_id"": ""49877"", ""source_node_id"": ""2978"", ""target_node_id"": ""2981""}, {""edge_id"": ""49878"", ""source_node_id"": ""2981"", ""target_node_id"": ""2980""}], ""nodes"": [{""node_id"": ""2976"", ""widget_name"": ""File"", ""node_name"": ""鸢尾花示例数据"", ""node_params"": {""type"": ""sample"", ""filename"": ""iris.csv""}, ""matched"": true}, {""node_id"": ""2978"", ""widget_name"": ""Data Sampler"", ""node_name"": ""数据划分处理"", ""node_params"": {""sampling_type"": 0, ""percentage"": 10, ""n_samples"": 15, ""replacement"": false, ""n_folds"": 10, ""selected_folds"": 1, ""replicable"": false, ""stratified"": false}, ""matched"": true}, {""node_id"": ""60231"", ""widget_name"": ""LightGBM"", ""node_name"": ""LightGBM分类器"", ""node_params"": {""boosting_type"": ""gbdt"", ""n_estimators"": 10, ""learning_rate"": 0.1, ""sampling_rate"": 0.1, ""max_depth_check"": false, ""max_depth"": 3, ""num_leaves_check"": false, ""num_leaves"": 31}, ""matched"": false}, {""node_id"": ""2980"", ""widget_name"": ""Test & Score"", ""node_name"": ""模型评估"", ""node_params"": {}, ""matched"": true}, {""node_id"": ""2981"", ""widget_name"": ""XGBoost"", ""node_name"": ""XGBoost分类器"", ""node_params"": {""booster"": ""gbtree"", ""learning_rate"": 0.3, ""gamma"": 0, ""max_depth"": 6, ""min_child_widget"": 1, ""max_delta_step"": 0, ""subsample"": 1, ""sampling_method"": ""uniform"", ""lambda"": 1, ""alpha"": 0, ""tree_method"": ""auto"", ""scale_pos_weight"": 1, ""updater"": ""grow_colmaker"", ""process_type"": ""default"", ""grow_policy"": ""depthwise""}, ""matched"": true}]}","{""dependency_requirements"": [{""edge_id"": ""2474"", ""source_node_id"": ""2978"", ""target_node_id"": ""2980""}, {""edge_id"": ""2477"", ""source_node_id"": ""2976"", ""target_node_id"": ""2978""}, {""edge_id"": ""2478"", ""source_node_id"": ""2978"", ""target_node_id"": ""2981""}, {""edge_id"": ""2479"", ""source_node_id"": ""2981"", ""target_node_id"": ""2980""}], ""step_requirements"": [{""node_id"": ""2976"", ""algorithm_step_name"": ""Tabular Dataset Loading"", ""node_name"": ""鸢尾花示例数据"", ""node_params"": {""type"": ""sample"", ""filename"": ""iris.csv""}, ""contrast_level"": 2, ""node_type"": ""io""}, {""node_id"": ""2978"", ""algorithm_step_name"": ""Dataset Division"", ""node_name"": ""数据划分处理"", ""node_params"": {""sampling_type"": 0, ""percentage"": 10, ""n_samples"": 15, ""replacement"": false, ""n_folds"": 10, ""selected_folds"": 1, ""replicable"": false, ""stratified"": false}, ""contrast_level"": 2, ""node_type"": ""preprocess""}, {""node_id"": ""2980"", ""algorithm_step_name"": ""Model Evaluate"", ""node_name"": ""模型评估"", ""node_params"": {}, ""contrast_level"": 2, ""node_type"": ""evaluate""}, {""node_id"": ""2981"", ""algorithm_step_name"": ""XGBoost"", ""node_name"": ""XGBoost"", ""node_params"": {}, ""contrast_level"": 1, ""node_type"": ""model""}]}"
我的数据集没有缺失值，所以请你帮我删除掉缺失值处理这一步，然后把数据抽样的比例改为7:3，最后帮我添加一个可视化混淆矩阵的步骤。,0.9,13454,104,0,0,0,0,0,"{""edges"": [{""edge_id"": ""49881"", ""source_node_id"": ""3047"", ""target_node_id"": ""3048""}, {""edge_id"": ""49882"", ""source_node_id"": ""3047"", ""target_node_id"": ""3049""}, {""edge_id"": ""49884"", ""source_node_id"": ""3048"", ""target_node_id"": ""3049""}, {""edge_id"": ""49885"", ""source_node_id"": ""3049"", ""target_node_id"": ""3050""}], ""nodes"": [{""node_id"": ""3045"", ""widget_name"": ""File"", ""node_name"": ""数据"", ""node_params"": {""type"": ""sample"", ""filename"": ""iris.csv""}, ""matched"": true}, {""node_id"": ""3047"", ""widget_name"": ""Data Sampler"", ""node_name"": ""数据采样"", ""node_params"": {""sampling_type"": 0, ""percentage"": 30, ""n_samples"": 15, ""replacement"": false, ""n_folds"": 10, ""selected_folds"": 1, ""replicable"": false, ""stratified"": false}, ""matched"": true}, {""node_id"": ""3048"", ""widget_name"": ""LightGBM"", ""node_name"": ""LightGBM"", ""node_params"": {""boosting_type"": ""gbdt"", ""n_estimators"": 10, ""learning_rate"": 0.1, ""sampling_rate"": 0.1, ""max_depth_check"": false, ""max_depth"": 3, ""num_leaves_check"": false, ""num_leaves"": 31}, ""matched"": true}, {""node_id"": ""3049"", ""widget_name"": ""Test & Score"", ""node_name"": ""测试得分"", ""node_params"": {}, ""matched"": true}, {""node_id"": ""3050"", ""widget_name"": ""Confusion Matrix"", ""node_name"": ""混淆矩阵"", ""node_params"": {}, ""matched"": true}]}","{""dependency_requirements"": [{""edge_id"": ""2556"", ""source_node_id"": ""3047"", ""target_node_id"": ""3048""}, {""edge_id"": ""2557"", ""source_node_id"": ""3047"", ""target_node_id"": ""3049""}, {""edge_id"": ""2559"", ""source_node_id"": ""3048"", ""target_node_id"": ""3049""}, {""edge_id"": ""2560"", ""source_node_id"": ""3045"", ""target_node_id"": ""3047""}, {""edge_id"": ""2561"", ""source_node_id"": ""3049"", ""target_node_id"": ""3050""}], ""step_requirements"": [{""node_id"": ""3045"", ""algorithm_step_name"": ""Tabular Dataset Loading"", ""node_name"": ""数据"", ""node_params"": {""type"": ""sample"", ""filename"": ""iris.csv""}, ""contrast_level"": 2, ""node_type"": ""io""}, {""node_id"": ""3047"", ""algorithm_step_name"": ""Dataset Division"", ""node_name"": ""数据采样"", ""node_params"": {""sampling_type"": 0, ""percentage"": 30, ""n_samples"": 15, ""replacement"": false, ""n_folds"": 10, ""selected_folds"": 1, ""replicable"": false, ""stratified"": false}, ""contrast_level"": 2, ""node_type"": ""preprocess""}, {""node_id"": ""3048"", ""algorithm_step_name"": ""LightGBM"", ""node_name"": ""LightGBM"", ""node_params"": {""boosting_type"": ""gbdt"", ""n_estimators"": 10, ""learning_rate"": 0.1, ""sampling_rate"": 0.1, ""max_depth_check"": false, ""max_depth"": 3, ""num_leaves_check"": false, ""num_leaves"": 31}, ""contrast_level"": 2, ""node_type"": ""model""}, {""node_id"": ""3049"", ""algorithm_step_name"": ""Model Evaluate"", ""node_name"": ""测试得分"", ""node_params"": {}, ""contrast_level"": 2, ""node_type"": ""evaluate""}, {""node_id"": ""3050"", ""algorithm_step_name"": ""Confusion Matrix"", ""node_name"": ""混淆矩阵"", ""node_params"": {}, ""contrast_level"": 2, ""node_type"": ""visualize""}]}"
帮我把加载的数据集换成房价示例数据集。然后，把KNN模型给我换成XGBoost模型。,1.0,13013,137,0,0,0,0,0,"{""edges"": [{""edge_id"": ""49886"", ""source_node_id"": ""3051"", ""target_node_id"": ""3052""}, {""edge_id"": ""49888"", ""source_node_id"": ""3052"", ""target_node_id"": ""3054""}, {""edge_id"": ""49896"", ""source_node_id"": ""3052"", ""target_node_id"": ""3055""}, {""edge_id"": ""49897"", ""source_node_id"": ""3055"", ""target_node_id"": ""3054""}], ""nodes"": [{""node_id"": ""3051"", ""widget_name"": ""File"", ""node_name"": ""数据"", ""node_params"": {""type"": ""sample"", ""filename"": ""housing.csv""}, ""matched"": true}, {""node_id"": ""3052"", ""widget_name"": ""Data Sampler"", ""node_name"": ""数据采样"", ""node_params"": {""sampling_type"": 0, ""percentage"": 10, ""n_samples"": 15, ""replacement"": false, ""n_folds"": 10, ""selected_folds"": 1, ""replicable"": false, ""stratified"": false}, ""matched"": true}, {""node_id"": ""3054"", ""widget_name"": ""Test & Score"", ""node_name"": ""测试得分"", ""node_params"": {}, ""matched"": true}, {""node_id"": ""3055"", ""widget_name"": ""XGBoost"", ""node_name"": ""XGBoost模型"", ""node_params"": {""booster"": ""gbtree"", ""learning_rate"": 0.3, ""gamma"": 0, ""max_depth"": 6, ""min_child_widget"": 1, ""max_delta_step"": 0, ""subsample"": 1, ""sampling_method"": ""uniform"", ""lambda"": 1, ""alpha"": 0, ""tree_method"": ""auto"", ""scale_pos_weight"": 1, ""updater"": ""grow_colmaker"", ""process_type"": ""default"", ""grow_policy"": ""depthwise""}, ""matched"": true}]}","{""dependency_requirements"": [{""edge_id"": ""2562"", ""source_node_id"": ""3051"", ""target_node_id"": ""3052""}, {""edge_id"": ""2564"", ""source_node_id"": ""3052"", ""target_node_id"": ""3054""}, {""edge_id"": ""2567"", ""source_node_id"": ""3052"", ""target_node_id"": ""3055""}, {""edge_id"": ""2568"", ""source_node_id"": ""3055"", ""target_node_id"": ""3054""}], ""step_requirements"": [{""node_id"": ""3051"", ""algorithm_step_name"": ""Tabular Dataset Loading"", ""node_name"": ""数据"", ""node_params"": {""type"": ""sample"", ""filename"": ""housing.csv""}, ""contrast_level"": 2, ""node_type"": ""io""}, {""node_id"": ""3052"", ""algorithm_step_name"": ""Dataset Division"", ""node_name"": ""数据采样"", ""node_params"": {""sampling_type"": 0, ""percentage"": 10, ""n_samples"": 15, ""replacement"": false, ""n_folds"": 10, ""selected_folds"": 1, ""replicable"": false, ""stratified"": false}, ""contrast_level"": 2, ""node_type"": ""preprocess""}, {""node_id"": ""3054"", ""algorithm_step_name"": ""Model Evaluate"", ""node_name"": ""测试得分"", ""node_params"": {}, ""contrast_level"": 2, ""node_type"": ""evaluate""}, {""node_id"": ""3055"", ""algorithm_step_name"": ""XGBoost"", ""node_name"": ""XGBoost"", ""node_params"": {}, ""contrast_level"": 1, ""node_type"": ""model""}]}"
帮我把连续化处理换成特征选择，KNN的邻节点个数改为7。,1.0,13409,132,0,0,0,0,0,"{""edges"": [{""edge_id"": ""49901"", ""source_node_id"": ""3067"", ""target_node_id"": ""3068""}, {""edge_id"": ""49902"", ""source_node_id"": ""3067"", ""target_node_id"": ""3069""}, {""edge_id"": ""49904"", ""source_node_id"": ""3068"", ""target_node_id"": ""3069""}, {""edge_id"": ""49906"", ""source_node_id"": ""3065"", ""target_node_id"": ""3070""}, {""edge_id"": ""49907"", ""source_node_id"": ""3070"", ""target_node_id"": ""3067""}], ""nodes"": [{""node_id"": ""3065"", ""widget_name"": ""File"", ""node_name"": ""数据"", ""node_params"": {""type"": ""sample"", ""filename"": ""iris.csv""}, ""matched"": true}, {""node_id"": ""3067"", ""widget_name"": ""Data Sampler"", ""node_name"": ""数据采样"", ""node_params"": {""sampling_type"": 0, ""percentage"": 10, ""n_samples"": 15, ""replacement"": false, ""n_folds"": 10, ""selected_folds"": 1, ""replicable"": false, ""stratified"": false}, ""matched"": true}, {""node_id"": ""3068"", ""widget_name"": ""KNN"", ""node_name"": ""KNN"", ""node_params"": {""n_neighbors"": 7, ""metric"": ""euclidean"", ""weights"": ""uniform""}, ""matched"": true}, {""node_id"": ""3069"", ""widget_name"": ""Test & Score"", ""node_name"": ""测试得分"", ""node_params"": {}, ""matched"": true}, {""node_id"": ""3070"", ""widget_name"": ""Select Best N Attributes"", ""node_name"": ""特征选择"", ""node_params"": {""n"": 3}, ""matched"": true}]}","{""dependency_requirements"": [{""edge_id"": ""2576"", ""source_node_id"": ""3067"", ""target_node_id"": ""3068""}, {""edge_id"": ""2577"", ""source_node_id"": ""3067"", ""target_node_id"": ""3069""}, {""edge_id"": ""2579"", ""source_node_id"": ""3068"", ""target_node_id"": ""3069""}, {""edge_id"": ""2580"", ""source_node_id"": ""3065"", ""target_node_id"": ""3070""}, {""edge_id"": ""2581"", ""source_node_id"": ""3070"", ""target_node_id"": ""3067""}], ""step_requirements"": [{""node_id"": ""3065"", ""algorithm_step_name"": ""Tabular Dataset Loading"", ""node_name"": ""数据"", ""node_params"": {""type"": ""sample"", ""filename"": ""iris.csv""}, ""contrast_level"": 2, ""node_type"": ""io""}, {""node_id"": ""3067"", ""algorithm_step_name"": ""Dataset Division"", ""node_name"": ""数据采样"", ""node_params"": {""sampling_type"": 0, ""percentage"": 10, ""n_samples"": 15, ""replacement"": false, ""n_folds"": 10, ""selected_folds"": 1, ""replicable"": false, ""stratified"": false}, ""contrast_level"": 2, ""node_type"": ""preprocess""}, {""node_id"": ""3068"", ""algorithm_step_name"": ""KNN"", ""node_name"": ""KNN"", ""node_params"": {""n_neighbors"": 7, ""metric"": ""euclidean"", ""weights"": ""uniform""}, ""contrast_level"": 2, ""node_type"": ""model""}, {""node_id"": ""3069"", ""algorithm_step_name"": ""Model Evaluate"", ""node_name"": ""测试得分"", ""node_params"": {}, ""contrast_level"": 2, ""node_type"": ""evaluate""}, {""node_id"": ""3070"", ""algorithm_step_name"": ""Feature Selection"", ""node_name"": ""特征选择"", ""node_params"": {}, ""contrast_level"": 1, ""node_type"": ""feature engineering""}]}"
帮我把加载的鸢尾花示例数据修改为加载房价示例数据集。,1.0,13171,39,0,0,0,0,0,"{""edges"": [{""edge_id"": ""49908"", ""source_node_id"": ""2895"", ""target_node_id"": ""2896""}], ""nodes"": [{""node_id"": ""2895"", ""widget_name"": ""File"", ""node_name"": ""鸢尾花示例数据"", ""node_params"": {""type"": ""sample"", ""filename"": ""housing.csv""}, ""matched"": true}, {""node_id"": ""2896"", ""widget_name"": ""LightGBM"", ""node_name"": ""LightGBM分类器"", ""node_params"": {""boosting_type"": ""gbdt"", ""n_estimators"": 10, ""learning_rate"": 0.1, ""sampling_rate"": 0.1, ""max_depth_check"": false, ""max_depth"": 3, ""num_leaves_check"": false, ""num_leaves"": 31}, ""matched"": true}]}","{""dependency_requirements"": [{""edge_id"": ""2376"", ""source_node_id"": ""2895"", ""target_node_id"": ""2896""}], ""step_requirements"": [{""node_id"": ""2895"", ""algorithm_step_name"": ""Tabular Dataset Loading"", ""node_name"": ""鸢尾花示例数据"", ""node_params"": {""type"": ""sample"", ""filename"": ""housing.csv""}, ""contrast_level"": 2, ""node_type"": ""io""}, {""node_id"": ""2896"", ""algorithm_step_name"": ""LightGBM"", ""node_name"": ""LightGBM分类器"", ""node_params"": {""boosting_type"": ""gbdt"", ""n_estimators"": 10, ""learning_rate"": 0.1, ""sampling_rate"": 0.1, ""max_depth_check"": false, ""max_depth"": 3, ""num_leaves_check"": false, ""num_leaves"": 31}, ""contrast_level"": 2, ""node_type"": ""model""}]}"
帮我把LightGBM模型的学习器类型重新设置为rf，学习率修改为0.01。,1.0,12900,38,0,0,0,0,0,"{""edges"": [{""edge_id"": ""49909"", ""source_node_id"": ""2895"", ""target_node_id"": ""2896""}], ""nodes"": [{""node_id"": ""2895"", ""widget_name"": ""File"", ""node_name"": ""鸢尾花示例数据"", ""node_params"": {""type"": ""sample"", ""filename"": ""iris.csv""}, ""matched"": true}, {""node_id"": ""2896"", ""widget_name"": ""LightGBM"", ""node_name"": ""LightGBM分类器"", ""node_params"": {""boosting_type"": ""rf"", ""n_estimators"": 10, ""learning_rate"": 0.01, ""sampling_rate"": 0.1, ""max_depth_check"": false, ""max_depth"": 3, ""num_leaves_check"": false, ""num_leaves"": 31}, ""matched"": true}]}","{""dependency_requirements"": [{""edge_id"": ""2376"", ""source_node_id"": ""2895"", ""target_node_id"": ""2896""}], ""step_requirements"": [{""node_id"": ""2895"", ""algorithm_step_name"": ""Tabular Dataset Loading"", ""node_name"": ""鸢尾花示例数据"", ""node_params"": {""type"": ""sample"", ""filename"": ""iris.csv""}, ""contrast_level"": 2, ""node_type"": ""io""}, {""node_id"": ""2896"", ""algorithm_step_name"": ""LightGBM"", ""node_name"": ""LightGBM分类器"", ""node_params"": {""boosting_type"": ""rf"", ""n_estimators"": 10, ""learning_rate"": 0.01, ""sampling_rate"": 0.1, ""max_depth_check"": false, ""max_depth"": 3, ""num_leaves_check"": false, ""num_leaves"": 31}, ""contrast_level"": 2, ""node_type"": ""model""}]}"
帮我添加一个缺失值处理步骤，以便对鸢尾花数据进行缺失值处理,1.0,13465,86,0,0,0,0,0,"{""edges"": [{""edge_id"": ""49910"", ""source_node_id"": ""5159"", ""target_node_id"": ""5158""}, {""edge_id"": ""49911"", ""source_node_id"": ""5157"", ""target_node_id"": ""5159""}], ""nodes"": [{""node_id"": ""5157"", ""widget_name"": ""File"", ""node_name"": ""鸢尾花示例数据"", ""node_params"": {""type"": ""sample"", ""filename"": ""iris.csv""}, ""matched"": true}, {""node_id"": ""5158"", ""widget_name"": ""LightGBM"", ""node_name"": ""LightGBM分类器"", ""node_params"": {""boosting_type"": ""gbdt"", ""n_estimators"": 10, ""learning_rate"": 0.1, ""sampling_rate"": 0.1, ""max_depth_check"": false, ""max_depth"": 3, ""num_leaves_check"": false, ""num_leaves"": 31}, ""matched"": true}, {""node_id"": ""5159"", ""widget_name"": ""Impute"", ""node_name"": ""缺失值处理"", ""node_params"": {""method"": 1}, ""matched"": true}]}","{""dependency_requirements"": [{""edge_id"": ""4027"", ""source_node_id"": ""5159"", ""target_node_id"": ""5158""}, {""edge_id"": ""4028"", ""source_node_id"": ""5157"", ""target_node_id"": ""5159""}], ""step_requirements"": [{""node_id"": ""5157"", ""algorithm_step_name"": ""Tabular Dataset Loading"", ""node_name"": ""鸢尾花示例数据"", ""node_params"": {""type"": ""sample"", ""filename"": ""iris.csv""}, ""contrast_level"": 2, ""node_type"": ""io""}, {""node_id"": ""5158"", ""algorithm_step_name"": ""LightGBM"", ""node_name"": ""LightGBM分类器"", ""node_params"": {""boosting_type"": ""gbdt"", ""n_estimators"": 10, ""learning_rate"": 0.1, ""sampling_rate"": 0.1, ""max_depth_check"": false, ""max_depth"": 3, ""num_leaves_check"": false, ""num_leaves"": 31}, ""contrast_level"": 2, ""node_type"": ""model""}, {""node_id"": ""5159"", ""algorithm_step_name"": ""Missing Value Handling"", ""node_name"": ""Impute"", ""node_params"": {}, ""contrast_level"": 1, ""node_type"": ""preprocess""}]}"
帮我在模型训练之前添加一个数据划分步骤，以便将处理后的数据进行拆分。,1.0,13910,83,0,0,0,0,0,"{""edges"": [{""edge_id"": ""49912"", ""source_node_id"": ""5160"", ""target_node_id"": ""5161""}, {""edge_id"": ""49913"", ""source_node_id"": ""5163"", ""target_node_id"": ""5162""}, {""edge_id"": ""49914"", ""source_node_id"": ""5161"", ""target_node_id"": ""5163""}], ""nodes"": [{""node_id"": ""5160"", ""widget_name"": ""File"", ""node_name"": ""鸢尾花示例数据"", ""node_params"": {""type"": ""sample"", ""filename"": ""iris.csv""}, ""matched"": true}, {""node_id"": ""5161"", ""widget_name"": ""Impute"", ""node_name"": ""缺失值填充"", ""node_params"": {""method"": 1}, ""matched"": true}, {""node_id"": ""5162"", ""widget_name"": ""LightGBM"", ""node_name"": ""LightGBM分类器"", ""node_params"": {""boosting_type"": ""gbdt"", ""n_estimators"": 10, ""learning_rate"": 0.1, ""sampling_rate"": 0.1, ""max_depth_check"": false, ""max_depth"": 3, ""num_leaves_check"": false, ""num_leaves"": 31}, ""matched"": true}, {""node_id"": ""5163"", ""widget_name"": ""Data Sampler"", ""node_name"": ""数据划分"", ""node_params"": {""sampling_type"": 0, ""percentage"": 10, ""n_samples"": 15, ""replacement"": false, ""n_folds"": 10, ""selected_folds"": 1, ""replicable"": false, ""stratified"": false}, ""matched"": true}]}","{""dependency_requirements"": [{""edge_id"": ""4029"", ""source_node_id"": ""5160"", ""target_node_id"": ""5161""}, {""edge_id"": ""4030"", ""source_node_id"": ""5163"", ""target_node_id"": ""5162""}, {""edge_id"": ""4031"", ""source_node_id"": ""5161"", ""target_node_id"": ""5163""}], ""step_requirements"": [{""node_id"": ""5160"", ""algorithm_step_name"": ""Tabular Dataset Loading"", ""node_name"": ""鸢尾花示例数据"", ""node_params"": {""type"": ""sample"", ""filename"": ""iris.csv""}, ""contrast_level"": 2, ""node_type"": ""io""}, {""node_id"": ""5161"", ""algorithm_step_name"": ""Missing Value Handling"", ""node_name"": ""缺失值填充"", ""node_params"": {""method"": 1}, ""contrast_level"": 2, ""node_type"": ""preprocess""}, {""node_id"": ""5162"", ""algorithm_step_name"": ""LightGBM"", ""node_name"": ""LightGBM分类器"", ""node_params"": {""boosting_type"": ""gbdt"", ""n_estimators"": 10, ""learning_rate"": 0.1, ""sampling_rate"": 0.1, ""max_depth_check"": false, ""max_depth"": 3, ""num_leaves_check"": false, ""num_leaves"": 31}, ""contrast_level"": 2, ""node_type"": ""model""}, {""node_id"": ""5163"", ""algorithm_step_name"": ""Dataset Division"", ""node_name"": ""Data Sampler"", ""node_params"": {}, ""contrast_level"": 1, ""node_type"": ""preprocess""}]}"
我需要将数据划分的比例设置为8:2,1.0,13330,26,0,0,0,0,0,"{""edges"": [{""edge_id"": ""49915"", ""source_node_id"": ""5164"", ""target_node_id"": ""5165""}, {""edge_id"": ""49916"", ""source_node_id"": ""5165"", ""target_node_id"": ""5166""}, {""edge_id"": ""49917"", ""source_node_id"": ""5166"", ""target_node_id"": ""5167""}], ""nodes"": [{""node_id"": ""5164"", ""widget_name"": ""File"", ""node_name"": ""鸢尾花示例数据"", ""node_params"": {""type"": ""sample"", ""filename"": ""iris.csv""}, ""matched"": true}, {""node_id"": ""5165"", ""widget_name"": ""Impute"", ""node_name"": ""缺失值填充"", ""node_params"": {""method"": 1}, ""matched"": true}, {""node_id"": ""5166"", ""widget_name"": ""Data Sampler"", ""node_name"": ""数据采样"", ""node_params"": {""sampling_type"": 0, ""percentage"": 20, ""n_samples"": 15, ""replacement"": false, ""n_folds"": 10, ""selected_folds"": 1, ""replicable"": false, ""stratified"": false}, ""matched"": true}, {""node_id"": ""5167"", ""widget_name"": ""LightGBM"", ""node_name"": ""LightGBM分类器"", ""node_params"": {""boosting_type"": ""gbdt"", ""n_estimators"": 10, ""learning_rate"": 0.1, ""sampling_rate"": 0.1, ""max_depth_check"": false, ""max_depth"": 3, ""num_leaves_check"": false, ""num_leaves"": 31}, ""matched"": true}]}","{""dependency_requirements"": [{""edge_id"": ""4032"", ""source_node_id"": ""5164"", ""target_node_id"": ""5165""}, {""edge_id"": ""4033"", ""source_node_id"": ""5165"", ""target_node_id"": ""5166""}, {""edge_id"": ""4034"", ""source_node_id"": ""5166"", ""target_node_id"": ""5167""}], ""step_requirements"": [{""node_id"": ""5164"", ""algorithm_step_name"": ""Tabular Dataset Loading"", ""node_name"": ""鸢尾花示例数据"", ""node_params"": {""type"": ""sample"", ""filename"": ""iris.csv""}, ""contrast_level"": 2, ""node_type"": ""io""}, {""node_id"": ""5165"", ""algorithm_step_name"": ""Missing Value Handling"", ""node_name"": ""缺失值填充"", ""node_params"": {""method"": 1}, ""contrast_level"": 2, ""node_type"": ""preprocess""}, {""node_id"": ""5166"", ""algorithm_step_name"": ""Dataset Division"", ""node_name"": ""数据采样"", ""node_params"": {""sampling_type"": 0, ""percentage"": 20, ""n_samples"": 15, ""replacement"": false, ""n_folds"": 10, ""selected_folds"": 1, ""replicable"": false, ""stratified"": false}, ""contrast_level"": 2, ""node_type"": ""preprocess""}, {""node_id"": ""5167"", ""algorithm_step_name"": ""LightGBM"", ""node_name"": ""LightGBM分类器"", ""node_params"": {""boosting_type"": ""gbdt"", ""n_estimators"": 10, ""learning_rate"": 0.1, ""sampling_rate"": 0.1, ""max_depth_check"": false, ""max_depth"": 3, ""num_leaves_check"": false, ""num_leaves"": 31}, ""contrast_level"": 2, ""node_type"": ""model""}]}"
帮我添加一个模型评估步骤,1.0,13237,85,0,0,0,0,0,"{""edges"": [{""edge_id"": ""49918"", ""source_node_id"": ""2899"", ""target_node_id"": ""2900""}, {""edge_id"": ""49919"", ""source_node_id"": ""2900"", ""target_node_id"": ""2901""}, {""edge_id"": ""49920"", ""source_node_id"": ""2901"", ""target_node_id"": ""2902""}, {""edge_id"": ""49921"", ""source_node_id"": ""2901"", ""target_node_id"": ""2903""}, {""edge_id"": ""49923"", ""source_node_id"": ""2902"", ""target_node_id"": ""2903""}], ""nodes"": [{""node_id"": ""2899"", ""widget_name"": ""File"", ""node_name"": ""鸢尾花示例数据"", ""node_params"": {""type"": ""sample"", ""filename"": ""iris.csv""}, ""matched"": true}, {""node_id"": ""2900"", ""widget_name"": ""Impute"", ""node_name"": ""缺失值处理"", ""node_params"": {""method"": 1}, ""matched"": true}, {""node_id"": ""2901"", ""widget_name"": ""Data Sampler"", ""node_name"": ""数据划分处理"", ""node_params"": {""sampling_type"": 0, ""percentage"": 10, ""n_samples"": 15, ""replacement"": false, ""n_folds"": 10, ""selected_folds"": 1, ""replicable"": false, ""stratified"": false}, ""matched"": true}, {""node_id"": ""2902"", ""widget_name"": ""LightGBM"", ""node_name"": ""LightGBM分类器"", ""node_params"": {""boosting_type"": ""gbdt"", ""n_estimators"": 10, ""learning_rate"": 0.1, ""sampling_rate"": 0.1, ""max_depth_check"": false, ""max_depth"": 3, ""num_leaves_check"": false, ""num_leaves"": 31}, ""matched"": true}, {""node_id"": ""2903"", ""widget_name"": ""Test & Score"", ""node_name"": ""模型评估"", ""node_params"": {}, ""matched"": true}]}","{""dependency_requirements"": [{""edge_id"": ""2379"", ""source_node_id"": ""2899"", ""target_node_id"": ""2900""}, {""edge_id"": ""2380"", ""source_node_id"": ""2900"", ""target_node_id"": ""2901""}, {""edge_id"": ""2381"", ""source_node_id"": ""2901"", ""target_node_id"": ""2902""}, {""edge_id"": ""2382"", ""source_node_id"": ""2901"", ""target_node_id"": ""2903""}, {""edge_id"": ""2384"", ""source_node_id"": ""2902"", ""target_node_id"": ""2903""}], ""step_requirements"": [{""node_id"": ""2899"", ""algorithm_step_name"": ""Tabular Dataset Loading"", ""node_name"": ""鸢尾花示例数据"", ""node_params"": {""type"": ""sample"", ""filename"": ""iris.csv""}, ""contrast_level"": 2, ""node_type"": ""io""}, {""node_id"": ""2900"", ""algorithm_step_name"": ""Missing Value Handling"", ""node_name"": ""缺失值处理"", ""node_params"": {""method"": 1}, ""contrast_level"": 2, ""node_type"": ""preprocess""}, {""node_id"": ""2901"", ""algorithm_step_name"": ""Dataset Division"", ""node_name"": ""数据划分处理"", ""node_params"": {""sampling_type"": 0, ""percentage"": 10, ""n_samples"": 15, ""replacement"": false, ""n_folds"": 10, ""selected_folds"": 1, ""replicable"": false, ""stratified"": false}, ""contrast_level"": 2, ""node_type"": ""preprocess""}, {""node_id"": ""2902"", ""algorithm_step_name"": ""LightGBM"", ""node_name"": ""LightGBM分类器"", ""node_params"": {""boosting_type"": ""gbdt"", ""n_estimators"": 10, ""learning_rate"": 0.1, ""sampling_rate"": 0.1, ""max_depth_check"": false, ""max_depth"": 3, ""num_leaves_check"": false, ""num_leaves"": 31}, ""contrast_level"": 2, ""node_type"": ""model""}, {""node_id"": ""2903"", ""algorithm_step_name"": ""Model Evaluate"", ""node_name"": ""模型评估"", ""node_params"": {}, ""contrast_level"": 1, ""node_type"": ""evaluate""}]}"
数据集中没有缺失值，所以帮我把缺失值这个步骤删除掉。,1.0,13721,49,0,0,0,0,0,"{""edges"": [{""edge_id"": ""49926"", ""source_node_id"": ""2906"", ""target_node_id"": ""2907""}, {""edge_id"": ""49927"", ""source_node_id"": ""2906"", ""target_node_id"": ""2908""}, {""edge_id"": ""49929"", ""source_node_id"": ""2907"", ""target_node_id"": ""2908""}, {""edge_id"": ""49930"", ""source_node_id"": ""2904"", ""target_node_id"": ""2906""}], ""nodes"": [{""node_id"": ""2904"", ""widget_name"": ""File"", ""node_name"": ""鸢尾花示例数据"", ""node_params"": {""type"": ""sample"", ""filename"": ""iris.csv""}, ""matched"": true}, {""node_id"": ""2906"", ""widget_name"": ""Data Sampler"", ""node_name"": ""数据划分处理"", ""node_params"": {""sampling_type"": 0, ""percentage"": 10, ""n_samples"": 15, ""replacement"": false, ""n_folds"": 10, ""selected_folds"": 1, ""replicable"": false, ""stratified"": false}, ""matched"": true}, {""node_id"": ""2907"", ""widget_name"": ""LightGBM"", ""node_name"": ""LightGBM分类器"", ""node_params"": {""boosting_type"": ""gbdt"", ""n_estimators"": 10, ""learning_rate"": 0.1, ""sampling_rate"": 0.1, ""max_depth_check"": false, ""max_depth"": 3, ""num_leaves_check"": false, ""num_leaves"": 31}, ""matched"": true}, {""node_id"": ""2908"", ""widget_name"": ""Test & Score"", ""node_name"": ""模型评估"", ""node_params"": {}, ""matched"": true}]}","{""dependency_requirements"": [{""edge_id"": ""2387"", ""source_node_id"": ""2906"", ""target_node_id"": ""2907""}, {""edge_id"": ""2388"", ""source_node_id"": ""2906"", ""target_node_id"": ""2908""}, {""edge_id"": ""2390"", ""source_node_id"": ""2907"", ""target_node_id"": ""2908""}, {""edge_id"": ""2391"", ""source_node_id"": ""2904"", ""target_node_id"": ""2906""}], ""step_requirements"": [{""node_id"": ""2904"", ""algorithm_step_name"": ""Tabular Dataset Loading"", ""node_name"": ""鸢尾花示例数据"", ""node_params"": {""type"": ""sample"", ""filename"": ""iris.csv""}, ""contrast_level"": 2, ""node_type"": ""io""}, {""node_id"": ""2906"", ""algorithm_step_name"": ""Dataset Division"", ""node_name"": ""数据划分处理"", ""node_params"": {""sampling_type"": 0, ""percentage"": 10, ""n_samples"": 15, ""replacement"": false, ""n_folds"": 10, ""selected_folds"": 1, ""replicable"": false, ""stratified"": false}, ""contrast_level"": 2, ""node_type"": ""preprocess""}, {""node_id"": ""2907"", ""algorithm_step_name"": ""LightGBM"", ""node_name"": ""LightGBM分类器"", ""node_params"": {""boosting_type"": ""gbdt"", ""n_estimators"": 10, ""learning_rate"": 0.1, ""sampling_rate"": 0.1, ""max_depth_check"": false, ""max_depth"": 3, ""num_leaves_check"": false, ""num_leaves"": 31}, ""contrast_level"": 2, ""node_type"": ""model""}, {""node_id"": ""2908"", ""algorithm_step_name"": ""Model Evaluate"", ""node_name"": ""模型评估"", ""node_params"": {}, ""contrast_level"": 2, ""node_type"": ""evaluate""}]}"
删除工作流中的KNN模型。,1.0,13677,49,0,0,0,0,0,"{""edges"": [{""edge_id"": ""49931"", ""source_node_id"": ""2914"", ""target_node_id"": ""2915""}, {""edge_id"": ""49932"", ""source_node_id"": ""2915"", ""target_node_id"": ""2916""}, {""edge_id"": ""49934"", ""source_node_id"": ""2915"", ""target_node_id"": ""2918""}, {""edge_id"": ""49936"", ""source_node_id"": ""2916"", ""target_node_id"": ""2918""}], ""nodes"": [{""node_id"": ""2914"", ""widget_name"": ""File"", ""node_name"": ""鸢尾花示例数据"", ""node_params"": {""type"": ""sample"", ""filename"": ""iris.csv""}, ""matched"": true}, {""node_id"": ""2915"", ""widget_name"": ""Data Sampler"", ""node_name"": ""数据划分处理"", ""node_params"": {""sampling_type"": 0, ""percentage"": 10, ""n_samples"": 15, ""replacement"": false, ""n_folds"": 10, ""selected_folds"": 1, ""replicable"": false, ""stratified"": false}, ""matched"": true}, {""node_id"": ""2916"", ""widget_name"": ""LightGBM"", ""node_name"": ""LightGBM分类器"", ""node_params"": {""boosting_type"": ""gbdt"", ""n_estimators"": 10, ""learning_rate"": 0.1, ""sampling_rate"": 0.1, ""max_depth_check"": false, ""max_depth"": 3, ""num_leaves_check"": false, ""num_leaves"": 31}, ""matched"": true}, {""node_id"": ""2918"", ""widget_name"": ""Test & Score"", ""node_name"": ""模型评估"", ""node_params"": {}, ""matched"": true}]}","{""dependency_requirements"": [{""edge_id"": ""2399"", ""source_node_id"": ""2914"", ""target_node_id"": ""2915""}, {""edge_id"": ""2400"", ""source_node_id"": ""2915"", ""target_node_id"": ""2916""}, {""edge_id"": ""2402"", ""source_node_id"": ""2915"", ""target_node_id"": ""2918""}, {""edge_id"": ""2404"", ""source_node_id"": ""2916"", ""target_node_id"": ""2918""}], ""step_requirements"": [{""node_id"": ""2914"", ""algorithm_step_name"": ""Tabular Dataset Loading"", ""node_name"": ""鸢尾花示例数据"", ""node_params"": {""type"": ""sample"", ""filename"": ""iris.csv""}, ""contrast_level"": 2, ""node_type"": ""io""}, {""node_id"": ""2915"", ""algorithm_step_name"": ""Dataset Division"", ""node_name"": ""数据划分处理"", ""node_params"": {""sampling_type"": 0, ""percentage"": 10, ""n_samples"": 15, ""replacement"": false, ""n_folds"": 10, ""selected_folds"": 1, ""replicable"": false, ""stratified"": false}, ""contrast_level"": 2, ""node_type"": ""preprocess""}, {""node_id"": ""2916"", ""algorithm_step_name"": ""LightGBM"", ""node_name"": ""LightGBM分类器"", ""node_params"": {""boosting_type"": ""gbdt"", ""n_estimators"": 10, ""learning_rate"": 0.1, ""sampling_rate"": 0.1, ""max_depth_check"": false, ""max_depth"": 3, ""num_leaves_check"": false, ""num_leaves"": 31}, ""contrast_level"": 2, ""node_type"": ""model""}, {""node_id"": ""2918"", ""algorithm_step_name"": ""Model Evaluate"", ""node_name"": ""模型评估"", ""node_params"": {}, ""contrast_level"": 2, ""node_type"": ""evaluate""}]}"
帮我把工作流中的缺失值处理步骤和多余的KNN模型都删除掉,1.0,13655,95,0,0,0,0,0,"{""edges"": [{""edge_id"": ""49940"", ""source_node_id"": ""2921"", ""target_node_id"": ""2922""}, {""edge_id"": ""49942"", ""source_node_id"": ""2921"", ""target_node_id"": ""2924""}, {""edge_id"": ""49944"", ""source_node_id"": ""2922"", ""target_node_id"": ""2924""}, {""edge_id"": ""49946"", ""source_node_id"": ""2919"", ""target_node_id"": ""2921""}], ""nodes"": [{""node_id"": ""2919"", ""widget_name"": ""File"", ""node_name"": ""鸢尾花示例数据"", ""node_params"": {""type"": ""sample"", ""filename"": ""iris.csv""}, ""matched"": true}, {""node_id"": ""2921"", ""widget_name"": ""Data Sampler"", ""node_name"": ""数据划分处理"", ""node_params"": {""sampling_type"": 0, ""percentage"": 10, ""n_samples"": 15, ""replacement"": false, ""n_folds"": 10, ""selected_folds"": 1, ""replicable"": false, ""stratified"": false}, ""matched"": true}, {""node_id"": ""2922"", ""widget_name"": ""LightGBM"", ""node_name"": ""LightGBM分类器"", ""node_params"": {""boosting_type"": ""gbdt"", ""n_estimators"": 10, ""learning_rate"": 0.1, ""sampling_rate"": 0.1, ""max_depth_check"": false, ""max_depth"": 3, ""num_leaves_check"": false, ""num_leaves"": 31}, ""matched"": true}, {""node_id"": ""2924"", ""widget_name"": ""Test & Score"", ""node_name"": ""模型评估"", ""node_params"": {}, ""matched"": true}]}","{""dependency_requirements"": [{""edge_id"": ""2408"", ""source_node_id"": ""2921"", ""target_node_id"": ""2922""}, {""edge_id"": ""2410"", ""source_node_id"": ""2921"", ""target_node_id"": ""2924""}, {""edge_id"": ""2412"", ""source_node_id"": ""2922"", ""target_node_id"": ""2924""}, {""edge_id"": ""2414"", ""source_node_id"": ""2919"", ""target_node_id"": ""2921""}], ""step_requirements"": [{""node_id"": ""2919"", ""algorithm_step_name"": ""Tabular Dataset Loading"", ""node_name"": ""鸢尾花示例数据"", ""node_params"": {""type"": ""sample"", ""filename"": ""iris.csv""}, ""contrast_level"": 2, ""node_type"": ""io""}, {""node_id"": ""2921"", ""algorithm_step_name"": ""Dataset Division"", ""node_name"": ""数据划分处理"", ""node_params"": {""sampling_type"": 0, ""percentage"": 10, ""n_samples"": 15, ""replacement"": false, ""n_folds"": 10, ""selected_folds"": 1, ""replicable"": false, ""stratified"": false}, ""contrast_level"": 2, ""node_type"": ""preprocess""}, {""node_id"": ""2922"", ""algorithm_step_name"": ""LightGBM"", ""node_name"": ""LightGBM分类器"", ""node_params"": {""boosting_type"": ""gbdt"", ""n_estimators"": 10, ""learning_rate"": 0.1, ""sampling_rate"": 0.1, ""max_depth_check"": false, ""max_depth"": 3, ""num_leaves_check"": false, ""num_leaves"": 31}, ""contrast_level"": 2, ""node_type"": ""model""}, {""node_id"": ""2924"", ""algorithm_step_name"": ""Model Evaluate"", ""node_name"": ""模型评估"", ""node_params"": {}, ""contrast_level"": 2, ""node_type"": ""evaluate""}]}"
在数据抽样之前添加一个特征选择步骤，然后把数据抽样的抽样比例设置为抽取30%。,1.0,13390,114,0,0,0,0,0,"{""edges"": [{""edge_id"": ""49947"", ""source_node_id"": ""2991"", ""target_node_id"": ""2988""}, {""edge_id"": ""49948"", ""source_node_id"": ""2988"", ""target_node_id"": ""2989""}, {""edge_id"": ""49949"", ""source_node_id"": ""2988"", ""target_node_id"": ""2990""}, {""edge_id"": ""49950"", ""source_node_id"": ""2989"", ""target_node_id"": ""2990""}, {""edge_id"": ""49951"", ""source_node_id"": ""2987"", ""target_node_id"": ""2991""}], ""nodes"": [{""node_id"": ""2987"", ""widget_name"": ""File"", ""node_name"": ""鸢尾花示例数据"", ""node_params"": {""type"": ""sample"", ""filename"": ""iris.csv""}, ""matched"": true}, {""node_id"": ""2988"", ""widget_name"": ""Data Sampler"", ""node_name"": ""数据划分处理"", ""node_params"": {""sampling_type"": 0, ""percentage"": 30, ""n_samples"": 15, ""replacement"": false, ""n_folds"": 10, ""selected_folds"": 1, ""replicable"": false, ""stratified"": false}, ""matched"": true}, {""node_id"": ""2989"", ""widget_name"": ""LightGBM"", ""node_name"": ""LightGBM分类器"", ""node_params"": {""boosting_type"": ""gbdt"", ""n_estimators"": 10, ""learning_rate"": 0.1, ""sampling_rate"": 0.1, ""max_depth_check"": false, ""max_depth"": 3, ""num_leaves_check"": false, ""num_leaves"": 31}, ""matched"": true}, {""node_id"": ""2990"", ""widget_name"": ""Predictions"", ""node_name"": ""预测"", ""node_params"": {""output_attrs"": true, ""output_predictions"": true, ""output_probabilities"": false}, ""matched"": true}, {""node_id"": ""2991"", ""widget_name"": ""Select Best N Attributes"", ""node_name"": ""特征选择"", ""node_params"": {""n"": 3}, ""matched"": true}]}","{""dependency_requirements"": [{""edge_id"": ""2485"", ""source_node_id"": ""2991"", ""target_node_id"": ""2988""}, {""edge_id"": ""2486"", ""source_node_id"": ""2988"", ""target_node_id"": ""2989""}, {""edge_id"": ""2487"", ""source_node_id"": ""2988"", ""target_node_id"": ""2990""}, {""edge_id"": ""2488"", ""source_node_id"": ""2989"", ""target_node_id"": ""2990""}, {""edge_id"": ""2489"", ""source_node_id"": ""2987"", ""target_node_id"": ""2991""}], ""step_requirements"": [{""node_id"": ""2987"", ""algorithm_step_name"": ""Tabular Dataset Loading"", ""node_name"": ""鸢尾花示例数据"", ""node_params"": {""type"": ""sample"", ""filename"": ""iris.csv""}, ""contrast_level"": 2, ""node_type"": ""io""}, {""node_id"": ""2988"", ""algorithm_step_name"": ""Dataset Division"", ""node_name"": ""数据划分处理"", ""node_params"": {""sampling_type"": 0, ""percentage"": 30, ""n_samples"": 15, ""replacement"": false, ""n_folds"": 10, ""selected_folds"": 1, ""replicable"": false, ""stratified"": false}, ""contrast_level"": 2, ""node_type"": ""preprocess""}, {""node_id"": ""2989"", ""algorithm_step_name"": ""LightGBM"", ""node_name"": ""LightGBM分类器"", ""node_params"": {""boosting_type"": ""gbdt"", ""n_estimators"": 10, ""learning_rate"": 0.1, ""sampling_rate"": 0.1, ""max_depth_check"": false, ""max_depth"": 3, ""num_leaves_check"": false, ""num_leaves"": 31}, ""contrast_level"": 2, ""node_type"": ""model""}, {""node_id"": ""2990"", ""algorithm_step_name"": ""Test Dataset Predictions"", ""node_name"": ""预测"", ""node_params"": {""output_attrs"": true, ""output_predictions"": true, ""output_probabilities"": false}, ""contrast_level"": 2, ""node_type"": ""predict""}, {""node_id"": ""2991"", ""algorithm_step_name"": ""Feature Selection"", ""node_name"": ""自动特征选择"", ""node_params"": {}, ""contrast_level"": 1, ""node_type"": ""feature engineering""}]}"
帮我把数据划分的比例改为5:5，最后还需要你添加一个步骤帮我把预测结果保存。,1.0,14049,85,0,0,0,0,0,"{""edges"": [{""edge_id"": ""49952"", ""source_node_id"": ""2982"", ""target_node_id"": ""2983""}, {""edge_id"": ""49953"", ""source_node_id"": ""2983"", ""target_node_id"": ""2984""}, {""edge_id"": ""49954"", ""source_node_id"": ""2983"", ""target_node_id"": ""2985""}, {""edge_id"": ""49955"", ""source_node_id"": ""2984"", ""target_node_id"": ""2985""}, {""edge_id"": ""49956"", ""source_node_id"": ""2985"", ""target_node_id"": ""2986""}], ""nodes"": [{""node_id"": ""2982"", ""widget_name"": ""File"", ""node_name"": ""鸢尾花示例数据"", ""node_params"": {""type"": ""sample"", ""filename"": ""iris.csv""}, ""matched"": true}, {""node_id"": ""2983"", ""widget_name"": ""Data Sampler"", ""node_name"": ""数据划分处理"", ""node_params"": {""sampling_type"": 0, ""percentage"": 50, ""n_samples"": 15, ""replacement"": false, ""n_folds"": 10, ""selected_folds"": 1, ""replicable"": false, ""stratified"": false}, ""matched"": true}, {""node_id"": ""2984"", ""widget_name"": ""LightGBM"", ""node_name"": ""LightGBM分类器"", ""node_params"": {""boosting_type"": ""gbdt"", ""n_estimators"": 10, ""learning_rate"": 0.1, ""sampling_rate"": 0.1, ""max_depth_check"": false, ""max_depth"": 3, ""num_leaves_check"": false, ""num_leaves"": 31}, ""matched"": true}, {""node_id"": ""2985"", ""widget_name"": ""Predictions"", ""node_name"": ""预测"", ""node_params"": {""output_attrs"": true, ""output_predictions"": true, ""output_probabilities"": false}, ""matched"": true}, {""node_id"": ""2986"", ""widget_name"": ""Save Data"", ""node_name"": ""保存预测结果"", ""node_params"": {}, ""matched"": true}]}","{""dependency_requirements"": [{""edge_id"": ""2480"", ""source_node_id"": ""2982"", ""target_node_id"": ""2983""}, {""edge_id"": ""2481"", ""source_node_id"": ""2983"", ""target_node_id"": ""2984""}, {""edge_id"": ""2482"", ""source_node_id"": ""2983"", ""target_node_id"": ""2985""}, {""edge_id"": ""2483"", ""source_node_id"": ""2984"", ""target_node_id"": ""2985""}, {""edge_id"": ""2484"", ""source_node_id"": ""2985"", ""target_node_id"": ""2986""}], ""step_requirements"": [{""node_id"": ""2982"", ""algorithm_step_name"": ""Tabular Dataset Loading"", ""node_name"": ""鸢尾花示例数据"", ""node_params"": {""type"": ""sample"", ""filename"": ""iris.csv""}, ""contrast_level"": 2, ""node_type"": ""io""}, {""node_id"": ""2983"", ""algorithm_step_name"": ""Dataset Division"", ""node_name"": ""数据划分处理"", ""node_params"": {""sampling_type"": 0, ""percentage"": 50, ""n_samples"": 15, ""replacement"": false, ""n_folds"": 10, ""selected_folds"": 1, ""replicable"": false, ""stratified"": false}, ""contrast_level"": 2, ""node_type"": ""preprocess""}, {""node_id"": ""2984"", ""algorithm_step_name"": ""LightGBM"", ""node_name"": ""LightGBM分类器"", ""node_params"": {""boosting_type"": ""gbdt"", ""n_estimators"": 10, ""learning_rate"": 0.1, ""sampling_rate"": 0.1, ""max_depth_check"": false, ""max_depth"": 3, ""num_leaves_check"": false, ""num_leaves"": 31}, ""contrast_level"": 2, ""node_type"": ""model""}, {""node_id"": ""2985"", ""algorithm_step_name"": ""Test Dataset Predictions"", ""node_name"": ""预测"", ""node_params"": {""output_attrs"": true, ""output_predictions"": true, ""output_probabilities"": false}, ""contrast_level"": 2, ""node_type"": ""predict""}, {""node_id"": ""2986"", ""algorithm_step_name"": ""Save Data"", ""node_name"": ""Save Data"", ""node_params"": {}, ""contrast_level"": 1, ""node_type"": ""io""}]}"
帮我把目标检测使用的模型换成SSD，学习率使用0.02。最后，我还需要查看训练日志。,1.0,12935,96,0,0,0,0,0,"{""edges"": [{""edge_id"": ""49957"", ""source_node_id"": ""2998"", ""target_node_id"": ""2999""}, {""edge_id"": ""49958"", ""source_node_id"": ""2999"", ""target_node_id"": ""3000""}], ""nodes"": [{""node_id"": ""2998"", ""widget_name"": ""Image"", ""node_name"": ""猫狗图像数据"", ""node_params"": {}, ""matched"": true}, {""node_id"": ""2999"", ""widget_name"": ""Object Detection"", ""node_name"": ""目标检测"", ""node_params"": {""frame"": ""pytorch"", ""select_model"": ""SSD"", ""backbone"": ""DarkNet53"", ""epoch"": 3, ""learning_rate"": 0.02, ""batch_size"": 2}, ""matched"": true}, {""node_id"": ""3000"", ""widget_name"": ""Train Log"", ""node_name"": ""训练日志"", ""node_params"": {}, ""matched"": true}]}","{""dependency_requirements"": [{""edge_id"": ""2495"", ""source_node_id"": ""2998"", ""target_node_id"": ""2999""}, {""edge_id"": ""2496"", ""source_node_id"": ""2999"", ""target_node_id"": ""3000""}], ""step_requirements"": [{""node_id"": ""2998"", ""algorithm_step_name"": ""Image Dataset Loading"", ""node_name"": ""猫狗图像数据"", ""node_params"": {}, ""contrast_level"": 2, ""node_type"": ""io""}, {""node_id"": ""2999"", ""algorithm_step_name"": ""Object Detection Model"", ""node_name"": ""目标检测"", ""node_params"": {""frame"": ""pytorch"", ""select_model"": ""SSD"", ""backbone"": ""DarkNet53"", ""epoch"": 3, ""learning_rate"": 0.02, ""batch_size"": 2}, ""contrast_level"": 2, ""node_type"": ""model""}, {""node_id"": ""3000"", ""algorithm_step_name"": ""Train Log"", ""node_name"": ""训练日志"", ""node_params"": {}, ""contrast_level"": 2, ""node_type"": ""visualize""}]}"
帮我把缺失值处理方式修改为使用平均值填补，然后把多余的KNN模型删除掉。,1.0,13568,53,0,0,0,0,0,"{""edges"": [{""edge_id"": ""49959"", ""source_node_id"": ""2958"", ""target_node_id"": ""2959""}, {""edge_id"": ""49960"", ""source_node_id"": ""2959"", ""target_node_id"": ""2960""}, {""edge_id"": ""49961"", ""source_node_id"": ""2960"", ""target_node_id"": ""2961""}, {""edge_id"": ""49963"", ""source_node_id"": ""2960"", ""target_node_id"": ""2963""}, {""edge_id"": ""49965"", ""source_node_id"": ""2961"", ""target_node_id"": ""2963""}], ""nodes"": [{""node_id"": ""2958"", ""widget_name"": ""File"", ""node_name"": ""鸢尾花示例数据"", ""node_params"": {""type"": ""sample"", ""filename"": ""iris.csv""}, ""matched"": true}, {""node_id"": ""2959"", ""widget_name"": ""Impute"", ""node_name"": ""缺失值处理"", ""node_params"": {""method"": 2}, ""matched"": true}, {""node_id"": ""2960"", ""widget_name"": ""Data Sampler"", ""node_name"": ""数据划分处理"", ""node_params"": {""sampling_type"": 0, ""percentage"": 10, ""n_samples"": 15, ""replacement"": false, ""n_folds"": 10, ""selected_folds"": 1, ""replicable"": false, ""stratified"": false}, ""matched"": true}, {""node_id"": ""2961"", ""widget_name"": ""LightGBM"", ""node_name"": ""LightGBM分类器"", ""node_params"": {""boosting_type"": ""gbdt"", ""n_estimators"": 10, ""learning_rate"": 0.1, ""sampling_rate"": 0.1, ""max_depth_check"": false, ""max_depth"": 3, ""num_leaves_check"": false, ""num_leaves"": 31}, ""matched"": true}, {""node_id"": ""2963"", ""widget_name"": ""Test & Score"", ""node_name"": ""模型评估"", ""node_params"": {}, ""matched"": true}]}","{""dependency_requirements"": [{""edge_id"": ""2447"", ""source_node_id"": ""2958"", ""target_node_id"": ""2959""}, {""edge_id"": ""2448"", ""source_node_id"": ""2959"", ""target_node_id"": ""2960""}, {""edge_id"": ""2449"", ""source_node_id"": ""2960"", ""target_node_id"": ""2961""}, {""edge_id"": ""2451"", ""source_node_id"": ""2960"", ""target_node_id"": ""2963""}, {""edge_id"": ""2453"", ""source_node_id"": ""2961"", ""target_node_id"": ""2963""}], ""step_requirements"": [{""node_id"": ""2958"", ""algorithm_step_name"": ""Tabular Dataset Loading"", ""node_name"": ""鸢尾花示例数据"", ""node_params"": {""type"": ""sample"", ""filename"": ""iris.csv""}, ""contrast_level"": 2, ""node_type"": ""io""}, {""node_id"": ""2959"", ""algorithm_step_name"": ""Missing Value Handling"", ""node_name"": ""缺失值处理"", ""node_params"": {""method"": 2}, ""contrast_level"": 2, ""node_type"": ""preprocess""}, {""node_id"": ""2960"", ""algorithm_step_name"": ""Dataset Division"", ""node_name"": ""数据划分处理"", ""node_params"": {""sampling_type"": 0, ""percentage"": 10, ""n_samples"": 15, ""replacement"": false, ""n_folds"": 10, ""selected_folds"": 1, ""replicable"": false, ""stratified"": false}, ""contrast_level"": 2, ""node_type"": ""preprocess""}, {""node_id"": ""2961"", ""algorithm_step_name"": ""LightGBM"", ""node_name"": ""LightGBM分类器"", ""node_params"": {""boosting_type"": ""gbdt"", ""n_estimators"": 10, ""learning_rate"": 0.1, ""sampling_rate"": 0.1, ""max_depth_check"": false, ""max_depth"": 3, ""num_leaves_check"": false, ""num_leaves"": 31}, ""contrast_level"": 2, ""node_type"": ""model""}, {""node_id"": ""2963"", ""algorithm_step_name"": ""Model Evaluate"", ""node_name"": ""模型评估"", ""node_params"": {}, ""contrast_level"": 2, ""node_type"": ""evaluate""}]}"
独热编码这个步骤是冗余的，帮我删除掉。在这之后还需要你将随机森林数的数量改为30，缺失值的处理方法改为用随机值填补。,1.0,14141,110,0,0,0,0,0,"{""edges"": [{""edge_id"": ""49967"", ""source_node_id"": ""3002"", ""target_node_id"": ""3003""}, {""edge_id"": ""49970"", ""source_node_id"": ""3005"", ""target_node_id"": ""3006""}, {""edge_id"": ""49971"", ""source_node_id"": ""3005"", ""target_node_id"": ""3007""}, {""edge_id"": ""49973"", ""source_node_id"": ""3006"", ""target_node_id"": ""3007""}, {""edge_id"": ""49974"", ""source_node_id"": ""3003"", ""target_node_id"": ""3005""}], ""nodes"": [{""node_id"": ""3002"", ""widget_name"": ""File"", ""node_name"": ""数据"", ""node_params"": {""type"": ""sample"", ""filename"": ""iris.csv""}, ""matched"": true}, {""node_id"": ""3003"", ""widget_name"": ""Impute"", ""node_name"": ""缺失值处理"", ""node_params"": {""method"": 4}, ""matched"": true}, {""node_id"": ""3005"", ""widget_name"": ""Data Sampler"", ""node_name"": ""数据采样"", ""node_params"": {""sampling_type"": 0, ""percentage"": 10, ""n_samples"": 15, ""replacement"": false, ""n_folds"": 10, ""selected_folds"": 1, ""replicable"": false, ""stratified"": false}, ""matched"": true}, {""node_id"": ""3006"", ""widget_name"": ""Random Forest"", ""node_name"": ""随机森林"", ""node_params"": {""n_estimators"": 30, ""use_max_features"": false, ""max_features"": ""auto"", ""use_random_state"": false, ""use_max_depth"": false, ""max_depth"": 3, ""use_min_samples_split"": true, ""min_samples_split"": 2}, ""matched"": true}, {""node_id"": ""3007"", ""widget_name"": ""Test & Score"", ""node_name"": ""测试得分"", ""node_params"": {}, ""matched"": true}]}","{""dependency_requirements"": [{""edge_id"": ""2497"", ""source_node_id"": ""3002"", ""target_node_id"": ""3003""}, {""edge_id"": ""2500"", ""source_node_id"": ""3005"", ""target_node_id"": ""3006""}, {""edge_id"": ""2501"", ""source_node_id"": ""3005"", ""target_node_id"": ""3007""}, {""edge_id"": ""2503"", ""source_node_id"": ""3006"", ""target_node_id"": ""3007""}, {""edge_id"": ""2504"", ""source_node_id"": ""3003"", ""target_node_id"": ""3005""}], ""step_requirements"": [{""node_id"": ""3002"", ""algorithm_step_name"": ""Tabular Dataset Loading"", ""node_name"": ""数据"", ""node_params"": {""type"": ""sample"", ""filename"": ""iris.csv""}, ""contrast_level"": 2, ""node_type"": ""io""}, {""node_id"": ""3003"", ""algorithm_step_name"": ""Missing Value Handling"", ""node_name"": ""缺失值处理"", ""node_params"": {""method"": 4}, ""contrast_level"": 2, ""node_type"": ""preprocess""}, {""node_id"": ""3005"", ""algorithm_step_name"": ""Dataset Division"", ""node_name"": ""数据采样"", ""node_params"": {""sampling_type"": 0, ""percentage"": 10, ""n_samples"": 15, ""replacement"": false, ""n_folds"": 10, ""selected_folds"": 1, ""replicable"": false, ""stratified"": false}, ""contrast_level"": 2, ""node_type"": ""preprocess""}, {""node_id"": ""3006"", ""algorithm_step_name"": ""Random Forest"", ""node_name"": ""随机森林"", ""node_params"": {""n_estimators"": 30, ""use_max_features"": false, ""max_features"": ""auto"", ""use_random_state"": false, ""use_max_depth"": false, ""max_depth"": 3, ""use_min_samples_split"": true, ""min_samples_split"": 2}, ""contrast_level"": 2, ""node_type"": ""model""}, {""node_id"": ""3007"", ""algorithm_step_name"": ""Model Evaluate"", ""node_name"": ""测试得分"", ""node_params"": {}, ""contrast_level"": 2, ""node_type"": ""evaluate""}]}"
帮我把多余的模型都删除掉，只留下LightGBM，并把LightGBM的学习率改为0.01。,1.0,13840,89,0,0,0,0,0,"{""edges"": [{""edge_id"": ""49975"", ""source_node_id"": ""3032"", ""target_node_id"": ""3033""}, {""edge_id"": ""49977"", ""source_node_id"": ""3033"", ""target_node_id"": ""3035""}, {""edge_id"": ""49980"", ""source_node_id"": ""3033"", ""target_node_id"": ""3038""}, {""edge_id"": ""49983"", ""source_node_id"": ""3035"", ""target_node_id"": ""3038""}], ""nodes"": [{""node_id"": ""3032"", ""widget_name"": ""File"", ""node_name"": ""数据"", ""node_params"": {""type"": ""sample"", ""filename"": ""iris.csv""}, ""matched"": true}, {""node_id"": ""3033"", ""widget_name"": ""Data Sampler"", ""node_name"": ""数据采样"", ""node_params"": {""sampling_type"": 0, ""percentage"": 10, ""n_samples"": 15, ""replacement"": false, ""n_folds"": 10, ""selected_folds"": 1, ""replicable"": false, ""stratified"": false}, ""matched"": true}, {""node_id"": ""3035"", ""widget_name"": ""LightGBM"", ""node_name"": ""LightGBM"", ""node_params"": {""boosting_type"": ""gbdt"", ""n_estimators"": 10, ""learning_rate"": 0.01, ""sampling_rate"": 0.1, ""max_depth_check"": false, ""max_depth"": 3, ""num_leaves_check"": false, ""num_leaves"": 31}, ""matched"": true}, {""node_id"": ""3038"", ""widget_name"": ""Test & Score"", ""node_name"": ""测试得分"", ""node_params"": {}, ""matched"": true}]}","{""dependency_requirements"": [{""edge_id"": ""2536"", ""source_node_id"": ""3032"", ""target_node_id"": ""3033""}, {""edge_id"": ""2538"", ""source_node_id"": ""3033"", ""target_node_id"": ""3035""}, {""edge_id"": ""2541"", ""source_node_id"": ""3033"", ""target_node_id"": ""3038""}, {""edge_id"": ""2544"", ""source_node_id"": ""3035"", ""target_node_id"": ""3038""}], ""step_requirements"": [{""node_id"": ""3032"", ""algorithm_step_name"": ""Tabular Dataset Loading"", ""node_name"": ""数据"", ""node_params"": {""type"": ""sample"", ""filename"": ""iris.csv""}, ""contrast_level"": 2, ""node_type"": ""io""}, {""node_id"": ""3033"", ""algorithm_step_name"": ""Dataset Division"", ""node_name"": ""数据采样"", ""node_params"": {""sampling_type"": 0, ""percentage"": 10, ""n_samples"": 15, ""replacement"": false, ""n_folds"": 10, ""selected_folds"": 1, ""replicable"": false, ""stratified"": false}, ""contrast_level"": 2, ""node_type"": ""preprocess""}, {""node_id"": ""3035"", ""algorithm_step_name"": ""LightGBM"", ""node_name"": ""LightGBM"", ""node_params"": {""boosting_type"": ""gbdt"", ""n_estimators"": 10, ""learning_rate"": 0.01, ""sampling_rate"": 0.1, ""max_depth_check"": false, ""max_depth"": 3, ""num_leaves_check"": false, ""num_leaves"": 31}, ""contrast_level"": 2, ""node_type"": ""model""}, {""node_id"": ""3038"", ""algorithm_step_name"": ""Model Evaluate"", ""node_name"": ""测试得分"", ""node_params"": {}, ""contrast_level"": 2, ""node_type"": ""evaluate""}]}"
帮我把LightGBM模型更换为XGBoost。,1.0,13434,108,0,0,0,0,0,"{""edges"": [{""edge_id"": ""49986"", ""source_node_id"": ""2964"", ""target_node_id"": ""2965""}, {""edge_id"": ""49987"", ""source_node_id"": ""2965"", ""target_node_id"": ""2966""}, {""edge_id"": ""49989"", ""source_node_id"": ""2966"", ""target_node_id"": ""2968""}, {""edge_id"": ""49992"", ""source_node_id"": ""2966"", ""target_node_id"": ""2969""}, {""edge_id"": ""49993"", ""source_node_id"": ""2969"", ""target_node_id"": ""2968""}], ""nodes"": [{""node_id"": ""2964"", ""widget_name"": ""File"", ""node_name"": ""鸢尾花示例数据"", ""node_params"": {""type"": ""sample"", ""filename"": ""iris.csv""}, ""matched"": true}, {""node_id"": ""2965"", ""widget_name"": ""Impute"", ""node_name"": ""缺失值处理"", ""node_params"": {""method"": 1}, ""matched"": true}, {""node_id"": ""2966"", ""widget_name"": ""Data Sampler"", ""node_name"": ""数据划分处理"", ""node_params"": {""sampling_type"": 0, ""percentage"": 10, ""n_samples"": 15, ""replacement"": false, ""n_folds"": 10, ""selected_folds"": 1, ""replicable"": false, ""stratified"": false}, ""matched"": true}, {""node_id"": ""2968"", ""widget_name"": ""Test & Score"", ""node_name"": ""模型评估"", ""node_params"": {}, ""matched"": true}, {""node_id"": ""2969"", ""widget_name"": ""XGBoost"", ""node_name"": ""XGBoost分类器"", ""node_params"": {""booster"": ""gbtree"", ""learning_rate"": 0.3, ""gamma"": 0, ""max_depth"": 6, ""min_child_widget"": 1, ""max_delta_step"": 0, ""subsample"": 1, ""sampling_method"": ""uniform"", ""lambda"": 1, ""alpha"": 0, ""tree_method"": ""auto"", ""scale_pos_weight"": 1, ""updater"": ""grow_colmaker"", ""process_type"": ""default"", ""grow_policy"": ""depthwise""}, ""matched"": true}]}","{""dependency_requirements"": [{""edge_id"": ""2455"", ""source_node_id"": ""2964"", ""target_node_id"": ""2965""}, {""edge_id"": ""2456"", ""source_node_id"": ""2965"", ""target_node_id"": ""2966""}, {""edge_id"": ""2458"", ""source_node_id"": ""2966"", ""target_node_id"": ""2968""}, {""edge_id"": ""2461"", ""source_node_id"": ""2966"", ""target_node_id"": ""2969""}, {""edge_id"": ""2462"", ""source_node_id"": ""2969"", ""target_node_id"": ""2968""}], ""step_requirements"": [{""node_id"": ""2964"", ""algorithm_step_name"": ""Tabular Dataset Loading"", ""node_name"": ""鸢尾花示例数据"", ""node_params"": {""type"": ""sample"", ""filename"": ""iris.csv""}, ""contrast_level"": 2, ""node_type"": ""io""}, {""node_id"": ""2965"", ""algorithm_step_name"": ""Missing Value Handling"", ""node_name"": ""缺失值处理"", ""node_params"": {""method"": 1}, ""contrast_level"": 2, ""node_type"": ""preprocess""}, {""node_id"": ""2966"", ""algorithm_step_name"": ""Dataset Division"", ""node_name"": ""数据划分处理"", ""node_params"": {""sampling_type"": 0, ""percentage"": 10, ""n_samples"": 15, ""replacement"": false, ""n_folds"": 10, ""selected_folds"": 1, ""replicable"": false, ""stratified"": false}, ""contrast_level"": 2, ""node_type"": ""preprocess""}, {""node_id"": ""2968"", ""algorithm_step_name"": ""Model Evaluate"", ""node_name"": ""模型评估"", ""node_params"": {}, ""contrast_level"": 2, ""node_type"": ""evaluate""}, {""node_id"": ""2969"", ""algorithm_step_name"": ""XGBoost"", ""node_name"": ""XGBoost分类器"", ""node_params"": {}, ""contrast_level"": 1, ""node_type"": ""model""}]}"
我不需要对模型进行评估了，帮我把模型评估组件换成预测组件。,1.0,13910,145,0,0,0,0,0,"{""edges"": [{""edge_id"": ""49994"", ""source_node_id"": ""2970"", ""target_node_id"": ""2971""}, {""edge_id"": ""49995"", ""source_node_id"": ""2971"", ""target_node_id"": ""2972""}, {""edge_id"": ""49996"", ""source_node_id"": ""2972"", ""target_node_id"": ""2973""}, {""edge_id"": ""50000"", ""source_node_id"": ""2972"", ""target_node_id"": ""2975""}, {""edge_id"": ""50001"", ""source_node_id"": ""2973"", ""target_node_id"": ""2975""}], ""nodes"": [{""node_id"": ""2970"", ""widget_name"": ""File"", ""node_name"": ""鸢尾花示例数据"", ""node_params"": {""type"": ""sample"", ""filename"": ""iris.csv""}, ""matched"": true}, {""node_id"": ""2971"", ""widget_name"": ""Impute"", ""node_name"": ""缺失值处理"", ""node_params"": {""method"": 1}, ""matched"": true}, {""node_id"": ""2972"", ""widget_name"": ""Data Sampler"", ""node_name"": ""数据划分处理"", ""node_params"": {""sampling_type"": 0, ""percentage"": 10, ""n_samples"": 15, ""replacement"": false, ""n_folds"": 10, ""selected_folds"": 1, ""replicable"": false, ""stratified"": false}, ""matched"": true}, {""node_id"": ""2973"", ""widget_name"": ""LightGBM"", ""node_name"": ""LightGBM分类器"", ""node_params"": {""boosting_type"": ""gbdt"", ""n_estimators"": 10, ""learning_rate"": 0.1, ""sampling_rate"": 0.1, ""max_depth_check"": false, ""max_depth"": 3, ""num_leaves_check"": false, ""num_leaves"": 31}, ""matched"": true}, {""node_id"": ""2975"", ""widget_name"": ""Predictions"", ""node_name"": ""预测"", ""node_params"": {""output_attrs"": true, ""output_predictions"": true, ""output_probabilities"": true}, ""matched"": true}]}","{""dependency_requirements"": [{""edge_id"": ""2463"", ""source_node_id"": ""2970"", ""target_node_id"": ""2971""}, {""edge_id"": ""2464"", ""source_node_id"": ""2971"", ""target_node_id"": ""2972""}, {""edge_id"": ""2465"", ""source_node_id"": ""2972"", ""target_node_id"": ""2973""}, {""edge_id"": ""2469"", ""source_node_id"": ""2972"", ""target_node_id"": ""2975""}, {""edge_id"": ""2470"", ""source_node_id"": ""2973"", ""target_node_id"": ""2975""}], ""step_requirements"": [{""node_id"": ""2970"", ""algorithm_step_name"": ""Tabular Dataset Loading"", ""node_name"": ""鸢尾花示例数据"", ""node_params"": {""type"": ""sample"", ""filename"": ""iris.csv""}, ""contrast_level"": 2, ""node_type"": ""io""}, {""node_id"": ""2971"", ""algorithm_step_name"": ""Missing Value Handling"", ""node_name"": ""缺失值处理"", ""node_params"": {""method"": 1}, ""contrast_level"": 2, ""node_type"": ""preprocess""}, {""node_id"": ""2972"", ""algorithm_step_name"": ""Dataset Division"", ""node_name"": ""数据划分处理"", ""node_params"": {""sampling_type"": 0, ""percentage"": 10, ""n_samples"": 15, ""replacement"": false, ""n_folds"": 10, ""selected_folds"": 1, ""replicable"": false, ""stratified"": false}, ""contrast_level"": 2, ""node_type"": ""preprocess""}, {""node_id"": ""2973"", ""algorithm_step_name"": ""LightGBM"", ""node_name"": ""LightGBM分类器"", ""node_params"": {""boosting_type"": ""gbdt"", ""n_estimators"": 10, ""learning_rate"": 0.1, ""sampling_rate"": 0.1, ""max_depth_check"": false, ""max_depth"": 3, ""num_leaves_check"": false, ""num_leaves"": 31}, ""contrast_level"": 2, ""node_type"": ""model""}, {""node_id"": ""2975"", ""algorithm_step_name"": ""Test Dataset Predictions"", ""node_name"": ""预测"", ""node_params"": {}, ""contrast_level"": 1, ""node_type"": ""predict""}]}"
帮我把缺失值处理步骤删除掉，并换一个更好的模型。,0.875,13527,98,0,0,0,0,0,"{""edges"": [{""edge_id"": ""50004"", ""source_node_id"": ""2978"", ""target_node_id"": ""60337""}, {""edge_id"": ""50005"", ""source_node_id"": ""2978"", ""target_node_id"": ""2980""}, {""edge_id"": ""50007"", ""source_node_id"": ""60337"", ""target_node_id"": ""2980""}, {""edge_id"": ""50008"", ""source_node_id"": ""2978"", ""target_node_id"": ""2981""}, {""edge_id"": ""50009"", ""source_node_id"": ""2981"", ""target_node_id"": ""2980""}], ""nodes"": [{""node_id"": ""2976"", ""widget_name"": ""File"", ""node_name"": ""鸢尾花示例数据"", ""node_params"": {""type"": ""sample"", ""filename"": ""iris.csv""}, ""matched"": true}, {""node_id"": ""2978"", ""widget_name"": ""Data Sampler"", ""node_name"": ""数据划分处理"", ""node_params"": {""sampling_type"": 0, ""percentage"": 10, ""n_samples"": 15, ""replacement"": false, ""n_folds"": 10, ""selected_folds"": 1, ""replicable"": false, ""stratified"": false}, ""matched"": true}, {""node_id"": ""60337"", ""widget_name"": ""LightGBM"", ""node_name"": ""LightGBM分类器"", ""node_params"": {""boosting_type"": ""gbdt"", ""n_estimators"": 10, ""learning_rate"": 0.1, ""sampling_rate"": 0.1, ""max_depth_check"": false, ""max_depth"": 3, ""num_leaves_check"": false, ""num_leaves"": 31}, ""matched"": false}, {""node_id"": ""2980"", ""widget_name"": ""Test & Score"", ""node_name"": ""模型评估"", ""node_params"": {}, ""matched"": true}, {""node_id"": ""2981"", ""widget_name"": ""XGBoost"", ""node_name"": ""XGBoost分类器"", ""node_params"": {""booster"": ""gbtree"", ""learning_rate"": 0.3, ""gamma"": 0, ""max_depth"": 6, ""min_child_widget"": 1, ""max_delta_step"": 0, ""subsample"": 1, ""sampling_method"": ""uniform"", ""lambda"": 1, ""alpha"": 0, ""tree_method"": ""auto"", ""scale_pos_weight"": 1, ""updater"": ""grow_colmaker"", ""process_type"": ""default"", ""grow_policy"": ""depthwise""}, ""matched"": true}]}","{""dependency_requirements"": [{""edge_id"": ""2474"", ""source_node_id"": ""2978"", ""target_node_id"": ""2980""}, {""edge_id"": ""2477"", ""source_node_id"": ""2976"", ""target_node_id"": ""2978""}, {""edge_id"": ""2478"", ""source_node_id"": ""2978"", ""target_node_id"": ""2981""}, {""edge_id"": ""2479"", ""source_node_id"": ""2981"", ""target_node_id"": ""2980""}], ""step_requirements"": [{""node_id"": ""2976"", ""algorithm_step_name"": ""Tabular Dataset Loading"", ""node_name"": ""鸢尾花示例数据"", ""node_params"": {""type"": ""sample"", ""filename"": ""iris.csv""}, ""contrast_level"": 2, ""node_type"": ""io""}, {""node_id"": ""2978"", ""algorithm_step_name"": ""Dataset Division"", ""node_name"": ""数据划分处理"", ""node_params"": {""sampling_type"": 0, ""percentage"": 10, ""n_samples"": 15, ""replacement"": false, ""n_folds"": 10, ""selected_folds"": 1, ""replicable"": false, ""stratified"": false}, ""contrast_level"": 2, ""node_type"": ""preprocess""}, {""node_id"": ""2980"", ""algorithm_step_name"": ""Model Evaluate"", ""node_name"": ""模型评估"", ""node_params"": {}, ""contrast_level"": 2, ""node_type"": ""evaluate""}, {""node_id"": ""2981"", ""algorithm_step_name"": ""XGBoost"", ""node_name"": ""XGBoost"", ""node_params"": {}, ""contrast_level"": 1, ""node_type"": ""model""}]}"
我的数据集没有缺失值，所以请你帮我删除掉缺失值处理这一步，然后把数据抽样的比例改为7:3，最后帮我添加一个可视化混淆矩阵的步骤。,0.9,13454,104,0,0,0,0,0,"{""edges"": [{""edge_id"": ""50012"", ""source_node_id"": ""3047"", ""target_node_id"": ""3048""}, {""edge_id"": ""50013"", ""source_node_id"": ""3047"", ""target_node_id"": ""3049""}, {""edge_id"": ""50015"", ""source_node_id"": ""3048"", ""target_node_id"": ""3049""}, {""edge_id"": ""50016"", ""source_node_id"": ""3049"", ""target_node_id"": ""3050""}], ""nodes"": [{""node_id"": ""3045"", ""widget_name"": ""File"", ""node_name"": ""数据"", ""node_params"": {""type"": ""sample"", ""filename"": ""iris.csv""}, ""matched"": true}, {""node_id"": ""3047"", ""widget_name"": ""Data Sampler"", ""node_name"": ""数据采样"", ""node_params"": {""sampling_type"": 0, ""percentage"": 30, ""n_samples"": 15, ""replacement"": false, ""n_folds"": 10, ""selected_folds"": 1, ""replicable"": false, ""stratified"": false}, ""matched"": true}, {""node_id"": ""3048"", ""widget_name"": ""LightGBM"", ""node_name"": ""LightGBM"", ""node_params"": {""boosting_type"": ""gbdt"", ""n_estimators"": 10, ""learning_rate"": 0.1, ""sampling_rate"": 0.1, ""max_depth_check"": false, ""max_depth"": 3, ""num_leaves_check"": false, ""num_leaves"": 31}, ""matched"": true}, {""node_id"": ""3049"", ""widget_name"": ""Test & Score"", ""node_name"": ""测试得分"", ""node_params"": {}, ""matched"": true}, {""node_id"": ""3050"", ""widget_name"": ""Confusion Matrix"", ""node_name"": ""混淆矩阵"", ""node_params"": {}, ""matched"": true}]}","{""dependency_requirements"": [{""edge_id"": ""2556"", ""source_node_id"": ""3047"", ""target_node_id"": ""3048""}, {""edge_id"": ""2557"", ""source_node_id"": ""3047"", ""target_node_id"": ""3049""}, {""edge_id"": ""2559"", ""source_node_id"": ""3048"", ""target_node_id"": ""3049""}, {""edge_id"": ""2560"", ""source_node_id"": ""3045"", ""target_node_id"": ""3047""}, {""edge_id"": ""2561"", ""source_node_id"": ""3049"", ""target_node_id"": ""3050""}], ""step_requirements"": [{""node_id"": ""3045"", ""algorithm_step_name"": ""Tabular Dataset Loading"", ""node_name"": ""数据"", ""node_params"": {""type"": ""sample"", ""filename"": ""iris.csv""}, ""contrast_level"": 2, ""node_type"": ""io""}, {""node_id"": ""3047"", ""algorithm_step_name"": ""Dataset Division"", ""node_name"": ""数据采样"", ""node_params"": {""sampling_type"": 0, ""percentage"": 30, ""n_samples"": 15, ""replacement"": false, ""n_folds"": 10, ""selected_folds"": 1, ""replicable"": false, ""stratified"": false}, ""contrast_level"": 2, ""node_type"": ""preprocess""}, {""node_id"": ""3048"", ""algorithm_step_name"": ""LightGBM"", ""node_name"": ""LightGBM"", ""node_params"": {""boosting_type"": ""gbdt"", ""n_estimators"": 10, ""learning_rate"": 0.1, ""sampling_rate"": 0.1, ""max_depth_check"": false, ""max_depth"": 3, ""num_leaves_check"": false, ""num_leaves"": 31}, ""contrast_level"": 2, ""node_type"": ""model""}, {""node_id"": ""3049"", ""algorithm_step_name"": ""Model Evaluate"", ""node_name"": ""测试得分"", ""node_params"": {}, ""contrast_level"": 2, ""node_type"": ""evaluate""}, {""node_id"": ""3050"", ""algorithm_step_name"": ""Confusion Matrix"", ""node_name"": ""混淆矩阵"", ""node_params"": {}, ""contrast_level"": 2, ""node_type"": ""visualize""}]}"
帮我把加载的数据集换成房价示例数据集。然后，把KNN模型给我换成XGBoost模型。,1.0,13013,137,0,0,0,0,0,"{""edges"": [{""edge_id"": ""50017"", ""source_node_id"": ""3051"", ""target_node_id"": ""3052""}, {""edge_id"": ""50019"", ""source_node_id"": ""3052"", ""target_node_id"": ""3054""}, {""edge_id"": ""50022"", ""source_node_id"": ""3052"", ""target_node_id"": ""3055""}, {""edge_id"": ""50023"", ""source_node_id"": ""3055"", ""target_node_id"": ""3054""}], ""nodes"": [{""node_id"": ""3051"", ""widget_name"": ""File"", ""node_name"": ""数据"", ""node_params"": {""type"": ""sample"", ""filename"": ""housing.csv""}, ""matched"": true}, {""node_id"": ""3052"", ""widget_name"": ""Data Sampler"", ""node_name"": ""数据采样"", ""node_params"": {""sampling_type"": 0, ""percentage"": 10, ""n_samples"": 15, ""replacement"": false, ""n_folds"": 10, ""selected_folds"": 1, ""replicable"": false, ""stratified"": false}, ""matched"": true}, {""node_id"": ""3054"", ""widget_name"": ""Test & Score"", ""node_name"": ""测试得分"", ""node_params"": {}, ""matched"": true}, {""node_id"": ""3055"", ""widget_name"": ""XGBoost"", ""node_name"": ""XGBoost模型"", ""node_params"": {""booster"": ""gbtree"", ""learning_rate"": 0.3, ""gamma"": 0, ""max_depth"": 6, ""min_child_widget"": 1, ""max_delta_step"": 0, ""subsample"": 1, ""sampling_method"": ""uniform"", ""lambda"": 1, ""alpha"": 0, ""tree_method"": ""auto"", ""scale_pos_weight"": 1, ""updater"": ""grow_colmaker"", ""process_type"": ""default"", ""grow_policy"": ""depthwise""}, ""matched"": true}]}","{""dependency_requirements"": [{""edge_id"": ""2562"", ""source_node_id"": ""3051"", ""target_node_id"": ""3052""}, {""edge_id"": ""2564"", ""source_node_id"": ""3052"", ""target_node_id"": ""3054""}, {""edge_id"": ""2567"", ""source_node_id"": ""3052"", ""target_node_id"": ""3055""}, {""edge_id"": ""2568"", ""source_node_id"": ""3055"", ""target_node_id"": ""3054""}], ""step_requirements"": [{""node_id"": ""3051"", ""algorithm_step_name"": ""Tabular Dataset Loading"", ""node_name"": ""数据"", ""node_params"": {""type"": ""sample"", ""filename"": ""housing.csv""}, ""contrast_level"": 2, ""node_type"": ""io""}, {""node_id"": ""3052"", ""algorithm_step_name"": ""Dataset Division"", ""node_name"": ""数据采样"", ""node_params"": {""sampling_type"": 0, ""percentage"": 10, ""n_samples"": 15, ""replacement"": false, ""n_folds"": 10, ""selected_folds"": 1, ""replicable"": false, ""stratified"": false}, ""contrast_level"": 2, ""node_type"": ""preprocess""}, {""node_id"": ""3054"", ""algorithm_step_name"": ""Model Evaluate"", ""node_name"": ""测试得分"", ""node_params"": {}, ""contrast_level"": 2, ""node_type"": ""evaluate""}, {""node_id"": ""3055"", ""algorithm_step_name"": ""XGBoost"", ""node_name"": ""XGBoost"", ""node_params"": {}, ""contrast_level"": 1, ""node_type"": ""model""}]}"
帮我把连续化处理换成特征选择，KNN的邻节点个数改为7。,1.0,13409,132,0,0,0,0,0,"{""edges"": [{""edge_id"": ""50026"", ""source_node_id"": ""3067"", ""target_node_id"": ""3068""}, {""edge_id"": ""50027"", ""source_node_id"": ""3067"", ""target_node_id"": ""3069""}, {""edge_id"": ""50029"", ""source_node_id"": ""3068"", ""target_node_id"": ""3069""}, {""edge_id"": ""50030"", ""source_node_id"": ""3065"", ""target_node_id"": ""3070""}, {""edge_id"": ""50031"", ""source_node_id"": ""3070"", ""target_node_id"": ""3067""}], ""nodes"": [{""node_id"": ""3065"", ""widget_name"": ""File"", ""node_name"": ""数据"", ""node_params"": {""type"": ""sample"", ""filename"": ""iris.csv""}, ""matched"": true}, {""node_id"": ""3067"", ""widget_name"": ""Data Sampler"", ""node_name"": ""数据采样"", ""node_params"": {""sampling_type"": 0, ""percentage"": 10, ""n_samples"": 15, ""replacement"": false, ""n_folds"": 10, ""selected_folds"": 1, ""replicable"": false, ""stratified"": false}, ""matched"": true}, {""node_id"": ""3068"", ""widget_name"": ""KNN"", ""node_name"": ""KNN"", ""node_params"": {""n_neighbors"": 7, ""metric"": ""euclidean"", ""weights"": ""uniform""}, ""matched"": true}, {""node_id"": ""3069"", ""widget_name"": ""Test & Score"", ""node_name"": ""测试得分"", ""node_params"": {}, ""matched"": true}, {""node_id"": ""3070"", ""widget_name"": ""Select Best N Attributes"", ""node_name"": ""特征选择"", ""node_params"": {""n"": 3}, ""matched"": true}]}","{""dependency_requirements"": [{""edge_id"": ""2576"", ""source_node_id"": ""3067"", ""target_node_id"": ""3068""}, {""edge_id"": ""2577"", ""source_node_id"": ""3067"", ""target_node_id"": ""3069""}, {""edge_id"": ""2579"", ""source_node_id"": ""3068"", ""target_node_id"": ""3069""}, {""edge_id"": ""2580"", ""source_node_id"": ""3065"", ""target_node_id"": ""3070""}, {""edge_id"": ""2581"", ""source_node_id"": ""3070"", ""target_node_id"": ""3067""}], ""step_requirements"": [{""node_id"": ""3065"", ""algorithm_step_name"": ""Tabular Dataset Loading"", ""node_name"": ""数据"", ""node_params"": {""type"": ""sample"", ""filename"": ""iris.csv""}, ""contrast_level"": 2, ""node_type"": ""io""}, {""node_id"": ""3067"", ""algorithm_step_name"": ""Dataset Division"", ""node_name"": ""数据采样"", ""node_params"": {""sampling_type"": 0, ""percentage"": 10, ""n_samples"": 15, ""replacement"": false, ""n_folds"": 10, ""selected_folds"": 1, ""replicable"": false, ""stratified"": false}, ""contrast_level"": 2, ""node_type"": ""preprocess""}, {""node_id"": ""3068"", ""algorithm_step_name"": ""KNN"", ""node_name"": ""KNN"", ""node_params"": {""n_neighbors"": 7, ""metric"": ""euclidean"", ""weights"": ""uniform""}, ""contrast_level"": 2, ""node_type"": ""model""}, {""node_id"": ""3069"", ""algorithm_step_name"": ""Model Evaluate"", ""node_name"": ""测试得分"", ""node_params"": {}, ""contrast_level"": 2, ""node_type"": ""evaluate""}, {""node_id"": ""3070"", ""algorithm_step_name"": ""Feature Selection"", ""node_name"": ""特征选择"", ""node_params"": {}, ""contrast_level"": 1, ""node_type"": ""feature engineering""}]}"
帮我把加载的鸢尾花示例数据修改为加载房价示例数据集。,1.0,13171,25,0,0,0,0,0,"{""edges"": [{""edge_id"": ""50032"", ""source_node_id"": ""2895"", ""target_node_id"": ""2896""}], ""nodes"": [{""node_id"": ""2895"", ""widget_name"": ""File"", ""node_name"": ""鸢尾花示例数据"", ""node_params"": {""type"": ""sample"", ""filename"": ""housing.csv""}, ""matched"": true}, {""node_id"": ""2896"", ""widget_name"": ""LightGBM"", ""node_name"": ""LightGBM分类器"", ""node_params"": {""boosting_type"": ""gbdt"", ""n_estimators"": 10, ""learning_rate"": 0.1, ""sampling_rate"": 0.1, ""max_depth_check"": false, ""max_depth"": 3, ""num_leaves_check"": false, ""num_leaves"": 31}, ""matched"": true}]}","{""dependency_requirements"": [{""edge_id"": ""2376"", ""source_node_id"": ""2895"", ""target_node_id"": ""2896""}], ""step_requirements"": [{""node_id"": ""2895"", ""algorithm_step_name"": ""Tabular Dataset Loading"", ""node_name"": ""鸢尾花示例数据"", ""node_params"": {""type"": ""sample"", ""filename"": ""housing.csv""}, ""contrast_level"": 2, ""node_type"": ""io""}, {""node_id"": ""2896"", ""algorithm_step_name"": ""LightGBM"", ""node_name"": ""LightGBM分类器"", ""node_params"": {""boosting_type"": ""gbdt"", ""n_estimators"": 10, ""learning_rate"": 0.1, ""sampling_rate"": 0.1, ""max_depth_check"": false, ""max_depth"": 3, ""num_leaves_check"": false, ""num_leaves"": 31}, ""contrast_level"": 2, ""node_type"": ""model""}]}"
帮我把LightGBM模型的学习器类型重新设置为rf，学习率修改为0.01。,1.0,12900,38,0,0,0,0,0,"{""edges"": [{""edge_id"": ""50033"", ""source_node_id"": ""2895"", ""target_node_id"": ""2896""}], ""nodes"": [{""node_id"": ""2895"", ""widget_name"": ""File"", ""node_name"": ""鸢尾花示例数据"", ""node_params"": {""type"": ""sample"", ""filename"": ""iris.csv""}, ""matched"": true}, {""node_id"": ""2896"", ""widget_name"": ""LightGBM"", ""node_name"": ""LightGBM分类器"", ""node_params"": {""boosting_type"": ""rf"", ""n_estimators"": 10, ""learning_rate"": 0.01, ""sampling_rate"": 0.1, ""max_depth_check"": false, ""max_depth"": 3, ""num_leaves_check"": false, ""num_leaves"": 31}, ""matched"": true}]}","{""dependency_requirements"": [{""edge_id"": ""2376"", ""source_node_id"": ""2895"", ""target_node_id"": ""2896""}], ""step_requirements"": [{""node_id"": ""2895"", ""algorithm_step_name"": ""Tabular Dataset Loading"", ""node_name"": ""鸢尾花示例数据"", ""node_params"": {""type"": ""sample"", ""filename"": ""iris.csv""}, ""contrast_level"": 2, ""node_type"": ""io""}, {""node_id"": ""2896"", ""algorithm_step_name"": ""LightGBM"", ""node_name"": ""LightGBM分类器"", ""node_params"": {""boosting_type"": ""rf"", ""n_estimators"": 10, ""learning_rate"": 0.01, ""sampling_rate"": 0.1, ""max_depth_check"": false, ""max_depth"": 3, ""num_leaves_check"": false, ""num_leaves"": 31}, ""contrast_level"": 2, ""node_type"": ""model""}]}"
帮我添加一个缺失值处理步骤，以便对鸢尾花数据进行缺失值处理,1.0,13465,86,0,0,0,0,0,"{""edges"": [{""edge_id"": ""50034"", ""source_node_id"": ""5159"", ""target_node_id"": ""5158""}, {""edge_id"": ""50035"", ""source_node_id"": ""5157"", ""target_node_id"": ""5159""}], ""nodes"": [{""node_id"": ""5157"", ""widget_name"": ""File"", ""node_name"": ""鸢尾花示例数据"", ""node_params"": {""type"": ""sample"", ""filename"": ""iris.csv""}, ""matched"": true}, {""node_id"": ""5158"", ""widget_name"": ""LightGBM"", ""node_name"": ""LightGBM分类器"", ""node_params"": {""boosting_type"": ""gbdt"", ""n_estimators"": 10, ""learning_rate"": 0.1, ""sampling_rate"": 0.1, ""max_depth_check"": false, ""max_depth"": 3, ""num_leaves_check"": false, ""num_leaves"": 31}, ""matched"": true}, {""node_id"": ""5159"", ""widget_name"": ""Impute"", ""node_name"": ""缺失值处理"", ""node_params"": {""method"": 1}, ""matched"": true}]}","{""dependency_requirements"": [{""edge_id"": ""4027"", ""source_node_id"": ""5159"", ""target_node_id"": ""5158""}, {""edge_id"": ""4028"", ""source_node_id"": ""5157"", ""target_node_id"": ""5159""}], ""step_requirements"": [{""node_id"": ""5157"", ""algorithm_step_name"": ""Tabular Dataset Loading"", ""node_name"": ""鸢尾花示例数据"", ""node_params"": {""type"": ""sample"", ""filename"": ""iris.csv""}, ""contrast_level"": 2, ""node_type"": ""io""}, {""node_id"": ""5158"", ""algorithm_step_name"": ""LightGBM"", ""node_name"": ""LightGBM分类器"", ""node_params"": {""boosting_type"": ""gbdt"", ""n_estimators"": 10, ""learning_rate"": 0.1, ""sampling_rate"": 0.1, ""max_depth_check"": false, ""max_depth"": 3, ""num_leaves_check"": false, ""num_leaves"": 31}, ""contrast_level"": 2, ""node_type"": ""model""}, {""node_id"": ""5159"", ""algorithm_step_name"": ""Missing Value Handling"", ""node_name"": ""Impute"", ""node_params"": {}, ""contrast_level"": 1, ""node_type"": ""preprocess""}]}"
帮我在模型训练之前添加一个数据划分步骤，以便将处理后的数据进行拆分。,1.0,13910,83,0,0,0,0,0,"{""edges"": [{""edge_id"": ""50036"", ""source_node_id"": ""5160"", ""target_node_id"": ""5161""}, {""edge_id"": ""50037"", ""source_node_id"": ""5163"", ""target_node_id"": ""5162""}, {""edge_id"": ""50038"", ""source_node_id"": ""5161"", ""target_node_id"": ""5163""}], ""nodes"": [{""node_id"": ""5160"", ""widget_name"": ""File"", ""node_name"": ""鸢尾花示例数据"", ""node_params"": {""type"": ""sample"", ""filename"": ""iris.csv""}, ""matched"": true}, {""node_id"": ""5161"", ""widget_name"": ""Impute"", ""node_name"": ""缺失值填充"", ""node_params"": {""method"": 1}, ""matched"": true}, {""node_id"": ""5162"", ""widget_name"": ""LightGBM"", ""node_name"": ""LightGBM分类器"", ""node_params"": {""boosting_type"": ""gbdt"", ""n_estimators"": 10, ""learning_rate"": 0.1, ""sampling_rate"": 0.1, ""max_depth_check"": false, ""max_depth"": 3, ""num_leaves_check"": false, ""num_leaves"": 31}, ""matched"": true}, {""node_id"": ""5163"", ""widget_name"": ""Data Sampler"", ""node_name"": ""数据划分"", ""node_params"": {""sampling_type"": 0, ""percentage"": 10, ""n_samples"": 15, ""replacement"": false, ""n_folds"": 10, ""selected_folds"": 1, ""replicable"": false, ""stratified"": false}, ""matched"": true}]}","{""dependency_requirements"": [{""edge_id"": ""4029"", ""source_node_id"": ""5160"", ""target_node_id"": ""5161""}, {""edge_id"": ""4030"", ""source_node_id"": ""5163"", ""target_node_id"": ""5162""}, {""edge_id"": ""4031"", ""source_node_id"": ""5161"", ""target_node_id"": ""5163""}], ""step_requirements"": [{""node_id"": ""5160"", ""algorithm_step_name"": ""Tabular Dataset Loading"", ""node_name"": ""鸢尾花示例数据"", ""node_params"": {""type"": ""sample"", ""filename"": ""iris.csv""}, ""contrast_level"": 2, ""node_type"": ""io""}, {""node_id"": ""5161"", ""algorithm_step_name"": ""Missing Value Handling"", ""node_name"": ""缺失值填充"", ""node_params"": {""method"": 1}, ""contrast_level"": 2, ""node_type"": ""preprocess""}, {""node_id"": ""5162"", ""algorithm_step_name"": ""LightGBM"", ""node_name"": ""LightGBM分类器"", ""node_params"": {""boosting_type"": ""gbdt"", ""n_estimators"": 10, ""learning_rate"": 0.1, ""sampling_rate"": 0.1, ""max_depth_check"": false, ""max_depth"": 3, ""num_leaves_check"": false, ""num_leaves"": 31}, ""contrast_level"": 2, ""node_type"": ""model""}, {""node_id"": ""5163"", ""algorithm_step_name"": ""Dataset Division"", ""node_name"": ""Data Sampler"", ""node_params"": {}, ""contrast_level"": 1, ""node_type"": ""preprocess""}]}"
我需要将数据划分的比例设置为8:2,1.0,13330,26,0,0,0,0,0,"{""edges"": [{""edge_id"": ""50039"", ""source_node_id"": ""5164"", ""target_node_id"": ""5165""}, {""edge_id"": ""50040"", ""source_node_id"": ""5165"", ""target_node_id"": ""5166""}, {""edge_id"": ""50041"", ""source_node_id"": ""5166"", ""target_node_id"": ""5167""}], ""nodes"": [{""node_id"": ""5164"", ""widget_name"": ""File"", ""node_name"": ""鸢尾花示例数据"", ""node_params"": {""type"": ""sample"", ""filename"": ""iris.csv""}, ""matched"": true}, {""node_id"": ""5165"", ""widget_name"": ""Impute"", ""node_name"": ""缺失值填充"", ""node_params"": {""method"": 1}, ""matched"": true}, {""node_id"": ""5166"", ""widget_name"": ""Data Sampler"", ""node_name"": ""数据采样"", ""node_params"": {""sampling_type"": 0, ""percentage"": 20, ""n_samples"": 15, ""replacement"": false, ""n_folds"": 10, ""selected_folds"": 1, ""replicable"": false, ""stratified"": false}, ""matched"": true}, {""node_id"": ""5167"", ""widget_name"": ""LightGBM"", ""node_name"": ""LightGBM分类器"", ""node_params"": {""boosting_type"": ""gbdt"", ""n_estimators"": 10, ""learning_rate"": 0.1, ""sampling_rate"": 0.1, ""max_depth_check"": false, ""max_depth"": 3, ""num_leaves_check"": false, ""num_leaves"": 31}, ""matched"": true}]}","{""dependency_requirements"": [{""edge_id"": ""4032"", ""source_node_id"": ""5164"", ""target_node_id"": ""5165""}, {""edge_id"": ""4033"", ""source_node_id"": ""5165"", ""target_node_id"": ""5166""}, {""edge_id"": ""4034"", ""source_node_id"": ""5166"", ""target_node_id"": ""5167""}], ""step_requirements"": [{""node_id"": ""5164"", ""algorithm_step_name"": ""Tabular Dataset Loading"", ""node_name"": ""鸢尾花示例数据"", ""node_params"": {""type"": ""sample"", ""filename"": ""iris.csv""}, ""contrast_level"": 2, ""node_type"": ""io""}, {""node_id"": ""5165"", ""algorithm_step_name"": ""Missing Value Handling"", ""node_name"": ""缺失值填充"", ""node_params"": {""method"": 1}, ""contrast_level"": 2, ""node_type"": ""preprocess""}, {""node_id"": ""5166"", ""algorithm_step_name"": ""Dataset Division"", ""node_name"": ""数据采样"", ""node_params"": {""sampling_type"": 0, ""percentage"": 20, ""n_samples"": 15, ""replacement"": false, ""n_folds"": 10, ""selected_folds"": 1, ""replicable"": false, ""stratified"": false}, ""contrast_level"": 2, ""node_type"": ""preprocess""}, {""node_id"": ""5167"", ""algorithm_step_name"": ""LightGBM"", ""node_name"": ""LightGBM分类器"", ""node_params"": {""boosting_type"": ""gbdt"", ""n_estimators"": 10, ""learning_rate"": 0.1, ""sampling_rate"": 0.1, ""max_depth_check"": false, ""max_depth"": 3, ""num_leaves_check"": false, ""num_leaves"": 31}, ""contrast_level"": 2, ""node_type"": ""model""}]}"
帮我添加一个模型评估步骤,1.0,13237,85,0,0,0,0,0,"{""edges"": [{""edge_id"": ""50042"", ""source_node_id"": ""2899"", ""target_node_id"": ""2900""}, {""edge_id"": ""50043"", ""source_node_id"": ""2900"", ""target_node_id"": ""2901""}, {""edge_id"": ""50044"", ""source_node_id"": ""2901"", ""target_node_id"": ""2902""}, {""edge_id"": ""50045"", ""source_node_id"": ""2901"", ""target_node_id"": ""2903""}, {""edge_id"": ""50047"", ""source_node_id"": ""2902"", ""target_node_id"": ""2903""}], ""nodes"": [{""node_id"": ""2899"", ""widget_name"": ""File"", ""node_name"": ""鸢尾花示例数据"", ""node_params"": {""type"": ""sample"", ""filename"": ""iris.csv""}, ""matched"": true}, {""node_id"": ""2900"", ""widget_name"": ""Impute"", ""node_name"": ""缺失值处理"", ""node_params"": {""method"": 1}, ""matched"": true}, {""node_id"": ""2901"", ""widget_name"": ""Data Sampler"", ""node_name"": ""数据划分处理"", ""node_params"": {""sampling_type"": 0, ""percentage"": 10, ""n_samples"": 15, ""replacement"": false, ""n_folds"": 10, ""selected_folds"": 1, ""replicable"": false, ""stratified"": false}, ""matched"": true}, {""node_id"": ""2902"", ""widget_name"": ""LightGBM"", ""node_name"": ""LightGBM分类器"", ""node_params"": {""boosting_type"": ""gbdt"", ""n_estimators"": 10, ""learning_rate"": 0.1, ""sampling_rate"": 0.1, ""max_depth_check"": false, ""max_depth"": 3, ""num_leaves_check"": false, ""num_leaves"": 31}, ""matched"": true}, {""node_id"": ""2903"", ""widget_name"": ""Test & Score"", ""node_name"": ""模型评估"", ""node_params"": {}, ""matched"": true}]}","{""dependency_requirements"": [{""edge_id"": ""2379"", ""source_node_id"": ""2899"", ""target_node_id"": ""2900""}, {""edge_id"": ""2380"", ""source_node_id"": ""2900"", ""target_node_id"": ""2901""}, {""edge_id"": ""2381"", ""source_node_id"": ""2901"", ""target_node_id"": ""2902""}, {""edge_id"": ""2382"", ""source_node_id"": ""2901"", ""target_node_id"": ""2903""}, {""edge_id"": ""2384"", ""source_node_id"": ""2902"", ""target_node_id"": ""2903""}], ""step_requirements"": [{""node_id"": ""2899"", ""algorithm_step_name"": ""Tabular Dataset Loading"", ""node_name"": ""鸢尾花示例数据"", ""node_params"": {""type"": ""sample"", ""filename"": ""iris.csv""}, ""contrast_level"": 2, ""node_type"": ""io""}, {""node_id"": ""2900"", ""algorithm_step_name"": ""Missing Value Handling"", ""node_name"": ""缺失值处理"", ""node_params"": {""method"": 1}, ""contrast_level"": 2, ""node_type"": ""preprocess""}, {""node_id"": ""2901"", ""algorithm_step_name"": ""Dataset Division"", ""node_name"": ""数据划分处理"", ""node_params"": {""sampling_type"": 0, ""percentage"": 10, ""n_samples"": 15, ""replacement"": false, ""n_folds"": 10, ""selected_folds"": 1, ""replicable"": false, ""stratified"": false}, ""contrast_level"": 2, ""node_type"": ""preprocess""}, {""node_id"": ""2902"", ""algorithm_step_name"": ""LightGBM"", ""node_name"": ""LightGBM分类器"", ""node_params"": {""boosting_type"": ""gbdt"", ""n_estimators"": 10, ""learning_rate"": 0.1, ""sampling_rate"": 0.1, ""max_depth_check"": false, ""max_depth"": 3, ""num_leaves_check"": false, ""num_leaves"": 31}, ""contrast_level"": 2, ""node_type"": ""model""}, {""node_id"": ""2903"", ""algorithm_step_name"": ""Model Evaluate"", ""node_name"": ""模型评估"", ""node_params"": {}, ""contrast_level"": 1, ""node_type"": ""evaluate""}]}"
数据集中没有缺失值，所以帮我把缺失值这个步骤删除掉。,1.0,13721,49,0,0,0,0,0,"{""edges"": [{""edge_id"": ""50050"", ""source_node_id"": ""2906"", ""target_node_id"": ""2907""}, {""edge_id"": ""50051"", ""source_node_id"": ""2906"", ""target_node_id"": ""2908""}, {""edge_id"": ""50053"", ""source_node_id"": ""2907"", ""target_node_id"": ""2908""}, {""edge_id"": ""50054"", ""source_node_id"": ""2904"", ""target_node_id"": ""2906""}], ""nodes"": [{""node_id"": ""2904"", ""widget_name"": ""File"", ""node_name"": ""鸢尾花示例数据"", ""node_params"": {""type"": ""sample"", ""filename"": ""iris.csv""}, ""matched"": true}, {""node_id"": ""2906"", ""widget_name"": ""Data Sampler"", ""node_name"": ""数据划分处理"", ""node_params"": {""sampling_type"": 0, ""percentage"": 10, ""n_samples"": 15, ""replacement"": false, ""n_folds"": 10, ""selected_folds"": 1, ""replicable"": false, ""stratified"": false}, ""matched"": true}, {""node_id"": ""2907"", ""widget_name"": ""LightGBM"", ""node_name"": ""LightGBM分类器"", ""node_params"": {""boosting_type"": ""gbdt"", ""n_estimators"": 10, ""learning_rate"": 0.1, ""sampling_rate"": 0.1, ""max_depth_check"": false, ""max_depth"": 3, ""num_leaves_check"": false, ""num_leaves"": 31}, ""matched"": true}, {""node_id"": ""2908"", ""widget_name"": ""Test & Score"", ""node_name"": ""模型评估"", ""node_params"": {}, ""matched"": true}]}","{""dependency_requirements"": [{""edge_id"": ""2387"", ""source_node_id"": ""2906"", ""target_node_id"": ""2907""}, {""edge_id"": ""2388"", ""source_node_id"": ""2906"", ""target_node_id"": ""2908""}, {""edge_id"": ""2390"", ""source_node_id"": ""2907"", ""target_node_id"": ""2908""}, {""edge_id"": ""2391"", ""source_node_id"": ""2904"", ""target_node_id"": ""2906""}], ""step_requirements"": [{""node_id"": ""2904"", ""algorithm_step_name"": ""Tabular Dataset Loading"", ""node_name"": ""鸢尾花示例数据"", ""node_params"": {""type"": ""sample"", ""filename"": ""iris.csv""}, ""contrast_level"": 2, ""node_type"": ""io""}, {""node_id"": ""2906"", ""algorithm_step_name"": ""Dataset Division"", ""node_name"": ""数据划分处理"", ""node_params"": {""sampling_type"": 0, ""percentage"": 10, ""n_samples"": 15, ""replacement"": false, ""n_folds"": 10, ""selected_folds"": 1, ""replicable"": false, ""stratified"": false}, ""contrast_level"": 2, ""node_type"": ""preprocess""}, {""node_id"": ""2907"", ""algorithm_step_name"": ""LightGBM"", ""node_name"": ""LightGBM分类器"", ""node_params"": {""boosting_type"": ""gbdt"", ""n_estimators"": 10, ""learning_rate"": 0.1, ""sampling_rate"": 0.1, ""max_depth_check"": false, ""max_depth"": 3, ""num_leaves_check"": false, ""num_leaves"": 31}, ""contrast_level"": 2, ""node_type"": ""model""}, {""node_id"": ""2908"", ""algorithm_step_name"": ""Model Evaluate"", ""node_name"": ""模型评估"", ""node_params"": {}, ""contrast_level"": 2, ""node_type"": ""evaluate""}]}"
删除工作流中的KNN模型。,1.0,13677,86,0,0,0,0,0,"{""edges"": [{""edge_id"": ""50055"", ""source_node_id"": ""2914"", ""target_node_id"": ""2915""}, {""edge_id"": ""50056"", ""source_node_id"": ""2915"", ""target_node_id"": ""2916""}, {""edge_id"": ""50058"", ""source_node_id"": ""2915"", ""target_node_id"": ""2918""}, {""edge_id"": ""50062"", ""source_node_id"": ""2916"", ""target_node_id"": ""2918""}], ""nodes"": [{""node_id"": ""2914"", ""widget_name"": ""File"", ""node_name"": ""鸢尾花示例数据"", ""node_params"": {""type"": ""sample"", ""filename"": ""iris.csv""}, ""matched"": true}, {""node_id"": ""2915"", ""widget_name"": ""Data Sampler"", ""node_name"": ""数据划分处理"", ""node_params"": {""sampling_type"": 0, ""percentage"": 10, ""n_samples"": 15, ""replacement"": false, ""n_folds"": 10, ""selected_folds"": 1, ""replicable"": false, ""stratified"": false}, ""matched"": true}, {""node_id"": ""2916"", ""widget_name"": ""LightGBM"", ""node_name"": ""LightGBM分类器"", ""node_params"": {""boosting_type"": ""gbdt"", ""n_estimators"": 10, ""learning_rate"": 0.1, ""sampling_rate"": 0.1, ""max_depth_check"": false, ""max_depth"": 3, ""num_leaves_check"": false, ""num_leaves"": 31}, ""matched"": true}, {""node_id"": ""2918"", ""widget_name"": ""Test & Score"", ""node_name"": ""模型评估"", ""node_params"": {}, ""matched"": true}]}","{""dependency_requirements"": [{""edge_id"": ""2399"", ""source_node_id"": ""2914"", ""target_node_id"": ""2915""}, {""edge_id"": ""2400"", ""source_node_id"": ""2915"", ""target_node_id"": ""2916""}, {""edge_id"": ""2402"", ""source_node_id"": ""2915"", ""target_node_id"": ""2918""}, {""edge_id"": ""2404"", ""source_node_id"": ""2916"", ""target_node_id"": ""2918""}], ""step_requirements"": [{""node_id"": ""2914"", ""algorithm_step_name"": ""Tabular Dataset Loading"", ""node_name"": ""鸢尾花示例数据"", ""node_params"": {""type"": ""sample"", ""filename"": ""iris.csv""}, ""contrast_level"": 2, ""node_type"": ""io""}, {""node_id"": ""2915"", ""algorithm_step_name"": ""Dataset Division"", ""node_name"": ""数据划分处理"", ""node_params"": {""sampling_type"": 0, ""percentage"": 10, ""n_samples"": 15, ""replacement"": false, ""n_folds"": 10, ""selected_folds"": 1, ""replicable"": false, ""stratified"": false}, ""contrast_level"": 2, ""node_type"": ""preprocess""}, {""node_id"": ""2916"", ""algorithm_step_name"": ""LightGBM"", ""node_name"": ""LightGBM分类器"", ""node_params"": {""boosting_type"": ""gbdt"", ""n_estimators"": 10, ""learning_rate"": 0.1, ""sampling_rate"": 0.1, ""max_depth_check"": false, ""max_depth"": 3, ""num_leaves_check"": false, ""num_leaves"": 31}, ""contrast_level"": 2, ""node_type"": ""model""}, {""node_id"": ""2918"", ""algorithm_step_name"": ""Model Evaluate"", ""node_name"": ""模型评估"", ""node_params"": {}, ""contrast_level"": 2, ""node_type"": ""evaluate""}]}"
帮我把工作流中的缺失值处理步骤和多余的KNN模型都删除掉,0.875,13655,122,0,0,0,0,0,"{""edges"": [{""edge_id"": ""50068"", ""source_node_id"": ""2921"", ""target_node_id"": ""2924""}, {""edge_id"": ""50069"", ""source_node_id"": ""2922"", ""target_node_id"": ""2924""}, {""edge_id"": ""50071"", ""source_node_id"": ""2921"", ""target_node_id"": ""2922""}], ""nodes"": [{""node_id"": ""2919"", ""widget_name"": ""File"", ""node_name"": ""鸢尾花示例数据"", ""node_params"": {""type"": ""sample"", ""filename"": ""iris.csv""}, ""matched"": true}, {""node_id"": ""2921"", ""widget_name"": ""Data Sampler"", ""node_name"": ""数据划分处理"", ""node_params"": {""sampling_type"": 0, ""percentage"": 10, ""n_samples"": 15, ""replacement"": false, ""n_folds"": 10, ""selected_folds"": 1, ""replicable"": false, ""stratified"": false}, ""matched"": true}, {""node_id"": ""2922"", ""widget_name"": ""LightGBM"", ""node_name"": ""LightGBM分类器"", ""node_params"": {""boosting_type"": ""gbdt"", ""n_estimators"": 10, ""learning_rate"": 0.1, ""sampling_rate"": 0.1, ""max_depth_check"": false, ""max_depth"": 3, ""num_leaves_check"": false, ""num_leaves"": 31}, ""matched"": true}, {""node_id"": ""2924"", ""widget_name"": ""Test & Score"", ""node_name"": ""模型评估"", ""node_params"": {}, ""matched"": true}]}","{""dependency_requirements"": [{""edge_id"": ""2408"", ""source_node_id"": ""2921"", ""target_node_id"": ""2922""}, {""edge_id"": ""2410"", ""source_node_id"": ""2921"", ""target_node_id"": ""2924""}, {""edge_id"": ""2412"", ""source_node_id"": ""2922"", ""target_node_id"": ""2924""}, {""edge_id"": ""2414"", ""source_node_id"": ""2919"", ""target_node_id"": ""2921""}], ""step_requirements"": [{""node_id"": ""2919"", ""algorithm_step_name"": ""Tabular Dataset Loading"", ""node_name"": ""鸢尾花示例数据"", ""node_params"": {""type"": ""sample"", ""filename"": ""iris.csv""}, ""contrast_level"": 2, ""node_type"": ""io""}, {""node_id"": ""2921"", ""algorithm_step_name"": ""Dataset Division"", ""node_name"": ""数据划分处理"", ""node_params"": {""sampling_type"": 0, ""percentage"": 10, ""n_samples"": 15, ""replacement"": false, ""n_folds"": 10, ""selected_folds"": 1, ""replicable"": false, ""stratified"": false}, ""contrast_level"": 2, ""node_type"": ""preprocess""}, {""node_id"": ""2922"", ""algorithm_step_name"": ""LightGBM"", ""node_name"": ""LightGBM分类器"", ""node_params"": {""boosting_type"": ""gbdt"", ""n_estimators"": 10, ""learning_rate"": 0.1, ""sampling_rate"": 0.1, ""max_depth_check"": false, ""max_depth"": 3, ""num_leaves_check"": false, ""num_leaves"": 31}, ""contrast_level"": 2, ""node_type"": ""model""}, {""node_id"": ""2924"", ""algorithm_step_name"": ""Model Evaluate"", ""node_name"": ""模型评估"", ""node_params"": {}, ""contrast_level"": 2, ""node_type"": ""evaluate""}]}"
在数据抽样之前添加一个特征选择步骤，然后把数据抽样的抽样比例设置为抽取30%。,1.0,13390,114,0,0,0,0,0,"{""edges"": [{""edge_id"": ""50073"", ""source_node_id"": ""2991"", ""target_node_id"": ""2988""}, {""edge_id"": ""50074"", ""source_node_id"": ""2988"", ""target_node_id"": ""2989""}, {""edge_id"": ""50075"", ""source_node_id"": ""2988"", ""target_node_id"": ""2990""}, {""edge_id"": ""50076"", ""source_node_id"": ""2989"", ""target_node_id"": ""2990""}, {""edge_id"": ""50077"", ""source_node_id"": ""2987"", ""target_node_id"": ""2991""}], ""nodes"": [{""node_id"": ""2987"", ""widget_name"": ""File"", ""node_name"": ""鸢尾花示例数据"", ""node_params"": {""type"": ""sample"", ""filename"": ""iris.csv""}, ""matched"": true}, {""node_id"": ""2988"", ""widget_name"": ""Data Sampler"", ""node_name"": ""数据划分处理"", ""node_params"": {""sampling_type"": 0, ""percentage"": 30, ""n_samples"": 15, ""replacement"": false, ""n_folds"": 10, ""selected_folds"": 1, ""replicable"": false, ""stratified"": false}, ""matched"": true}, {""node_id"": ""2989"", ""widget_name"": ""LightGBM"", ""node_name"": ""LightGBM分类器"", ""node_params"": {""boosting_type"": ""gbdt"", ""n_estimators"": 10, ""learning_rate"": 0.1, ""sampling_rate"": 0.1, ""max_depth_check"": false, ""max_depth"": 3, ""num_leaves_check"": false, ""num_leaves"": 31}, ""matched"": true}, {""node_id"": ""2990"", ""widget_name"": ""Predictions"", ""node_name"": ""预测"", ""node_params"": {""output_attrs"": true, ""output_predictions"": true, ""output_probabilities"": false}, ""matched"": true}, {""node_id"": ""2991"", ""widget_name"": ""Select Best N Attributes"", ""node_name"": ""特征选择"", ""node_params"": {""n"": 3}, ""matched"": true}]}","{""dependency_requirements"": [{""edge_id"": ""2485"", ""source_node_id"": ""2991"", ""target_node_id"": ""2988""}, {""edge_id"": ""2486"", ""source_node_id"": ""2988"", ""target_node_id"": ""2989""}, {""edge_id"": ""2487"", ""source_node_id"": ""2988"", ""target_node_id"": ""2990""}, {""edge_id"": ""2488"", ""source_node_id"": ""2989"", ""target_node_id"": ""2990""}, {""edge_id"": ""2489"", ""source_node_id"": ""2987"", ""target_node_id"": ""2991""}], ""step_requirements"": [{""node_id"": ""2987"", ""algorithm_step_name"": ""Tabular Dataset Loading"", ""node_name"": ""鸢尾花示例数据"", ""node_params"": {""type"": ""sample"", ""filename"": ""iris.csv""}, ""contrast_level"": 2, ""node_type"": ""io""}, {""node_id"": ""2988"", ""algorithm_step_name"": ""Dataset Division"", ""node_name"": ""数据划分处理"", ""node_params"": {""sampling_type"": 0, ""percentage"": 30, ""n_samples"": 15, ""replacement"": false, ""n_folds"": 10, ""selected_folds"": 1, ""replicable"": false, ""stratified"": false}, ""contrast_level"": 2, ""node_type"": ""preprocess""}, {""node_id"": ""2989"", ""algorithm_step_name"": ""LightGBM"", ""node_name"": ""LightGBM分类器"", ""node_params"": {""boosting_type"": ""gbdt"", ""n_estimators"": 10, ""learning_rate"": 0.1, ""sampling_rate"": 0.1, ""max_depth_check"": false, ""max_depth"": 3, ""num_leaves_check"": false, ""num_leaves"": 31}, ""contrast_level"": 2, ""node_type"": ""model""}, {""node_id"": ""2990"", ""algorithm_step_name"": ""Test Dataset Predictions"", ""node_name"": ""预测"", ""node_params"": {""output_attrs"": true, ""output_predictions"": true, ""output_probabilities"": false}, ""contrast_level"": 2, ""node_type"": ""predict""}, {""node_id"": ""2991"", ""algorithm_step_name"": ""Feature Selection"", ""node_name"": ""自动特征选择"", ""node_params"": {}, ""contrast_level"": 1, ""node_type"": ""feature engineering""}]}"
帮我把数据划分的比例改为5:5，最后还需要你添加一个步骤帮我把预测结果保存。,1.0,14049,85,0,0,0,0,0,"{""edges"": [{""edge_id"": ""50078"", ""source_node_id"": ""2982"", ""target_node_id"": ""2983""}, {""edge_id"": ""50079"", ""source_node_id"": ""2983"", ""target_node_id"": ""2984""}, {""edge_id"": ""50080"", ""source_node_id"": ""2983"", ""target_node_id"": ""2985""}, {""edge_id"": ""50081"", ""source_node_id"": ""2984"", ""target_node_id"": ""2985""}, {""edge_id"": ""50082"", ""source_node_id"": ""2985"", ""target_node_id"": ""2986""}], ""nodes"": [{""node_id"": ""2982"", ""widget_name"": ""File"", ""node_name"": ""鸢尾花示例数据"", ""node_params"": {""type"": ""sample"", ""filename"": ""iris.csv""}, ""matched"": true}, {""node_id"": ""2983"", ""widget_name"": ""Data Sampler"", ""node_name"": ""数据划分处理"", ""node_params"": {""sampling_type"": 0, ""percentage"": 50, ""n_samples"": 15, ""replacement"": false, ""n_folds"": 10, ""selected_folds"": 1, ""replicable"": false, ""stratified"": false}, ""matched"": true}, {""node_id"": ""2984"", ""widget_name"": ""LightGBM"", ""node_name"": ""LightGBM分类器"", ""node_params"": {""boosting_type"": ""gbdt"", ""n_estimators"": 10, ""learning_rate"": 0.1, ""sampling_rate"": 0.1, ""max_depth_check"": false, ""max_depth"": 3, ""num_leaves_check"": false, ""num_leaves"": 31}, ""matched"": true}, {""node_id"": ""2985"", ""widget_name"": ""Predictions"", ""node_name"": ""预测"", ""node_params"": {""output_attrs"": true, ""output_predictions"": true, ""output_probabilities"": false}, ""matched"": true}, {""node_id"": ""2986"", ""widget_name"": ""Save Data"", ""node_name"": ""保存预测结果"", ""node_params"": {}, ""matched"": true}]}","{""dependency_requirements"": [{""edge_id"": ""2480"", ""source_node_id"": ""2982"", ""target_node_id"": ""2983""}, {""edge_id"": ""2481"", ""source_node_id"": ""2983"", ""target_node_id"": ""2984""}, {""edge_id"": ""2482"", ""source_node_id"": ""2983"", ""target_node_id"": ""2985""}, {""edge_id"": ""2483"", ""source_node_id"": ""2984"", ""target_node_id"": ""2985""}, {""edge_id"": ""2484"", ""source_node_id"": ""2985"", ""target_node_id"": ""2986""}], ""step_requirements"": [{""node_id"": ""2982"", ""algorithm_step_name"": ""Tabular Dataset Loading"", ""node_name"": ""鸢尾花示例数据"", ""node_params"": {""type"": ""sample"", ""filename"": ""iris.csv""}, ""contrast_level"": 2, ""node_type"": ""io""}, {""node_id"": ""2983"", ""algorithm_step_name"": ""Dataset Division"", ""node_name"": ""数据划分处理"", ""node_params"": {""sampling_type"": 0, ""percentage"": 50, ""n_samples"": 15, ""replacement"": false, ""n_folds"": 10, ""selected_folds"": 1, ""replicable"": false, ""stratified"": false}, ""contrast_level"": 2, ""node_type"": ""preprocess""}, {""node_id"": ""2984"", ""algorithm_step_name"": ""LightGBM"", ""node_name"": ""LightGBM分类器"", ""node_params"": {""boosting_type"": ""gbdt"", ""n_estimators"": 10, ""learning_rate"": 0.1, ""sampling_rate"": 0.1, ""max_depth_check"": false, ""max_depth"": 3, ""num_leaves_check"": false, ""num_leaves"": 31}, ""contrast_level"": 2, ""node_type"": ""model""}, {""node_id"": ""2985"", ""algorithm_step_name"": ""Test Dataset Predictions"", ""node_name"": ""预测"", ""node_params"": {""output_attrs"": true, ""output_predictions"": true, ""output_probabilities"": false}, ""contrast_level"": 2, ""node_type"": ""predict""}, {""node_id"": ""2986"", ""algorithm_step_name"": ""Save Data"", ""node_name"": ""Save Data"", ""node_params"": {}, ""contrast_level"": 1, ""node_type"": ""io""}]}"
帮我把目标检测使用的模型换成SSD，学习率使用0.02。最后，我还需要查看训练日志。,1.0,12935,96,0,0,0,0,0,"{""edges"": [{""edge_id"": ""50083"", ""source_node_id"": ""2998"", ""target_node_id"": ""2999""}, {""edge_id"": ""50084"", ""source_node_id"": ""2999"", ""target_node_id"": ""3000""}], ""nodes"": [{""node_id"": ""2998"", ""widget_name"": ""Image"", ""node_name"": ""猫狗图像数据"", ""node_params"": {}, ""matched"": true}, {""node_id"": ""2999"", ""widget_name"": ""Object Detection"", ""node_name"": ""目标检测"", ""node_params"": {""frame"": ""pytorch"", ""select_model"": ""SSD"", ""backbone"": ""DarkNet53"", ""epoch"": 3, ""learning_rate"": 0.02, ""batch_size"": 2}, ""matched"": true}, {""node_id"": ""3000"", ""widget_name"": ""Train Log"", ""node_name"": ""训练日志"", ""node_params"": {}, ""matched"": true}]}","{""dependency_requirements"": [{""edge_id"": ""2495"", ""source_node_id"": ""2998"", ""target_node_id"": ""2999""}, {""edge_id"": ""2496"", ""source_node_id"": ""2999"", ""target_node_id"": ""3000""}], ""step_requirements"": [{""node_id"": ""2998"", ""algorithm_step_name"": ""Image Dataset Loading"", ""node_name"": ""猫狗图像数据"", ""node_params"": {}, ""contrast_level"": 2, ""node_type"": ""io""}, {""node_id"": ""2999"", ""algorithm_step_name"": ""Object Detection Model"", ""node_name"": ""目标检测"", ""node_params"": {""frame"": ""pytorch"", ""select_model"": ""SSD"", ""backbone"": ""DarkNet53"", ""epoch"": 3, ""learning_rate"": 0.02, ""batch_size"": 2}, ""contrast_level"": 2, ""node_type"": ""model""}, {""node_id"": ""3000"", ""algorithm_step_name"": ""Train Log"", ""node_name"": ""训练日志"", ""node_params"": {}, ""contrast_level"": 2, ""node_type"": ""visualize""}]}"
帮我把缺失值处理方式修改为使用平均值填补，然后把多余的KNN模型删除掉。,1.0,13568,53,0,0,0,0,0,"{""edges"": [{""edge_id"": ""50085"", ""source_node_id"": ""2958"", ""target_node_id"": ""2959""}, {""edge_id"": ""50086"", ""source_node_id"": ""2959"", ""target_node_id"": ""2960""}, {""edge_id"": ""50087"", ""source_node_id"": ""2960"", ""target_node_id"": ""2961""}, {""edge_id"": ""50089"", ""source_node_id"": ""2960"", ""target_node_id"": ""2963""}, {""edge_id"": ""50091"", ""source_node_id"": ""2961"", ""target_node_id"": ""2963""}], ""nodes"": [{""node_id"": ""2958"", ""widget_name"": ""File"", ""node_name"": ""鸢尾花示例数据"", ""node_params"": {""type"": ""sample"", ""filename"": ""iris.csv""}, ""matched"": true}, {""node_id"": ""2959"", ""widget_name"": ""Impute"", ""node_name"": ""缺失值处理"", ""node_params"": {""method"": 2}, ""matched"": true}, {""node_id"": ""2960"", ""widget_name"": ""Data Sampler"", ""node_name"": ""数据划分处理"", ""node_params"": {""sampling_type"": 0, ""percentage"": 10, ""n_samples"": 15, ""replacement"": false, ""n_folds"": 10, ""selected_folds"": 1, ""replicable"": false, ""stratified"": false}, ""matched"": true}, {""node_id"": ""2961"", ""widget_name"": ""LightGBM"", ""node_name"": ""LightGBM分类器"", ""node_params"": {""boosting_type"": ""gbdt"", ""n_estimators"": 10, ""learning_rate"": 0.1, ""sampling_rate"": 0.1, ""max_depth_check"": false, ""max_depth"": 3, ""num_leaves_check"": false, ""num_leaves"": 31}, ""matched"": true}, {""node_id"": ""2963"", ""widget_name"": ""Test & Score"", ""node_name"": ""模型评估"", ""node_params"": {}, ""matched"": true}]}","{""dependency_requirements"": [{""edge_id"": ""2447"", ""source_node_id"": ""2958"", ""target_node_id"": ""2959""}, {""edge_id"": ""2448"", ""source_node_id"": ""2959"", ""target_node_id"": ""2960""}, {""edge_id"": ""2449"", ""source_node_id"": ""2960"", ""target_node_id"": ""2961""}, {""edge_id"": ""2451"", ""source_node_id"": ""2960"", ""target_node_id"": ""2963""}, {""edge_id"": ""2453"", ""source_node_id"": ""2961"", ""target_node_id"": ""2963""}], ""step_requirements"": [{""node_id"": ""2958"", ""algorithm_step_name"": ""Tabular Dataset Loading"", ""node_name"": ""鸢尾花示例数据"", ""node_params"": {""type"": ""sample"", ""filename"": ""iris.csv""}, ""contrast_level"": 2, ""node_type"": ""io""}, {""node_id"": ""2959"", ""algorithm_step_name"": ""Missing Value Handling"", ""node_name"": ""缺失值处理"", ""node_params"": {""method"": 2}, ""contrast_level"": 2, ""node_type"": ""preprocess""}, {""node_id"": ""2960"", ""algorithm_step_name"": ""Dataset Division"", ""node_name"": ""数据划分处理"", ""node_params"": {""sampling_type"": 0, ""percentage"": 10, ""n_samples"": 15, ""replacement"": false, ""n_folds"": 10, ""selected_folds"": 1, ""replicable"": false, ""stratified"": false}, ""contrast_level"": 2, ""node_type"": ""preprocess""}, {""node_id"": ""2961"", ""algorithm_step_name"": ""LightGBM"", ""node_name"": ""LightGBM分类器"", ""node_params"": {""boosting_type"": ""gbdt"", ""n_estimators"": 10, ""learning_rate"": 0.1, ""sampling_rate"": 0.1, ""max_depth_check"": false, ""max_depth"": 3, ""num_leaves_check"": false, ""num_leaves"": 31}, ""contrast_level"": 2, ""node_type"": ""model""}, {""node_id"": ""2963"", ""algorithm_step_name"": ""Model Evaluate"", ""node_name"": ""模型评估"", ""node_params"": {}, ""contrast_level"": 2, ""node_type"": ""evaluate""}]}"
独热编码这个步骤是冗余的，帮我删除掉。在这之后还需要你将随机森林数的数量改为30，缺失值的处理方法改为用随机值填补。,1.0,14141,110,0,0,0,0,0,"{""edges"": [{""edge_id"": ""50093"", ""source_node_id"": ""3002"", ""target_node_id"": ""3003""}, {""edge_id"": ""50096"", ""source_node_id"": ""3005"", ""target_node_id"": ""3006""}, {""edge_id"": ""50097"", ""source_node_id"": ""3005"", ""target_node_id"": ""3007""}, {""edge_id"": ""50099"", ""source_node_id"": ""3006"", ""target_node_id"": ""3007""}, {""edge_id"": ""50100"", ""source_node_id"": ""3003"", ""target_node_id"": ""3005""}], ""nodes"": [{""node_id"": ""3002"", ""widget_name"": ""File"", ""node_name"": ""数据"", ""node_params"": {""type"": ""sample"", ""filename"": ""iris.csv""}, ""matched"": true}, {""node_id"": ""3003"", ""widget_name"": ""Impute"", ""node_name"": ""缺失值处理"", ""node_params"": {""method"": 4}, ""matched"": true}, {""node_id"": ""3005"", ""widget_name"": ""Data Sampler"", ""node_name"": ""数据采样"", ""node_params"": {""sampling_type"": 0, ""percentage"": 10, ""n_samples"": 15, ""replacement"": false, ""n_folds"": 10, ""selected_folds"": 1, ""replicable"": false, ""stratified"": false}, ""matched"": true}, {""node_id"": ""3006"", ""widget_name"": ""Random Forest"", ""node_name"": ""随机森林"", ""node_params"": {""n_estimators"": 30, ""use_max_features"": false, ""max_features"": ""auto"", ""use_random_state"": false, ""use_max_depth"": false, ""max_depth"": 3, ""use_min_samples_split"": true, ""min_samples_split"": 2}, ""matched"": true}, {""node_id"": ""3007"", ""widget_name"": ""Test & Score"", ""node_name"": ""测试得分"", ""node_params"": {}, ""matched"": true}]}","{""dependency_requirements"": [{""edge_id"": ""2497"", ""source_node_id"": ""3002"", ""target_node_id"": ""3003""}, {""edge_id"": ""2500"", ""source_node_id"": ""3005"", ""target_node_id"": ""3006""}, {""edge_id"": ""2501"", ""source_node_id"": ""3005"", ""target_node_id"": ""3007""}, {""edge_id"": ""2503"", ""source_node_id"": ""3006"", ""target_node_id"": ""3007""}, {""edge_id"": ""2504"", ""source_node_id"": ""3003"", ""target_node_id"": ""3005""}], ""step_requirements"": [{""node_id"": ""3002"", ""algorithm_step_name"": ""Tabular Dataset Loading"", ""node_name"": ""数据"", ""node_params"": {""type"": ""sample"", ""filename"": ""iris.csv""}, ""contrast_level"": 2, ""node_type"": ""io""}, {""node_id"": ""3003"", ""algorithm_step_name"": ""Missing Value Handling"", ""node_name"": ""缺失值处理"", ""node_params"": {""method"": 4}, ""contrast_level"": 2, ""node_type"": ""preprocess""}, {""node_id"": ""3005"", ""algorithm_step_name"": ""Dataset Division"", ""node_name"": ""数据采样"", ""node_params"": {""sampling_type"": 0, ""percentage"": 10, ""n_samples"": 15, ""replacement"": false, ""n_folds"": 10, ""selected_folds"": 1, ""replicable"": false, ""stratified"": false}, ""contrast_level"": 2, ""node_type"": ""preprocess""}, {""node_id"": ""3006"", ""algorithm_step_name"": ""Random Forest"", ""node_name"": ""随机森林"", ""node_params"": {""n_estimators"": 30, ""use_max_features"": false, ""max_features"": ""auto"", ""use_random_state"": false, ""use_max_depth"": false, ""max_depth"": 3, ""use_min_samples_split"": true, ""min_samples_split"": 2}, ""contrast_level"": 2, ""node_type"": ""model""}, {""node_id"": ""3007"", ""algorithm_step_name"": ""Model Evaluate"", ""node_name"": ""测试得分"", ""node_params"": {}, ""contrast_level"": 2, ""node_type"": ""evaluate""}]}"
帮我把多余的模型都删除掉，只留下LightGBM，并把LightGBM的学习率改为0.01。,1.0,13840,89,0,0,0,0,0,"{""edges"": [{""edge_id"": ""50101"", ""source_node_id"": ""3032"", ""target_node_id"": ""3033""}, {""edge_id"": ""50103"", ""source_node_id"": ""3033"", ""target_node_id"": ""3035""}, {""edge_id"": ""50106"", ""source_node_id"": ""3033"", ""target_node_id"": ""3038""}, {""edge_id"": ""50109"", ""source_node_id"": ""3035"", ""target_node_id"": ""3038""}], ""nodes"": [{""node_id"": ""3032"", ""widget_name"": ""File"", ""node_name"": ""数据"", ""node_params"": {""type"": ""sample"", ""filename"": ""iris.csv""}, ""matched"": true}, {""node_id"": ""3033"", ""widget_name"": ""Data Sampler"", ""node_name"": ""数据采样"", ""node_params"": {""sampling_type"": 0, ""percentage"": 10, ""n_samples"": 15, ""replacement"": false, ""n_folds"": 10, ""selected_folds"": 1, ""replicable"": false, ""stratified"": false}, ""matched"": true}, {""node_id"": ""3035"", ""widget_name"": ""LightGBM"", ""node_name"": ""LightGBM"", ""node_params"": {""boosting_type"": ""gbdt"", ""n_estimators"": 10, ""learning_rate"": 0.01, ""sampling_rate"": 0.1, ""max_depth_check"": false, ""max_depth"": 3, ""num_leaves_check"": false, ""num_leaves"": 31}, ""matched"": true}, {""node_id"": ""3038"", ""widget_name"": ""Test & Score"", ""node_name"": ""测试得分"", ""node_params"": {}, ""matched"": true}]}","{""dependency_requirements"": [{""edge_id"": ""2536"", ""source_node_id"": ""3032"", ""target_node_id"": ""3033""}, {""edge_id"": ""2538"", ""source_node_id"": ""3033"", ""target_node_id"": ""3035""}, {""edge_id"": ""2541"", ""source_node_id"": ""3033"", ""target_node_id"": ""3038""}, {""edge_id"": ""2544"", ""source_node_id"": ""3035"", ""target_node_id"": ""3038""}], ""step_requirements"": [{""node_id"": ""3032"", ""algorithm_step_name"": ""Tabular Dataset Loading"", ""node_name"": ""数据"", ""node_params"": {""type"": ""sample"", ""filename"": ""iris.csv""}, ""contrast_level"": 2, ""node_type"": ""io""}, {""node_id"": ""3033"", ""algorithm_step_name"": ""Dataset Division"", ""node_name"": ""数据采样"", ""node_params"": {""sampling_type"": 0, ""percentage"": 10, ""n_samples"": 15, ""replacement"": false, ""n_folds"": 10, ""selected_folds"": 1, ""replicable"": false, ""stratified"": false}, ""contrast_level"": 2, ""node_type"": ""preprocess""}, {""node_id"": ""3035"", ""algorithm_step_name"": ""LightGBM"", ""node_name"": ""LightGBM"", ""node_params"": {""boosting_type"": ""gbdt"", ""n_estimators"": 10, ""learning_rate"": 0.01, ""sampling_rate"": 0.1, ""max_depth_check"": false, ""max_depth"": 3, ""num_leaves_check"": false, ""num_leaves"": 31}, ""contrast_level"": 2, ""node_type"": ""model""}, {""node_id"": ""3038"", ""algorithm_step_name"": ""Model Evaluate"", ""node_name"": ""测试得分"", ""node_params"": {}, ""contrast_level"": 2, ""node_type"": ""evaluate""}]}"
帮我把LightGBM模型更换为XGBoost。,1.0,13434,109,0,0,0,0,0,"{""edges"": [{""edge_id"": ""50112"", ""source_node_id"": ""2964"", ""target_node_id"": ""2965""}, {""edge_id"": ""50113"", ""source_node_id"": ""2965"", ""target_node_id"": ""2966""}, {""edge_id"": ""50115"", ""source_node_id"": ""2966"", ""target_node_id"": ""2968""}, {""edge_id"": ""50118"", ""source_node_id"": ""2966"", ""target_node_id"": ""2969""}, {""edge_id"": ""50119"", ""source_node_id"": ""2969"", ""target_node_id"": ""2968""}], ""nodes"": [{""node_id"": ""2964"", ""widget_name"": ""File"", ""node_name"": ""鸢尾花示例数据"", ""node_params"": {""type"": ""sample"", ""filename"": ""iris.csv""}, ""matched"": true}, {""node_id"": ""2965"", ""widget_name"": ""Impute"", ""node_name"": ""缺失值处理"", ""node_params"": {""method"": 1}, ""matched"": true}, {""node_id"": ""2966"", ""widget_name"": ""Data Sampler"", ""node_name"": ""数据划分处理"", ""node_params"": {""sampling_type"": 0, ""percentage"": 10, ""n_samples"": 15, ""replacement"": false, ""n_folds"": 10, ""selected_folds"": 1, ""replicable"": false, ""stratified"": false}, ""matched"": true}, {""node_id"": ""2968"", ""widget_name"": ""Test & Score"", ""node_name"": ""模型评估"", ""node_params"": {}, ""matched"": true}, {""node_id"": ""2969"", ""widget_name"": ""XGBoost"", ""node_name"": ""XGBoost分类器"", ""node_params"": {""booster"": ""gbtree"", ""learning_rate"": 0.3, ""gamma"": 0, ""max_depth"": 6, ""min_child_widget"": 1, ""max_delta_step"": 0, ""subsample"": 1, ""sampling_method"": ""uniform"", ""lambda"": 1, ""alpha"": 0, ""tree_method"": ""auto"", ""scale_pos_weight"": 1, ""updater"": ""grow_colmaker"", ""process_type"": ""default"", ""grow_policy"": ""depthwise""}, ""matched"": true}]}","{""dependency_requirements"": [{""edge_id"": ""2455"", ""source_node_id"": ""2964"", ""target_node_id"": ""2965""}, {""edge_id"": ""2456"", ""source_node_id"": ""2965"", ""target_node_id"": ""2966""}, {""edge_id"": ""2458"", ""source_node_id"": ""2966"", ""target_node_id"": ""2968""}, {""edge_id"": ""2461"", ""source_node_id"": ""2966"", ""target_node_id"": ""2969""}, {""edge_id"": ""2462"", ""source_node_id"": ""2969"", ""target_node_id"": ""2968""}], ""step_requirements"": [{""node_id"": ""2964"", ""algorithm_step_name"": ""Tabular Dataset Loading"", ""node_name"": ""鸢尾花示例数据"", ""node_params"": {""type"": ""sample"", ""filename"": ""iris.csv""}, ""contrast_level"": 2, ""node_type"": ""io""}, {""node_id"": ""2965"", ""algorithm_step_name"": ""Missing Value Handling"", ""node_name"": ""缺失值处理"", ""node_params"": {""method"": 1}, ""contrast_level"": 2, ""node_type"": ""preprocess""}, {""node_id"": ""2966"", ""algorithm_step_name"": ""Dataset Division"", ""node_name"": ""数据划分处理"", ""node_params"": {""sampling_type"": 0, ""percentage"": 10, ""n_samples"": 15, ""replacement"": false, ""n_folds"": 10, ""selected_folds"": 1, ""replicable"": false, ""stratified"": false}, ""contrast_level"": 2, ""node_type"": ""preprocess""}, {""node_id"": ""2968"", ""algorithm_step_name"": ""Model Evaluate"", ""node_name"": ""模型评估"", ""node_params"": {}, ""contrast_level"": 2, ""node_type"": ""evaluate""}, {""node_id"": ""2969"", ""algorithm_step_name"": ""XGBoost"", ""node_name"": ""XGBoost分类器"", ""node_params"": {}, ""contrast_level"": 1, ""node_type"": ""model""}]}"
我不需要对模型进行评估了，帮我把模型评估组件换成预测组件。,1.0,13910,145,0,0,0,0,0,"{""edges"": [{""edge_id"": ""50120"", ""source_node_id"": ""2970"", ""target_node_id"": ""2971""}, {""edge_id"": ""50121"", ""source_node_id"": ""2971"", ""target_node_id"": ""2972""}, {""edge_id"": ""50122"", ""source_node_id"": ""2972"", ""target_node_id"": ""2973""}, {""edge_id"": ""50126"", ""source_node_id"": ""2972"", ""target_node_id"": ""2975""}, {""edge_id"": ""50127"", ""source_node_id"": ""2973"", ""target_node_id"": ""2975""}], ""nodes"": [{""node_id"": ""2970"", ""widget_name"": ""File"", ""node_name"": ""鸢尾花示例数据"", ""node_params"": {""type"": ""sample"", ""filename"": ""iris.csv""}, ""matched"": true}, {""node_id"": ""2971"", ""widget_name"": ""Impute"", ""node_name"": ""缺失值处理"", ""node_params"": {""method"": 1}, ""matched"": true}, {""node_id"": ""2972"", ""widget_name"": ""Data Sampler"", ""node_name"": ""数据划分处理"", ""node_params"": {""sampling_type"": 0, ""percentage"": 10, ""n_samples"": 15, ""replacement"": false, ""n_folds"": 10, ""selected_folds"": 1, ""replicable"": false, ""stratified"": false}, ""matched"": true}, {""node_id"": ""2973"", ""widget_name"": ""LightGBM"", ""node_name"": ""LightGBM分类器"", ""node_params"": {""boosting_type"": ""gbdt"", ""n_estimators"": 10, ""learning_rate"": 0.1, ""sampling_rate"": 0.1, ""max_depth_check"": false, ""max_depth"": 3, ""num_leaves_check"": false, ""num_leaves"": 31}, ""matched"": true}, {""node_id"": ""2975"", ""widget_name"": ""Predictions"", ""node_name"": ""预测"", ""node_params"": {""output_attrs"": true, ""output_predictions"": true, ""output_probabilities"": true}, ""matched"": true}]}","{""dependency_requirements"": [{""edge_id"": ""2463"", ""source_node_id"": ""2970"", ""target_node_id"": ""2971""}, {""edge_id"": ""2464"", ""source_node_id"": ""2971"", ""target_node_id"": ""2972""}, {""edge_id"": ""2465"", ""source_node_id"": ""2972"", ""target_node_id"": ""2973""}, {""edge_id"": ""2469"", ""source_node_id"": ""2972"", ""target_node_id"": ""2975""}, {""edge_id"": ""2470"", ""source_node_id"": ""2973"", ""target_node_id"": ""2975""}], ""step_requirements"": [{""node_id"": ""2970"", ""algorithm_step_name"": ""Tabular Dataset Loading"", ""node_name"": ""鸢尾花示例数据"", ""node_params"": {""type"": ""sample"", ""filename"": ""iris.csv""}, ""contrast_level"": 2, ""node_type"": ""io""}, {""node_id"": ""2971"", ""algorithm_step_name"": ""Missing Value Handling"", ""node_name"": ""缺失值处理"", ""node_params"": {""method"": 1}, ""contrast_level"": 2, ""node_type"": ""preprocess""}, {""node_id"": ""2972"", ""algorithm_step_name"": ""Dataset Division"", ""node_name"": ""数据划分处理"", ""node_params"": {""sampling_type"": 0, ""percentage"": 10, ""n_samples"": 15, ""replacement"": false, ""n_folds"": 10, ""selected_folds"": 1, ""replicable"": false, ""stratified"": false}, ""contrast_level"": 2, ""node_type"": ""preprocess""}, {""node_id"": ""2973"", ""algorithm_step_name"": ""LightGBM"", ""node_name"": ""LightGBM分类器"", ""node_params"": {""boosting_type"": ""gbdt"", ""n_estimators"": 10, ""learning_rate"": 0.1, ""sampling_rate"": 0.1, ""max_depth_check"": false, ""max_depth"": 3, ""num_leaves_check"": false, ""num_leaves"": 31}, ""contrast_level"": 2, ""node_type"": ""model""}, {""node_id"": ""2975"", ""algorithm_step_name"": ""Test Dataset Predictions"", ""node_name"": ""预测"", ""node_params"": {}, ""contrast_level"": 1, ""node_type"": ""predict""}]}"
帮我把缺失值处理步骤删除掉，并换一个更好的模型。,0.875,13527,98,0,0,0,0,0,"{""edges"": [{""edge_id"": ""50130"", ""source_node_id"": ""2978"", ""target_node_id"": ""60440""}, {""edge_id"": ""50131"", ""source_node_id"": ""2978"", ""target_node_id"": ""2980""}, {""edge_id"": ""50133"", ""source_node_id"": ""60440"", ""target_node_id"": ""2980""}, {""edge_id"": ""50134"", ""source_node_id"": ""2978"", ""target_node_id"": ""2981""}, {""edge_id"": ""50135"", ""source_node_id"": ""2981"", ""target_node_id"": ""2980""}], ""nodes"": [{""node_id"": ""2976"", ""widget_name"": ""File"", ""node_name"": ""鸢尾花示例数据"", ""node_params"": {""type"": ""sample"", ""filename"": ""iris.csv""}, ""matched"": true}, {""node_id"": ""2978"", ""widget_name"": ""Data Sampler"", ""node_name"": ""数据划分处理"", ""node_params"": {""sampling_type"": 0, ""percentage"": 10, ""n_samples"": 15, ""replacement"": false, ""n_folds"": 10, ""selected_folds"": 1, ""replicable"": false, ""stratified"": false}, ""matched"": true}, {""node_id"": ""60440"", ""widget_name"": ""LightGBM"", ""node_name"": ""LightGBM分类器"", ""node_params"": {""boosting_type"": ""gbdt"", ""n_estimators"": 10, ""learning_rate"": 0.1, ""sampling_rate"": 0.1, ""max_depth_check"": false, ""max_depth"": 3, ""num_leaves_check"": false, ""num_leaves"": 31}, ""matched"": false}, {""node_id"": ""2980"", ""widget_name"": ""Test & Score"", ""node_name"": ""模型评估"", ""node_params"": {}, ""matched"": true}, {""node_id"": ""2981"", ""widget_name"": ""XGBoost"", ""node_name"": ""XGBoost分类器"", ""node_params"": {""booster"": ""gbtree"", ""learning_rate"": 0.3, ""gamma"": 0, ""max_depth"": 6, ""min_child_widget"": 1, ""max_delta_step"": 0, ""subsample"": 1, ""sampling_method"": ""uniform"", ""lambda"": 1, ""alpha"": 0, ""tree_method"": ""auto"", ""scale_pos_weight"": 1, ""updater"": ""grow_colmaker"", ""process_type"": ""default"", ""grow_policy"": ""depthwise""}, ""matched"": true}]}","{""dependency_requirements"": [{""edge_id"": ""2474"", ""source_node_id"": ""2978"", ""target_node_id"": ""2980""}, {""edge_id"": ""2477"", ""source_node_id"": ""2976"", ""target_node_id"": ""2978""}, {""edge_id"": ""2478"", ""source_node_id"": ""2978"", ""target_node_id"": ""2981""}, {""edge_id"": ""2479"", ""source_node_id"": ""2981"", ""target_node_id"": ""2980""}], ""step_requirements"": [{""node_id"": ""2976"", ""algorithm_step_name"": ""Tabular Dataset Loading"", ""node_name"": ""鸢尾花示例数据"", ""node_params"": {""type"": ""sample"", ""filename"": ""iris.csv""}, ""contrast_level"": 2, ""node_type"": ""io""}, {""node_id"": ""2978"", ""algorithm_step_name"": ""Dataset Division"", ""node_name"": ""数据划分处理"", ""node_params"": {""sampling_type"": 0, ""percentage"": 10, ""n_samples"": 15, ""replacement"": false, ""n_folds"": 10, ""selected_folds"": 1, ""replicable"": false, ""stratified"": false}, ""contrast_level"": 2, ""node_type"": ""preprocess""}, {""node_id"": ""2980"", ""algorithm_step_name"": ""Model Evaluate"", ""node_name"": ""模型评估"", ""node_params"": {}, ""contrast_level"": 2, ""node_type"": ""evaluate""}, {""node_id"": ""2981"", ""algorithm_step_name"": ""XGBoost"", ""node_name"": ""XGBoost"", ""node_params"": {}, ""contrast_level"": 1, ""node_type"": ""model""}]}"
我的数据集没有缺失值，所以请你帮我删除掉缺失值处理这一步，然后把数据抽样的比例改为7:3，最后帮我添加一个可视化混淆矩阵的步骤。,0.9,13454,104,0,0,0,0,0,"{""edges"": [{""edge_id"": ""50138"", ""source_node_id"": ""3047"", ""target_node_id"": ""3048""}, {""edge_id"": ""50139"", ""source_node_id"": ""3047"", ""target_node_id"": ""3049""}, {""edge_id"": ""50141"", ""source_node_id"": ""3048"", ""target_node_id"": ""3049""}, {""edge_id"": ""50142"", ""source_node_id"": ""3049"", ""target_node_id"": ""3050""}], ""nodes"": [{""node_id"": ""3045"", ""widget_name"": ""File"", ""node_name"": ""数据"", ""node_params"": {""type"": ""sample"", ""filename"": ""iris.csv""}, ""matched"": true}, {""node_id"": ""3047"", ""widget_name"": ""Data Sampler"", ""node_name"": ""数据采样"", ""node_params"": {""sampling_type"": 0, ""percentage"": 30, ""n_samples"": 15, ""replacement"": false, ""n_folds"": 10, ""selected_folds"": 1, ""replicable"": false, ""stratified"": false}, ""matched"": true}, {""node_id"": ""3048"", ""widget_name"": ""LightGBM"", ""node_name"": ""LightGBM"", ""node_params"": {""boosting_type"": ""gbdt"", ""n_estimators"": 10, ""learning_rate"": 0.1, ""sampling_rate"": 0.1, ""max_depth_check"": false, ""max_depth"": 3, ""num_leaves_check"": false, ""num_leaves"": 31}, ""matched"": true}, {""node_id"": ""3049"", ""widget_name"": ""Test & Score"", ""node_name"": ""测试得分"", ""node_params"": {}, ""matched"": true}, {""node_id"": ""3050"", ""widget_name"": ""Confusion Matrix"", ""node_name"": ""混淆矩阵"", ""node_params"": {}, ""matched"": true}]}","{""dependency_requirements"": [{""edge_id"": ""2556"", ""source_node_id"": ""3047"", ""target_node_id"": ""3048""}, {""edge_id"": ""2557"", ""source_node_id"": ""3047"", ""target_node_id"": ""3049""}, {""edge_id"": ""2559"", ""source_node_id"": ""3048"", ""target_node_id"": ""3049""}, {""edge_id"": ""2560"", ""source_node_id"": ""3045"", ""target_node_id"": ""3047""}, {""edge_id"": ""2561"", ""source_node_id"": ""3049"", ""target_node_id"": ""3050""}], ""step_requirements"": [{""node_id"": ""3045"", ""algorithm_step_name"": ""Tabular Dataset Loading"", ""node_name"": ""数据"", ""node_params"": {""type"": ""sample"", ""filename"": ""iris.csv""}, ""contrast_level"": 2, ""node_type"": ""io""}, {""node_id"": ""3047"", ""algorithm_step_name"": ""Dataset Division"", ""node_name"": ""数据采样"", ""node_params"": {""sampling_type"": 0, ""percentage"": 30, ""n_samples"": 15, ""replacement"": false, ""n_folds"": 10, ""selected_folds"": 1, ""replicable"": false, ""stratified"": false}, ""contrast_level"": 2, ""node_type"": ""preprocess""}, {""node_id"": ""3048"", ""algorithm_step_name"": ""LightGBM"", ""node_name"": ""LightGBM"", ""node_params"": {""boosting_type"": ""gbdt"", ""n_estimators"": 10, ""learning_rate"": 0.1, ""sampling_rate"": 0.1, ""max_depth_check"": false, ""max_depth"": 3, ""num_leaves_check"": false, ""num_leaves"": 31}, ""contrast_level"": 2, ""node_type"": ""model""}, {""node_id"": ""3049"", ""algorithm_step_name"": ""Model Evaluate"", ""node_name"": ""测试得分"", ""node_params"": {}, ""contrast_level"": 2, ""node_type"": ""evaluate""}, {""node_id"": ""3050"", ""algorithm_step_name"": ""Confusion Matrix"", ""node_name"": ""混淆矩阵"", ""node_params"": {}, ""contrast_level"": 2, ""node_type"": ""visualize""}]}"
帮我把加载的数据集换成房价示例数据集。然后，把KNN模型给我换成XGBoost模型。,1.0,13013,137,0,0,0,0,0,"{""edges"": [{""edge_id"": ""50143"", ""source_node_id"": ""3051"", ""target_node_id"": ""3052""}, {""edge_id"": ""50145"", ""source_node_id"": ""3052"", ""target_node_id"": ""3054""}, {""edge_id"": ""50148"", ""source_node_id"": ""3052"", ""target_node_id"": ""3055""}, {""edge_id"": ""50149"", ""source_node_id"": ""3055"", ""target_node_id"": ""3054""}], ""nodes"": [{""node_id"": ""3051"", ""widget_name"": ""File"", ""node_name"": ""数据"", ""node_params"": {""type"": ""sample"", ""filename"": ""housing.csv""}, ""matched"": true}, {""node_id"": ""3052"", ""widget_name"": ""Data Sampler"", ""node_name"": ""数据采样"", ""node_params"": {""sampling_type"": 0, ""percentage"": 10, ""n_samples"": 15, ""replacement"": false, ""n_folds"": 10, ""selected_folds"": 1, ""replicable"": false, ""stratified"": false}, ""matched"": true}, {""node_id"": ""3054"", ""widget_name"": ""Test & Score"", ""node_name"": ""测试得分"", ""node_params"": {}, ""matched"": true}, {""node_id"": ""3055"", ""widget_name"": ""XGBoost"", ""node_name"": ""XGBoost模型"", ""node_params"": {""booster"": ""gbtree"", ""learning_rate"": 0.3, ""gamma"": 0, ""max_depth"": 6, ""min_child_widget"": 1, ""max_delta_step"": 0, ""subsample"": 1, ""sampling_method"": ""uniform"", ""lambda"": 1, ""alpha"": 0, ""tree_method"": ""auto"", ""scale_pos_weight"": 1, ""updater"": ""grow_colmaker"", ""process_type"": ""default"", ""grow_policy"": ""depthwise""}, ""matched"": true}]}","{""dependency_requirements"": [{""edge_id"": ""2562"", ""source_node_id"": ""3051"", ""target_node_id"": ""3052""}, {""edge_id"": ""2564"", ""source_node_id"": ""3052"", ""target_node_id"": ""3054""}, {""edge_id"": ""2567"", ""source_node_id"": ""3052"", ""target_node_id"": ""3055""}, {""edge_id"": ""2568"", ""source_node_id"": ""3055"", ""target_node_id"": ""3054""}], ""step_requirements"": [{""node_id"": ""3051"", ""algorithm_step_name"": ""Tabular Dataset Loading"", ""node_name"": ""数据"", ""node_params"": {""type"": ""sample"", ""filename"": ""housing.csv""}, ""contrast_level"": 2, ""node_type"": ""io""}, {""node_id"": ""3052"", ""algorithm_step_name"": ""Dataset Division"", ""node_name"": ""数据采样"", ""node_params"": {""sampling_type"": 0, ""percentage"": 10, ""n_samples"": 15, ""replacement"": false, ""n_folds"": 10, ""selected_folds"": 1, ""replicable"": false, ""stratified"": false}, ""contrast_level"": 2, ""node_type"": ""preprocess""}, {""node_id"": ""3054"", ""algorithm_step_name"": ""Model Evaluate"", ""node_name"": ""测试得分"", ""node_params"": {}, ""contrast_level"": 2, ""node_type"": ""evaluate""}, {""node_id"": ""3055"", ""algorithm_step_name"": ""XGBoost"", ""node_name"": ""XGBoost"", ""node_params"": {}, ""contrast_level"": 1, ""node_type"": ""model""}]}"
帮我把连续化处理换成特征选择，KNN的邻节点个数改为7。,1.0,13409,132,0,0,0,0,0,"{""edges"": [{""edge_id"": ""50152"", ""source_node_id"": ""3067"", ""target_node_id"": ""3068""}, {""edge_id"": ""50153"", ""source_node_id"": ""3067"", ""target_node_id"": ""3069""}, {""edge_id"": ""50155"", ""source_node_id"": ""3068"", ""target_node_id"": ""3069""}, {""edge_id"": ""50156"", ""source_node_id"": ""3065"", ""target_node_id"": ""3070""}, {""edge_id"": ""50157"", ""source_node_id"": ""3070"", ""target_node_id"": ""3067""}], ""nodes"": [{""node_id"": ""3065"", ""widget_name"": ""File"", ""node_name"": ""数据"", ""node_params"": {""type"": ""sample"", ""filename"": ""iris.csv""}, ""matched"": true}, {""node_id"": ""3067"", ""widget_name"": ""Data Sampler"", ""node_name"": ""数据采样"", ""node_params"": {""sampling_type"": 0, ""percentage"": 10, ""n_samples"": 15, ""replacement"": false, ""n_folds"": 10, ""selected_folds"": 1, ""replicable"": false, ""stratified"": false}, ""matched"": true}, {""node_id"": ""3068"", ""widget_name"": ""KNN"", ""node_name"": ""KNN"", ""node_params"": {""n_neighbors"": 7, ""metric"": ""euclidean"", ""weights"": ""uniform""}, ""matched"": true}, {""node_id"": ""3069"", ""widget_name"": ""Test & Score"", ""node_name"": ""测试得分"", ""node_params"": {}, ""matched"": true}, {""node_id"": ""3070"", ""widget_name"": ""Select Best N Attributes"", ""node_name"": ""特征选择"", ""node_params"": {""n"": 3}, ""matched"": true}]}","{""dependency_requirements"": [{""edge_id"": ""2576"", ""source_node_id"": ""3067"", ""target_node_id"": ""3068""}, {""edge_id"": ""2577"", ""source_node_id"": ""3067"", ""target_node_id"": ""3069""}, {""edge_id"": ""2579"", ""source_node_id"": ""3068"", ""target_node_id"": ""3069""}, {""edge_id"": ""2580"", ""source_node_id"": ""3065"", ""target_node_id"": ""3070""}, {""edge_id"": ""2581"", ""source_node_id"": ""3070"", ""target_node_id"": ""3067""}], ""step_requirements"": [{""node_id"": ""3065"", ""algorithm_step_name"": ""Tabular Dataset Loading"", ""node_name"": ""数据"", ""node_params"": {""type"": ""sample"", ""filename"": ""iris.csv""}, ""contrast_level"": 2, ""node_type"": ""io""}, {""node_id"": ""3067"", ""algorithm_step_name"": ""Dataset Division"", ""node_name"": ""数据采样"", ""node_params"": {""sampling_type"": 0, ""percentage"": 10, ""n_samples"": 15, ""replacement"": false, ""n_folds"": 10, ""selected_folds"": 1, ""replicable"": false, ""stratified"": false}, ""contrast_level"": 2, ""node_type"": ""preprocess""}, {""node_id"": ""3068"", ""algorithm_step_name"": ""KNN"", ""node_name"": ""KNN"", ""node_params"": {""n_neighbors"": 7, ""metric"": ""euclidean"", ""weights"": ""uniform""}, ""contrast_level"": 2, ""node_type"": ""model""}, {""node_id"": ""3069"", ""algorithm_step_name"": ""Model Evaluate"", ""node_name"": ""测试得分"", ""node_params"": {}, ""contrast_level"": 2, ""node_type"": ""evaluate""}, {""node_id"": ""3070"", ""algorithm_step_name"": ""Feature Selection"", ""node_name"": ""特征选择"", ""node_params"": {}, ""contrast_level"": 1, ""node_type"": ""feature engineering""}]}"
帮我把加载的鸢尾花示例数据修改为加载房价示例数据集。,1.0,13171,39,0,0,0,0,0,"{""edges"": [{""edge_id"": ""50158"", ""source_node_id"": ""2895"", ""target_node_id"": ""2896""}], ""nodes"": [{""node_id"": ""2895"", ""widget_name"": ""File"", ""node_name"": ""鸢尾花示例数据"", ""node_params"": {""type"": ""sample"", ""filename"": ""housing.csv""}, ""matched"": true}, {""node_id"": ""2896"", ""widget_name"": ""LightGBM"", ""node_name"": ""LightGBM分类器"", ""node_params"": {""boosting_type"": ""gbdt"", ""n_estimators"": 10, ""learning_rate"": 0.1, ""sampling_rate"": 0.1, ""max_depth_check"": false, ""max_depth"": 3, ""num_leaves_check"": false, ""num_leaves"": 31}, ""matched"": true}]}","{""dependency_requirements"": [{""edge_id"": ""2376"", ""source_node_id"": ""2895"", ""target_node_id"": ""2896""}], ""step_requirements"": [{""node_id"": ""2895"", ""algorithm_step_name"": ""Tabular Dataset Loading"", ""node_name"": ""鸢尾花示例数据"", ""node_params"": {""type"": ""sample"", ""filename"": ""housing.csv""}, ""contrast_level"": 2, ""node_type"": ""io""}, {""node_id"": ""2896"", ""algorithm_step_name"": ""LightGBM"", ""node_name"": ""LightGBM分类器"", ""node_params"": {""boosting_type"": ""gbdt"", ""n_estimators"": 10, ""learning_rate"": 0.1, ""sampling_rate"": 0.1, ""max_depth_check"": false, ""max_depth"": 3, ""num_leaves_check"": false, ""num_leaves"": 31}, ""contrast_level"": 2, ""node_type"": ""model""}]}"
帮我把LightGBM模型的学习器类型重新设置为rf，学习率修改为0.01。,1.0,12900,38,0,0,0,0,0,"{""edges"": [{""edge_id"": ""50159"", ""source_node_id"": ""2895"", ""target_node_id"": ""2896""}], ""nodes"": [{""node_id"": ""2895"", ""widget_name"": ""File"", ""node_name"": ""鸢尾花示例数据"", ""node_params"": {""type"": ""sample"", ""filename"": ""iris.csv""}, ""matched"": true}, {""node_id"": ""2896"", ""widget_name"": ""LightGBM"", ""node_name"": ""LightGBM分类器"", ""node_params"": {""boosting_type"": ""rf"", ""n_estimators"": 10, ""learning_rate"": 0.01, ""sampling_rate"": 0.1, ""max_depth_check"": false, ""max_depth"": 3, ""num_leaves_check"": false, ""num_leaves"": 31}, ""matched"": true}]}","{""dependency_requirements"": [{""edge_id"": ""2376"", ""source_node_id"": ""2895"", ""target_node_id"": ""2896""}], ""step_requirements"": [{""node_id"": ""2895"", ""algorithm_step_name"": ""Tabular Dataset Loading"", ""node_name"": ""鸢尾花示例数据"", ""node_params"": {""type"": ""sample"", ""filename"": ""iris.csv""}, ""contrast_level"": 2, ""node_type"": ""io""}, {""node_id"": ""2896"", ""algorithm_step_name"": ""LightGBM"", ""node_name"": ""LightGBM分类器"", ""node_params"": {""boosting_type"": ""rf"", ""n_estimators"": 10, ""learning_rate"": 0.01, ""sampling_rate"": 0.1, ""max_depth_check"": false, ""max_depth"": 3, ""num_leaves_check"": false, ""num_leaves"": 31}, ""contrast_level"": 2, ""node_type"": ""model""}]}"
帮我添加一个缺失值处理步骤，以便对鸢尾花数据进行缺失值处理,1.0,13465,86,0,0,0,0,0,"{""edges"": [{""edge_id"": ""50160"", ""source_node_id"": ""5159"", ""target_node_id"": ""5158""}, {""edge_id"": ""50161"", ""source_node_id"": ""5157"", ""target_node_id"": ""5159""}], ""nodes"": [{""node_id"": ""5157"", ""widget_name"": ""File"", ""node_name"": ""鸢尾花示例数据"", ""node_params"": {""type"": ""sample"", ""filename"": ""iris.csv""}, ""matched"": true}, {""node_id"": ""5158"", ""widget_name"": ""LightGBM"", ""node_name"": ""LightGBM分类器"", ""node_params"": {""boosting_type"": ""gbdt"", ""n_estimators"": 10, ""learning_rate"": 0.1, ""sampling_rate"": 0.1, ""max_depth_check"": false, ""max_depth"": 3, ""num_leaves_check"": false, ""num_leaves"": 31}, ""matched"": true}, {""node_id"": ""5159"", ""widget_name"": ""Impute"", ""node_name"": ""缺失值处理"", ""node_params"": {""method"": 1}, ""matched"": true}]}","{""dependency_requirements"": [{""edge_id"": ""4027"", ""source_node_id"": ""5159"", ""target_node_id"": ""5158""}, {""edge_id"": ""4028"", ""source_node_id"": ""5157"", ""target_node_id"": ""5159""}], ""step_requirements"": [{""node_id"": ""5157"", ""algorithm_step_name"": ""Tabular Dataset Loading"", ""node_name"": ""鸢尾花示例数据"", ""node_params"": {""type"": ""sample"", ""filename"": ""iris.csv""}, ""contrast_level"": 2, ""node_type"": ""io""}, {""node_id"": ""5158"", ""algorithm_step_name"": ""LightGBM"", ""node_name"": ""LightGBM分类器"", ""node_params"": {""boosting_type"": ""gbdt"", ""n_estimators"": 10, ""learning_rate"": 0.1, ""sampling_rate"": 0.1, ""max_depth_check"": false, ""max_depth"": 3, ""num_leaves_check"": false, ""num_leaves"": 31}, ""contrast_level"": 2, ""node_type"": ""model""}, {""node_id"": ""5159"", ""algorithm_step_name"": ""Missing Value Handling"", ""node_name"": ""Impute"", ""node_params"": {}, ""contrast_level"": 1, ""node_type"": ""preprocess""}]}"
帮我在模型训练之前添加一个数据划分步骤，以便将处理后的数据进行拆分。,1.0,13910,83,0,0,0,0,0,"{""edges"": [{""edge_id"": ""50162"", ""source_node_id"": ""5160"", ""target_node_id"": ""5161""}, {""edge_id"": ""50163"", ""source_node_id"": ""5163"", ""target_node_id"": ""5162""}, {""edge_id"": ""50164"", ""source_node_id"": ""5161"", ""target_node_id"": ""5163""}], ""nodes"": [{""node_id"": ""5160"", ""widget_name"": ""File"", ""node_name"": ""鸢尾花示例数据"", ""node_params"": {""type"": ""sample"", ""filename"": ""iris.csv""}, ""matched"": true}, {""node_id"": ""5161"", ""widget_name"": ""Impute"", ""node_name"": ""缺失值填充"", ""node_params"": {""method"": 1}, ""matched"": true}, {""node_id"": ""5162"", ""widget_name"": ""LightGBM"", ""node_name"": ""LightGBM分类器"", ""node_params"": {""boosting_type"": ""gbdt"", ""n_estimators"": 10, ""learning_rate"": 0.1, ""sampling_rate"": 0.1, ""max_depth_check"": false, ""max_depth"": 3, ""num_leaves_check"": false, ""num_leaves"": 31}, ""matched"": true}, {""node_id"": ""5163"", ""widget_name"": ""Data Sampler"", ""node_name"": ""数据划分"", ""node_params"": {""sampling_type"": 0, ""percentage"": 10, ""n_samples"": 15, ""replacement"": false, ""n_folds"": 10, ""selected_folds"": 1, ""replicable"": false, ""stratified"": false}, ""matched"": true}]}","{""dependency_requirements"": [{""edge_id"": ""4029"", ""source_node_id"": ""5160"", ""target_node_id"": ""5161""}, {""edge_id"": ""4030"", ""source_node_id"": ""5163"", ""target_node_id"": ""5162""}, {""edge_id"": ""4031"", ""source_node_id"": ""5161"", ""target_node_id"": ""5163""}], ""step_requirements"": [{""node_id"": ""5160"", ""algorithm_step_name"": ""Tabular Dataset Loading"", ""node_name"": ""鸢尾花示例数据"", ""node_params"": {""type"": ""sample"", ""filename"": ""iris.csv""}, ""contrast_level"": 2, ""node_type"": ""io""}, {""node_id"": ""5161"", ""algorithm_step_name"": ""Missing Value Handling"", ""node_name"": ""缺失值填充"", ""node_params"": {""method"": 1}, ""contrast_level"": 2, ""node_type"": ""preprocess""}, {""node_id"": ""5162"", ""algorithm_step_name"": ""LightGBM"", ""node_name"": ""LightGBM分类器"", ""node_params"": {""boosting_type"": ""gbdt"", ""n_estimators"": 10, ""learning_rate"": 0.1, ""sampling_rate"": 0.1, ""max_depth_check"": false, ""max_depth"": 3, ""num_leaves_check"": false, ""num_leaves"": 31}, ""contrast_level"": 2, ""node_type"": ""model""}, {""node_id"": ""5163"", ""algorithm_step_name"": ""Dataset Division"", ""node_name"": ""Data Sampler"", ""node_params"": {}, ""contrast_level"": 1, ""node_type"": ""preprocess""}]}"
我需要将数据划分的比例设置为8:2,1.0,13330,26,0,0,0,0,0,"{""edges"": [{""edge_id"": ""50165"", ""source_node_id"": ""5164"", ""target_node_id"": ""5165""}, {""edge_id"": ""50166"", ""source_node_id"": ""5165"", ""target_node_id"": ""5166""}, {""edge_id"": ""50167"", ""source_node_id"": ""5166"", ""target_node_id"": ""5167""}], ""nodes"": [{""node_id"": ""5164"", ""widget_name"": ""File"", ""node_name"": ""鸢尾花示例数据"", ""node_params"": {""type"": ""sample"", ""filename"": ""iris.csv""}, ""matched"": true}, {""node_id"": ""5165"", ""widget_name"": ""Impute"", ""node_name"": ""缺失值填充"", ""node_params"": {""method"": 1}, ""matched"": true}, {""node_id"": ""5166"", ""widget_name"": ""Data Sampler"", ""node_name"": ""数据采样"", ""node_params"": {""sampling_type"": 0, ""percentage"": 20, ""n_samples"": 15, ""replacement"": false, ""n_folds"": 10, ""selected_folds"": 1, ""replicable"": false, ""stratified"": false}, ""matched"": true}, {""node_id"": ""5167"", ""widget_name"": ""LightGBM"", ""node_name"": ""LightGBM分类器"", ""node_params"": {""boosting_type"": ""gbdt"", ""n_estimators"": 10, ""learning_rate"": 0.1, ""sampling_rate"": 0.1, ""max_depth_check"": false, ""max_depth"": 3, ""num_leaves_check"": false, ""num_leaves"": 31}, ""matched"": true}]}","{""dependency_requirements"": [{""edge_id"": ""4032"", ""source_node_id"": ""5164"", ""target_node_id"": ""5165""}, {""edge_id"": ""4033"", ""source_node_id"": ""5165"", ""target_node_id"": ""5166""}, {""edge_id"": ""4034"", ""source_node_id"": ""5166"", ""target_node_id"": ""5167""}], ""step_requirements"": [{""node_id"": ""5164"", ""algorithm_step_name"": ""Tabular Dataset Loading"", ""node_name"": ""鸢尾花示例数据"", ""node_params"": {""type"": ""sample"", ""filename"": ""iris.csv""}, ""contrast_level"": 2, ""node_type"": ""io""}, {""node_id"": ""5165"", ""algorithm_step_name"": ""Missing Value Handling"", ""node_name"": ""缺失值填充"", ""node_params"": {""method"": 1}, ""contrast_level"": 2, ""node_type"": ""preprocess""}, {""node_id"": ""5166"", ""algorithm_step_name"": ""Dataset Division"", ""node_name"": ""数据采样"", ""node_params"": {""sampling_type"": 0, ""percentage"": 20, ""n_samples"": 15, ""replacement"": false, ""n_folds"": 10, ""selected_folds"": 1, ""replicable"": false, ""stratified"": false}, ""contrast_level"": 2, ""node_type"": ""preprocess""}, {""node_id"": ""5167"", ""algorithm_step_name"": ""LightGBM"", ""node_name"": ""LightGBM分类器"", ""node_params"": {""boosting_type"": ""gbdt"", ""n_estimators"": 10, ""learning_rate"": 0.1, ""sampling_rate"": 0.1, ""max_depth_check"": false, ""max_depth"": 3, ""num_leaves_check"": false, ""num_leaves"": 31}, ""contrast_level"": 2, ""node_type"": ""model""}]}"
帮我添加一个模型评估步骤,1.0,13237,85,0,0,0,0,0,"{""edges"": [{""edge_id"": ""50168"", ""source_node_id"": ""2899"", ""target_node_id"": ""2900""}, {""edge_id"": ""50169"", ""source_node_id"": ""2900"", ""target_node_id"": ""2901""}, {""edge_id"": ""50170"", ""source_node_id"": ""2901"", ""target_node_id"": ""2902""}, {""edge_id"": ""50171"", ""source_node_id"": ""2901"", ""target_node_id"": ""2903""}, {""edge_id"": ""50173"", ""source_node_id"": ""2902"", ""target_node_id"": ""2903""}], ""nodes"": [{""node_id"": ""2899"", ""widget_name"": ""File"", ""node_name"": ""鸢尾花示例数据"", ""node_params"": {""type"": ""sample"", ""filename"": ""iris.csv""}, ""matched"": true}, {""node_id"": ""2900"", ""widget_name"": ""Impute"", ""node_name"": ""缺失值处理"", ""node_params"": {""method"": 1}, ""matched"": true}, {""node_id"": ""2901"", ""widget_name"": ""Data Sampler"", ""node_name"": ""数据划分处理"", ""node_params"": {""sampling_type"": 0, ""percentage"": 10, ""n_samples"": 15, ""replacement"": false, ""n_folds"": 10, ""selected_folds"": 1, ""replicable"": false, ""stratified"": false}, ""matched"": true}, {""node_id"": ""2902"", ""widget_name"": ""LightGBM"", ""node_name"": ""LightGBM分类器"", ""node_params"": {""boosting_type"": ""gbdt"", ""n_estimators"": 10, ""learning_rate"": 0.1, ""sampling_rate"": 0.1, ""max_depth_check"": false, ""max_depth"": 3, ""num_leaves_check"": false, ""num_leaves"": 31}, ""matched"": true}, {""node_id"": ""2903"", ""widget_name"": ""Test & Score"", ""node_name"": ""模型评估"", ""node_params"": {}, ""matched"": true}]}","{""dependency_requirements"": [{""edge_id"": ""2379"", ""source_node_id"": ""2899"", ""target_node_id"": ""2900""}, {""edge_id"": ""2380"", ""source_node_id"": ""2900"", ""target_node_id"": ""2901""}, {""edge_id"": ""2381"", ""source_node_id"": ""2901"", ""target_node_id"": ""2902""}, {""edge_id"": ""2382"", ""source_node_id"": ""2901"", ""target_node_id"": ""2903""}, {""edge_id"": ""2384"", ""source_node_id"": ""2902"", ""target_node_id"": ""2903""}], ""step_requirements"": [{""node_id"": ""2899"", ""algorithm_step_name"": ""Tabular Dataset Loading"", ""node_name"": ""鸢尾花示例数据"", ""node_params"": {""type"": ""sample"", ""filename"": ""iris.csv""}, ""contrast_level"": 2, ""node_type"": ""io""}, {""node_id"": ""2900"", ""algorithm_step_name"": ""Missing Value Handling"", ""node_name"": ""缺失值处理"", ""node_params"": {""method"": 1}, ""contrast_level"": 2, ""node_type"": ""preprocess""}, {""node_id"": ""2901"", ""algorithm_step_name"": ""Dataset Division"", ""node_name"": ""数据划分处理"", ""node_params"": {""sampling_type"": 0, ""percentage"": 10, ""n_samples"": 15, ""replacement"": false, ""n_folds"": 10, ""selected_folds"": 1, ""replicable"": false, ""stratified"": false}, ""contrast_level"": 2, ""node_type"": ""preprocess""}, {""node_id"": ""2902"", ""algorithm_step_name"": ""LightGBM"", ""node_name"": ""LightGBM分类器"", ""node_params"": {""boosting_type"": ""gbdt"", ""n_estimators"": 10, ""learning_rate"": 0.1, ""sampling_rate"": 0.1, ""max_depth_check"": false, ""max_depth"": 3, ""num_leaves_check"": false, ""num_leaves"": 31}, ""contrast_level"": 2, ""node_type"": ""model""}, {""node_id"": ""2903"", ""algorithm_step_name"": ""Model Evaluate"", ""node_name"": ""模型评估"", ""node_params"": {}, ""contrast_level"": 1, ""node_type"": ""evaluate""}]}"
数据集中没有缺失值，所以帮我把缺失值这个步骤删除掉。,1.0,13721,49,0,0,0,0,0,"{""edges"": [{""edge_id"": ""50176"", ""source_node_id"": ""2906"", ""target_node_id"": ""2907""}, {""edge_id"": ""50177"", ""source_node_id"": ""2906"", ""target_node_id"": ""2908""}, {""edge_id"": ""50179"", ""source_node_id"": ""2907"", ""target_node_id"": ""2908""}, {""edge_id"": ""50180"", ""source_node_id"": ""2904"", ""target_node_id"": ""2906""}], ""nodes"": [{""node_id"": ""2904"", ""widget_name"": ""File"", ""node_name"": ""鸢尾花示例数据"", ""node_params"": {""type"": ""sample"", ""filename"": ""iris.csv""}, ""matched"": true}, {""node_id"": ""2906"", ""widget_name"": ""Data Sampler"", ""node_name"": ""数据划分处理"", ""node_params"": {""sampling_type"": 0, ""percentage"": 10, ""n_samples"": 15, ""replacement"": false, ""n_folds"": 10, ""selected_folds"": 1, ""replicable"": false, ""stratified"": false}, ""matched"": true}, {""node_id"": ""2907"", ""widget_name"": ""LightGBM"", ""node_name"": ""LightGBM分类器"", ""node_params"": {""boosting_type"": ""gbdt"", ""n_estimators"": 10, ""learning_rate"": 0.1, ""sampling_rate"": 0.1, ""max_depth_check"": false, ""max_depth"": 3, ""num_leaves_check"": false, ""num_leaves"": 31}, ""matched"": true}, {""node_id"": ""2908"", ""widget_name"": ""Test & Score"", ""node_name"": ""模型评估"", ""node_params"": {}, ""matched"": true}]}","{""dependency_requirements"": [{""edge_id"": ""2387"", ""source_node_id"": ""2906"", ""target_node_id"": ""2907""}, {""edge_id"": ""2388"", ""source_node_id"": ""2906"", ""target_node_id"": ""2908""}, {""edge_id"": ""2390"", ""source_node_id"": ""2907"", ""target_node_id"": ""2908""}, {""edge_id"": ""2391"", ""source_node_id"": ""2904"", ""target_node_id"": ""2906""}], ""step_requirements"": [{""node_id"": ""2904"", ""algorithm_step_name"": ""Tabular Dataset Loading"", ""node_name"": ""鸢尾花示例数据"", ""node_params"": {""type"": ""sample"", ""filename"": ""iris.csv""}, ""contrast_level"": 2, ""node_type"": ""io""}, {""node_id"": ""2906"", ""algorithm_step_name"": ""Dataset Division"", ""node_name"": ""数据划分处理"", ""node_params"": {""sampling_type"": 0, ""percentage"": 10, ""n_samples"": 15, ""replacement"": false, ""n_folds"": 10, ""selected_folds"": 1, ""replicable"": false, ""stratified"": false}, ""contrast_level"": 2, ""node_type"": ""preprocess""}, {""node_id"": ""2907"", ""algorithm_step_name"": ""LightGBM"", ""node_name"": ""LightGBM分类器"", ""node_params"": {""boosting_type"": ""gbdt"", ""n_estimators"": 10, ""learning_rate"": 0.1, ""sampling_rate"": 0.1, ""max_depth_check"": false, ""max_depth"": 3, ""num_leaves_check"": false, ""num_leaves"": 31}, ""contrast_level"": 2, ""node_type"": ""model""}, {""node_id"": ""2908"", ""algorithm_step_name"": ""Model Evaluate"", ""node_name"": ""模型评估"", ""node_params"": {}, ""contrast_level"": 2, ""node_type"": ""evaluate""}]}"
删除工作流中的KNN模型。,1.0,13677,65,0,0,0,0,0,"{""edges"": [{""edge_id"": ""50181"", ""source_node_id"": ""2914"", ""target_node_id"": ""2915""}, {""edge_id"": ""50182"", ""source_node_id"": ""2915"", ""target_node_id"": ""2916""}, {""edge_id"": ""50184"", ""source_node_id"": ""2915"", ""target_node_id"": ""2918""}, {""edge_id"": ""50186"", ""source_node_id"": ""2916"", ""target_node_id"": ""2918""}], ""nodes"": [{""node_id"": ""2914"", ""widget_name"": ""File"", ""node_name"": ""鸢尾花示例数据"", ""node_params"": {""type"": ""sample"", ""filename"": ""iris.csv""}, ""matched"": true}, {""node_id"": ""2915"", ""widget_name"": ""Data Sampler"", ""node_name"": ""数据划分处理"", ""node_params"": {""sampling_type"": 0, ""percentage"": 10, ""n_samples"": 15, ""replacement"": false, ""n_folds"": 10, ""selected_folds"": 1, ""replicable"": false, ""stratified"": false}, ""matched"": true}, {""node_id"": ""2916"", ""widget_name"": ""LightGBM"", ""node_name"": ""LightGBM分类器"", ""node_params"": {""boosting_type"": ""gbdt"", ""n_estimators"": 10, ""learning_rate"": 0.1, ""sampling_rate"": 0.1, ""max_depth_check"": false, ""max_depth"": 3, ""num_leaves_check"": false, ""num_leaves"": 31}, ""matched"": true}, {""node_id"": ""2918"", ""widget_name"": ""Test & Score"", ""node_name"": ""模型评估"", ""node_params"": {}, ""matched"": true}]}","{""dependency_requirements"": [{""edge_id"": ""2399"", ""source_node_id"": ""2914"", ""target_node_id"": ""2915""}, {""edge_id"": ""2400"", ""source_node_id"": ""2915"", ""target_node_id"": ""2916""}, {""edge_id"": ""2402"", ""source_node_id"": ""2915"", ""target_node_id"": ""2918""}, {""edge_id"": ""2404"", ""source_node_id"": ""2916"", ""target_node_id"": ""2918""}], ""step_requirements"": [{""node_id"": ""2914"", ""algorithm_step_name"": ""Tabular Dataset Loading"", ""node_name"": ""鸢尾花示例数据"", ""node_params"": {""type"": ""sample"", ""filename"": ""iris.csv""}, ""contrast_level"": 2, ""node_type"": ""io""}, {""node_id"": ""2915"", ""algorithm_step_name"": ""Dataset Division"", ""node_name"": ""数据划分处理"", ""node_params"": {""sampling_type"": 0, ""percentage"": 10, ""n_samples"": 15, ""replacement"": false, ""n_folds"": 10, ""selected_folds"": 1, ""replicable"": false, ""stratified"": false}, ""contrast_level"": 2, ""node_type"": ""preprocess""}, {""node_id"": ""2916"", ""algorithm_step_name"": ""LightGBM"", ""node_name"": ""LightGBM分类器"", ""node_params"": {""boosting_type"": ""gbdt"", ""n_estimators"": 10, ""learning_rate"": 0.1, ""sampling_rate"": 0.1, ""max_depth_check"": false, ""max_depth"": 3, ""num_leaves_check"": false, ""num_leaves"": 31}, ""contrast_level"": 2, ""node_type"": ""model""}, {""node_id"": ""2918"", ""algorithm_step_name"": ""Model Evaluate"", ""node_name"": ""模型评估"", ""node_params"": {}, ""contrast_level"": 2, ""node_type"": ""evaluate""}]}"
帮我把工作流中的缺失值处理步骤和多余的KNN模型都删除掉,0.875,13655,128,0,0,0,0,0,"{""edges"": [{""edge_id"": ""50192"", ""source_node_id"": ""2921"", ""target_node_id"": ""2924""}, {""edge_id"": ""50196"", ""source_node_id"": ""2921"", ""target_node_id"": ""2922""}, {""edge_id"": ""50197"", ""source_node_id"": ""2922"", ""target_node_id"": ""2924""}], ""nodes"": [{""node_id"": ""2919"", ""widget_name"": ""File"", ""node_name"": ""鸢尾花示例数据"", ""node_params"": {""type"": ""sample"", ""filename"": ""iris.csv""}, ""matched"": true}, {""node_id"": ""2921"", ""widget_name"": ""Data Sampler"", ""node_name"": ""数据划分处理"", ""node_params"": {""sampling_type"": 0, ""percentage"": 10, ""n_samples"": 15, ""replacement"": false, ""n_folds"": 10, ""selected_folds"": 1, ""replicable"": false, ""stratified"": false}, ""matched"": true}, {""node_id"": ""2922"", ""widget_name"": ""LightGBM"", ""node_name"": ""LightGBM分类器"", ""node_params"": {""boosting_type"": ""gbdt"", ""n_estimators"": 10, ""learning_rate"": 0.1, ""sampling_rate"": 0.1, ""max_depth_check"": false, ""max_depth"": 3, ""num_leaves_check"": false, ""num_leaves"": 31}, ""matched"": true}, {""node_id"": ""2924"", ""widget_name"": ""Test & Score"", ""node_name"": ""模型评估"", ""node_params"": {}, ""matched"": true}]}","{""dependency_requirements"": [{""edge_id"": ""2408"", ""source_node_id"": ""2921"", ""target_node_id"": ""2922""}, {""edge_id"": ""2410"", ""source_node_id"": ""2921"", ""target_node_id"": ""2924""}, {""edge_id"": ""2412"", ""source_node_id"": ""2922"", ""target_node_id"": ""2924""}, {""edge_id"": ""2414"", ""source_node_id"": ""2919"", ""target_node_id"": ""2921""}], ""step_requirements"": [{""node_id"": ""2919"", ""algorithm_step_name"": ""Tabular Dataset Loading"", ""node_name"": ""鸢尾花示例数据"", ""node_params"": {""type"": ""sample"", ""filename"": ""iris.csv""}, ""contrast_level"": 2, ""node_type"": ""io""}, {""node_id"": ""2921"", ""algorithm_step_name"": ""Dataset Division"", ""node_name"": ""数据划分处理"", ""node_params"": {""sampling_type"": 0, ""percentage"": 10, ""n_samples"": 15, ""replacement"": false, ""n_folds"": 10, ""selected_folds"": 1, ""replicable"": false, ""stratified"": false}, ""contrast_level"": 2, ""node_type"": ""preprocess""}, {""node_id"": ""2922"", ""algorithm_step_name"": ""LightGBM"", ""node_name"": ""LightGBM分类器"", ""node_params"": {""boosting_type"": ""gbdt"", ""n_estimators"": 10, ""learning_rate"": 0.1, ""sampling_rate"": 0.1, ""max_depth_check"": false, ""max_depth"": 3, ""num_leaves_check"": false, ""num_leaves"": 31}, ""contrast_level"": 2, ""node_type"": ""model""}, {""node_id"": ""2924"", ""algorithm_step_name"": ""Model Evaluate"", ""node_name"": ""模型评估"", ""node_params"": {}, ""contrast_level"": 2, ""node_type"": ""evaluate""}]}"
在数据抽样之前添加一个特征选择步骤，然后把数据抽样的抽样比例设置为抽取30%。,1.0,13390,114,0,0,0,0,0,"{""edges"": [{""edge_id"": ""50198"", ""source_node_id"": ""2991"", ""target_node_id"": ""2988""}, {""edge_id"": ""50199"", ""source_node_id"": ""2988"", ""target_node_id"": ""2989""}, {""edge_id"": ""50200"", ""source_node_id"": ""2988"", ""target_node_id"": ""2990""}, {""edge_id"": ""50201"", ""source_node_id"": ""2989"", ""target_node_id"": ""2990""}, {""edge_id"": ""50202"", ""source_node_id"": ""2987"", ""target_node_id"": ""2991""}], ""nodes"": [{""node_id"": ""2987"", ""widget_name"": ""File"", ""node_name"": ""鸢尾花示例数据"", ""node_params"": {""type"": ""sample"", ""filename"": ""iris.csv""}, ""matched"": true}, {""node_id"": ""2988"", ""widget_name"": ""Data Sampler"", ""node_name"": ""数据划分处理"", ""node_params"": {""sampling_type"": 0, ""percentage"": 30, ""n_samples"": 15, ""replacement"": false, ""n_folds"": 10, ""selected_folds"": 1, ""replicable"": false, ""stratified"": false}, ""matched"": true}, {""node_id"": ""2989"", ""widget_name"": ""LightGBM"", ""node_name"": ""LightGBM分类器"", ""node_params"": {""boosting_type"": ""gbdt"", ""n_estimators"": 10, ""learning_rate"": 0.1, ""sampling_rate"": 0.1, ""max_depth_check"": false, ""max_depth"": 3, ""num_leaves_check"": false, ""num_leaves"": 31}, ""matched"": true}, {""node_id"": ""2990"", ""widget_name"": ""Predictions"", ""node_name"": ""预测"", ""node_params"": {""output_attrs"": true, ""output_predictions"": true, ""output_probabilities"": false}, ""matched"": true}, {""node_id"": ""2991"", ""widget_name"": ""Select Best N Attributes"", ""node_name"": ""特征选择"", ""node_params"": {""n"": 3}, ""matched"": true}]}","{""dependency_requirements"": [{""edge_id"": ""2485"", ""source_node_id"": ""2991"", ""target_node_id"": ""2988""}, {""edge_id"": ""2486"", ""source_node_id"": ""2988"", ""target_node_id"": ""2989""}, {""edge_id"": ""2487"", ""source_node_id"": ""2988"", ""target_node_id"": ""2990""}, {""edge_id"": ""2488"", ""source_node_id"": ""2989"", ""target_node_id"": ""2990""}, {""edge_id"": ""2489"", ""source_node_id"": ""2987"", ""target_node_id"": ""2991""}], ""step_requirements"": [{""node_id"": ""2987"", ""algorithm_step_name"": ""Tabular Dataset Loading"", ""node_name"": ""鸢尾花示例数据"", ""node_params"": {""type"": ""sample"", ""filename"": ""iris.csv""}, ""contrast_level"": 2, ""node_type"": ""io""}, {""node_id"": ""2988"", ""algorithm_step_name"": ""Dataset Division"", ""node_name"": ""数据划分处理"", ""node_params"": {""sampling_type"": 0, ""percentage"": 30, ""n_samples"": 15, ""replacement"": false, ""n_folds"": 10, ""selected_folds"": 1, ""replicable"": false, ""stratified"": false}, ""contrast_level"": 2, ""node_type"": ""preprocess""}, {""node_id"": ""2989"", ""algorithm_step_name"": ""LightGBM"", ""node_name"": ""LightGBM分类器"", ""node_params"": {""boosting_type"": ""gbdt"", ""n_estimators"": 10, ""learning_rate"": 0.1, ""sampling_rate"": 0.1, ""max_depth_check"": false, ""max_depth"": 3, ""num_leaves_check"": false, ""num_leaves"": 31}, ""contrast_level"": 2, ""node_type"": ""model""}, {""node_id"": ""2990"", ""algorithm_step_name"": ""Test Dataset Predictions"", ""node_name"": ""预测"", ""node_params"": {""output_attrs"": true, ""output_predictions"": true, ""output_probabilities"": false}, ""contrast_level"": 2, ""node_type"": ""predict""}, {""node_id"": ""2991"", ""algorithm_step_name"": ""Feature Selection"", ""node_name"": ""自动特征选择"", ""node_params"": {}, ""contrast_level"": 1, ""node_type"": ""feature engineering""}]}"
帮我把数据划分的比例改为5:5，最后还需要你添加一个步骤帮我把预测结果保存。,1.0,14049,85,0,0,0,0,0,"{""edges"": [{""edge_id"": ""50203"", ""source_node_id"": ""2982"", ""target_node_id"": ""2983""}, {""edge_id"": ""50204"", ""source_node_id"": ""2983"", ""target_node_id"": ""2984""}, {""edge_id"": ""50205"", ""source_node_id"": ""2983"", ""target_node_id"": ""2985""}, {""edge_id"": ""50206"", ""source_node_id"": ""2984"", ""target_node_id"": ""2985""}, {""edge_id"": ""50207"", ""source_node_id"": ""2985"", ""target_node_id"": ""2986""}], ""nodes"": [{""node_id"": ""2982"", ""widget_name"": ""File"", ""node_name"": ""鸢尾花示例数据"", ""node_params"": {""type"": ""sample"", ""filename"": ""iris.csv""}, ""matched"": true}, {""node_id"": ""2983"", ""widget_name"": ""Data Sampler"", ""node_name"": ""数据划分处理"", ""node_params"": {""sampling_type"": 0, ""percentage"": 50, ""n_samples"": 15, ""replacement"": false, ""n_folds"": 10, ""selected_folds"": 1, ""replicable"": false, ""stratified"": false}, ""matched"": true}, {""node_id"": ""2984"", ""widget_name"": ""LightGBM"", ""node_name"": ""LightGBM分类器"", ""node_params"": {""boosting_type"": ""gbdt"", ""n_estimators"": 10, ""learning_rate"": 0.1, ""sampling_rate"": 0.1, ""max_depth_check"": false, ""max_depth"": 3, ""num_leaves_check"": false, ""num_leaves"": 31}, ""matched"": true}, {""node_id"": ""2985"", ""widget_name"": ""Predictions"", ""node_name"": ""预测"", ""node_params"": {""output_attrs"": true, ""output_predictions"": true, ""output_probabilities"": false}, ""matched"": true}, {""node_id"": ""2986"", ""widget_name"": ""Save Data"", ""node_name"": ""保存预测结果"", ""node_params"": {}, ""matched"": true}]}","{""dependency_requirements"": [{""edge_id"": ""2480"", ""source_node_id"": ""2982"", ""target_node_id"": ""2983""}, {""edge_id"": ""2481"", ""source_node_id"": ""2983"", ""target_node_id"": ""2984""}, {""edge_id"": ""2482"", ""source_node_id"": ""2983"", ""target_node_id"": ""2985""}, {""edge_id"": ""2483"", ""source_node_id"": ""2984"", ""target_node_id"": ""2985""}, {""edge_id"": ""2484"", ""source_node_id"": ""2985"", ""target_node_id"": ""2986""}], ""step_requirements"": [{""node_id"": ""2982"", ""algorithm_step_name"": ""Tabular Dataset Loading"", ""node_name"": ""鸢尾花示例数据"", ""node_params"": {""type"": ""sample"", ""filename"": ""iris.csv""}, ""contrast_level"": 2, ""node_type"": ""io""}, {""node_id"": ""2983"", ""algorithm_step_name"": ""Dataset Division"", ""node_name"": ""数据划分处理"", ""node_params"": {""sampling_type"": 0, ""percentage"": 50, ""n_samples"": 15, ""replacement"": false, ""n_folds"": 10, ""selected_folds"": 1, ""replicable"": false, ""stratified"": false}, ""contrast_level"": 2, ""node_type"": ""preprocess""}, {""node_id"": ""2984"", ""algorithm_step_name"": ""LightGBM"", ""node_name"": ""LightGBM分类器"", ""node_params"": {""boosting_type"": ""gbdt"", ""n_estimators"": 10, ""learning_rate"": 0.1, ""sampling_rate"": 0.1, ""max_depth_check"": false, ""max_depth"": 3, ""num_leaves_check"": false, ""num_leaves"": 31}, ""contrast_level"": 2, ""node_type"": ""model""}, {""node_id"": ""2985"", ""algorithm_step_name"": ""Test Dataset Predictions"", ""node_name"": ""预测"", ""node_params"": {""output_attrs"": true, ""output_predictions"": true, ""output_probabilities"": false}, ""contrast_level"": 2, ""node_type"": ""predict""}, {""node_id"": ""2986"", ""algorithm_step_name"": ""Save Data"", ""node_name"": ""Save Data"", ""node_params"": {}, ""contrast_level"": 1, ""node_type"": ""io""}]}"
帮我把目标检测使用的模型换成SSD，学习率使用0.02。最后，我还需要查看训练日志。,1.0,12935,96,0,0,0,0,0,"{""edges"": [{""edge_id"": ""50208"", ""source_node_id"": ""2998"", ""target_node_id"": ""2999""}, {""edge_id"": ""50209"", ""source_node_id"": ""2999"", ""target_node_id"": ""3000""}], ""nodes"": [{""node_id"": ""2998"", ""widget_name"": ""Image"", ""node_name"": ""猫狗图像数据"", ""node_params"": {}, ""matched"": true}, {""node_id"": ""2999"", ""widget_name"": ""Object Detection"", ""node_name"": ""目标检测"", ""node_params"": {""frame"": ""pytorch"", ""select_model"": ""SSD"", ""backbone"": ""DarkNet53"", ""epoch"": 3, ""learning_rate"": 0.02, ""batch_size"": 2}, ""matched"": true}, {""node_id"": ""3000"", ""widget_name"": ""Train Log"", ""node_name"": ""训练日志"", ""node_params"": {}, ""matched"": true}]}","{""dependency_requirements"": [{""edge_id"": ""2495"", ""source_node_id"": ""2998"", ""target_node_id"": ""2999""}, {""edge_id"": ""2496"", ""source_node_id"": ""2999"", ""target_node_id"": ""3000""}], ""step_requirements"": [{""node_id"": ""2998"", ""algorithm_step_name"": ""Image Dataset Loading"", ""node_name"": ""猫狗图像数据"", ""node_params"": {}, ""contrast_level"": 2, ""node_type"": ""io""}, {""node_id"": ""2999"", ""algorithm_step_name"": ""Object Detection Model"", ""node_name"": ""目标检测"", ""node_params"": {""frame"": ""pytorch"", ""select_model"": ""SSD"", ""backbone"": ""DarkNet53"", ""epoch"": 3, ""learning_rate"": 0.02, ""batch_size"": 2}, ""contrast_level"": 2, ""node_type"": ""model""}, {""node_id"": ""3000"", ""algorithm_step_name"": ""Train Log"", ""node_name"": ""训练日志"", ""node_params"": {}, ""contrast_level"": 2, ""node_type"": ""visualize""}]}"
帮我把缺失值处理方式修改为使用平均值填补，然后把多余的KNN模型删除掉。,1.0,13568,53,0,0,0,0,0,"{""edges"": [{""edge_id"": ""50210"", ""source_node_id"": ""2958"", ""target_node_id"": ""2959""}, {""edge_id"": ""50211"", ""source_node_id"": ""2959"", ""target_node_id"": ""2960""}, {""edge_id"": ""50212"", ""source_node_id"": ""2960"", ""target_node_id"": ""2961""}, {""edge_id"": ""50214"", ""source_node_id"": ""2960"", ""target_node_id"": ""2963""}, {""edge_id"": ""50216"", ""source_node_id"": ""2961"", ""target_node_id"": ""2963""}], ""nodes"": [{""node_id"": ""2958"", ""widget_name"": ""File"", ""node_name"": ""鸢尾花示例数据"", ""node_params"": {""type"": ""sample"", ""filename"": ""iris.csv""}, ""matched"": true}, {""node_id"": ""2959"", ""widget_name"": ""Impute"", ""node_name"": ""缺失值处理"", ""node_params"": {""method"": 2}, ""matched"": true}, {""node_id"": ""2960"", ""widget_name"": ""Data Sampler"", ""node_name"": ""数据划分处理"", ""node_params"": {""sampling_type"": 0, ""percentage"": 10, ""n_samples"": 15, ""replacement"": false, ""n_folds"": 10, ""selected_folds"": 1, ""replicable"": false, ""stratified"": false}, ""matched"": true}, {""node_id"": ""2961"", ""widget_name"": ""LightGBM"", ""node_name"": ""LightGBM分类器"", ""node_params"": {""boosting_type"": ""gbdt"", ""n_estimators"": 10, ""learning_rate"": 0.1, ""sampling_rate"": 0.1, ""max_depth_check"": false, ""max_depth"": 3, ""num_leaves_check"": false, ""num_leaves"": 31}, ""matched"": true}, {""node_id"": ""2963"", ""widget_name"": ""Test & Score"", ""node_name"": ""模型评估"", ""node_params"": {}, ""matched"": true}]}","{""dependency_requirements"": [{""edge_id"": ""2447"", ""source_node_id"": ""2958"", ""target_node_id"": ""2959""}, {""edge_id"": ""2448"", ""source_node_id"": ""2959"", ""target_node_id"": ""2960""}, {""edge_id"": ""2449"", ""source_node_id"": ""2960"", ""target_node_id"": ""2961""}, {""edge_id"": ""2451"", ""source_node_id"": ""2960"", ""target_node_id"": ""2963""}, {""edge_id"": ""2453"", ""source_node_id"": ""2961"", ""target_node_id"": ""2963""}], ""step_requirements"": [{""node_id"": ""2958"", ""algorithm_step_name"": ""Tabular Dataset Loading"", ""node_name"": ""鸢尾花示例数据"", ""node_params"": {""type"": ""sample"", ""filename"": ""iris.csv""}, ""contrast_level"": 2, ""node_type"": ""io""}, {""node_id"": ""2959"", ""algorithm_step_name"": ""Missing Value Handling"", ""node_name"": ""缺失值处理"", ""node_params"": {""method"": 2}, ""contrast_level"": 2, ""node_type"": ""preprocess""}, {""node_id"": ""2960"", ""algorithm_step_name"": ""Dataset Division"", ""node_name"": ""数据划分处理"", ""node_params"": {""sampling_type"": 0, ""percentage"": 10, ""n_samples"": 15, ""replacement"": false, ""n_folds"": 10, ""selected_folds"": 1, ""replicable"": false, ""stratified"": false}, ""contrast_level"": 2, ""node_type"": ""preprocess""}, {""node_id"": ""2961"", ""algorithm_step_name"": ""LightGBM"", ""node_name"": ""LightGBM分类器"", ""node_params"": {""boosting_type"": ""gbdt"", ""n_estimators"": 10, ""learning_rate"": 0.1, ""sampling_rate"": 0.1, ""max_depth_check"": false, ""max_depth"": 3, ""num_leaves_check"": false, ""num_leaves"": 31}, ""contrast_level"": 2, ""node_type"": ""model""}, {""node_id"": ""2963"", ""algorithm_step_name"": ""Model Evaluate"", ""node_name"": ""模型评估"", ""node_params"": {}, ""contrast_level"": 2, ""node_type"": ""evaluate""}]}"
独热编码这个步骤是冗余的，帮我删除掉。在这之后还需要你将随机森林数的数量改为30，缺失值的处理方法改为用随机值填补。,1.0,14141,110,0,0,0,0,0,"{""edges"": [{""edge_id"": ""50218"", ""source_node_id"": ""3002"", ""target_node_id"": ""3003""}, {""edge_id"": ""50221"", ""source_node_id"": ""3005"", ""target_node_id"": ""3006""}, {""edge_id"": ""50222"", ""source_node_id"": ""3005"", ""target_node_id"": ""3007""}, {""edge_id"": ""50224"", ""source_node_id"": ""3006"", ""target_node_id"": ""3007""}, {""edge_id"": ""50225"", ""source_node_id"": ""3003"", ""target_node_id"": ""3005""}], ""nodes"": [{""node_id"": ""3002"", ""widget_name"": ""File"", ""node_name"": ""数据"", ""node_params"": {""type"": ""sample"", ""filename"": ""iris.csv""}, ""matched"": true}, {""node_id"": ""3003"", ""widget_name"": ""Impute"", ""node_name"": ""缺失值处理"", ""node_params"": {""method"": 4}, ""matched"": true}, {""node_id"": ""3005"", ""widget_name"": ""Data Sampler"", ""node_name"": ""数据采样"", ""node_params"": {""sampling_type"": 0, ""percentage"": 10, ""n_samples"": 15, ""replacement"": false, ""n_folds"": 10, ""selected_folds"": 1, ""replicable"": false, ""stratified"": false}, ""matched"": true}, {""node_id"": ""3006"", ""widget_name"": ""Random Forest"", ""node_name"": ""随机森林"", ""node_params"": {""n_estimators"": 30, ""use_max_features"": false, ""max_features"": ""auto"", ""use_random_state"": false, ""use_max_depth"": false, ""max_depth"": 3, ""use_min_samples_split"": true, ""min_samples_split"": 2}, ""matched"": true}, {""node_id"": ""3007"", ""widget_name"": ""Test & Score"", ""node_name"": ""测试得分"", ""node_params"": {}, ""matched"": true}]}","{""dependency_requirements"": [{""edge_id"": ""2497"", ""source_node_id"": ""3002"", ""target_node_id"": ""3003""}, {""edge_id"": ""2500"", ""source_node_id"": ""3005"", ""target_node_id"": ""3006""}, {""edge_id"": ""2501"", ""source_node_id"": ""3005"", ""target_node_id"": ""3007""}, {""edge_id"": ""2503"", ""source_node_id"": ""3006"", ""target_node_id"": ""3007""}, {""edge_id"": ""2504"", ""source_node_id"": ""3003"", ""target_node_id"": ""3005""}], ""step_requirements"": [{""node_id"": ""3002"", ""algorithm_step_name"": ""Tabular Dataset Loading"", ""node_name"": ""数据"", ""node_params"": {""type"": ""sample"", ""filename"": ""iris.csv""}, ""contrast_level"": 2, ""node_type"": ""io""}, {""node_id"": ""3003"", ""algorithm_step_name"": ""Missing Value Handling"", ""node_name"": ""缺失值处理"", ""node_params"": {""method"": 4}, ""contrast_level"": 2, ""node_type"": ""preprocess""}, {""node_id"": ""3005"", ""algorithm_step_name"": ""Dataset Division"", ""node_name"": ""数据采样"", ""node_params"": {""sampling_type"": 0, ""percentage"": 10, ""n_samples"": 15, ""replacement"": false, ""n_folds"": 10, ""selected_folds"": 1, ""replicable"": false, ""stratified"": false}, ""contrast_level"": 2, ""node_type"": ""preprocess""}, {""node_id"": ""3006"", ""algorithm_step_name"": ""Random Forest"", ""node_name"": ""随机森林"", ""node_params"": {""n_estimators"": 30, ""use_max_features"": false, ""max_features"": ""auto"", ""use_random_state"": false, ""use_max_depth"": false, ""max_depth"": 3, ""use_min_samples_split"": true, ""min_samples_split"": 2}, ""contrast_level"": 2, ""node_type"": ""model""}, {""node_id"": ""3007"", ""algorithm_step_name"": ""Model Evaluate"", ""node_name"": ""测试得分"", ""node_params"": {}, ""contrast_level"": 2, ""node_type"": ""evaluate""}]}"
帮我把多余的模型都删除掉，只留下LightGBM，并把LightGBM的学习率改为0.01。,1.0,13840,89,0,0,0,0,0,"{""edges"": [{""edge_id"": ""50226"", ""source_node_id"": ""3032"", ""target_node_id"": ""3033""}, {""edge_id"": ""50228"", ""source_node_id"": ""3033"", ""target_node_id"": ""3035""}, {""edge_id"": ""50231"", ""source_node_id"": ""3033"", ""target_node_id"": ""3038""}, {""edge_id"": ""50234"", ""source_node_id"": ""3035"", ""target_node_id"": ""3038""}], ""nodes"": [{""node_id"": ""3032"", ""widget_name"": ""File"", ""node_name"": ""数据"", ""node_params"": {""type"": ""sample"", ""filename"": ""iris.csv""}, ""matched"": true}, {""node_id"": ""3033"", ""widget_name"": ""Data Sampler"", ""node_name"": ""数据采样"", ""node_params"": {""sampling_type"": 0, ""percentage"": 10, ""n_samples"": 15, ""replacement"": false, ""n_folds"": 10, ""selected_folds"": 1, ""replicable"": false, ""stratified"": false}, ""matched"": true}, {""node_id"": ""3035"", ""widget_name"": ""LightGBM"", ""node_name"": ""LightGBM"", ""node_params"": {""boosting_type"": ""gbdt"", ""n_estimators"": 10, ""learning_rate"": 0.01, ""sampling_rate"": 0.1, ""max_depth_check"": false, ""max_depth"": 3, ""num_leaves_check"": false, ""num_leaves"": 31}, ""matched"": true}, {""node_id"": ""3038"", ""widget_name"": ""Test & Score"", ""node_name"": ""测试得分"", ""node_params"": {}, ""matched"": true}]}","{""dependency_requirements"": [{""edge_id"": ""2536"", ""source_node_id"": ""3032"", ""target_node_id"": ""3033""}, {""edge_id"": ""2538"", ""source_node_id"": ""3033"", ""target_node_id"": ""3035""}, {""edge_id"": ""2541"", ""source_node_id"": ""3033"", ""target_node_id"": ""3038""}, {""edge_id"": ""2544"", ""source_node_id"": ""3035"", ""target_node_id"": ""3038""}], ""step_requirements"": [{""node_id"": ""3032"", ""algorithm_step_name"": ""Tabular Dataset Loading"", ""node_name"": ""数据"", ""node_params"": {""type"": ""sample"", ""filename"": ""iris.csv""}, ""contrast_level"": 2, ""node_type"": ""io""}, {""node_id"": ""3033"", ""algorithm_step_name"": ""Dataset Division"", ""node_name"": ""数据采样"", ""node_params"": {""sampling_type"": 0, ""percentage"": 10, ""n_samples"": 15, ""replacement"": false, ""n_folds"": 10, ""selected_folds"": 1, ""replicable"": false, ""stratified"": false}, ""contrast_level"": 2, ""node_type"": ""preprocess""}, {""node_id"": ""3035"", ""algorithm_step_name"": ""LightGBM"", ""node_name"": ""LightGBM"", ""node_params"": {""boosting_type"": ""gbdt"", ""n_estimators"": 10, ""learning_rate"": 0.01, ""sampling_rate"": 0.1, ""max_depth_check"": false, ""max_depth"": 3, ""num_leaves_check"": false, ""num_leaves"": 31}, ""contrast_level"": 2, ""node_type"": ""model""}, {""node_id"": ""3038"", ""algorithm_step_name"": ""Model Evaluate"", ""node_name"": ""测试得分"", ""node_params"": {}, ""contrast_level"": 2, ""node_type"": ""evaluate""}]}"
帮我把LightGBM模型更换为XGBoost。,1.0,13434,108,0,0,0,0,0,"{""edges"": [{""edge_id"": ""50237"", ""source_node_id"": ""2964"", ""target_node_id"": ""2965""}, {""edge_id"": ""50238"", ""source_node_id"": ""2965"", ""target_node_id"": ""2966""}, {""edge_id"": ""50240"", ""source_node_id"": ""2966"", ""target_node_id"": ""2968""}, {""edge_id"": ""50243"", ""source_node_id"": ""2966"", ""target_node_id"": ""2969""}, {""edge_id"": ""50244"", ""source_node_id"": ""2969"", ""target_node_id"": ""2968""}], ""nodes"": [{""node_id"": ""2964"", ""widget_name"": ""File"", ""node_name"": ""鸢尾花示例数据"", ""node_params"": {""type"": ""sample"", ""filename"": ""iris.csv""}, ""matched"": true}, {""node_id"": ""2965"", ""widget_name"": ""Impute"", ""node_name"": ""缺失值处理"", ""node_params"": {""method"": 1}, ""matched"": true}, {""node_id"": ""2966"", ""widget_name"": ""Data Sampler"", ""node_name"": ""数据划分处理"", ""node_params"": {""sampling_type"": 0, ""percentage"": 10, ""n_samples"": 15, ""replacement"": false, ""n_folds"": 10, ""selected_folds"": 1, ""replicable"": false, ""stratified"": false}, ""matched"": true}, {""node_id"": ""2968"", ""widget_name"": ""Test & Score"", ""node_name"": ""模型评估"", ""node_params"": {}, ""matched"": true}, {""node_id"": ""2969"", ""widget_name"": ""XGBoost"", ""node_name"": ""XGBoost分类器"", ""node_params"": {""booster"": ""gbtree"", ""learning_rate"": 0.3, ""gamma"": 0, ""max_depth"": 6, ""min_child_widget"": 1, ""max_delta_step"": 0, ""subsample"": 1, ""sampling_method"": ""uniform"", ""lambda"": 1, ""alpha"": 0, ""tree_method"": ""auto"", ""scale_pos_weight"": 1, ""updater"": ""grow_colmaker"", ""process_type"": ""default"", ""grow_policy"": ""depthwise""}, ""matched"": true}]}","{""dependency_requirements"": [{""edge_id"": ""2455"", ""source_node_id"": ""2964"", ""target_node_id"": ""2965""}, {""edge_id"": ""2456"", ""source_node_id"": ""2965"", ""target_node_id"": ""2966""}, {""edge_id"": ""2458"", ""source_node_id"": ""2966"", ""target_node_id"": ""2968""}, {""edge_id"": ""2461"", ""source_node_id"": ""2966"", ""target_node_id"": ""2969""}, {""edge_id"": ""2462"", ""source_node_id"": ""2969"", ""target_node_id"": ""2968""}], ""step_requirements"": [{""node_id"": ""2964"", ""algorithm_step_name"": ""Tabular Dataset Loading"", ""node_name"": ""鸢尾花示例数据"", ""node_params"": {""type"": ""sample"", ""filename"": ""iris.csv""}, ""contrast_level"": 2, ""node_type"": ""io""}, {""node_id"": ""2965"", ""algorithm_step_name"": ""Missing Value Handling"", ""node_name"": ""缺失值处理"", ""node_params"": {""method"": 1}, ""contrast_level"": 2, ""node_type"": ""preprocess""}, {""node_id"": ""2966"", ""algorithm_step_name"": ""Dataset Division"", ""node_name"": ""数据划分处理"", ""node_params"": {""sampling_type"": 0, ""percentage"": 10, ""n_samples"": 15, ""replacement"": false, ""n_folds"": 10, ""selected_folds"": 1, ""replicable"": false, ""stratified"": false}, ""contrast_level"": 2, ""node_type"": ""preprocess""}, {""node_id"": ""2968"", ""algorithm_step_name"": ""Model Evaluate"", ""node_name"": ""模型评估"", ""node_params"": {}, ""contrast_level"": 2, ""node_type"": ""evaluate""}, {""node_id"": ""2969"", ""algorithm_step_name"": ""XGBoost"", ""node_name"": ""XGBoost分类器"", ""node_params"": {}, ""contrast_level"": 1, ""node_type"": ""model""}]}"
我不需要对模型进行评估了，帮我把模型评估组件换成预测组件。,1.0,13910,145,0,0,0,0,0,"{""edges"": [{""edge_id"": ""50245"", ""source_node_id"": ""2970"", ""target_node_id"": ""2971""}, {""edge_id"": ""50246"", ""source_node_id"": ""2971"", ""target_node_id"": ""2972""}, {""edge_id"": ""50247"", ""source_node_id"": ""2972"", ""target_node_id"": ""2973""}, {""edge_id"": ""50251"", ""source_node_id"": ""2972"", ""target_node_id"": ""2975""}, {""edge_id"": ""50252"", ""source_node_id"": ""2973"", ""target_node_id"": ""2975""}], ""nodes"": [{""node_id"": ""2970"", ""widget_name"": ""File"", ""node_name"": ""鸢尾花示例数据"", ""node_params"": {""type"": ""sample"", ""filename"": ""iris.csv""}, ""matched"": true}, {""node_id"": ""2971"", ""widget_name"": ""Impute"", ""node_name"": ""缺失值处理"", ""node_params"": {""method"": 1}, ""matched"": true}, {""node_id"": ""2972"", ""widget_name"": ""Data Sampler"", ""node_name"": ""数据划分处理"", ""node_params"": {""sampling_type"": 0, ""percentage"": 10, ""n_samples"": 15, ""replacement"": false, ""n_folds"": 10, ""selected_folds"": 1, ""replicable"": false, ""stratified"": false}, ""matched"": true}, {""node_id"": ""2973"", ""widget_name"": ""LightGBM"", ""node_name"": ""LightGBM分类器"", ""node_params"": {""boosting_type"": ""gbdt"", ""n_estimators"": 10, ""learning_rate"": 0.1, ""sampling_rate"": 0.1, ""max_depth_check"": false, ""max_depth"": 3, ""num_leaves_check"": false, ""num_leaves"": 31}, ""matched"": true}, {""node_id"": ""2975"", ""widget_name"": ""Predictions"", ""node_name"": ""预测"", ""node_params"": {""output_attrs"": true, ""output_predictions"": true, ""output_probabilities"": true}, ""matched"": true}]}","{""dependency_requirements"": [{""edge_id"": ""2463"", ""source_node_id"": ""2970"", ""target_node_id"": ""2971""}, {""edge_id"": ""2464"", ""source_node_id"": ""2971"", ""target_node_id"": ""2972""}, {""edge_id"": ""2465"", ""source_node_id"": ""2972"", ""target_node_id"": ""2973""}, {""edge_id"": ""2469"", ""source_node_id"": ""2972"", ""target_node_id"": ""2975""}, {""edge_id"": ""2470"", ""source_node_id"": ""2973"", ""target_node_id"": ""2975""}], ""step_requirements"": [{""node_id"": ""2970"", ""algorithm_step_name"": ""Tabular Dataset Loading"", ""node_name"": ""鸢尾花示例数据"", ""node_params"": {""type"": ""sample"", ""filename"": ""iris.csv""}, ""contrast_level"": 2, ""node_type"": ""io""}, {""node_id"": ""2971"", ""algorithm_step_name"": ""Missing Value Handling"", ""node_name"": ""缺失值处理"", ""node_params"": {""method"": 1}, ""contrast_level"": 2, ""node_type"": ""preprocess""}, {""node_id"": ""2972"", ""algorithm_step_name"": ""Dataset Division"", ""node_name"": ""数据划分处理"", ""node_params"": {""sampling_type"": 0, ""percentage"": 10, ""n_samples"": 15, ""replacement"": false, ""n_folds"": 10, ""selected_folds"": 1, ""replicable"": false, ""stratified"": false}, ""contrast_level"": 2, ""node_type"": ""preprocess""}, {""node_id"": ""2973"", ""algorithm_step_name"": ""LightGBM"", ""node_name"": ""LightGBM分类器"", ""node_params"": {""boosting_type"": ""gbdt"", ""n_estimators"": 10, ""learning_rate"": 0.1, ""sampling_rate"": 0.1, ""max_depth_check"": false, ""max_depth"": 3, ""num_leaves_check"": false, ""num_leaves"": 31}, ""contrast_level"": 2, ""node_type"": ""model""}, {""node_id"": ""2975"", ""algorithm_step_name"": ""Test Dataset Predictions"", ""node_name"": ""预测"", ""node_params"": {}, ""contrast_level"": 1, ""node_type"": ""predict""}]}"
帮我把缺失值处理步骤删除掉，并换一个更好的模型。,0.875,13527,98,0,0,0,0,0,"{""edges"": [{""edge_id"": ""50255"", ""source_node_id"": ""2978"", ""target_node_id"": ""60543""}, {""edge_id"": ""50256"", ""source_node_id"": ""2978"", ""target_node_id"": ""2980""}, {""edge_id"": ""50258"", ""source_node_id"": ""60543"", ""target_node_id"": ""2980""}, {""edge_id"": ""50259"", ""source_node_id"": ""2978"", ""target_node_id"": ""2981""}, {""edge_id"": ""50260"", ""source_node_id"": ""2981"", ""target_node_id"": ""2980""}], ""nodes"": [{""node_id"": ""2976"", ""widget_name"": ""File"", ""node_name"": ""鸢尾花示例数据"", ""node_params"": {""type"": ""sample"", ""filename"": ""iris.csv""}, ""matched"": true}, {""node_id"": ""2978"", ""widget_name"": ""Data Sampler"", ""node_name"": ""数据划分处理"", ""node_params"": {""sampling_type"": 0, ""percentage"": 10, ""n_samples"": 15, ""replacement"": false, ""n_folds"": 10, ""selected_folds"": 1, ""replicable"": false, ""stratified"": false}, ""matched"": true}, {""node_id"": ""60543"", ""widget_name"": ""LightGBM"", ""node_name"": ""LightGBM分类器"", ""node_params"": {""boosting_type"": ""gbdt"", ""n_estimators"": 10, ""learning_rate"": 0.1, ""sampling_rate"": 0.1, ""max_depth_check"": false, ""max_depth"": 3, ""num_leaves_check"": false, ""num_leaves"": 31}, ""matched"": false}, {""node_id"": ""2980"", ""widget_name"": ""Test & Score"", ""node_name"": ""模型评估"", ""node_params"": {}, ""matched"": true}, {""node_id"": ""2981"", ""widget_name"": ""XGBoost"", ""node_name"": ""XGBoost分类器"", ""node_params"": {""booster"": ""gbtree"", ""learning_rate"": 0.3, ""gamma"": 0, ""max_depth"": 6, ""min_child_widget"": 1, ""max_delta_step"": 0, ""subsample"": 1, ""sampling_method"": ""uniform"", ""lambda"": 1, ""alpha"": 0, ""tree_method"": ""auto"", ""scale_pos_weight"": 1, ""updater"": ""grow_colmaker"", ""process_type"": ""default"", ""grow_policy"": ""depthwise""}, ""matched"": true}]}","{""dependency_requirements"": [{""edge_id"": ""2474"", ""source_node_id"": ""2978"", ""target_node_id"": ""2980""}, {""edge_id"": ""2477"", ""source_node_id"": ""2976"", ""target_node_id"": ""2978""}, {""edge_id"": ""2478"", ""source_node_id"": ""2978"", ""target_node_id"": ""2981""}, {""edge_id"": ""2479"", ""source_node_id"": ""2981"", ""target_node_id"": ""2980""}], ""step_requirements"": [{""node_id"": ""2976"", ""algorithm_step_name"": ""Tabular Dataset Loading"", ""node_name"": ""鸢尾花示例数据"", ""node_params"": {""type"": ""sample"", ""filename"": ""iris.csv""}, ""contrast_level"": 2, ""node_type"": ""io""}, {""node_id"": ""2978"", ""algorithm_step_name"": ""Dataset Division"", ""node_name"": ""数据划分处理"", ""node_params"": {""sampling_type"": 0, ""percentage"": 10, ""n_samples"": 15, ""replacement"": false, ""n_folds"": 10, ""selected_folds"": 1, ""replicable"": false, ""stratified"": false}, ""contrast_level"": 2, ""node_type"": ""preprocess""}, {""node_id"": ""2980"", ""algorithm_step_name"": ""Model Evaluate"", ""node_name"": ""模型评估"", ""node_params"": {}, ""contrast_level"": 2, ""node_type"": ""evaluate""}, {""node_id"": ""2981"", ""algorithm_step_name"": ""XGBoost"", ""node_name"": ""XGBoost"", ""node_params"": {}, ""contrast_level"": 1, ""node_type"": ""model""}]}"
我的数据集没有缺失值，所以请你帮我删除掉缺失值处理这一步，然后把数据抽样的比例改为7:3，最后帮我添加一个可视化混淆矩阵的步骤。,0.9,13454,104,0,0,0,0,0,"{""edges"": [{""edge_id"": ""50263"", ""source_node_id"": ""3047"", ""target_node_id"": ""3048""}, {""edge_id"": ""50264"", ""source_node_id"": ""3047"", ""target_node_id"": ""3049""}, {""edge_id"": ""50266"", ""source_node_id"": ""3048"", ""target_node_id"": ""3049""}, {""edge_id"": ""50267"", ""source_node_id"": ""3049"", ""target_node_id"": ""3050""}], ""nodes"": [{""node_id"": ""3045"", ""widget_name"": ""File"", ""node_name"": ""数据"", ""node_params"": {""type"": ""sample"", ""filename"": ""iris.csv""}, ""matched"": true}, {""node_id"": ""3047"", ""widget_name"": ""Data Sampler"", ""node_name"": ""数据采样"", ""node_params"": {""sampling_type"": 0, ""percentage"": 30, ""n_samples"": 15, ""replacement"": false, ""n_folds"": 10, ""selected_folds"": 1, ""replicable"": false, ""stratified"": false}, ""matched"": true}, {""node_id"": ""3048"", ""widget_name"": ""LightGBM"", ""node_name"": ""LightGBM"", ""node_params"": {""boosting_type"": ""gbdt"", ""n_estimators"": 10, ""learning_rate"": 0.1, ""sampling_rate"": 0.1, ""max_depth_check"": false, ""max_depth"": 3, ""num_leaves_check"": false, ""num_leaves"": 31}, ""matched"": true}, {""node_id"": ""3049"", ""widget_name"": ""Test & Score"", ""node_name"": ""测试得分"", ""node_params"": {}, ""matched"": true}, {""node_id"": ""3050"", ""widget_name"": ""Confusion Matrix"", ""node_name"": ""混淆矩阵"", ""node_params"": {}, ""matched"": true}]}","{""dependency_requirements"": [{""edge_id"": ""2556"", ""source_node_id"": ""3047"", ""target_node_id"": ""3048""}, {""edge_id"": ""2557"", ""source_node_id"": ""3047"", ""target_node_id"": ""3049""}, {""edge_id"": ""2559"", ""source_node_id"": ""3048"", ""target_node_id"": ""3049""}, {""edge_id"": ""2560"", ""source_node_id"": ""3045"", ""target_node_id"": ""3047""}, {""edge_id"": ""2561"", ""source_node_id"": ""3049"", ""target_node_id"": ""3050""}], ""step_requirements"": [{""node_id"": ""3045"", ""algorithm_step_name"": ""Tabular Dataset Loading"", ""node_name"": ""数据"", ""node_params"": {""type"": ""sample"", ""filename"": ""iris.csv""}, ""contrast_level"": 2, ""node_type"": ""io""}, {""node_id"": ""3047"", ""algorithm_step_name"": ""Dataset Division"", ""node_name"": ""数据采样"", ""node_params"": {""sampling_type"": 0, ""percentage"": 30, ""n_samples"": 15, ""replacement"": false, ""n_folds"": 10, ""selected_folds"": 1, ""replicable"": false, ""stratified"": false}, ""contrast_level"": 2, ""node_type"": ""preprocess""}, {""node_id"": ""3048"", ""algorithm_step_name"": ""LightGBM"", ""node_name"": ""LightGBM"", ""node_params"": {""boosting_type"": ""gbdt"", ""n_estimators"": 10, ""learning_rate"": 0.1, ""sampling_rate"": 0.1, ""max_depth_check"": false, ""max_depth"": 3, ""num_leaves_check"": false, ""num_leaves"": 31}, ""contrast_level"": 2, ""node_type"": ""model""}, {""node_id"": ""3049"", ""algorithm_step_name"": ""Model Evaluate"", ""node_name"": ""测试得分"", ""node_params"": {}, ""contrast_level"": 2, ""node_type"": ""evaluate""}, {""node_id"": ""3050"", ""algorithm_step_name"": ""Confusion Matrix"", ""node_name"": ""混淆矩阵"", ""node_params"": {}, ""contrast_level"": 2, ""node_type"": ""visualize""}]}"
帮我把加载的数据集换成房价示例数据集。然后，把KNN模型给我换成XGBoost模型。,1.0,13013,137,0,0,0,0,0,"{""edges"": [{""edge_id"": ""50268"", ""source_node_id"": ""3051"", ""target_node_id"": ""3052""}, {""edge_id"": ""50270"", ""source_node_id"": ""3052"", ""target_node_id"": ""3054""}, {""edge_id"": ""50273"", ""source_node_id"": ""3052"", ""target_node_id"": ""3055""}, {""edge_id"": ""50274"", ""source_node_id"": ""3055"", ""target_node_id"": ""3054""}], ""nodes"": [{""node_id"": ""3051"", ""widget_name"": ""File"", ""node_name"": ""数据"", ""node_params"": {""type"": ""sample"", ""filename"": ""housing.csv""}, ""matched"": true}, {""node_id"": ""3052"", ""widget_name"": ""Data Sampler"", ""node_name"": ""数据采样"", ""node_params"": {""sampling_type"": 0, ""percentage"": 10, ""n_samples"": 15, ""replacement"": false, ""n_folds"": 10, ""selected_folds"": 1, ""replicable"": false, ""stratified"": false}, ""matched"": true}, {""node_id"": ""3054"", ""widget_name"": ""Test & Score"", ""node_name"": ""测试得分"", ""node_params"": {}, ""matched"": true}, {""node_id"": ""3055"", ""widget_name"": ""XGBoost"", ""node_name"": ""XGBoost模型"", ""node_params"": {""booster"": ""gbtree"", ""learning_rate"": 0.3, ""gamma"": 0, ""max_depth"": 6, ""min_child_widget"": 1, ""max_delta_step"": 0, ""subsample"": 1, ""sampling_method"": ""uniform"", ""lambda"": 1, ""alpha"": 0, ""tree_method"": ""auto"", ""scale_pos_weight"": 1, ""updater"": ""grow_colmaker"", ""process_type"": ""default"", ""grow_policy"": ""depthwise""}, ""matched"": true}]}","{""dependency_requirements"": [{""edge_id"": ""2562"", ""source_node_id"": ""3051"", ""target_node_id"": ""3052""}, {""edge_id"": ""2564"", ""source_node_id"": ""3052"", ""target_node_id"": ""3054""}, {""edge_id"": ""2567"", ""source_node_id"": ""3052"", ""target_node_id"": ""3055""}, {""edge_id"": ""2568"", ""source_node_id"": ""3055"", ""target_node_id"": ""3054""}], ""step_requirements"": [{""node_id"": ""3051"", ""algorithm_step_name"": ""Tabular Dataset Loading"", ""node_name"": ""数据"", ""node_params"": {""type"": ""sample"", ""filename"": ""housing.csv""}, ""contrast_level"": 2, ""node_type"": ""io""}, {""node_id"": ""3052"", ""algorithm_step_name"": ""Dataset Division"", ""node_name"": ""数据采样"", ""node_params"": {""sampling_type"": 0, ""percentage"": 10, ""n_samples"": 15, ""replacement"": false, ""n_folds"": 10, ""selected_folds"": 1, ""replicable"": false, ""stratified"": false}, ""contrast_level"": 2, ""node_type"": ""preprocess""}, {""node_id"": ""3054"", ""algorithm_step_name"": ""Model Evaluate"", ""node_name"": ""测试得分"", ""node_params"": {}, ""contrast_level"": 2, ""node_type"": ""evaluate""}, {""node_id"": ""3055"", ""algorithm_step_name"": ""XGBoost"", ""node_name"": ""XGBoost"", ""node_params"": {}, ""contrast_level"": 1, ""node_type"": ""model""}]}"
帮我把连续化处理换成特征选择，KNN的邻节点个数改为7。,1.0,13409,132,0,0,0,0,0,"{""edges"": [{""edge_id"": ""50277"", ""source_node_id"": ""3067"", ""target_node_id"": ""3068""}, {""edge_id"": ""50278"", ""source_node_id"": ""3067"", ""target_node_id"": ""3069""}, {""edge_id"": ""50280"", ""source_node_id"": ""3068"", ""target_node_id"": ""3069""}, {""edge_id"": ""50281"", ""source_node_id"": ""3065"", ""target_node_id"": ""3070""}, {""edge_id"": ""50282"", ""source_node_id"": ""3070"", ""target_node_id"": ""3067""}], ""nodes"": [{""node_id"": ""3065"", ""widget_name"": ""File"", ""node_name"": ""数据"", ""node_params"": {""type"": ""sample"", ""filename"": ""iris.csv""}, ""matched"": true}, {""node_id"": ""3067"", ""widget_name"": ""Data Sampler"", ""node_name"": ""数据采样"", ""node_params"": {""sampling_type"": 0, ""percentage"": 10, ""n_samples"": 15, ""replacement"": false, ""n_folds"": 10, ""selected_folds"": 1, ""replicable"": false, ""stratified"": false}, ""matched"": true}, {""node_id"": ""3068"", ""widget_name"": ""KNN"", ""node_name"": ""KNN"", ""node_params"": {""n_neighbors"": 7, ""metric"": ""euclidean"", ""weights"": ""uniform""}, ""matched"": true}, {""node_id"": ""3069"", ""widget_name"": ""Test & Score"", ""node_name"": ""测试得分"", ""node_params"": {}, ""matched"": true}, {""node_id"": ""3070"", ""widget_name"": ""Select Best N Attributes"", ""node_name"": ""特征选择"", ""node_params"": {""n"": 3}, ""matched"": true}]}","{""dependency_requirements"": [{""edge_id"": ""2576"", ""source_node_id"": ""3067"", ""target_node_id"": ""3068""}, {""edge_id"": ""2577"", ""source_node_id"": ""3067"", ""target_node_id"": ""3069""}, {""edge_id"": ""2579"", ""source_node_id"": ""3068"", ""target_node_id"": ""3069""}, {""edge_id"": ""2580"", ""source_node_id"": ""3065"", ""target_node_id"": ""3070""}, {""edge_id"": ""2581"", ""source_node_id"": ""3070"", ""target_node_id"": ""3067""}], ""step_requirements"": [{""node_id"": ""3065"", ""algorithm_step_name"": ""Tabular Dataset Loading"", ""node_name"": ""数据"", ""node_params"": {""type"": ""sample"", ""filename"": ""iris.csv""}, ""contrast_level"": 2, ""node_type"": ""io""}, {""node_id"": ""3067"", ""algorithm_step_name"": ""Dataset Division"", ""node_name"": ""数据采样"", ""node_params"": {""sampling_type"": 0, ""percentage"": 10, ""n_samples"": 15, ""replacement"": false, ""n_folds"": 10, ""selected_folds"": 1, ""replicable"": false, ""stratified"": false}, ""contrast_level"": 2, ""node_type"": ""preprocess""}, {""node_id"": ""3068"", ""algorithm_step_name"": ""KNN"", ""node_name"": ""KNN"", ""node_params"": {""n_neighbors"": 7, ""metric"": ""euclidean"", ""weights"": ""uniform""}, ""contrast_level"": 2, ""node_type"": ""model""}, {""node_id"": ""3069"", ""algorithm_step_name"": ""Model Evaluate"", ""node_name"": ""测试得分"", ""node_params"": {}, ""contrast_level"": 2, ""node_type"": ""evaluate""}, {""node_id"": ""3070"", ""algorithm_step_name"": ""Feature Selection"", ""node_name"": ""特征选择"", ""node_params"": {}, ""contrast_level"": 1, ""node_type"": ""feature engineering""}]}"
