instruction,rcr,input_tokens,output_tokens,times,time_task_decomposition,time_widget_retrieval,time_operation_sequence_generation,time_data_retrieval,workflow,requirements
"Run data analysis on Iris example dataset, include a plot",1.0,4113,136,0,0,0,0,0,"{""edges"": [{""edge_id"": ""50533"", ""source_node_id"": ""353"", ""target_node_id"": ""355""}, {""edge_id"": ""50534"", ""source_node_id"": ""353"", ""target_node_id"": ""60886""}], ""nodes"": [{""node_id"": ""353"", ""widget_name"": ""File"", ""node_name"": ""加载Iris数据集"", ""node_params"": {""type"": ""sample"", ""filename"": ""iris.csv""}, ""matched"": true}, {""node_id"": ""355"", ""widget_name"": ""Scatter Plot"", ""node_name"": ""散点图"", ""node_params"": {}, ""matched"": true}, {""node_id"": ""60886"", ""widget_name"": ""Distributions"", ""node_name"": ""柱状图"", ""node_params"": {}, ""matched"": false}]}","{""dependency_requirements"": [{""edge_id"": ""257"", ""source_node_id"": ""353"", ""target_node_id"": ""355""}], ""step_requirements"": [{""node_id"": ""353"", ""algorithm_step_name"": ""Tabular Dataset Loading"", ""node_name"": ""文件加载节点"", ""node_params"": {""type"": ""sample"", ""filename"": ""iris.csv""}, ""contrast_level"": 2, ""node_type"": ""io""}, {""node_id"": ""355"", ""algorithm_step_name"": ""Scatter Plot"", ""node_name"": ""散点图"", ""node_params"": {}, ""contrast_level"": 0, ""node_type"": ""visualize""}]}"
"Run data analysis on Wine recognition example dataset, include a plot, and train a model to predict wine class with 20% as test set, and save predictions.",0.1667,16761,1245,0,0,0,0,0,"{""edges"": [], ""nodes"": [{""node_id"": ""373"", ""widget_name"": ""File"", ""node_name"": ""加载数据集"", ""node_params"": {""type"": ""sample"", ""filename"": ""wine.csv""}, ""matched"": true}, {""node_id"": ""60888"", ""widget_name"": ""File"", ""node_name"": ""加载数据集"", ""node_params"": {""type"": ""sample"", ""filename"": ""wine.csv""}, ""matched"": false}, {""node_id"": ""60889"", ""widget_name"": ""File"", ""node_name"": ""加载数据集"", ""node_params"": {""type"": ""sample"", ""filename"": ""wine.csv""}, ""matched"": false}]}","{""dependency_requirements"": [{""edge_id"": ""277"", ""source_node_id"": ""373"", ""target_node_id"": ""374""}, {""edge_id"": ""282"", ""source_node_id"": ""377"", ""target_node_id"": ""378""}, {""edge_id"": ""283"", ""source_node_id"": ""378"", ""target_node_id"": ""379""}, {""edge_id"": ""286"", ""source_node_id"": ""373"", ""target_node_id"": ""382""}, {""edge_id"": ""287"", ""source_node_id"": ""374"", ""target_node_id"": ""378""}, {""edge_id"": ""288"", ""source_node_id"": ""374"", ""target_node_id"": ""377""}], ""step_requirements"": [{""node_id"": ""373"", ""algorithm_step_name"": ""Tabular Dataset Loading"", ""node_name"": ""文件加载节点"", ""node_params"": {""type"": ""sample"", ""filename"": ""wine.csv""}, ""contrast_level"": 2, ""node_type"": ""io""}, {""node_id"": ""374"", ""algorithm_step_name"": ""Dataset Division"", ""node_name"": ""数据划分"", ""node_params"": {""sampling_type"": 0, ""percentage"": 20}, ""contrast_level"": 2, ""node_type"": ""preprocess""}, {""node_id"": ""377"", ""algorithm_step_name"": ""XGBoost"", ""node_name"": ""XGBoost分类器"", ""node_params"": {}, ""contrast_level"": 0, ""node_type"": ""model""}, {""node_id"": ""378"", ""algorithm_step_name"": ""Test Dataset Predictions"", ""node_name"": ""预测"", ""node_params"": {""output_probabilities"": true}, ""contrast_level"": 2, ""node_type"": ""predict""}, {""node_id"": ""379"", ""algorithm_step_name"": ""Save Data"", ""node_name"": ""保存预测结果"", ""node_params"": {}, ""contrast_level"": 1, ""node_type"": ""io""}, {""node_id"": ""382"", ""algorithm_step_name"": ""Line Chart"", ""node_name"": ""折线图"", ""node_params"": {}, ""contrast_level"": 0, ""node_type"": ""visualize""}]}"
"Run data analysis on sklearn Wisconsin Breast Cancer example dataset, include a plot, train a model to predict targets (20% as validation), and save predictions.",0.1667,14596,1144,0,0,0,0,0,"{""edges"": [], ""nodes"": [{""node_id"": ""390"", ""widget_name"": ""File"", ""node_name"": ""数据加载"", ""node_params"": {""type"": ""sample"", ""filename"": ""breast_cancer.csv""}, ""matched"": true}, {""node_id"": ""60891"", ""widget_name"": ""File"", ""node_name"": ""数据加载"", ""node_params"": {""type"": ""sample"", ""filename"": ""breast_cancer.csv""}, ""matched"": false}, {""node_id"": ""60892"", ""widget_name"": ""File"", ""node_name"": ""数据加载"", ""node_params"": {""type"": ""sample"", ""filename"": ""breast_cancer.csv""}, ""matched"": false}]}","{""dependency_requirements"": [{""edge_id"": ""298"", ""source_node_id"": ""392"", ""target_node_id"": ""393""}, {""edge_id"": ""299"", ""source_node_id"": ""392"", ""target_node_id"": ""394""}, {""edge_id"": ""300"", ""source_node_id"": ""393"", ""target_node_id"": ""394""}, {""edge_id"": ""301"", ""source_node_id"": ""394"", ""target_node_id"": ""395""}, {""edge_id"": ""304"", ""source_node_id"": ""390"", ""target_node_id"": ""396""}, {""edge_id"": ""305"", ""source_node_id"": ""390"", ""target_node_id"": ""392""}], ""step_requirements"": [{""node_id"": ""390"", ""algorithm_step_name"": ""Tabular Dataset Loading"", ""node_name"": ""威斯康星乳腺癌数据集"", ""node_params"": {""type"": ""sample"", ""filename"": ""breast_cancer.csv""}, ""contrast_level"": 2, ""node_type"": ""io""}, {""node_id"": ""392"", ""algorithm_step_name"": ""Dataset Division"", ""node_name"": ""数据划分"", ""node_params"": {""percentage"": 20}, ""contrast_level"": 2, ""node_type"": ""preprocess""}, {""node_id"": ""393"", ""algorithm_step_name"": ""LightGBM"", ""node_name"": ""LightGBM分类器"", ""node_params"": {}, ""contrast_level"": 0, ""node_type"": ""model""}, {""node_id"": ""394"", ""algorithm_step_name"": ""Test Dataset Predictions"", ""node_name"": ""预测"", ""node_params"": {""output_probabilities"": true}, ""contrast_level"": 2, ""node_type"": ""predict""}, {""node_id"": ""395"", ""algorithm_step_name"": ""Save Data"", ""node_name"": ""保存预测结果"", ""node_params"": {}, ""contrast_level"": 1, ""node_type"": ""io""}, {""node_id"": ""396"", ""algorithm_step_name"": ""Correlogram"", ""node_name"": ""相关性热图"", ""node_params"": {}, ""contrast_level"": 0, ""node_type"": ""visualize""}]}"
"This is a titanic passenger survival dataset, your goal is to predict passenger survival outcome. The target column is Survived. Perform data analysis, data preprocessing, feature engineering, and modeling to predict the target. save predictions. Train data: titanic_train, Eval data: titanic_test.",0.2222,12197,1185,0,0,0,0,0,"{""edges"": [], ""nodes"": [{""node_id"": ""399"", ""widget_name"": ""Select Columns"", ""node_name"": ""选择特征"", ""node_params"": {""ignores"": [], ""features"": [], ""targets"": """"}, ""matched"": true}, {""node_id"": ""400"", ""widget_name"": ""Select Columns"", ""node_name"": ""选择特征"", ""node_params"": {""ignores"": [], ""features"": [], ""targets"": """"}, ""matched"": true}, {""node_id"": ""60895"", ""widget_name"": ""Select Columns"", ""node_name"": ""选择特征（训练数据）"", ""node_params"": {""ignores"": [], ""features"": [], ""targets"": """"}, ""matched"": false}]}","{""dependency_requirements"": [{""edge_id"": ""306"", ""source_node_id"": ""397"", ""target_node_id"": ""399""}, {""edge_id"": ""307"", ""source_node_id"": ""398"", ""target_node_id"": ""400""}, {""edge_id"": ""308"", ""source_node_id"": ""399"", ""target_node_id"": ""401""}, {""edge_id"": ""309"", ""source_node_id"": ""400"", ""target_node_id"": ""402""}, {""edge_id"": ""310"", ""source_node_id"": ""401"", ""target_node_id"": ""403""}, {""edge_id"": ""311"", ""source_node_id"": ""402"", ""target_node_id"": ""404""}, {""edge_id"": ""312"", ""source_node_id"": ""403"", ""target_node_id"": ""404""}, {""edge_id"": ""313"", ""source_node_id"": ""404"", ""target_node_id"": ""405""}], ""step_requirements"": [{""node_id"": ""397"", ""algorithm_step_name"": ""Tabular Dataset Loading"", ""node_name"": ""泰坦尼克号训练数据"", ""node_params"": {""table_name"": ""titanic_train"", ""target_column"": ""Survived""}, ""contrast_level"": 2, ""node_type"": ""io""}, {""node_id"": ""398"", ""algorithm_step_name"": ""Tabular Dataset Loading"", ""node_name"": ""泰坦尼克号测试数据"", ""node_params"": {""table_name"": ""titanic_test"", ""target_column"": ""Survived""}, ""contrast_level"": 2, ""node_type"": ""io""}, {""node_id"": ""399"", ""algorithm_step_name"": ""Missing Value Handling"", ""node_name"": ""训练数据缺失值处理"", ""node_params"": {}, ""contrast_level"": 0, ""node_type"": ""preprocess""}, {""node_id"": ""400"", ""algorithm_step_name"": ""Missing Value Handling"", ""node_name"": ""测试数据缺失值处理"", ""node_params"": {}, ""contrast_level"": 0, ""node_type"": ""preprocess""}, {""node_id"": ""401"", ""algorithm_step_name"": ""One Hot Encoding"", ""node_name"": ""训练数据独热编码"", ""node_params"": {}, ""contrast_level"": 0, ""node_type"": ""feature engineering""}, {""node_id"": ""402"", ""algorithm_step_name"": ""One Hot Encoding"", ""node_name"": ""测试数据独热编码"", ""node_params"": {}, ""contrast_level"": 0, ""node_type"": ""feature engineering""}, {""node_id"": ""403"", ""algorithm_step_name"": ""XGBoost"", ""node_name"": ""XGBoost分类器"", ""node_params"": {}, ""contrast_level"": 2, ""node_type"": ""model""}, {""node_id"": ""404"", ""algorithm_step_name"": ""Test Dataset Predictions"", ""node_name"": ""预测"", ""node_params"": {""output_probabilities"": true}, ""contrast_level"": 2, ""node_type"": ""predict""}, {""node_id"": ""405"", ""algorithm_step_name"": ""Save Data"", ""node_name"": ""保存预测结果"", ""node_params"": {}, ""contrast_level"": 1, ""node_type"": ""io""}]}"
"This is a house price dataset, your goal is to predict the sale price of a property based on its features. The target column is SalePrice. Perform data analysis, data preprocessing, feature engineering, and modeling to predict the target. save predictions. Train data: house_prices_advanced_regression_techniques_train, Eval data: house_prices_advanced_regression_techniques_test.",0.1111,16990,1406,0,0,0,0,0,"{""edges"": [], ""nodes"": [{""node_id"": ""408"", ""widget_name"": ""Select Columns"", ""node_name"": ""选择列"", ""node_params"": {""ignores"": [], ""features"": [], ""targets"": """"}, ""matched"": true}]}","{""dependency_requirements"": [{""edge_id"": ""314"", ""source_node_id"": ""406"", ""target_node_id"": ""408""}, {""edge_id"": ""315"", ""source_node_id"": ""407"", ""target_node_id"": ""409""}, {""edge_id"": ""316"", ""source_node_id"": ""408"", ""target_node_id"": ""410""}, {""edge_id"": ""317"", ""source_node_id"": ""409"", ""target_node_id"": ""411""}, {""edge_id"": ""318"", ""source_node_id"": ""410"", ""target_node_id"": ""412""}, {""edge_id"": ""319"", ""source_node_id"": ""411"", ""target_node_id"": ""413""}, {""edge_id"": ""320"", ""source_node_id"": ""412"", ""target_node_id"": ""413""}, {""edge_id"": ""321"", ""source_node_id"": ""413"", ""target_node_id"": ""414""}], ""step_requirements"": [{""node_id"": ""406"", ""algorithm_step_name"": ""Tabular Dataset Loading"", ""node_name"": ""房屋价格训练数据"", ""node_params"": {""table_name"": ""house_prices_advanced_regression_techniques_train"", ""target_column"": ""SalePrice""}, ""contrast_level"": 2, ""node_type"": ""io""}, {""node_id"": ""407"", ""algorithm_step_name"": ""Tabular Dataset Loading"", ""node_name"": ""房屋价格测试数据"", ""node_params"": {""table_name"": ""house_prices_advanced_regression_techniques_test"", ""target_column"": ""SalePrice""}, ""contrast_level"": 2, ""node_type"": ""io""}, {""node_id"": ""408"", ""algorithm_step_name"": ""Missing Value Handling"", ""node_name"": ""训练数据缺失值处理"", ""node_params"": {}, ""contrast_level"": 0, ""node_type"": ""preprocess""}, {""node_id"": ""409"", ""algorithm_step_name"": ""Missing Value Handling"", ""node_name"": ""测试数据缺失值处理"", ""node_params"": {}, ""contrast_level"": 0, ""node_type"": ""preprocess""}, {""node_id"": ""410"", ""algorithm_step_name"": ""One Hot Encoding"", ""node_name"": ""训练数据独热编码"", ""node_params"": {}, ""contrast_level"": 0, ""node_type"": ""feature engineering""}, {""node_id"": ""411"", ""algorithm_step_name"": ""One Hot Encoding"", ""node_name"": ""测试数据独热编码"", ""node_params"": {}, ""contrast_level"": 0, ""node_type"": ""feature engineering""}, {""node_id"": ""412"", ""algorithm_step_name"": ""XGBoost"", ""node_name"": ""XGBoost回归器"", ""node_params"": {}, ""contrast_level"": 0, ""node_type"": ""model""}, {""node_id"": ""413"", ""algorithm_step_name"": ""Test Dataset Predictions"", ""node_name"": ""预测"", ""node_params"": {""output_probabilities"": false}, ""contrast_level"": 2, ""node_type"": ""predict""}, {""node_id"": ""414"", ""algorithm_step_name"": ""Save Data"", ""node_name"": ""保存预测结果"", ""node_params"": {}, ""contrast_level"": 1, ""node_type"": ""io""}]}"
"This is a customers financial dataset. Your goal is to predict which customers will make a specific transaction in the future. The target column is target. Perform data analysis and modeling to predict the target. save predictions. Train data: santander_customer_transaction_prediction_train, Eval data: santander_customer_transaction_prediction_test.",0.4,18871,4554,0,0,0,0,0,"{""edges"": [], ""nodes"": [{""node_id"": ""415"", ""widget_name"": ""SQL Table"", ""node_name"": ""训练数据"", ""node_params"": {""table_name"": ""santander_customer_transaction_prediction_train"", ""target_column"": ""target""}, ""matched"": true}, {""node_id"": ""416"", ""widget_name"": ""SQL Table"", ""node_name"": ""评估数据"", ""node_params"": {""table_name"": ""santander_customer_transaction_prediction_test"", ""target_column"": ""target""}, ""matched"": true}, {""node_id"": ""60900"", ""widget_name"": ""Select Columns"", ""node_name"": ""选择特征和目标列"", ""node_params"": {""ignores"": [], ""features"": [], ""targets"": """"}, ""matched"": false}, {""node_id"": ""60901"", ""widget_name"": ""SQL Table"", ""node_name"": ""训练数据"", ""node_params"": {""table_name"": ""santander_customer_transaction_prediction_train"", ""target_column"": ""target""}, ""matched"": false}, {""node_id"": ""60902"", ""widget_name"": ""SQL Table"", ""node_name"": ""评估数据"", ""node_params"": {""table_name"": ""santander_customer_transaction_prediction_test"", ""target_column"": ""target""}, ""matched"": false}, {""node_id"": ""60903"", ""widget_name"": ""Select Columns"", ""node_name"": ""选择特征和目标列"", ""node_params"": {""ignores"": [], ""features"": [], ""targets"": """"}, ""matched"": false}, {""node_id"": ""60904"", ""widget_name"": ""SQL Table"", ""node_name"": ""训练数据"", ""node_params"": {""table_name"": ""santander_customer_transaction_prediction_train"", ""target_column"": ""target""}, ""matched"": false}, {""node_id"": ""60905"", ""widget_name"": ""SQL Table"", ""node_name"": ""评估数据"", ""node_params"": {""table_name"": ""santander_customer_transaction_prediction_test"", ""target_column"": ""target""}, ""matched"": false}, {""node_id"": ""60906"", ""widget_name"": ""Select Columns"", ""node_name"": ""选择特征和目标列"", ""node_params"": {""ignores"": [], ""features"": [], ""targets"": """"}, ""matched"": false}]}","{""dependency_requirements"": [{""edge_id"": ""322"", ""source_node_id"": ""415"", ""target_node_id"": ""417""}, {""edge_id"": ""323"", ""source_node_id"": ""416"", ""target_node_id"": ""418""}, {""edge_id"": ""324"", ""source_node_id"": ""417"", ""target_node_id"": ""418""}, {""edge_id"": ""325"", ""source_node_id"": ""418"", ""target_node_id"": ""419""}], ""step_requirements"": [{""node_id"": ""415"", ""algorithm_step_name"": ""Tabular Dataset Loading"", ""node_name"": ""桑坦德客户交易预测训练数据"", ""node_params"": {""table_name"": ""santander_customer_transaction_prediction_train"", ""target_column"": ""target""}, ""contrast_level"": 2, ""node_type"": ""io""}, {""node_id"": ""416"", ""algorithm_step_name"": ""Tabular Dataset Loading"", ""node_name"": ""桑坦德客户交易预测测试数据"", ""node_params"": {""table_name"": ""santander_customer_transaction_prediction_test"", ""target_column"": ""target""}, ""contrast_level"": 2, ""node_type"": ""io""}, {""node_id"": ""417"", ""algorithm_step_name"": ""XGBoost"", ""node_name"": ""XGBoost分类器"", ""node_params"": {}, ""contrast_level"": 0, ""node_type"": ""model""}, {""node_id"": ""418"", ""algorithm_step_name"": ""Test Dataset Predictions"", ""node_name"": ""预测"", ""node_params"": {""output_probabilities"": true}, ""contrast_level"": 2, ""node_type"": ""predict""}, {""node_id"": ""419"", ""algorithm_step_name"": ""Save Data"", ""node_name"": ""保存预测结果"", ""node_params"": {}, ""contrast_level"": 1, ""node_type"": ""io""}]}"
"This is a medical dataset with over fifty anonymized health characteristics linked to three age-related conditions. Your goal is to predict whether a subject has or has not been diagnosed with one of these conditions. The target column is Class. Perform data analysis, data preprocessing, and modeling to predict the target. save predictions. Train data: icr_identify_age_related_conditions_train, Eval data: icr_identify_age_related_conditions_test",0.0,16211,1292,0,0,0,0,0,"{""edges"": [], ""nodes"": []}","{""dependency_requirements"": [{""edge_id"": ""484"", ""source_node_id"": ""659"", ""target_node_id"": ""661""}, {""edge_id"": ""485"", ""source_node_id"": ""660"", ""target_node_id"": ""662""}, {""edge_id"": ""486"", ""source_node_id"": ""661"", ""target_node_id"": ""663""}, {""edge_id"": ""487"", ""source_node_id"": ""662"", ""target_node_id"": ""664""}, {""edge_id"": ""488"", ""source_node_id"": ""663"", ""target_node_id"": ""664""}, {""edge_id"": ""489"", ""source_node_id"": ""664"", ""target_node_id"": ""665""}], ""step_requirements"": [{""node_id"": ""659"", ""algorithm_step_name"": ""Tabular Dataset Loading"", ""node_name"": ""icr_identify_age_related_conditions_train"", ""node_params"": {""table_name"": ""icr_identify_age_related_conditions_train"", ""target_column"": ""Class""}, ""contrast_level"": 2, ""node_type"": ""io""}, {""node_id"": ""660"", ""algorithm_step_name"": ""Tabular Dataset Loading"", ""node_name"": ""icr_identify_age_related_conditions_test"", ""node_params"": {""table_name"": ""icr_identify_age_related_conditions_test"", ""target_column"": ""Class""}, ""contrast_level"": 2, ""node_type"": ""io""}, {""node_id"": ""661"", ""algorithm_step_name"": ""Missing Value Handling"", ""node_name"": ""训练数据缺失值处理"", ""node_params"": {}, ""contrast_level"": 0, ""node_type"": ""preprocess""}, {""node_id"": ""662"", ""algorithm_step_name"": ""Missing Value Handling"", ""node_name"": ""测试数据缺失值处理"", ""node_params"": {}, ""contrast_level"": 0, ""node_type"": ""preprocess""}, {""node_id"": ""663"", ""algorithm_step_name"": ""XGBoost"", ""node_name"": ""XGBoost分类器"", ""node_params"": {}, ""contrast_level"": 0, ""node_type"": ""model""}, {""node_id"": ""664"", ""algorithm_step_name"": ""Test Dataset Predictions"", ""node_name"": ""预测"", ""node_params"": {""output_probabilities"": true}, ""contrast_level"": 2, ""node_type"": ""predict""}, {""node_id"": ""665"", ""algorithm_step_name"": ""Save Data"", ""node_name"": ""保存预测结果"", ""node_params"": {}, ""contrast_level"": 1, ""node_type"": ""io""}]}"
"This is a customers financial dataset. Your goal is to predict the value of transactions for each potential customer. The target column is target. Perform data analysis and modeling to predict the target. save predictions. Train data: santander_value_prediction_challenge_train, Eval data: santander_value_prediction_challenge_test",0.875,5980,1530,0,0,0,0,0,"{""edges"": [{""edge_id"": ""50535"", ""source_node_id"": ""666"", ""target_node_id"": ""60909""}, {""edge_id"": ""50536"", ""source_node_id"": ""667"", ""target_node_id"": ""60910""}, {""edge_id"": ""50537"", ""source_node_id"": ""60909"", ""target_node_id"": ""60911""}, {""edge_id"": ""50538"", ""source_node_id"": ""60910"", ""target_node_id"": ""60912""}, {""edge_id"": ""50539"", ""source_node_id"": ""60911"", ""target_node_id"": ""668""}, {""edge_id"": ""50540"", ""source_node_id"": ""60912"", ""target_node_id"": ""669""}, {""edge_id"": ""50541"", ""source_node_id"": ""668"", ""target_node_id"": ""669""}], ""nodes"": [{""node_id"": ""666"", ""widget_name"": ""SQL Table"", ""node_name"": ""训练数据"", ""node_params"": {""table_name"": ""santander_value_prediction_challenge_train"", ""target_column"": ""target""}, ""matched"": true}, {""node_id"": ""667"", ""widget_name"": ""SQL Table"", ""node_name"": ""评估数据"", ""node_params"": {""table_name"": ""santander_value_prediction_challenge_test"", ""target_column"": ""target""}, ""matched"": true}, {""node_id"": ""60909"", ""widget_name"": ""Impute"", ""node_name"": ""训练数据缺失值处理"", ""node_params"": {""method"": 1}, ""matched"": false}, {""node_id"": ""60910"", ""widget_name"": ""Impute"", ""node_name"": ""评估数据缺失值处理"", ""node_params"": {""method"": 1}, ""matched"": false}, {""node_id"": ""60911"", ""widget_name"": ""Select Columns"", ""node_name"": ""训练数据特征选择"", ""node_params"": {""ignores"": [], ""features"": [], ""targets"": """"}, ""matched"": false}, {""node_id"": ""60912"", ""widget_name"": ""Select Columns"", ""node_name"": ""评估数据特征选择"", ""node_params"": {""ignores"": [], ""features"": [], ""targets"": """"}, ""matched"": false}, {""node_id"": ""668"", ""widget_name"": ""Linear Regression"", ""node_name"": ""线性回归模型"", ""node_params"": {""regression_type"": ""0""}, ""matched"": true}, {""node_id"": ""669"", ""widget_name"": ""Predictions"", ""node_name"": ""预测"", ""node_params"": {""output_attrs"": true, ""output_predictions"": true, ""output_probabilities"": false}, ""matched"": true}]}","{""dependency_requirements"": [{""edge_id"": ""490"", ""source_node_id"": ""666"", ""target_node_id"": ""668""}, {""edge_id"": ""491"", ""source_node_id"": ""667"", ""target_node_id"": ""669""}, {""edge_id"": ""492"", ""source_node_id"": ""668"", ""target_node_id"": ""669""}, {""edge_id"": ""493"", ""source_node_id"": ""669"", ""target_node_id"": ""670""}], ""step_requirements"": [{""node_id"": ""666"", ""algorithm_step_name"": ""Tabular Dataset Loading"", ""node_name"": ""桑坦德价值预测挑战训练数据"", ""node_params"": {""table_name"": ""santander_value_prediction_challenge_train"", ""target_column"": ""target""}, ""contrast_level"": 2, ""node_type"": ""io""}, {""node_id"": ""667"", ""algorithm_step_name"": ""Tabular Dataset Loading"", ""node_name"": ""桑坦德价值预测挑战测试数据"", ""node_params"": {""table_name"": ""santander_value_prediction_challenge_test"", ""target_column"": ""target""}, ""contrast_level"": 2, ""node_type"": ""io""}, {""node_id"": ""668"", ""algorithm_step_name"": ""XGBoost"", ""node_name"": ""XGBoost回归器"", ""node_params"": {}, ""contrast_level"": 0, ""node_type"": ""model""}, {""node_id"": ""669"", ""algorithm_step_name"": ""Test Dataset Predictions"", ""node_name"": ""预测"", ""node_params"": {""output_probabilities"": false}, ""contrast_level"": 2, ""node_type"": ""predict""}, {""node_id"": ""670"", ""algorithm_step_name"": ""Save Data"", ""node_name"": ""保存预测结果"", ""node_params"": {}, ""contrast_level"": 1, ""node_type"": ""io""}]}"
"Run data analysis on Iris example dataset, include a plot",1.0,4113,136,0,0,0,0,0,"{""edges"": [{""edge_id"": ""50542"", ""source_node_id"": ""353"", ""target_node_id"": ""355""}, {""edge_id"": ""50543"", ""source_node_id"": ""353"", ""target_node_id"": ""60917""}], ""nodes"": [{""node_id"": ""353"", ""widget_name"": ""File"", ""node_name"": ""加载Iris数据集"", ""node_params"": {""type"": ""sample"", ""filename"": ""iris.csv""}, ""matched"": true}, {""node_id"": ""355"", ""widget_name"": ""Scatter Plot"", ""node_name"": ""散点图"", ""node_params"": {}, ""matched"": true}, {""node_id"": ""60917"", ""widget_name"": ""Distributions"", ""node_name"": ""柱状图"", ""node_params"": {}, ""matched"": false}]}","{""dependency_requirements"": [{""edge_id"": ""257"", ""source_node_id"": ""353"", ""target_node_id"": ""355""}], ""step_requirements"": [{""node_id"": ""353"", ""algorithm_step_name"": ""Tabular Dataset Loading"", ""node_name"": ""文件加载节点"", ""node_params"": {""type"": ""sample"", ""filename"": ""iris.csv""}, ""contrast_level"": 2, ""node_type"": ""io""}, {""node_id"": ""355"", ""algorithm_step_name"": ""Scatter Plot"", ""node_name"": ""散点图"", ""node_params"": {}, ""contrast_level"": 0, ""node_type"": ""visualize""}]}"
"Run data analysis on Wine recognition example dataset, include a plot, and train a model to predict wine class with 20% as test set, and save predictions.",0.75,16770,1156,0,0,0,0,0,"{""edges"": [{""edge_id"": ""50544"", ""source_node_id"": ""373"", ""target_node_id"": ""60919""}, {""edge_id"": ""50545"", ""source_node_id"": ""60919"", ""target_node_id"": ""377""}, {""edge_id"": ""50546"", ""source_node_id"": ""60919"", ""target_node_id"": ""378""}, {""edge_id"": ""50547"", ""source_node_id"": ""377"", ""target_node_id"": ""378""}, {""edge_id"": ""50548"", ""source_node_id"": ""60919"", ""target_node_id"": ""382""}], ""nodes"": [{""node_id"": ""373"", ""widget_name"": ""File"", ""node_name"": ""加载数据集"", ""node_params"": {""type"": ""sample"", ""filename"": ""wine.csv""}, ""matched"": true}, {""node_id"": ""60919"", ""widget_name"": ""Select Best N Attributes"", ""node_name"": ""选择最佳特征"", ""node_params"": {""n"": 5}, ""matched"": false}, {""node_id"": ""377"", ""widget_name"": ""Tree"", ""node_name"": ""决策树模型"", ""node_params"": {""limit_min_leaf"": true, ""min_leaf"": 2, ""limit_min_internal"": true, ""min_internal"": 5, ""limit_depth"": true, ""max_depth"": 100}, ""matched"": true}, {""node_id"": ""378"", ""widget_name"": ""Predictions"", ""node_name"": ""预测"", ""node_params"": {""output_attrs"": true, ""output_predictions"": true, ""output_probabilities"": true}, ""matched"": true}, {""node_id"": ""382"", ""widget_name"": ""Distributions"", ""node_name"": ""柱状图"", ""node_params"": {}, ""matched"": true}]}","{""dependency_requirements"": [{""edge_id"": ""277"", ""source_node_id"": ""373"", ""target_node_id"": ""374""}, {""edge_id"": ""282"", ""source_node_id"": ""377"", ""target_node_id"": ""378""}, {""edge_id"": ""283"", ""source_node_id"": ""378"", ""target_node_id"": ""379""}, {""edge_id"": ""286"", ""source_node_id"": ""373"", ""target_node_id"": ""382""}, {""edge_id"": ""287"", ""source_node_id"": ""374"", ""target_node_id"": ""378""}, {""edge_id"": ""288"", ""source_node_id"": ""374"", ""target_node_id"": ""377""}], ""step_requirements"": [{""node_id"": ""373"", ""algorithm_step_name"": ""Tabular Dataset Loading"", ""node_name"": ""文件加载节点"", ""node_params"": {""type"": ""sample"", ""filename"": ""wine.csv""}, ""contrast_level"": 2, ""node_type"": ""io""}, {""node_id"": ""374"", ""algorithm_step_name"": ""Dataset Division"", ""node_name"": ""数据划分"", ""node_params"": {""sampling_type"": 0, ""percentage"": 20}, ""contrast_level"": 2, ""node_type"": ""preprocess""}, {""node_id"": ""377"", ""algorithm_step_name"": ""XGBoost"", ""node_name"": ""XGBoost分类器"", ""node_params"": {}, ""contrast_level"": 0, ""node_type"": ""model""}, {""node_id"": ""378"", ""algorithm_step_name"": ""Test Dataset Predictions"", ""node_name"": ""预测"", ""node_params"": {""output_probabilities"": true}, ""contrast_level"": 2, ""node_type"": ""predict""}, {""node_id"": ""379"", ""algorithm_step_name"": ""Save Data"", ""node_name"": ""保存预测结果"", ""node_params"": {}, ""contrast_level"": 1, ""node_type"": ""io""}, {""node_id"": ""382"", ""algorithm_step_name"": ""Line Chart"", ""node_name"": ""折线图"", ""node_params"": {}, ""contrast_level"": 0, ""node_type"": ""visualize""}]}"
"Run data analysis on sklearn Wisconsin Breast Cancer example dataset, include a plot, train a model to predict targets (20% as validation), and save predictions.",0.1667,14692,1385,0,0,0,0,0,"{""edges"": [], ""nodes"": [{""node_id"": ""390"", ""widget_name"": ""File"", ""node_name"": ""数据加载"", ""node_params"": {""type"": ""sample"", ""filename"": ""breast_cancer.csv""}, ""matched"": true}, {""node_id"": ""60926"", ""widget_name"": ""File"", ""node_name"": ""数据加载"", ""node_params"": {""type"": ""sample"", ""filename"": ""breast_cancer.csv""}, ""matched"": false}, {""node_id"": ""60927"", ""widget_name"": ""File"", ""node_name"": ""数据加载"", ""node_params"": {""type"": ""sample"", ""filename"": ""breast_cancer.csv""}, ""matched"": false}]}","{""dependency_requirements"": [{""edge_id"": ""298"", ""source_node_id"": ""392"", ""target_node_id"": ""393""}, {""edge_id"": ""299"", ""source_node_id"": ""392"", ""target_node_id"": ""394""}, {""edge_id"": ""300"", ""source_node_id"": ""393"", ""target_node_id"": ""394""}, {""edge_id"": ""301"", ""source_node_id"": ""394"", ""target_node_id"": ""395""}, {""edge_id"": ""304"", ""source_node_id"": ""390"", ""target_node_id"": ""396""}, {""edge_id"": ""305"", ""source_node_id"": ""390"", ""target_node_id"": ""392""}], ""step_requirements"": [{""node_id"": ""390"", ""algorithm_step_name"": ""Tabular Dataset Loading"", ""node_name"": ""威斯康星乳腺癌数据集"", ""node_params"": {""type"": ""sample"", ""filename"": ""breast_cancer.csv""}, ""contrast_level"": 2, ""node_type"": ""io""}, {""node_id"": ""392"", ""algorithm_step_name"": ""Dataset Division"", ""node_name"": ""数据划分"", ""node_params"": {""percentage"": 20}, ""contrast_level"": 2, ""node_type"": ""preprocess""}, {""node_id"": ""393"", ""algorithm_step_name"": ""LightGBM"", ""node_name"": ""LightGBM分类器"", ""node_params"": {}, ""contrast_level"": 0, ""node_type"": ""model""}, {""node_id"": ""394"", ""algorithm_step_name"": ""Test Dataset Predictions"", ""node_name"": ""预测"", ""node_params"": {""output_probabilities"": true}, ""contrast_level"": 2, ""node_type"": ""predict""}, {""node_id"": ""395"", ""algorithm_step_name"": ""Save Data"", ""node_name"": ""保存预测结果"", ""node_params"": {}, ""contrast_level"": 1, ""node_type"": ""io""}, {""node_id"": ""396"", ""algorithm_step_name"": ""Correlogram"", ""node_name"": ""相关性热图"", ""node_params"": {}, ""contrast_level"": 0, ""node_type"": ""visualize""}]}"
"This is a titanic passenger survival dataset, your goal is to predict passenger survival outcome. The target column is Survived. Perform data analysis, data preprocessing, feature engineering, and modeling to predict the target. save predictions. Train data: titanic_train, Eval data: titanic_test.",0.2222,12197,1185,0,0,0,0,0,"{""edges"": [], ""nodes"": [{""node_id"": ""399"", ""widget_name"": ""Select Columns"", ""node_name"": ""选择特征"", ""node_params"": {""ignores"": [], ""features"": [], ""targets"": """"}, ""matched"": true}, {""node_id"": ""400"", ""widget_name"": ""Select Columns"", ""node_name"": ""选择特征"", ""node_params"": {""ignores"": [], ""features"": [], ""targets"": """"}, ""matched"": true}, {""node_id"": ""60930"", ""widget_name"": ""Select Columns"", ""node_name"": ""选择特征（训练数据）"", ""node_params"": {""ignores"": [], ""features"": [], ""targets"": """"}, ""matched"": false}]}","{""dependency_requirements"": [{""edge_id"": ""306"", ""source_node_id"": ""397"", ""target_node_id"": ""399""}, {""edge_id"": ""307"", ""source_node_id"": ""398"", ""target_node_id"": ""400""}, {""edge_id"": ""308"", ""source_node_id"": ""399"", ""target_node_id"": ""401""}, {""edge_id"": ""309"", ""source_node_id"": ""400"", ""target_node_id"": ""402""}, {""edge_id"": ""310"", ""source_node_id"": ""401"", ""target_node_id"": ""403""}, {""edge_id"": ""311"", ""source_node_id"": ""402"", ""target_node_id"": ""404""}, {""edge_id"": ""312"", ""source_node_id"": ""403"", ""target_node_id"": ""404""}, {""edge_id"": ""313"", ""source_node_id"": ""404"", ""target_node_id"": ""405""}], ""step_requirements"": [{""node_id"": ""397"", ""algorithm_step_name"": ""Tabular Dataset Loading"", ""node_name"": ""泰坦尼克号训练数据"", ""node_params"": {""table_name"": ""titanic_train"", ""target_column"": ""Survived""}, ""contrast_level"": 2, ""node_type"": ""io""}, {""node_id"": ""398"", ""algorithm_step_name"": ""Tabular Dataset Loading"", ""node_name"": ""泰坦尼克号测试数据"", ""node_params"": {""table_name"": ""titanic_test"", ""target_column"": ""Survived""}, ""contrast_level"": 2, ""node_type"": ""io""}, {""node_id"": ""399"", ""algorithm_step_name"": ""Missing Value Handling"", ""node_name"": ""训练数据缺失值处理"", ""node_params"": {}, ""contrast_level"": 0, ""node_type"": ""preprocess""}, {""node_id"": ""400"", ""algorithm_step_name"": ""Missing Value Handling"", ""node_name"": ""测试数据缺失值处理"", ""node_params"": {}, ""contrast_level"": 0, ""node_type"": ""preprocess""}, {""node_id"": ""401"", ""algorithm_step_name"": ""One Hot Encoding"", ""node_name"": ""训练数据独热编码"", ""node_params"": {}, ""contrast_level"": 0, ""node_type"": ""feature engineering""}, {""node_id"": ""402"", ""algorithm_step_name"": ""One Hot Encoding"", ""node_name"": ""测试数据独热编码"", ""node_params"": {}, ""contrast_level"": 0, ""node_type"": ""feature engineering""}, {""node_id"": ""403"", ""algorithm_step_name"": ""XGBoost"", ""node_name"": ""XGBoost分类器"", ""node_params"": {}, ""contrast_level"": 2, ""node_type"": ""model""}, {""node_id"": ""404"", ""algorithm_step_name"": ""Test Dataset Predictions"", ""node_name"": ""预测"", ""node_params"": {""output_probabilities"": true}, ""contrast_level"": 2, ""node_type"": ""predict""}, {""node_id"": ""405"", ""algorithm_step_name"": ""Save Data"", ""node_name"": ""保存预测结果"", ""node_params"": {}, ""contrast_level"": 1, ""node_type"": ""io""}]}"
"This is a house price dataset, your goal is to predict the sale price of a property based on its features. The target column is SalePrice. Perform data analysis, data preprocessing, feature engineering, and modeling to predict the target. save predictions. Train data: house_prices_advanced_regression_techniques_train, Eval data: house_prices_advanced_regression_techniques_test.",0.2222,16948,1468,0,0,0,0,0,"{""edges"": [], ""nodes"": [{""node_id"": ""408"", ""widget_name"": ""Select Columns"", ""node_name"": ""选择列"", ""node_params"": {""ignores"": [], ""features"": [], ""targets"": """"}, ""matched"": true}, {""node_id"": ""409"", ""widget_name"": ""Select Columns"", ""node_name"": ""选择列"", ""node_params"": {""ignores"": [], ""features"": [], ""targets"": """"}, ""matched"": true}, {""node_id"": ""60933"", ""widget_name"": ""Select Columns"", ""node_name"": ""选择列（训练数据）"", ""node_params"": {""ignores"": [], ""features"": [], ""targets"": """"}, ""matched"": false}]}","{""dependency_requirements"": [{""edge_id"": ""314"", ""source_node_id"": ""406"", ""target_node_id"": ""408""}, {""edge_id"": ""315"", ""source_node_id"": ""407"", ""target_node_id"": ""409""}, {""edge_id"": ""316"", ""source_node_id"": ""408"", ""target_node_id"": ""410""}, {""edge_id"": ""317"", ""source_node_id"": ""409"", ""target_node_id"": ""411""}, {""edge_id"": ""318"", ""source_node_id"": ""410"", ""target_node_id"": ""412""}, {""edge_id"": ""319"", ""source_node_id"": ""411"", ""target_node_id"": ""413""}, {""edge_id"": ""320"", ""source_node_id"": ""412"", ""target_node_id"": ""413""}, {""edge_id"": ""321"", ""source_node_id"": ""413"", ""target_node_id"": ""414""}], ""step_requirements"": [{""node_id"": ""406"", ""algorithm_step_name"": ""Tabular Dataset Loading"", ""node_name"": ""房屋价格训练数据"", ""node_params"": {""table_name"": ""house_prices_advanced_regression_techniques_train"", ""target_column"": ""SalePrice""}, ""contrast_level"": 2, ""node_type"": ""io""}, {""node_id"": ""407"", ""algorithm_step_name"": ""Tabular Dataset Loading"", ""node_name"": ""房屋价格测试数据"", ""node_params"": {""table_name"": ""house_prices_advanced_regression_techniques_test"", ""target_column"": ""SalePrice""}, ""contrast_level"": 2, ""node_type"": ""io""}, {""node_id"": ""408"", ""algorithm_step_name"": ""Missing Value Handling"", ""node_name"": ""训练数据缺失值处理"", ""node_params"": {}, ""contrast_level"": 0, ""node_type"": ""preprocess""}, {""node_id"": ""409"", ""algorithm_step_name"": ""Missing Value Handling"", ""node_name"": ""测试数据缺失值处理"", ""node_params"": {}, ""contrast_level"": 0, ""node_type"": ""preprocess""}, {""node_id"": ""410"", ""algorithm_step_name"": ""One Hot Encoding"", ""node_name"": ""训练数据独热编码"", ""node_params"": {}, ""contrast_level"": 0, ""node_type"": ""feature engineering""}, {""node_id"": ""411"", ""algorithm_step_name"": ""One Hot Encoding"", ""node_name"": ""测试数据独热编码"", ""node_params"": {}, ""contrast_level"": 0, ""node_type"": ""feature engineering""}, {""node_id"": ""412"", ""algorithm_step_name"": ""XGBoost"", ""node_name"": ""XGBoost回归器"", ""node_params"": {}, ""contrast_level"": 0, ""node_type"": ""model""}, {""node_id"": ""413"", ""algorithm_step_name"": ""Test Dataset Predictions"", ""node_name"": ""预测"", ""node_params"": {""output_probabilities"": false}, ""contrast_level"": 2, ""node_type"": ""predict""}, {""node_id"": ""414"", ""algorithm_step_name"": ""Save Data"", ""node_name"": ""保存预测结果"", ""node_params"": {}, ""contrast_level"": 1, ""node_type"": ""io""}]}"
"This is a customers financial dataset. Your goal is to predict which customers will make a specific transaction in the future. The target column is target. Perform data analysis and modeling to predict the target. save predictions. Train data: santander_customer_transaction_prediction_train, Eval data: santander_customer_transaction_prediction_test.",0.4,18871,4554,0,0,0,0,0,"{""edges"": [], ""nodes"": [{""node_id"": ""415"", ""widget_name"": ""SQL Table"", ""node_name"": ""训练数据"", ""node_params"": {""table_name"": ""santander_customer_transaction_prediction_train"", ""target_column"": ""target""}, ""matched"": true}, {""node_id"": ""416"", ""widget_name"": ""SQL Table"", ""node_name"": ""评估数据"", ""node_params"": {""table_name"": ""santander_customer_transaction_prediction_test"", ""target_column"": ""target""}, ""matched"": true}, {""node_id"": ""60936"", ""widget_name"": ""Select Columns"", ""node_name"": ""选择特征和目标列"", ""node_params"": {""ignores"": [], ""features"": [], ""targets"": """"}, ""matched"": false}, {""node_id"": ""60937"", ""widget_name"": ""SQL Table"", ""node_name"": ""训练数据"", ""node_params"": {""table_name"": ""santander_customer_transaction_prediction_train"", ""target_column"": ""target""}, ""matched"": false}, {""node_id"": ""60938"", ""widget_name"": ""SQL Table"", ""node_name"": ""评估数据"", ""node_params"": {""table_name"": ""santander_customer_transaction_prediction_test"", ""target_column"": ""target""}, ""matched"": false}, {""node_id"": ""60939"", ""widget_name"": ""Select Columns"", ""node_name"": ""选择特征和目标列"", ""node_params"": {""ignores"": [], ""features"": [], ""targets"": """"}, ""matched"": false}, {""node_id"": ""60940"", ""widget_name"": ""SQL Table"", ""node_name"": ""训练数据"", ""node_params"": {""table_name"": ""santander_customer_transaction_prediction_train"", ""target_column"": ""target""}, ""matched"": false}, {""node_id"": ""60941"", ""widget_name"": ""SQL Table"", ""node_name"": ""评估数据"", ""node_params"": {""table_name"": ""santander_customer_transaction_prediction_test"", ""target_column"": ""target""}, ""matched"": false}, {""node_id"": ""60942"", ""widget_name"": ""Select Columns"", ""node_name"": ""选择特征和目标列"", ""node_params"": {""ignores"": [], ""features"": [], ""targets"": """"}, ""matched"": false}]}","{""dependency_requirements"": [{""edge_id"": ""322"", ""source_node_id"": ""415"", ""target_node_id"": ""417""}, {""edge_id"": ""323"", ""source_node_id"": ""416"", ""target_node_id"": ""418""}, {""edge_id"": ""324"", ""source_node_id"": ""417"", ""target_node_id"": ""418""}, {""edge_id"": ""325"", ""source_node_id"": ""418"", ""target_node_id"": ""419""}], ""step_requirements"": [{""node_id"": ""415"", ""algorithm_step_name"": ""Tabular Dataset Loading"", ""node_name"": ""桑坦德客户交易预测训练数据"", ""node_params"": {""table_name"": ""santander_customer_transaction_prediction_train"", ""target_column"": ""target""}, ""contrast_level"": 2, ""node_type"": ""io""}, {""node_id"": ""416"", ""algorithm_step_name"": ""Tabular Dataset Loading"", ""node_name"": ""桑坦德客户交易预测测试数据"", ""node_params"": {""table_name"": ""santander_customer_transaction_prediction_test"", ""target_column"": ""target""}, ""contrast_level"": 2, ""node_type"": ""io""}, {""node_id"": ""417"", ""algorithm_step_name"": ""XGBoost"", ""node_name"": ""XGBoost分类器"", ""node_params"": {}, ""contrast_level"": 0, ""node_type"": ""model""}, {""node_id"": ""418"", ""algorithm_step_name"": ""Test Dataset Predictions"", ""node_name"": ""预测"", ""node_params"": {""output_probabilities"": true}, ""contrast_level"": 2, ""node_type"": ""predict""}, {""node_id"": ""419"", ""algorithm_step_name"": ""Save Data"", ""node_name"": ""保存预测结果"", ""node_params"": {}, ""contrast_level"": 1, ""node_type"": ""io""}]}"
"This is a medical dataset with over fifty anonymized health characteristics linked to three age-related conditions. Your goal is to predict whether a subject has or has not been diagnosed with one of these conditions. The target column is Class. Perform data analysis, data preprocessing, and modeling to predict the target. save predictions. Train data: icr_identify_age_related_conditions_train, Eval data: icr_identify_age_related_conditions_test",0.0,16211,1292,0,0,0,0,0,"{""edges"": [], ""nodes"": []}","{""dependency_requirements"": [{""edge_id"": ""484"", ""source_node_id"": ""659"", ""target_node_id"": ""661""}, {""edge_id"": ""485"", ""source_node_id"": ""660"", ""target_node_id"": ""662""}, {""edge_id"": ""486"", ""source_node_id"": ""661"", ""target_node_id"": ""663""}, {""edge_id"": ""487"", ""source_node_id"": ""662"", ""target_node_id"": ""664""}, {""edge_id"": ""488"", ""source_node_id"": ""663"", ""target_node_id"": ""664""}, {""edge_id"": ""489"", ""source_node_id"": ""664"", ""target_node_id"": ""665""}], ""step_requirements"": [{""node_id"": ""659"", ""algorithm_step_name"": ""Tabular Dataset Loading"", ""node_name"": ""icr_identify_age_related_conditions_train"", ""node_params"": {""table_name"": ""icr_identify_age_related_conditions_train"", ""target_column"": ""Class""}, ""contrast_level"": 2, ""node_type"": ""io""}, {""node_id"": ""660"", ""algorithm_step_name"": ""Tabular Dataset Loading"", ""node_name"": ""icr_identify_age_related_conditions_test"", ""node_params"": {""table_name"": ""icr_identify_age_related_conditions_test"", ""target_column"": ""Class""}, ""contrast_level"": 2, ""node_type"": ""io""}, {""node_id"": ""661"", ""algorithm_step_name"": ""Missing Value Handling"", ""node_name"": ""训练数据缺失值处理"", ""node_params"": {}, ""contrast_level"": 0, ""node_type"": ""preprocess""}, {""node_id"": ""662"", ""algorithm_step_name"": ""Missing Value Handling"", ""node_name"": ""测试数据缺失值处理"", ""node_params"": {}, ""contrast_level"": 0, ""node_type"": ""preprocess""}, {""node_id"": ""663"", ""algorithm_step_name"": ""XGBoost"", ""node_name"": ""XGBoost分类器"", ""node_params"": {}, ""contrast_level"": 0, ""node_type"": ""model""}, {""node_id"": ""664"", ""algorithm_step_name"": ""Test Dataset Predictions"", ""node_name"": ""预测"", ""node_params"": {""output_probabilities"": true}, ""contrast_level"": 2, ""node_type"": ""predict""}, {""node_id"": ""665"", ""algorithm_step_name"": ""Save Data"", ""node_name"": ""保存预测结果"", ""node_params"": {}, ""contrast_level"": 1, ""node_type"": ""io""}]}"
"This is a customers financial dataset. Your goal is to predict the value of transactions for each potential customer. The target column is target. Perform data analysis and modeling to predict the target. save predictions. Train data: santander_value_prediction_challenge_train, Eval data: santander_value_prediction_challenge_test",0.875,5980,1530,0,0,0,0,0,"{""edges"": [{""edge_id"": ""50549"", ""source_node_id"": ""666"", ""target_node_id"": ""60945""}, {""edge_id"": ""50550"", ""source_node_id"": ""667"", ""target_node_id"": ""60946""}, {""edge_id"": ""50551"", ""source_node_id"": ""60945"", ""target_node_id"": ""60947""}, {""edge_id"": ""50552"", ""source_node_id"": ""60946"", ""target_node_id"": ""60948""}, {""edge_id"": ""50553"", ""source_node_id"": ""60947"", ""target_node_id"": ""668""}, {""edge_id"": ""50554"", ""source_node_id"": ""60948"", ""target_node_id"": ""669""}, {""edge_id"": ""50555"", ""source_node_id"": ""668"", ""target_node_id"": ""669""}], ""nodes"": [{""node_id"": ""666"", ""widget_name"": ""SQL Table"", ""node_name"": ""训练数据"", ""node_params"": {""table_name"": ""santander_value_prediction_challenge_train"", ""target_column"": ""target""}, ""matched"": true}, {""node_id"": ""667"", ""widget_name"": ""SQL Table"", ""node_name"": ""评估数据"", ""node_params"": {""table_name"": ""santander_value_prediction_challenge_test"", ""target_column"": ""target""}, ""matched"": true}, {""node_id"": ""60945"", ""widget_name"": ""Impute"", ""node_name"": ""训练数据缺失值处理"", ""node_params"": {""method"": 1}, ""matched"": false}, {""node_id"": ""60946"", ""widget_name"": ""Impute"", ""node_name"": ""评估数据缺失值处理"", ""node_params"": {""method"": 1}, ""matched"": false}, {""node_id"": ""60947"", ""widget_name"": ""Select Columns"", ""node_name"": ""训练数据特征选择"", ""node_params"": {""ignores"": [], ""features"": [], ""targets"": """"}, ""matched"": false}, {""node_id"": ""60948"", ""widget_name"": ""Select Columns"", ""node_name"": ""评估数据特征选择"", ""node_params"": {""ignores"": [], ""features"": [], ""targets"": """"}, ""matched"": false}, {""node_id"": ""668"", ""widget_name"": ""Linear Regression"", ""node_name"": ""线性回归模型"", ""node_params"": {""regression_type"": ""0""}, ""matched"": true}, {""node_id"": ""669"", ""widget_name"": ""Predictions"", ""node_name"": ""预测"", ""node_params"": {""output_attrs"": true, ""output_predictions"": true, ""output_probabilities"": false}, ""matched"": true}]}","{""dependency_requirements"": [{""edge_id"": ""490"", ""source_node_id"": ""666"", ""target_node_id"": ""668""}, {""edge_id"": ""491"", ""source_node_id"": ""667"", ""target_node_id"": ""669""}, {""edge_id"": ""492"", ""source_node_id"": ""668"", ""target_node_id"": ""669""}, {""edge_id"": ""493"", ""source_node_id"": ""669"", ""target_node_id"": ""670""}], ""step_requirements"": [{""node_id"": ""666"", ""algorithm_step_name"": ""Tabular Dataset Loading"", ""node_name"": ""桑坦德价值预测挑战训练数据"", ""node_params"": {""table_name"": ""santander_value_prediction_challenge_train"", ""target_column"": ""target""}, ""contrast_level"": 2, ""node_type"": ""io""}, {""node_id"": ""667"", ""algorithm_step_name"": ""Tabular Dataset Loading"", ""node_name"": ""桑坦德价值预测挑战测试数据"", ""node_params"": {""table_name"": ""santander_value_prediction_challenge_test"", ""target_column"": ""target""}, ""contrast_level"": 2, ""node_type"": ""io""}, {""node_id"": ""668"", ""algorithm_step_name"": ""XGBoost"", ""node_name"": ""XGBoost回归器"", ""node_params"": {}, ""contrast_level"": 0, ""node_type"": ""model""}, {""node_id"": ""669"", ""algorithm_step_name"": ""Test Dataset Predictions"", ""node_name"": ""预测"", ""node_params"": {""output_probabilities"": false}, ""contrast_level"": 2, ""node_type"": ""predict""}, {""node_id"": ""670"", ""algorithm_step_name"": ""Save Data"", ""node_name"": ""保存预测结果"", ""node_params"": {}, ""contrast_level"": 1, ""node_type"": ""io""}]}"
"Run data analysis on Iris example dataset, include a plot",1.0,4113,136,0,0,0,0,0,"{""edges"": [{""edge_id"": ""50556"", ""source_node_id"": ""353"", ""target_node_id"": ""355""}, {""edge_id"": ""50557"", ""source_node_id"": ""353"", ""target_node_id"": ""60953""}], ""nodes"": [{""node_id"": ""353"", ""widget_name"": ""File"", ""node_name"": ""加载Iris数据集"", ""node_params"": {""type"": ""sample"", ""filename"": ""iris.csv""}, ""matched"": true}, {""node_id"": ""355"", ""widget_name"": ""Scatter Plot"", ""node_name"": ""散点图"", ""node_params"": {}, ""matched"": true}, {""node_id"": ""60953"", ""widget_name"": ""Distributions"", ""node_name"": ""柱状图"", ""node_params"": {}, ""matched"": false}]}","{""dependency_requirements"": [{""edge_id"": ""257"", ""source_node_id"": ""353"", ""target_node_id"": ""355""}], ""step_requirements"": [{""node_id"": ""353"", ""algorithm_step_name"": ""Tabular Dataset Loading"", ""node_name"": ""文件加载节点"", ""node_params"": {""type"": ""sample"", ""filename"": ""iris.csv""}, ""contrast_level"": 2, ""node_type"": ""io""}, {""node_id"": ""355"", ""algorithm_step_name"": ""Scatter Plot"", ""node_name"": ""散点图"", ""node_params"": {}, ""contrast_level"": 0, ""node_type"": ""visualize""}]}"
"Run data analysis on Wine recognition example dataset, include a plot, and train a model to predict wine class with 20% as test set, and save predictions.",0.1667,16825,1371,0,0,0,0,0,"{""edges"": [], ""nodes"": [{""node_id"": ""373"", ""widget_name"": ""File"", ""node_name"": ""加载数据集"", ""node_params"": {""type"": ""sample"", ""filename"": ""wine.csv""}, ""matched"": true}, {""node_id"": ""60955"", ""widget_name"": ""File"", ""node_name"": ""加载数据集"", ""node_params"": {""type"": ""sample"", ""filename"": ""wine.csv""}, ""matched"": false}, {""node_id"": ""60956"", ""widget_name"": ""File"", ""node_name"": ""加载数据集"", ""node_params"": {""type"": ""sample"", ""filename"": ""wine.csv""}, ""matched"": false}]}","{""dependency_requirements"": [{""edge_id"": ""277"", ""source_node_id"": ""373"", ""target_node_id"": ""374""}, {""edge_id"": ""282"", ""source_node_id"": ""377"", ""target_node_id"": ""378""}, {""edge_id"": ""283"", ""source_node_id"": ""378"", ""target_node_id"": ""379""}, {""edge_id"": ""286"", ""source_node_id"": ""373"", ""target_node_id"": ""382""}, {""edge_id"": ""287"", ""source_node_id"": ""374"", ""target_node_id"": ""378""}, {""edge_id"": ""288"", ""source_node_id"": ""374"", ""target_node_id"": ""377""}], ""step_requirements"": [{""node_id"": ""373"", ""algorithm_step_name"": ""Tabular Dataset Loading"", ""node_name"": ""文件加载节点"", ""node_params"": {""type"": ""sample"", ""filename"": ""wine.csv""}, ""contrast_level"": 2, ""node_type"": ""io""}, {""node_id"": ""374"", ""algorithm_step_name"": ""Dataset Division"", ""node_name"": ""数据划分"", ""node_params"": {""sampling_type"": 0, ""percentage"": 20}, ""contrast_level"": 2, ""node_type"": ""preprocess""}, {""node_id"": ""377"", ""algorithm_step_name"": ""XGBoost"", ""node_name"": ""XGBoost分类器"", ""node_params"": {}, ""contrast_level"": 0, ""node_type"": ""model""}, {""node_id"": ""378"", ""algorithm_step_name"": ""Test Dataset Predictions"", ""node_name"": ""预测"", ""node_params"": {""output_probabilities"": true}, ""contrast_level"": 2, ""node_type"": ""predict""}, {""node_id"": ""379"", ""algorithm_step_name"": ""Save Data"", ""node_name"": ""保存预测结果"", ""node_params"": {}, ""contrast_level"": 1, ""node_type"": ""io""}, {""node_id"": ""382"", ""algorithm_step_name"": ""Line Chart"", ""node_name"": ""折线图"", ""node_params"": {}, ""contrast_level"": 0, ""node_type"": ""visualize""}]}"
"Run data analysis on sklearn Wisconsin Breast Cancer example dataset, include a plot, train a model to predict targets (20% as validation), and save predictions.",0.1667,14709,1365,0,0,0,0,0,"{""edges"": [], ""nodes"": [{""node_id"": ""390"", ""widget_name"": ""File"", ""node_name"": ""数据加载"", ""node_params"": {""type"": ""sample"", ""filename"": ""breast_cancer.csv""}, ""matched"": true}, {""node_id"": ""60958"", ""widget_name"": ""File"", ""node_name"": ""数据加载"", ""node_params"": {""type"": ""sample"", ""filename"": ""breast_cancer.csv""}, ""matched"": false}, {""node_id"": ""60959"", ""widget_name"": ""File"", ""node_name"": ""数据加载"", ""node_params"": {""type"": ""sample"", ""filename"": ""breast_cancer.csv""}, ""matched"": false}]}","{""dependency_requirements"": [{""edge_id"": ""298"", ""source_node_id"": ""392"", ""target_node_id"": ""393""}, {""edge_id"": ""299"", ""source_node_id"": ""392"", ""target_node_id"": ""394""}, {""edge_id"": ""300"", ""source_node_id"": ""393"", ""target_node_id"": ""394""}, {""edge_id"": ""301"", ""source_node_id"": ""394"", ""target_node_id"": ""395""}, {""edge_id"": ""304"", ""source_node_id"": ""390"", ""target_node_id"": ""396""}, {""edge_id"": ""305"", ""source_node_id"": ""390"", ""target_node_id"": ""392""}], ""step_requirements"": [{""node_id"": ""390"", ""algorithm_step_name"": ""Tabular Dataset Loading"", ""node_name"": ""威斯康星乳腺癌数据集"", ""node_params"": {""type"": ""sample"", ""filename"": ""breast_cancer.csv""}, ""contrast_level"": 2, ""node_type"": ""io""}, {""node_id"": ""392"", ""algorithm_step_name"": ""Dataset Division"", ""node_name"": ""数据划分"", ""node_params"": {""percentage"": 20}, ""contrast_level"": 2, ""node_type"": ""preprocess""}, {""node_id"": ""393"", ""algorithm_step_name"": ""LightGBM"", ""node_name"": ""LightGBM分类器"", ""node_params"": {}, ""contrast_level"": 0, ""node_type"": ""model""}, {""node_id"": ""394"", ""algorithm_step_name"": ""Test Dataset Predictions"", ""node_name"": ""预测"", ""node_params"": {""output_probabilities"": true}, ""contrast_level"": 2, ""node_type"": ""predict""}, {""node_id"": ""395"", ""algorithm_step_name"": ""Save Data"", ""node_name"": ""保存预测结果"", ""node_params"": {}, ""contrast_level"": 1, ""node_type"": ""io""}, {""node_id"": ""396"", ""algorithm_step_name"": ""Correlogram"", ""node_name"": ""相关性热图"", ""node_params"": {}, ""contrast_level"": 0, ""node_type"": ""visualize""}]}"
"This is a titanic passenger survival dataset, your goal is to predict passenger survival outcome. The target column is Survived. Perform data analysis, data preprocessing, feature engineering, and modeling to predict the target. save predictions. Train data: titanic_train, Eval data: titanic_test.",0.2222,12187,1285,0,0,0,0,0,"{""edges"": [], ""nodes"": [{""node_id"": ""399"", ""widget_name"": ""Select Columns"", ""node_name"": ""选择特征"", ""node_params"": {""ignores"": [], ""features"": [], ""targets"": """"}, ""matched"": true}, {""node_id"": ""400"", ""widget_name"": ""Select Columns"", ""node_name"": ""选择特征"", ""node_params"": {""ignores"": [], ""features"": [], ""targets"": """"}, ""matched"": true}, {""node_id"": ""60962"", ""widget_name"": ""Select Columns"", ""node_name"": ""选择特征（训练数据）"", ""node_params"": {""ignores"": [], ""features"": [], ""targets"": """"}, ""matched"": false}]}","{""dependency_requirements"": [{""edge_id"": ""306"", ""source_node_id"": ""397"", ""target_node_id"": ""399""}, {""edge_id"": ""307"", ""source_node_id"": ""398"", ""target_node_id"": ""400""}, {""edge_id"": ""308"", ""source_node_id"": ""399"", ""target_node_id"": ""401""}, {""edge_id"": ""309"", ""source_node_id"": ""400"", ""target_node_id"": ""402""}, {""edge_id"": ""310"", ""source_node_id"": ""401"", ""target_node_id"": ""403""}, {""edge_id"": ""311"", ""source_node_id"": ""402"", ""target_node_id"": ""404""}, {""edge_id"": ""312"", ""source_node_id"": ""403"", ""target_node_id"": ""404""}, {""edge_id"": ""313"", ""source_node_id"": ""404"", ""target_node_id"": ""405""}], ""step_requirements"": [{""node_id"": ""397"", ""algorithm_step_name"": ""Tabular Dataset Loading"", ""node_name"": ""泰坦尼克号训练数据"", ""node_params"": {""table_name"": ""titanic_train"", ""target_column"": ""Survived""}, ""contrast_level"": 2, ""node_type"": ""io""}, {""node_id"": ""398"", ""algorithm_step_name"": ""Tabular Dataset Loading"", ""node_name"": ""泰坦尼克号测试数据"", ""node_params"": {""table_name"": ""titanic_test"", ""target_column"": ""Survived""}, ""contrast_level"": 2, ""node_type"": ""io""}, {""node_id"": ""399"", ""algorithm_step_name"": ""Missing Value Handling"", ""node_name"": ""训练数据缺失值处理"", ""node_params"": {}, ""contrast_level"": 0, ""node_type"": ""preprocess""}, {""node_id"": ""400"", ""algorithm_step_name"": ""Missing Value Handling"", ""node_name"": ""测试数据缺失值处理"", ""node_params"": {}, ""contrast_level"": 0, ""node_type"": ""preprocess""}, {""node_id"": ""401"", ""algorithm_step_name"": ""One Hot Encoding"", ""node_name"": ""训练数据独热编码"", ""node_params"": {}, ""contrast_level"": 0, ""node_type"": ""feature engineering""}, {""node_id"": ""402"", ""algorithm_step_name"": ""One Hot Encoding"", ""node_name"": ""测试数据独热编码"", ""node_params"": {}, ""contrast_level"": 0, ""node_type"": ""feature engineering""}, {""node_id"": ""403"", ""algorithm_step_name"": ""XGBoost"", ""node_name"": ""XGBoost分类器"", ""node_params"": {}, ""contrast_level"": 2, ""node_type"": ""model""}, {""node_id"": ""404"", ""algorithm_step_name"": ""Test Dataset Predictions"", ""node_name"": ""预测"", ""node_params"": {""output_probabilities"": true}, ""contrast_level"": 2, ""node_type"": ""predict""}, {""node_id"": ""405"", ""algorithm_step_name"": ""Save Data"", ""node_name"": ""保存预测结果"", ""node_params"": {}, ""contrast_level"": 1, ""node_type"": ""io""}]}"
"This is a house price dataset, your goal is to predict the sale price of a property based on its features. The target column is SalePrice. Perform data analysis, data preprocessing, feature engineering, and modeling to predict the target. save predictions. Train data: house_prices_advanced_regression_techniques_train, Eval data: house_prices_advanced_regression_techniques_test.",0.2222,16888,1196,0,0,0,0,0,"{""edges"": [], ""nodes"": [{""node_id"": ""408"", ""widget_name"": ""Select Columns"", ""node_name"": ""选择列"", ""node_params"": {""ignores"": [], ""features"": [], ""targets"": """"}, ""matched"": true}, {""node_id"": ""409"", ""widget_name"": ""Select Columns"", ""node_name"": ""选择列"", ""node_params"": {""ignores"": [], ""features"": [], ""targets"": """"}, ""matched"": true}, {""node_id"": ""60965"", ""widget_name"": ""Select Columns"", ""node_name"": ""选择列"", ""node_params"": {""ignores"": [], ""features"": [], ""targets"": """"}, ""matched"": false}]}","{""dependency_requirements"": [{""edge_id"": ""314"", ""source_node_id"": ""406"", ""target_node_id"": ""408""}, {""edge_id"": ""315"", ""source_node_id"": ""407"", ""target_node_id"": ""409""}, {""edge_id"": ""316"", ""source_node_id"": ""408"", ""target_node_id"": ""410""}, {""edge_id"": ""317"", ""source_node_id"": ""409"", ""target_node_id"": ""411""}, {""edge_id"": ""318"", ""source_node_id"": ""410"", ""target_node_id"": ""412""}, {""edge_id"": ""319"", ""source_node_id"": ""411"", ""target_node_id"": ""413""}, {""edge_id"": ""320"", ""source_node_id"": ""412"", ""target_node_id"": ""413""}, {""edge_id"": ""321"", ""source_node_id"": ""413"", ""target_node_id"": ""414""}], ""step_requirements"": [{""node_id"": ""406"", ""algorithm_step_name"": ""Tabular Dataset Loading"", ""node_name"": ""房屋价格训练数据"", ""node_params"": {""table_name"": ""house_prices_advanced_regression_techniques_train"", ""target_column"": ""SalePrice""}, ""contrast_level"": 2, ""node_type"": ""io""}, {""node_id"": ""407"", ""algorithm_step_name"": ""Tabular Dataset Loading"", ""node_name"": ""房屋价格测试数据"", ""node_params"": {""table_name"": ""house_prices_advanced_regression_techniques_test"", ""target_column"": ""SalePrice""}, ""contrast_level"": 2, ""node_type"": ""io""}, {""node_id"": ""408"", ""algorithm_step_name"": ""Missing Value Handling"", ""node_name"": ""训练数据缺失值处理"", ""node_params"": {}, ""contrast_level"": 0, ""node_type"": ""preprocess""}, {""node_id"": ""409"", ""algorithm_step_name"": ""Missing Value Handling"", ""node_name"": ""测试数据缺失值处理"", ""node_params"": {}, ""contrast_level"": 0, ""node_type"": ""preprocess""}, {""node_id"": ""410"", ""algorithm_step_name"": ""One Hot Encoding"", ""node_name"": ""训练数据独热编码"", ""node_params"": {}, ""contrast_level"": 0, ""node_type"": ""feature engineering""}, {""node_id"": ""411"", ""algorithm_step_name"": ""One Hot Encoding"", ""node_name"": ""测试数据独热编码"", ""node_params"": {}, ""contrast_level"": 0, ""node_type"": ""feature engineering""}, {""node_id"": ""412"", ""algorithm_step_name"": ""XGBoost"", ""node_name"": ""XGBoost回归器"", ""node_params"": {}, ""contrast_level"": 0, ""node_type"": ""model""}, {""node_id"": ""413"", ""algorithm_step_name"": ""Test Dataset Predictions"", ""node_name"": ""预测"", ""node_params"": {""output_probabilities"": false}, ""contrast_level"": 2, ""node_type"": ""predict""}, {""node_id"": ""414"", ""algorithm_step_name"": ""Save Data"", ""node_name"": ""保存预测结果"", ""node_params"": {}, ""contrast_level"": 1, ""node_type"": ""io""}]}"
"This is a customers financial dataset. Your goal is to predict which customers will make a specific transaction in the future. The target column is target. Perform data analysis and modeling to predict the target. save predictions. Train data: santander_customer_transaction_prediction_train, Eval data: santander_customer_transaction_prediction_test.",0.4,18874,4561,0,0,0,0,0,"{""edges"": [], ""nodes"": [{""node_id"": ""415"", ""widget_name"": ""SQL Table"", ""node_name"": ""训练数据"", ""node_params"": {""table_name"": ""santander_customer_transaction_prediction_train"", ""target_column"": ""target""}, ""matched"": true}, {""node_id"": ""416"", ""widget_name"": ""SQL Table"", ""node_name"": ""评估数据"", ""node_params"": {""table_name"": ""santander_customer_transaction_prediction_test"", ""target_column"": ""target""}, ""matched"": true}, {""node_id"": ""60968"", ""widget_name"": ""Select Columns"", ""node_name"": ""选择特征和目标列"", ""node_params"": {""ignores"": [], ""features"": [], ""targets"": """"}, ""matched"": false}, {""node_id"": ""60969"", ""widget_name"": ""SQL Table"", ""node_name"": ""训练数据"", ""node_params"": {""table_name"": ""santander_customer_transaction_prediction_train"", ""target_column"": ""target""}, ""matched"": false}, {""node_id"": ""60970"", ""widget_name"": ""SQL Table"", ""node_name"": ""评估数据"", ""node_params"": {""table_name"": ""santander_customer_transaction_prediction_test"", ""target_column"": ""target""}, ""matched"": false}, {""node_id"": ""60971"", ""widget_name"": ""Select Columns"", ""node_name"": ""选择特征和目标列"", ""node_params"": {""ignores"": [], ""features"": [], ""targets"": """"}, ""matched"": false}, {""node_id"": ""60972"", ""widget_name"": ""SQL Table"", ""node_name"": ""训练数据"", ""node_params"": {""table_name"": ""santander_customer_transaction_prediction_train"", ""target_column"": ""target""}, ""matched"": false}, {""node_id"": ""60973"", ""widget_name"": ""SQL Table"", ""node_name"": ""评估数据"", ""node_params"": {""table_name"": ""santander_customer_transaction_prediction_test"", ""target_column"": ""target""}, ""matched"": false}, {""node_id"": ""60974"", ""widget_name"": ""Select Columns"", ""node_name"": ""选择特征和目标列"", ""node_params"": {""ignores"": [], ""features"": [], ""targets"": """"}, ""matched"": false}]}","{""dependency_requirements"": [{""edge_id"": ""322"", ""source_node_id"": ""415"", ""target_node_id"": ""417""}, {""edge_id"": ""323"", ""source_node_id"": ""416"", ""target_node_id"": ""418""}, {""edge_id"": ""324"", ""source_node_id"": ""417"", ""target_node_id"": ""418""}, {""edge_id"": ""325"", ""source_node_id"": ""418"", ""target_node_id"": ""419""}], ""step_requirements"": [{""node_id"": ""415"", ""algorithm_step_name"": ""Tabular Dataset Loading"", ""node_name"": ""桑坦德客户交易预测训练数据"", ""node_params"": {""table_name"": ""santander_customer_transaction_prediction_train"", ""target_column"": ""target""}, ""contrast_level"": 2, ""node_type"": ""io""}, {""node_id"": ""416"", ""algorithm_step_name"": ""Tabular Dataset Loading"", ""node_name"": ""桑坦德客户交易预测测试数据"", ""node_params"": {""table_name"": ""santander_customer_transaction_prediction_test"", ""target_column"": ""target""}, ""contrast_level"": 2, ""node_type"": ""io""}, {""node_id"": ""417"", ""algorithm_step_name"": ""XGBoost"", ""node_name"": ""XGBoost分类器"", ""node_params"": {}, ""contrast_level"": 0, ""node_type"": ""model""}, {""node_id"": ""418"", ""algorithm_step_name"": ""Test Dataset Predictions"", ""node_name"": ""预测"", ""node_params"": {""output_probabilities"": true}, ""contrast_level"": 2, ""node_type"": ""predict""}, {""node_id"": ""419"", ""algorithm_step_name"": ""Save Data"", ""node_name"": ""保存预测结果"", ""node_params"": {}, ""contrast_level"": 1, ""node_type"": ""io""}]}"
"This is a medical dataset with over fifty anonymized health characteristics linked to three age-related conditions. Your goal is to predict whether a subject has or has not been diagnosed with one of these conditions. The target column is Class. Perform data analysis, data preprocessing, and modeling to predict the target. save predictions. Train data: icr_identify_age_related_conditions_train, Eval data: icr_identify_age_related_conditions_test",0.0,16211,1292,0,0,0,0,0,"{""edges"": [], ""nodes"": []}","{""dependency_requirements"": [{""edge_id"": ""484"", ""source_node_id"": ""659"", ""target_node_id"": ""661""}, {""edge_id"": ""485"", ""source_node_id"": ""660"", ""target_node_id"": ""662""}, {""edge_id"": ""486"", ""source_node_id"": ""661"", ""target_node_id"": ""663""}, {""edge_id"": ""487"", ""source_node_id"": ""662"", ""target_node_id"": ""664""}, {""edge_id"": ""488"", ""source_node_id"": ""663"", ""target_node_id"": ""664""}, {""edge_id"": ""489"", ""source_node_id"": ""664"", ""target_node_id"": ""665""}], ""step_requirements"": [{""node_id"": ""659"", ""algorithm_step_name"": ""Tabular Dataset Loading"", ""node_name"": ""icr_identify_age_related_conditions_train"", ""node_params"": {""table_name"": ""icr_identify_age_related_conditions_train"", ""target_column"": ""Class""}, ""contrast_level"": 2, ""node_type"": ""io""}, {""node_id"": ""660"", ""algorithm_step_name"": ""Tabular Dataset Loading"", ""node_name"": ""icr_identify_age_related_conditions_test"", ""node_params"": {""table_name"": ""icr_identify_age_related_conditions_test"", ""target_column"": ""Class""}, ""contrast_level"": 2, ""node_type"": ""io""}, {""node_id"": ""661"", ""algorithm_step_name"": ""Missing Value Handling"", ""node_name"": ""训练数据缺失值处理"", ""node_params"": {}, ""contrast_level"": 0, ""node_type"": ""preprocess""}, {""node_id"": ""662"", ""algorithm_step_name"": ""Missing Value Handling"", ""node_name"": ""测试数据缺失值处理"", ""node_params"": {}, ""contrast_level"": 0, ""node_type"": ""preprocess""}, {""node_id"": ""663"", ""algorithm_step_name"": ""XGBoost"", ""node_name"": ""XGBoost分类器"", ""node_params"": {}, ""contrast_level"": 0, ""node_type"": ""model""}, {""node_id"": ""664"", ""algorithm_step_name"": ""Test Dataset Predictions"", ""node_name"": ""预测"", ""node_params"": {""output_probabilities"": true}, ""contrast_level"": 2, ""node_type"": ""predict""}, {""node_id"": ""665"", ""algorithm_step_name"": ""Save Data"", ""node_name"": ""保存预测结果"", ""node_params"": {}, ""contrast_level"": 1, ""node_type"": ""io""}]}"
"This is a customers financial dataset. Your goal is to predict the value of transactions for each potential customer. The target column is target. Perform data analysis and modeling to predict the target. save predictions. Train data: santander_value_prediction_challenge_train, Eval data: santander_value_prediction_challenge_test",0.875,5980,1530,0,0,0,0,0,"{""edges"": [{""edge_id"": ""50558"", ""source_node_id"": ""666"", ""target_node_id"": ""60977""}, {""edge_id"": ""50559"", ""source_node_id"": ""667"", ""target_node_id"": ""60978""}, {""edge_id"": ""50560"", ""source_node_id"": ""60977"", ""target_node_id"": ""60979""}, {""edge_id"": ""50561"", ""source_node_id"": ""60978"", ""target_node_id"": ""60980""}, {""edge_id"": ""50562"", ""source_node_id"": ""60979"", ""target_node_id"": ""668""}, {""edge_id"": ""50563"", ""source_node_id"": ""60980"", ""target_node_id"": ""669""}, {""edge_id"": ""50564"", ""source_node_id"": ""668"", ""target_node_id"": ""669""}], ""nodes"": [{""node_id"": ""666"", ""widget_name"": ""SQL Table"", ""node_name"": ""训练数据"", ""node_params"": {""table_name"": ""santander_value_prediction_challenge_train"", ""target_column"": ""target""}, ""matched"": true}, {""node_id"": ""667"", ""widget_name"": ""SQL Table"", ""node_name"": ""评估数据"", ""node_params"": {""table_name"": ""santander_value_prediction_challenge_test"", ""target_column"": ""target""}, ""matched"": true}, {""node_id"": ""60977"", ""widget_name"": ""Impute"", ""node_name"": ""训练数据缺失值处理"", ""node_params"": {""method"": 1}, ""matched"": false}, {""node_id"": ""60978"", ""widget_name"": ""Impute"", ""node_name"": ""评估数据缺失值处理"", ""node_params"": {""method"": 1}, ""matched"": false}, {""node_id"": ""60979"", ""widget_name"": ""Select Columns"", ""node_name"": ""训练数据特征选择"", ""node_params"": {""ignores"": [], ""features"": [], ""targets"": """"}, ""matched"": false}, {""node_id"": ""60980"", ""widget_name"": ""Select Columns"", ""node_name"": ""评估数据特征选择"", ""node_params"": {""ignores"": [], ""features"": [], ""targets"": """"}, ""matched"": false}, {""node_id"": ""668"", ""widget_name"": ""Linear Regression"", ""node_name"": ""线性回归模型"", ""node_params"": {""regression_type"": ""0""}, ""matched"": true}, {""node_id"": ""669"", ""widget_name"": ""Predictions"", ""node_name"": ""预测"", ""node_params"": {""output_attrs"": true, ""output_predictions"": true, ""output_probabilities"": false}, ""matched"": true}]}","{""dependency_requirements"": [{""edge_id"": ""490"", ""source_node_id"": ""666"", ""target_node_id"": ""668""}, {""edge_id"": ""491"", ""source_node_id"": ""667"", ""target_node_id"": ""669""}, {""edge_id"": ""492"", ""source_node_id"": ""668"", ""target_node_id"": ""669""}, {""edge_id"": ""493"", ""source_node_id"": ""669"", ""target_node_id"": ""670""}], ""step_requirements"": [{""node_id"": ""666"", ""algorithm_step_name"": ""Tabular Dataset Loading"", ""node_name"": ""桑坦德价值预测挑战训练数据"", ""node_params"": {""table_name"": ""santander_value_prediction_challenge_train"", ""target_column"": ""target""}, ""contrast_level"": 2, ""node_type"": ""io""}, {""node_id"": ""667"", ""algorithm_step_name"": ""Tabular Dataset Loading"", ""node_name"": ""桑坦德价值预测挑战测试数据"", ""node_params"": {""table_name"": ""santander_value_prediction_challenge_test"", ""target_column"": ""target""}, ""contrast_level"": 2, ""node_type"": ""io""}, {""node_id"": ""668"", ""algorithm_step_name"": ""XGBoost"", ""node_name"": ""XGBoost回归器"", ""node_params"": {}, ""contrast_level"": 0, ""node_type"": ""model""}, {""node_id"": ""669"", ""algorithm_step_name"": ""Test Dataset Predictions"", ""node_name"": ""预测"", ""node_params"": {""output_probabilities"": false}, ""contrast_level"": 2, ""node_type"": ""predict""}, {""node_id"": ""670"", ""algorithm_step_name"": ""Save Data"", ""node_name"": ""保存预测结果"", ""node_params"": {}, ""contrast_level"": 1, ""node_type"": ""io""}]}"
"Run data analysis on Iris example dataset, include a plot",1.0,4113,136,0,0,0,0,0,"{""edges"": [{""edge_id"": ""50565"", ""source_node_id"": ""353"", ""target_node_id"": ""355""}, {""edge_id"": ""50566"", ""source_node_id"": ""353"", ""target_node_id"": ""60985""}], ""nodes"": [{""node_id"": ""353"", ""widget_name"": ""File"", ""node_name"": ""加载Iris数据集"", ""node_params"": {""type"": ""sample"", ""filename"": ""iris.csv""}, ""matched"": true}, {""node_id"": ""355"", ""widget_name"": ""Scatter Plot"", ""node_name"": ""散点图"", ""node_params"": {}, ""matched"": true}, {""node_id"": ""60985"", ""widget_name"": ""Distributions"", ""node_name"": ""柱状图"", ""node_params"": {}, ""matched"": false}]}","{""dependency_requirements"": [{""edge_id"": ""257"", ""source_node_id"": ""353"", ""target_node_id"": ""355""}], ""step_requirements"": [{""node_id"": ""353"", ""algorithm_step_name"": ""Tabular Dataset Loading"", ""node_name"": ""文件加载节点"", ""node_params"": {""type"": ""sample"", ""filename"": ""iris.csv""}, ""contrast_level"": 2, ""node_type"": ""io""}, {""node_id"": ""355"", ""algorithm_step_name"": ""Scatter Plot"", ""node_name"": ""散点图"", ""node_params"": {}, ""contrast_level"": 0, ""node_type"": ""visualize""}]}"
"Run data analysis on Wine recognition example dataset, include a plot, and train a model to predict wine class with 20% as test set, and save predictions.",0.1667,16761,1245,0,0,0,0,0,"{""edges"": [], ""nodes"": [{""node_id"": ""373"", ""widget_name"": ""File"", ""node_name"": ""加载数据集"", ""node_params"": {""type"": ""sample"", ""filename"": ""wine.csv""}, ""matched"": true}, {""node_id"": ""60987"", ""widget_name"": ""File"", ""node_name"": ""加载数据集"", ""node_params"": {""type"": ""sample"", ""filename"": ""wine.csv""}, ""matched"": false}, {""node_id"": ""60988"", ""widget_name"": ""File"", ""node_name"": ""加载数据集"", ""node_params"": {""type"": ""sample"", ""filename"": ""wine.csv""}, ""matched"": false}]}","{""dependency_requirements"": [{""edge_id"": ""277"", ""source_node_id"": ""373"", ""target_node_id"": ""374""}, {""edge_id"": ""282"", ""source_node_id"": ""377"", ""target_node_id"": ""378""}, {""edge_id"": ""283"", ""source_node_id"": ""378"", ""target_node_id"": ""379""}, {""edge_id"": ""286"", ""source_node_id"": ""373"", ""target_node_id"": ""382""}, {""edge_id"": ""287"", ""source_node_id"": ""374"", ""target_node_id"": ""378""}, {""edge_id"": ""288"", ""source_node_id"": ""374"", ""target_node_id"": ""377""}], ""step_requirements"": [{""node_id"": ""373"", ""algorithm_step_name"": ""Tabular Dataset Loading"", ""node_name"": ""文件加载节点"", ""node_params"": {""type"": ""sample"", ""filename"": ""wine.csv""}, ""contrast_level"": 2, ""node_type"": ""io""}, {""node_id"": ""374"", ""algorithm_step_name"": ""Dataset Division"", ""node_name"": ""数据划分"", ""node_params"": {""sampling_type"": 0, ""percentage"": 20}, ""contrast_level"": 2, ""node_type"": ""preprocess""}, {""node_id"": ""377"", ""algorithm_step_name"": ""XGBoost"", ""node_name"": ""XGBoost分类器"", ""node_params"": {}, ""contrast_level"": 0, ""node_type"": ""model""}, {""node_id"": ""378"", ""algorithm_step_name"": ""Test Dataset Predictions"", ""node_name"": ""预测"", ""node_params"": {""output_probabilities"": true}, ""contrast_level"": 2, ""node_type"": ""predict""}, {""node_id"": ""379"", ""algorithm_step_name"": ""Save Data"", ""node_name"": ""保存预测结果"", ""node_params"": {}, ""contrast_level"": 1, ""node_type"": ""io""}, {""node_id"": ""382"", ""algorithm_step_name"": ""Line Chart"", ""node_name"": ""折线图"", ""node_params"": {}, ""contrast_level"": 0, ""node_type"": ""visualize""}]}"
"Run data analysis on sklearn Wisconsin Breast Cancer example dataset, include a plot, train a model to predict targets (20% as validation), and save predictions.",0.4286,14600,1152,0,0,0,0,0,"{""edges"": [{""edge_id"": ""50567"", ""source_node_id"": ""60991"", ""target_node_id"": ""393""}, {""edge_id"": ""50568"", ""source_node_id"": ""393"", ""target_node_id"": ""60992""}, {""edge_id"": ""50569"", ""source_node_id"": ""60991"", ""target_node_id"": ""396""}], ""nodes"": [{""node_id"": ""390"", ""widget_name"": ""File"", ""node_name"": ""数据加载"", ""node_params"": {""type"": ""sample"", ""filename"": ""breast_cancer.csv""}, ""matched"": true}, {""node_id"": ""60990"", ""widget_name"": ""File"", ""node_name"": ""数据加载"", ""node_params"": {""type"": ""sample"", ""filename"": ""breast_cancer.csv""}, ""matched"": false}, {""node_id"": ""60991"", ""widget_name"": ""File"", ""node_name"": ""数据加载"", ""node_params"": {""type"": ""sample"", ""filename"": ""breast_cancer.csv""}, ""matched"": false}, {""node_id"": ""60992"", ""widget_name"": ""Predictions"", ""node_name"": ""预测"", ""node_params"": {""output_attrs"": true, ""output_predictions"": true, ""output_probabilities"": false}, ""matched"": false}, {""node_id"": ""393"", ""widget_name"": ""Logistic Regression"", ""node_name"": ""逻辑回归模型"", ""node_params"": {""C"": 1, ""penalty"": ""l2""}, ""matched"": true}, {""node_id"": ""396"", ""widget_name"": ""Scatter Plot"", ""node_name"": ""散点图"", ""node_params"": {}, ""matched"": true}]}","{""dependency_requirements"": [{""edge_id"": ""298"", ""source_node_id"": ""392"", ""target_node_id"": ""393""}, {""edge_id"": ""299"", ""source_node_id"": ""392"", ""target_node_id"": ""394""}, {""edge_id"": ""300"", ""source_node_id"": ""393"", ""target_node_id"": ""394""}, {""edge_id"": ""301"", ""source_node_id"": ""394"", ""target_node_id"": ""395""}, {""edge_id"": ""304"", ""source_node_id"": ""390"", ""target_node_id"": ""396""}, {""edge_id"": ""305"", ""source_node_id"": ""390"", ""target_node_id"": ""392""}], ""step_requirements"": [{""node_id"": ""390"", ""algorithm_step_name"": ""Tabular Dataset Loading"", ""node_name"": ""威斯康星乳腺癌数据集"", ""node_params"": {""type"": ""sample"", ""filename"": ""breast_cancer.csv""}, ""contrast_level"": 2, ""node_type"": ""io""}, {""node_id"": ""392"", ""algorithm_step_name"": ""Dataset Division"", ""node_name"": ""数据划分"", ""node_params"": {""percentage"": 20}, ""contrast_level"": 2, ""node_type"": ""preprocess""}, {""node_id"": ""393"", ""algorithm_step_name"": ""LightGBM"", ""node_name"": ""LightGBM分类器"", ""node_params"": {}, ""contrast_level"": 0, ""node_type"": ""model""}, {""node_id"": ""394"", ""algorithm_step_name"": ""Test Dataset Predictions"", ""node_name"": ""预测"", ""node_params"": {""output_probabilities"": true}, ""contrast_level"": 2, ""node_type"": ""predict""}, {""node_id"": ""395"", ""algorithm_step_name"": ""Save Data"", ""node_name"": ""保存预测结果"", ""node_params"": {}, ""contrast_level"": 1, ""node_type"": ""io""}, {""node_id"": ""396"", ""algorithm_step_name"": ""Correlogram"", ""node_name"": ""相关性热图"", ""node_params"": {}, ""contrast_level"": 0, ""node_type"": ""visualize""}]}"
"This is a titanic passenger survival dataset, your goal is to predict passenger survival outcome. The target column is Survived. Perform data analysis, data preprocessing, feature engineering, and modeling to predict the target. save predictions. Train data: titanic_train, Eval data: titanic_test.",0.5455,3610,273,0,0,0,0,0,"{""edges"": [{""edge_id"": ""50570"", ""source_node_id"": ""399"", ""target_node_id"": ""401""}, {""edge_id"": ""50571"", ""source_node_id"": ""401"", ""target_node_id"": ""60997""}, {""edge_id"": ""50572"", ""source_node_id"": ""60997"", ""target_node_id"": ""404""}, {""edge_id"": ""50573"", ""source_node_id"": ""404"", ""target_node_id"": ""405""}], ""nodes"": [{""node_id"": ""399"", ""widget_name"": ""Select Columns"", ""node_name"": ""选择特征"", ""node_params"": {""ignores"": [], ""features"": [0, 1, 2, 3, 4, 5, 6, 7, 8, 9, 10, 11, 12, 13, 14, 15, 16, 17, 18, 19, 20, 21, 22, 23, 24, 25, 26, 27, 28, 29], ""targets"": [30]}, ""matched"": true}, {""node_id"": ""401"", ""widget_name"": ""Select Best N Attributes"", ""node_name"": ""选择最佳特征"", ""node_params"": {""n"": 5}, ""matched"": true}, {""node_id"": ""60997"", ""widget_name"": ""Logistic Regression"", ""node_name"": ""逻辑回归模型"", ""node_params"": {""C"": 1, ""penalty"": ""l2""}, ""matched"": false}, {""node_id"": ""404"", ""widget_name"": ""Predictions"", ""node_name"": ""预测结果"", ""node_params"": {""output_attrs"": true, ""output_predictions"": true, ""output_probabilities"": true}, ""matched"": true}, {""node_id"": ""405"", ""widget_name"": ""Save Data"", ""node_name"": ""保存预测结果"", ""node_params"": {}, ""matched"": true}]}","{""dependency_requirements"": [{""edge_id"": ""306"", ""source_node_id"": ""397"", ""target_node_id"": ""399""}, {""edge_id"": ""307"", ""source_node_id"": ""398"", ""target_node_id"": ""400""}, {""edge_id"": ""308"", ""source_node_id"": ""399"", ""target_node_id"": ""401""}, {""edge_id"": ""309"", ""source_node_id"": ""400"", ""target_node_id"": ""402""}, {""edge_id"": ""310"", ""source_node_id"": ""401"", ""target_node_id"": ""403""}, {""edge_id"": ""311"", ""source_node_id"": ""402"", ""target_node_id"": ""404""}, {""edge_id"": ""312"", ""source_node_id"": ""403"", ""target_node_id"": ""404""}, {""edge_id"": ""313"", ""source_node_id"": ""404"", ""target_node_id"": ""405""}], ""step_requirements"": [{""node_id"": ""397"", ""algorithm_step_name"": ""Tabular Dataset Loading"", ""node_name"": ""泰坦尼克号训练数据"", ""node_params"": {""table_name"": ""titanic_train"", ""target_column"": ""Survived""}, ""contrast_level"": 2, ""node_type"": ""io""}, {""node_id"": ""398"", ""algorithm_step_name"": ""Tabular Dataset Loading"", ""node_name"": ""泰坦尼克号测试数据"", ""node_params"": {""table_name"": ""titanic_test"", ""target_column"": ""Survived""}, ""contrast_level"": 2, ""node_type"": ""io""}, {""node_id"": ""399"", ""algorithm_step_name"": ""Missing Value Handling"", ""node_name"": ""训练数据缺失值处理"", ""node_params"": {}, ""contrast_level"": 0, ""node_type"": ""preprocess""}, {""node_id"": ""400"", ""algorithm_step_name"": ""Missing Value Handling"", ""node_name"": ""测试数据缺失值处理"", ""node_params"": {}, ""contrast_level"": 0, ""node_type"": ""preprocess""}, {""node_id"": ""401"", ""algorithm_step_name"": ""One Hot Encoding"", ""node_name"": ""训练数据独热编码"", ""node_params"": {}, ""contrast_level"": 0, ""node_type"": ""feature engineering""}, {""node_id"": ""402"", ""algorithm_step_name"": ""One Hot Encoding"", ""node_name"": ""测试数据独热编码"", ""node_params"": {}, ""contrast_level"": 0, ""node_type"": ""feature engineering""}, {""node_id"": ""403"", ""algorithm_step_name"": ""XGBoost"", ""node_name"": ""XGBoost分类器"", ""node_params"": {}, ""contrast_level"": 2, ""node_type"": ""model""}, {""node_id"": ""404"", ""algorithm_step_name"": ""Test Dataset Predictions"", ""node_name"": ""预测"", ""node_params"": {""output_probabilities"": true}, ""contrast_level"": 2, ""node_type"": ""predict""}, {""node_id"": ""405"", ""algorithm_step_name"": ""Save Data"", ""node_name"": ""保存预测结果"", ""node_params"": {}, ""contrast_level"": 1, ""node_type"": ""io""}]}"
"This is a house price dataset, your goal is to predict the sale price of a property based on its features. The target column is SalePrice. Perform data analysis, data preprocessing, feature engineering, and modeling to predict the target. save predictions. Train data: house_prices_advanced_regression_techniques_train, Eval data: house_prices_advanced_regression_techniques_test.",0.5,11061,752,0,0,0,0,0,"{""edges"": [{""edge_id"": ""50574"", ""source_node_id"": ""409"", ""target_node_id"": ""411""}, {""edge_id"": ""50575"", ""source_node_id"": ""411"", ""target_node_id"": ""61006""}, {""edge_id"": ""50576"", ""source_node_id"": ""61006"", ""target_node_id"": ""61007""}], ""nodes"": [{""node_id"": ""408"", ""widget_name"": ""Select Columns"", ""node_name"": ""选择列"", ""node_params"": {""ignores"": [], ""features"": [0, 1, 2, 3, 4, 5, 6, 7, 8, 9, 10, 11, 12, 13, 14, 15, 16, 17, 18, 19, 20, 21, 22, 23, 24, 25, 26, 27, 28, 29], ""targets"": [30]}, ""matched"": true}, {""node_id"": ""410"", ""widget_name"": ""Feature Constructor"", ""node_name"": ""特征构造"", ""node_params"": {""expressions"": [{""key"": 0, ""name"": ""TotalSF"", ""expression"": ""TotalBsmtSF + 1stFlrSF + 2ndFlrSF"", ""type"": ""2"", ""image"": ""N"", ""categories"": ""A, B""}]}, ""matched"": true}, {""node_id"": ""412"", ""widget_name"": ""Linear Regression"", ""node_name"": ""线性回归"", ""node_params"": {""regression_type"": ""0""}, ""matched"": true}, {""node_id"": ""413"", ""widget_name"": ""Predictions"", ""node_name"": ""预测"", ""node_params"": {""output_attrs"": true, ""output_predictions"": true, ""output_probabilities"": false}, ""matched"": true}, {""node_id"": ""409"", ""widget_name"": ""Select Columns"", ""node_name"": ""选择列"", ""node_params"": {""ignores"": [], ""features"": [0, 1, 2, 3, 4, 5, 6, 7, 8, 9, 10, 11, 12, 13, 14, 15, 16, 17, 18, 19, 20, 21, 22, 23, 24, 25, 26, 27, 28, 29], ""targets"": [30]}, ""matched"": true}, {""node_id"": ""411"", ""widget_name"": ""Feature Constructor"", ""node_name"": ""特征构造"", ""node_params"": {""expressions"": [{""key"": 0, ""name"": ""TotalSF"", ""expression"": ""TotalBsmtSF + 1stFlrSF + 2ndFlrSF"", ""type"": ""2"", ""image"": ""N"", ""categories"": ""A, B""}]}, ""matched"": true}, {""node_id"": ""61006"", ""widget_name"": ""Linear Regression"", ""node_name"": ""线性回归"", ""node_params"": {""regression_type"": ""0""}, ""matched"": false}, {""node_id"": ""61007"", ""widget_name"": ""Predictions"", ""node_name"": ""预测"", ""node_params"": {""output_attrs"": true, ""output_predictions"": true, ""output_probabilities"": false}, ""matched"": false}]}","{""dependency_requirements"": [{""edge_id"": ""314"", ""source_node_id"": ""406"", ""target_node_id"": ""408""}, {""edge_id"": ""315"", ""source_node_id"": ""407"", ""target_node_id"": ""409""}, {""edge_id"": ""316"", ""source_node_id"": ""408"", ""target_node_id"": ""410""}, {""edge_id"": ""317"", ""source_node_id"": ""409"", ""target_node_id"": ""411""}, {""edge_id"": ""318"", ""source_node_id"": ""410"", ""target_node_id"": ""412""}, {""edge_id"": ""319"", ""source_node_id"": ""411"", ""target_node_id"": ""413""}, {""edge_id"": ""320"", ""source_node_id"": ""412"", ""target_node_id"": ""413""}, {""edge_id"": ""321"", ""source_node_id"": ""413"", ""target_node_id"": ""414""}], ""step_requirements"": [{""node_id"": ""406"", ""algorithm_step_name"": ""Tabular Dataset Loading"", ""node_name"": ""房屋价格训练数据"", ""node_params"": {""table_name"": ""house_prices_advanced_regression_techniques_train"", ""target_column"": ""SalePrice""}, ""contrast_level"": 2, ""node_type"": ""io""}, {""node_id"": ""407"", ""algorithm_step_name"": ""Tabular Dataset Loading"", ""node_name"": ""房屋价格测试数据"", ""node_params"": {""table_name"": ""house_prices_advanced_regression_techniques_test"", ""target_column"": ""SalePrice""}, ""contrast_level"": 2, ""node_type"": ""io""}, {""node_id"": ""408"", ""algorithm_step_name"": ""Missing Value Handling"", ""node_name"": ""训练数据缺失值处理"", ""node_params"": {}, ""contrast_level"": 0, ""node_type"": ""preprocess""}, {""node_id"": ""409"", ""algorithm_step_name"": ""Missing Value Handling"", ""node_name"": ""测试数据缺失值处理"", ""node_params"": {}, ""contrast_level"": 0, ""node_type"": ""preprocess""}, {""node_id"": ""410"", ""algorithm_step_name"": ""One Hot Encoding"", ""node_name"": ""训练数据独热编码"", ""node_params"": {}, ""contrast_level"": 0, ""node_type"": ""feature engineering""}, {""node_id"": ""411"", ""algorithm_step_name"": ""One Hot Encoding"", ""node_name"": ""测试数据独热编码"", ""node_params"": {}, ""contrast_level"": 0, ""node_type"": ""feature engineering""}, {""node_id"": ""412"", ""algorithm_step_name"": ""XGBoost"", ""node_name"": ""XGBoost回归器"", ""node_params"": {}, ""contrast_level"": 0, ""node_type"": ""model""}, {""node_id"": ""413"", ""algorithm_step_name"": ""Test Dataset Predictions"", ""node_name"": ""预测"", ""node_params"": {""output_probabilities"": false}, ""contrast_level"": 2, ""node_type"": ""predict""}, {""node_id"": ""414"", ""algorithm_step_name"": ""Save Data"", ""node_name"": ""保存预测结果"", ""node_params"": {}, ""contrast_level"": 1, ""node_type"": ""io""}]}"
"This is a customers financial dataset. Your goal is to predict which customers will make a specific transaction in the future. The target column is target. Perform data analysis and modeling to predict the target. save predictions. Train data: santander_customer_transaction_prediction_train, Eval data: santander_customer_transaction_prediction_test.",0.8889,5513,1466,0,0,0,0,0,"{""edges"": [{""edge_id"": ""50577"", ""source_node_id"": ""416"", ""target_node_id"": ""61010""}, {""edge_id"": ""50578"", ""source_node_id"": ""61010"", ""target_node_id"": ""417""}, {""edge_id"": ""50579"", ""source_node_id"": ""417"", ""target_node_id"": ""418""}, {""edge_id"": ""50580"", ""source_node_id"": ""61010"", ""target_node_id"": ""418""}, {""edge_id"": ""50581"", ""source_node_id"": ""418"", ""target_node_id"": ""419""}], ""nodes"": [{""node_id"": ""415"", ""widget_name"": ""SQL Table"", ""node_name"": ""训练数据"", ""node_params"": {""table_name"": ""santander_customer_transaction_prediction_train"", ""target_column"": ""target""}, ""matched"": true}, {""node_id"": ""416"", ""widget_name"": ""SQL Table"", ""node_name"": ""评估数据"", ""node_params"": {""table_name"": ""santander_customer_transaction_prediction_test"", ""target_column"": ""target""}, ""matched"": true}, {""node_id"": ""61010"", ""widget_name"": ""Select Columns"", ""node_name"": ""选择特征和目标列"", ""node_params"": {""ignores"": [], ""features"": [1, 2, 3, 4, 5, 6, 7, 8, 9, 10, 11, 12, 13, 14, 15, 16, 17, 18], ""targets"": [0]}, ""matched"": false}, {""node_id"": ""417"", ""widget_name"": ""Logistic Regression"", ""node_name"": ""逻辑回归模型"", ""node_params"": {""C"": 1, ""penalty"": ""l2""}, ""matched"": true}, {""node_id"": ""418"", ""widget_name"": ""Predictions"", ""node_name"": ""预测"", ""node_params"": {""output_attrs"": true, ""output_predictions"": true, ""output_probabilities"": true}, ""matched"": true}, {""node_id"": ""419"", ""widget_name"": ""Save Data"", ""node_name"": ""保存预测结果"", ""node_params"": {}, ""matched"": true}]}","{""dependency_requirements"": [{""edge_id"": ""322"", ""source_node_id"": ""415"", ""target_node_id"": ""417""}, {""edge_id"": ""323"", ""source_node_id"": ""416"", ""target_node_id"": ""418""}, {""edge_id"": ""324"", ""source_node_id"": ""417"", ""target_node_id"": ""418""}, {""edge_id"": ""325"", ""source_node_id"": ""418"", ""target_node_id"": ""419""}], ""step_requirements"": [{""node_id"": ""415"", ""algorithm_step_name"": ""Tabular Dataset Loading"", ""node_name"": ""桑坦德客户交易预测训练数据"", ""node_params"": {""table_name"": ""santander_customer_transaction_prediction_train"", ""target_column"": ""target""}, ""contrast_level"": 2, ""node_type"": ""io""}, {""node_id"": ""416"", ""algorithm_step_name"": ""Tabular Dataset Loading"", ""node_name"": ""桑坦德客户交易预测测试数据"", ""node_params"": {""table_name"": ""santander_customer_transaction_prediction_test"", ""target_column"": ""target""}, ""contrast_level"": 2, ""node_type"": ""io""}, {""node_id"": ""417"", ""algorithm_step_name"": ""XGBoost"", ""node_name"": ""XGBoost分类器"", ""node_params"": {}, ""contrast_level"": 0, ""node_type"": ""model""}, {""node_id"": ""418"", ""algorithm_step_name"": ""Test Dataset Predictions"", ""node_name"": ""预测"", ""node_params"": {""output_probabilities"": true}, ""contrast_level"": 2, ""node_type"": ""predict""}, {""node_id"": ""419"", ""algorithm_step_name"": ""Save Data"", ""node_name"": ""保存预测结果"", ""node_params"": {}, ""contrast_level"": 1, ""node_type"": ""io""}]}"
"This is a medical dataset with over fifty anonymized health characteristics linked to three age-related conditions. Your goal is to predict whether a subject has or has not been diagnosed with one of these conditions. The target column is Class. Perform data analysis, data preprocessing, and modeling to predict the target. save predictions. Train data: icr_identify_age_related_conditions_train, Eval data: icr_identify_age_related_conditions_test",0.0,16211,1292,0,0,0,0,0,"{""edges"": [], ""nodes"": []}","{""dependency_requirements"": [{""edge_id"": ""484"", ""source_node_id"": ""659"", ""target_node_id"": ""661""}, {""edge_id"": ""485"", ""source_node_id"": ""660"", ""target_node_id"": ""662""}, {""edge_id"": ""486"", ""source_node_id"": ""661"", ""target_node_id"": ""663""}, {""edge_id"": ""487"", ""source_node_id"": ""662"", ""target_node_id"": ""664""}, {""edge_id"": ""488"", ""source_node_id"": ""663"", ""target_node_id"": ""664""}, {""edge_id"": ""489"", ""source_node_id"": ""664"", ""target_node_id"": ""665""}], ""step_requirements"": [{""node_id"": ""659"", ""algorithm_step_name"": ""Tabular Dataset Loading"", ""node_name"": ""icr_identify_age_related_conditions_train"", ""node_params"": {""table_name"": ""icr_identify_age_related_conditions_train"", ""target_column"": ""Class""}, ""contrast_level"": 2, ""node_type"": ""io""}, {""node_id"": ""660"", ""algorithm_step_name"": ""Tabular Dataset Loading"", ""node_name"": ""icr_identify_age_related_conditions_test"", ""node_params"": {""table_name"": ""icr_identify_age_related_conditions_test"", ""target_column"": ""Class""}, ""contrast_level"": 2, ""node_type"": ""io""}, {""node_id"": ""661"", ""algorithm_step_name"": ""Missing Value Handling"", ""node_name"": ""训练数据缺失值处理"", ""node_params"": {}, ""contrast_level"": 0, ""node_type"": ""preprocess""}, {""node_id"": ""662"", ""algorithm_step_name"": ""Missing Value Handling"", ""node_name"": ""测试数据缺失值处理"", ""node_params"": {}, ""contrast_level"": 0, ""node_type"": ""preprocess""}, {""node_id"": ""663"", ""algorithm_step_name"": ""XGBoost"", ""node_name"": ""XGBoost分类器"", ""node_params"": {}, ""contrast_level"": 0, ""node_type"": ""model""}, {""node_id"": ""664"", ""algorithm_step_name"": ""Test Dataset Predictions"", ""node_name"": ""预测"", ""node_params"": {""output_probabilities"": true}, ""contrast_level"": 2, ""node_type"": ""predict""}, {""node_id"": ""665"", ""algorithm_step_name"": ""Save Data"", ""node_name"": ""保存预测结果"", ""node_params"": {}, ""contrast_level"": 1, ""node_type"": ""io""}]}"
"This is a customers financial dataset. Your goal is to predict the value of transactions for each potential customer. The target column is target. Perform data analysis and modeling to predict the target. save predictions. Train data: santander_value_prediction_challenge_train, Eval data: santander_value_prediction_challenge_test",0.875,5980,1530,0,0,0,0,0,"{""edges"": [{""edge_id"": ""50582"", ""source_node_id"": ""666"", ""target_node_id"": ""61016""}, {""edge_id"": ""50583"", ""source_node_id"": ""667"", ""target_node_id"": ""61017""}, {""edge_id"": ""50584"", ""source_node_id"": ""61016"", ""target_node_id"": ""61018""}, {""edge_id"": ""50585"", ""source_node_id"": ""61017"", ""target_node_id"": ""61019""}, {""edge_id"": ""50586"", ""source_node_id"": ""61018"", ""target_node_id"": ""668""}, {""edge_id"": ""50587"", ""source_node_id"": ""61019"", ""target_node_id"": ""669""}, {""edge_id"": ""50588"", ""source_node_id"": ""668"", ""target_node_id"": ""669""}], ""nodes"": [{""node_id"": ""666"", ""widget_name"": ""SQL Table"", ""node_name"": ""训练数据"", ""node_params"": {""table_name"": ""santander_value_prediction_challenge_train"", ""target_column"": ""target""}, ""matched"": true}, {""node_id"": ""667"", ""widget_name"": ""SQL Table"", ""node_name"": ""评估数据"", ""node_params"": {""table_name"": ""santander_value_prediction_challenge_test"", ""target_column"": ""target""}, ""matched"": true}, {""node_id"": ""61016"", ""widget_name"": ""Impute"", ""node_name"": ""训练数据缺失值处理"", ""node_params"": {""method"": 1}, ""matched"": false}, {""node_id"": ""61017"", ""widget_name"": ""Impute"", ""node_name"": ""评估数据缺失值处理"", ""node_params"": {""method"": 1}, ""matched"": false}, {""node_id"": ""61018"", ""widget_name"": ""Select Columns"", ""node_name"": ""训练数据特征选择"", ""node_params"": {""ignores"": [], ""features"": [], ""targets"": """"}, ""matched"": false}, {""node_id"": ""61019"", ""widget_name"": ""Select Columns"", ""node_name"": ""评估数据特征选择"", ""node_params"": {""ignores"": [], ""features"": [], ""targets"": """"}, ""matched"": false}, {""node_id"": ""668"", ""widget_name"": ""Linear Regression"", ""node_name"": ""线性回归模型"", ""node_params"": {""regression_type"": ""0""}, ""matched"": true}, {""node_id"": ""669"", ""widget_name"": ""Predictions"", ""node_name"": ""预测"", ""node_params"": {""output_attrs"": true, ""output_predictions"": true, ""output_probabilities"": false}, ""matched"": true}]}","{""dependency_requirements"": [{""edge_id"": ""490"", ""source_node_id"": ""666"", ""target_node_id"": ""668""}, {""edge_id"": ""491"", ""source_node_id"": ""667"", ""target_node_id"": ""669""}, {""edge_id"": ""492"", ""source_node_id"": ""668"", ""target_node_id"": ""669""}, {""edge_id"": ""493"", ""source_node_id"": ""669"", ""target_node_id"": ""670""}], ""step_requirements"": [{""node_id"": ""666"", ""algorithm_step_name"": ""Tabular Dataset Loading"", ""node_name"": ""桑坦德价值预测挑战训练数据"", ""node_params"": {""table_name"": ""santander_value_prediction_challenge_train"", ""target_column"": ""target""}, ""contrast_level"": 2, ""node_type"": ""io""}, {""node_id"": ""667"", ""algorithm_step_name"": ""Tabular Dataset Loading"", ""node_name"": ""桑坦德价值预测挑战测试数据"", ""node_params"": {""table_name"": ""santander_value_prediction_challenge_test"", ""target_column"": ""target""}, ""contrast_level"": 2, ""node_type"": ""io""}, {""node_id"": ""668"", ""algorithm_step_name"": ""XGBoost"", ""node_name"": ""XGBoost回归器"", ""node_params"": {}, ""contrast_level"": 0, ""node_type"": ""model""}, {""node_id"": ""669"", ""algorithm_step_name"": ""Test Dataset Predictions"", ""node_name"": ""预测"", ""node_params"": {""output_probabilities"": false}, ""contrast_level"": 2, ""node_type"": ""predict""}, {""node_id"": ""670"", ""algorithm_step_name"": ""Save Data"", ""node_name"": ""保存预测结果"", ""node_params"": {}, ""contrast_level"": 1, ""node_type"": ""io""}]}"
"Run data analysis on Iris example dataset, include a plot",1.0,4113,136,0,0,0,0,0,"{""edges"": [{""edge_id"": ""50589"", ""source_node_id"": ""353"", ""target_node_id"": ""355""}, {""edge_id"": ""50590"", ""source_node_id"": ""353"", ""target_node_id"": ""61024""}], ""nodes"": [{""node_id"": ""353"", ""widget_name"": ""File"", ""node_name"": ""加载Iris数据集"", ""node_params"": {""type"": ""sample"", ""filename"": ""iris.csv""}, ""matched"": true}, {""node_id"": ""355"", ""widget_name"": ""Scatter Plot"", ""node_name"": ""散点图"", ""node_params"": {}, ""matched"": true}, {""node_id"": ""61024"", ""widget_name"": ""Distributions"", ""node_name"": ""柱状图"", ""node_params"": {}, ""matched"": false}]}","{""dependency_requirements"": [{""edge_id"": ""257"", ""source_node_id"": ""353"", ""target_node_id"": ""355""}], ""step_requirements"": [{""node_id"": ""353"", ""algorithm_step_name"": ""Tabular Dataset Loading"", ""node_name"": ""文件加载节点"", ""node_params"": {""type"": ""sample"", ""filename"": ""iris.csv""}, ""contrast_level"": 2, ""node_type"": ""io""}, {""node_id"": ""355"", ""algorithm_step_name"": ""Scatter Plot"", ""node_name"": ""散点图"", ""node_params"": {}, ""contrast_level"": 0, ""node_type"": ""visualize""}]}"
"Run data analysis on Wine recognition example dataset, include a plot, and train a model to predict wine class with 20% as test set, and save predictions.",0.75,10661,793,0,0,0,0,0,"{""edges"": [{""edge_id"": ""50591"", ""source_node_id"": ""373"", ""target_node_id"": ""61026""}, {""edge_id"": ""50592"", ""source_node_id"": ""61026"", ""target_node_id"": ""377""}, {""edge_id"": ""50593"", ""source_node_id"": ""61026"", ""target_node_id"": ""378""}, {""edge_id"": ""50594"", ""source_node_id"": ""377"", ""target_node_id"": ""378""}, {""edge_id"": ""50595"", ""source_node_id"": ""61026"", ""target_node_id"": ""382""}], ""nodes"": [{""node_id"": ""373"", ""widget_name"": ""File"", ""node_name"": ""加载数据集"", ""node_params"": {""type"": ""sample"", ""filename"": ""wine.csv""}, ""matched"": true}, {""node_id"": ""61026"", ""widget_name"": ""Select Best N Attributes"", ""node_name"": ""选择最佳特征"", ""node_params"": {""n"": 5}, ""matched"": false}, {""node_id"": ""377"", ""widget_name"": ""Tree"", ""node_name"": ""决策树模型"", ""node_params"": {""limit_min_leaf"": true, ""min_leaf"": 2, ""limit_min_internal"": true, ""min_internal"": 5, ""limit_depth"": true, ""max_depth"": 100}, ""matched"": true}, {""node_id"": ""378"", ""widget_name"": ""Predictions"", ""node_name"": ""预测"", ""node_params"": {""output_attrs"": true, ""output_predictions"": true, ""output_probabilities"": true}, ""matched"": true}, {""node_id"": ""382"", ""widget_name"": ""Distributions"", ""node_name"": ""柱状图"", ""node_params"": {}, ""matched"": true}]}","{""dependency_requirements"": [{""edge_id"": ""277"", ""source_node_id"": ""373"", ""target_node_id"": ""374""}, {""edge_id"": ""282"", ""source_node_id"": ""377"", ""target_node_id"": ""378""}, {""edge_id"": ""283"", ""source_node_id"": ""378"", ""target_node_id"": ""379""}, {""edge_id"": ""286"", ""source_node_id"": ""373"", ""target_node_id"": ""382""}, {""edge_id"": ""287"", ""source_node_id"": ""374"", ""target_node_id"": ""378""}, {""edge_id"": ""288"", ""source_node_id"": ""374"", ""target_node_id"": ""377""}], ""step_requirements"": [{""node_id"": ""373"", ""algorithm_step_name"": ""Tabular Dataset Loading"", ""node_name"": ""文件加载节点"", ""node_params"": {""type"": ""sample"", ""filename"": ""wine.csv""}, ""contrast_level"": 2, ""node_type"": ""io""}, {""node_id"": ""374"", ""algorithm_step_name"": ""Dataset Division"", ""node_name"": ""数据划分"", ""node_params"": {""sampling_type"": 0, ""percentage"": 20}, ""contrast_level"": 2, ""node_type"": ""preprocess""}, {""node_id"": ""377"", ""algorithm_step_name"": ""XGBoost"", ""node_name"": ""XGBoost分类器"", ""node_params"": {}, ""contrast_level"": 0, ""node_type"": ""model""}, {""node_id"": ""378"", ""algorithm_step_name"": ""Test Dataset Predictions"", ""node_name"": ""预测"", ""node_params"": {""output_probabilities"": true}, ""contrast_level"": 2, ""node_type"": ""predict""}, {""node_id"": ""379"", ""algorithm_step_name"": ""Save Data"", ""node_name"": ""保存预测结果"", ""node_params"": {}, ""contrast_level"": 1, ""node_type"": ""io""}, {""node_id"": ""382"", ""algorithm_step_name"": ""Line Chart"", ""node_name"": ""折线图"", ""node_params"": {}, ""contrast_level"": 0, ""node_type"": ""visualize""}]}"
"Run data analysis on sklearn Wisconsin Breast Cancer example dataset, include a plot, train a model to predict targets (20% as validation), and save predictions.",0.75,9247,759,0,0,0,0,0,"{""edges"": [{""edge_id"": ""50596"", ""source_node_id"": ""390"", ""target_node_id"": ""61031""}, {""edge_id"": ""50597"", ""source_node_id"": ""61031"", ""target_node_id"": ""393""}, {""edge_id"": ""50598"", ""source_node_id"": ""393"", ""target_node_id"": ""394""}, {""edge_id"": ""50599"", ""source_node_id"": ""390"", ""target_node_id"": ""396""}], ""nodes"": [{""node_id"": ""390"", ""widget_name"": ""File"", ""node_name"": ""数据加载"", ""node_params"": {""type"": ""sample"", ""filename"": ""breast_cancer.csv""}, ""matched"": true}, {""node_id"": ""61031"", ""widget_name"": ""Select Best N Attributes"", ""node_name"": ""选择最佳N个特征"", ""node_params"": {""n"": 5}, ""matched"": false}, {""node_id"": ""393"", ""widget_name"": ""Logistic Regression"", ""node_name"": ""逻辑回归模型"", ""node_params"": {""C"": 1, ""penalty"": ""l2""}, ""matched"": true}, {""node_id"": ""394"", ""widget_name"": ""Predictions"", ""node_name"": ""预测"", ""node_params"": {""output_attrs"": true, ""output_predictions"": true, ""output_probabilities"": true}, ""matched"": true}, {""node_id"": ""396"", ""widget_name"": ""Scatter Plot"", ""node_name"": ""散点图"", ""node_params"": {}, ""matched"": true}]}","{""dependency_requirements"": [{""edge_id"": ""298"", ""source_node_id"": ""392"", ""target_node_id"": ""393""}, {""edge_id"": ""299"", ""source_node_id"": ""392"", ""target_node_id"": ""394""}, {""edge_id"": ""300"", ""source_node_id"": ""393"", ""target_node_id"": ""394""}, {""edge_id"": ""301"", ""source_node_id"": ""394"", ""target_node_id"": ""395""}, {""edge_id"": ""304"", ""source_node_id"": ""390"", ""target_node_id"": ""396""}, {""edge_id"": ""305"", ""source_node_id"": ""390"", ""target_node_id"": ""392""}], ""step_requirements"": [{""node_id"": ""390"", ""algorithm_step_name"": ""Tabular Dataset Loading"", ""node_name"": ""威斯康星乳腺癌数据集"", ""node_params"": {""type"": ""sample"", ""filename"": ""breast_cancer.csv""}, ""contrast_level"": 2, ""node_type"": ""io""}, {""node_id"": ""392"", ""algorithm_step_name"": ""Dataset Division"", ""node_name"": ""数据划分"", ""node_params"": {""percentage"": 20}, ""contrast_level"": 2, ""node_type"": ""preprocess""}, {""node_id"": ""393"", ""algorithm_step_name"": ""LightGBM"", ""node_name"": ""LightGBM分类器"", ""node_params"": {}, ""contrast_level"": 0, ""node_type"": ""model""}, {""node_id"": ""394"", ""algorithm_step_name"": ""Test Dataset Predictions"", ""node_name"": ""预测"", ""node_params"": {""output_probabilities"": true}, ""contrast_level"": 2, ""node_type"": ""predict""}, {""node_id"": ""395"", ""algorithm_step_name"": ""Save Data"", ""node_name"": ""保存预测结果"", ""node_params"": {}, ""contrast_level"": 1, ""node_type"": ""io""}, {""node_id"": ""396"", ""algorithm_step_name"": ""Correlogram"", ""node_name"": ""相关性热图"", ""node_params"": {}, ""contrast_level"": 0, ""node_type"": ""visualize""}]}"
"This is a titanic passenger survival dataset, your goal is to predict passenger survival outcome. The target column is Survived. Perform data analysis, data preprocessing, feature engineering, and modeling to predict the target. save predictions. Train data: titanic_train, Eval data: titanic_test.",0.5455,3610,273,0,0,0,0,0,"{""edges"": [{""edge_id"": ""50600"", ""source_node_id"": ""399"", ""target_node_id"": ""401""}, {""edge_id"": ""50601"", ""source_node_id"": ""401"", ""target_node_id"": ""61037""}, {""edge_id"": ""50602"", ""source_node_id"": ""61037"", ""target_node_id"": ""404""}, {""edge_id"": ""50603"", ""source_node_id"": ""404"", ""target_node_id"": ""405""}], ""nodes"": [{""node_id"": ""399"", ""widget_name"": ""Select Columns"", ""node_name"": ""选择特征"", ""node_params"": {""ignores"": [], ""features"": [0, 1, 2, 3, 4, 5, 6, 7, 8, 9, 10, 11, 12, 13, 14, 15, 16, 17, 18, 19, 20, 21, 22, 23, 24, 25, 26, 27, 28, 29], ""targets"": [30]}, ""matched"": true}, {""node_id"": ""401"", ""widget_name"": ""Select Best N Attributes"", ""node_name"": ""选择最佳特征"", ""node_params"": {""n"": 5}, ""matched"": true}, {""node_id"": ""61037"", ""widget_name"": ""Logistic Regression"", ""node_name"": ""逻辑回归模型"", ""node_params"": {""C"": 1, ""penalty"": ""l2""}, ""matched"": false}, {""node_id"": ""404"", ""widget_name"": ""Predictions"", ""node_name"": ""预测结果"", ""node_params"": {""output_attrs"": true, ""output_predictions"": true, ""output_probabilities"": true}, ""matched"": true}, {""node_id"": ""405"", ""widget_name"": ""Save Data"", ""node_name"": ""保存预测结果"", ""node_params"": {}, ""matched"": true}]}","{""dependency_requirements"": [{""edge_id"": ""306"", ""source_node_id"": ""397"", ""target_node_id"": ""399""}, {""edge_id"": ""307"", ""source_node_id"": ""398"", ""target_node_id"": ""400""}, {""edge_id"": ""308"", ""source_node_id"": ""399"", ""target_node_id"": ""401""}, {""edge_id"": ""309"", ""source_node_id"": ""400"", ""target_node_id"": ""402""}, {""edge_id"": ""310"", ""source_node_id"": ""401"", ""target_node_id"": ""403""}, {""edge_id"": ""311"", ""source_node_id"": ""402"", ""target_node_id"": ""404""}, {""edge_id"": ""312"", ""source_node_id"": ""403"", ""target_node_id"": ""404""}, {""edge_id"": ""313"", ""source_node_id"": ""404"", ""target_node_id"": ""405""}], ""step_requirements"": [{""node_id"": ""397"", ""algorithm_step_name"": ""Tabular Dataset Loading"", ""node_name"": ""泰坦尼克号训练数据"", ""node_params"": {""table_name"": ""titanic_train"", ""target_column"": ""Survived""}, ""contrast_level"": 2, ""node_type"": ""io""}, {""node_id"": ""398"", ""algorithm_step_name"": ""Tabular Dataset Loading"", ""node_name"": ""泰坦尼克号测试数据"", ""node_params"": {""table_name"": ""titanic_test"", ""target_column"": ""Survived""}, ""contrast_level"": 2, ""node_type"": ""io""}, {""node_id"": ""399"", ""algorithm_step_name"": ""Missing Value Handling"", ""node_name"": ""训练数据缺失值处理"", ""node_params"": {}, ""contrast_level"": 0, ""node_type"": ""preprocess""}, {""node_id"": ""400"", ""algorithm_step_name"": ""Missing Value Handling"", ""node_name"": ""测试数据缺失值处理"", ""node_params"": {}, ""contrast_level"": 0, ""node_type"": ""preprocess""}, {""node_id"": ""401"", ""algorithm_step_name"": ""One Hot Encoding"", ""node_name"": ""训练数据独热编码"", ""node_params"": {}, ""contrast_level"": 0, ""node_type"": ""feature engineering""}, {""node_id"": ""402"", ""algorithm_step_name"": ""One Hot Encoding"", ""node_name"": ""测试数据独热编码"", ""node_params"": {}, ""contrast_level"": 0, ""node_type"": ""feature engineering""}, {""node_id"": ""403"", ""algorithm_step_name"": ""XGBoost"", ""node_name"": ""XGBoost分类器"", ""node_params"": {}, ""contrast_level"": 2, ""node_type"": ""model""}, {""node_id"": ""404"", ""algorithm_step_name"": ""Test Dataset Predictions"", ""node_name"": ""预测"", ""node_params"": {""output_probabilities"": true}, ""contrast_level"": 2, ""node_type"": ""predict""}, {""node_id"": ""405"", ""algorithm_step_name"": ""Save Data"", ""node_name"": ""保存预测结果"", ""node_params"": {}, ""contrast_level"": 1, ""node_type"": ""io""}]}"
"This is a house price dataset, your goal is to predict the sale price of a property based on its features. The target column is SalePrice. Perform data analysis, data preprocessing, feature engineering, and modeling to predict the target. save predictions. Train data: house_prices_advanced_regression_techniques_train, Eval data: house_prices_advanced_regression_techniques_test.",0.5,11061,752,0,0,0,0,0,"{""edges"": [{""edge_id"": ""50604"", ""source_node_id"": ""409"", ""target_node_id"": ""411""}, {""edge_id"": ""50605"", ""source_node_id"": ""411"", ""target_node_id"": ""61046""}, {""edge_id"": ""50606"", ""source_node_id"": ""61046"", ""target_node_id"": ""61047""}], ""nodes"": [{""node_id"": ""408"", ""widget_name"": ""Select Columns"", ""node_name"": ""选择列"", ""node_params"": {""ignores"": [], ""features"": [0, 1, 2, 3, 4, 5, 6, 7, 8, 9, 10, 11, 12, 13, 14, 15, 16, 17, 18, 19, 20, 21, 22, 23, 24, 25, 26, 27, 28, 29], ""targets"": [30]}, ""matched"": true}, {""node_id"": ""410"", ""widget_name"": ""Feature Constructor"", ""node_name"": ""特征构造"", ""node_params"": {""expressions"": [{""key"": 0, ""name"": ""TotalSF"", ""expression"": ""TotalBsmtSF + 1stFlrSF + 2ndFlrSF"", ""type"": ""2"", ""image"": ""N"", ""categories"": ""A, B""}]}, ""matched"": true}, {""node_id"": ""412"", ""widget_name"": ""Linear Regression"", ""node_name"": ""线性回归"", ""node_params"": {""regression_type"": ""0""}, ""matched"": true}, {""node_id"": ""413"", ""widget_name"": ""Predictions"", ""node_name"": ""预测"", ""node_params"": {""output_attrs"": true, ""output_predictions"": true, ""output_probabilities"": false}, ""matched"": true}, {""node_id"": ""409"", ""widget_name"": ""Select Columns"", ""node_name"": ""选择列"", ""node_params"": {""ignores"": [], ""features"": [0, 1, 2, 3, 4, 5, 6, 7, 8, 9, 10, 11, 12, 13, 14, 15, 16, 17, 18, 19, 20, 21, 22, 23, 24, 25, 26, 27, 28, 29], ""targets"": [30]}, ""matched"": true}, {""node_id"": ""411"", ""widget_name"": ""Feature Constructor"", ""node_name"": ""特征构造"", ""node_params"": {""expressions"": [{""key"": 0, ""name"": ""TotalSF"", ""expression"": ""TotalBsmtSF + 1stFlrSF + 2ndFlrSF"", ""type"": ""2"", ""image"": ""N"", ""categories"": ""A, B""}]}, ""matched"": true}, {""node_id"": ""61046"", ""widget_name"": ""Linear Regression"", ""node_name"": ""线性回归"", ""node_params"": {""regression_type"": ""0""}, ""matched"": false}, {""node_id"": ""61047"", ""widget_name"": ""Predictions"", ""node_name"": ""预测"", ""node_params"": {""output_attrs"": true, ""output_predictions"": true, ""output_probabilities"": false}, ""matched"": false}]}","{""dependency_requirements"": [{""edge_id"": ""314"", ""source_node_id"": ""406"", ""target_node_id"": ""408""}, {""edge_id"": ""315"", ""source_node_id"": ""407"", ""target_node_id"": ""409""}, {""edge_id"": ""316"", ""source_node_id"": ""408"", ""target_node_id"": ""410""}, {""edge_id"": ""317"", ""source_node_id"": ""409"", ""target_node_id"": ""411""}, {""edge_id"": ""318"", ""source_node_id"": ""410"", ""target_node_id"": ""412""}, {""edge_id"": ""319"", ""source_node_id"": ""411"", ""target_node_id"": ""413""}, {""edge_id"": ""320"", ""source_node_id"": ""412"", ""target_node_id"": ""413""}, {""edge_id"": ""321"", ""source_node_id"": ""413"", ""target_node_id"": ""414""}], ""step_requirements"": [{""node_id"": ""406"", ""algorithm_step_name"": ""Tabular Dataset Loading"", ""node_name"": ""房屋价格训练数据"", ""node_params"": {""table_name"": ""house_prices_advanced_regression_techniques_train"", ""target_column"": ""SalePrice""}, ""contrast_level"": 2, ""node_type"": ""io""}, {""node_id"": ""407"", ""algorithm_step_name"": ""Tabular Dataset Loading"", ""node_name"": ""房屋价格测试数据"", ""node_params"": {""table_name"": ""house_prices_advanced_regression_techniques_test"", ""target_column"": ""SalePrice""}, ""contrast_level"": 2, ""node_type"": ""io""}, {""node_id"": ""408"", ""algorithm_step_name"": ""Missing Value Handling"", ""node_name"": ""训练数据缺失值处理"", ""node_params"": {}, ""contrast_level"": 0, ""node_type"": ""preprocess""}, {""node_id"": ""409"", ""algorithm_step_name"": ""Missing Value Handling"", ""node_name"": ""测试数据缺失值处理"", ""node_params"": {}, ""contrast_level"": 0, ""node_type"": ""preprocess""}, {""node_id"": ""410"", ""algorithm_step_name"": ""One Hot Encoding"", ""node_name"": ""训练数据独热编码"", ""node_params"": {}, ""contrast_level"": 0, ""node_type"": ""feature engineering""}, {""node_id"": ""411"", ""algorithm_step_name"": ""One Hot Encoding"", ""node_name"": ""测试数据独热编码"", ""node_params"": {}, ""contrast_level"": 0, ""node_type"": ""feature engineering""}, {""node_id"": ""412"", ""algorithm_step_name"": ""XGBoost"", ""node_name"": ""XGBoost回归器"", ""node_params"": {}, ""contrast_level"": 0, ""node_type"": ""model""}, {""node_id"": ""413"", ""algorithm_step_name"": ""Test Dataset Predictions"", ""node_name"": ""预测"", ""node_params"": {""output_probabilities"": false}, ""contrast_level"": 2, ""node_type"": ""predict""}, {""node_id"": ""414"", ""algorithm_step_name"": ""Save Data"", ""node_name"": ""保存预测结果"", ""node_params"": {}, ""contrast_level"": 1, ""node_type"": ""io""}]}"
"This is a customers financial dataset. Your goal is to predict which customers will make a specific transaction in the future. The target column is target. Perform data analysis and modeling to predict the target. save predictions. Train data: santander_customer_transaction_prediction_train, Eval data: santander_customer_transaction_prediction_test.",0.8889,5513,1466,0,0,0,0,0,"{""edges"": [{""edge_id"": ""50607"", ""source_node_id"": ""416"", ""target_node_id"": ""61050""}, {""edge_id"": ""50608"", ""source_node_id"": ""61050"", ""target_node_id"": ""417""}, {""edge_id"": ""50609"", ""source_node_id"": ""417"", ""target_node_id"": ""418""}, {""edge_id"": ""50610"", ""source_node_id"": ""61050"", ""target_node_id"": ""418""}, {""edge_id"": ""50611"", ""source_node_id"": ""418"", ""target_node_id"": ""419""}], ""nodes"": [{""node_id"": ""415"", ""widget_name"": ""SQL Table"", ""node_name"": ""训练数据"", ""node_params"": {""table_name"": ""santander_customer_transaction_prediction_train"", ""target_column"": ""target""}, ""matched"": true}, {""node_id"": ""416"", ""widget_name"": ""SQL Table"", ""node_name"": ""评估数据"", ""node_params"": {""table_name"": ""santander_customer_transaction_prediction_test"", ""target_column"": ""target""}, ""matched"": true}, {""node_id"": ""61050"", ""widget_name"": ""Select Columns"", ""node_name"": ""选择特征和目标列"", ""node_params"": {""ignores"": [], ""features"": [1, 2, 3, 4, 5, 6, 7, 8, 9, 10, 11, 12, 13, 14, 15, 16, 17, 18], ""targets"": [0]}, ""matched"": false}, {""node_id"": ""417"", ""widget_name"": ""Logistic Regression"", ""node_name"": ""逻辑回归模型"", ""node_params"": {""C"": 1, ""penalty"": ""l2""}, ""matched"": true}, {""node_id"": ""418"", ""widget_name"": ""Predictions"", ""node_name"": ""预测"", ""node_params"": {""output_attrs"": true, ""output_predictions"": true, ""output_probabilities"": true}, ""matched"": true}, {""node_id"": ""419"", ""widget_name"": ""Save Data"", ""node_name"": ""保存预测结果"", ""node_params"": {}, ""matched"": true}]}","{""dependency_requirements"": [{""edge_id"": ""322"", ""source_node_id"": ""415"", ""target_node_id"": ""417""}, {""edge_id"": ""323"", ""source_node_id"": ""416"", ""target_node_id"": ""418""}, {""edge_id"": ""324"", ""source_node_id"": ""417"", ""target_node_id"": ""418""}, {""edge_id"": ""325"", ""source_node_id"": ""418"", ""target_node_id"": ""419""}], ""step_requirements"": [{""node_id"": ""415"", ""algorithm_step_name"": ""Tabular Dataset Loading"", ""node_name"": ""桑坦德客户交易预测训练数据"", ""node_params"": {""table_name"": ""santander_customer_transaction_prediction_train"", ""target_column"": ""target""}, ""contrast_level"": 2, ""node_type"": ""io""}, {""node_id"": ""416"", ""algorithm_step_name"": ""Tabular Dataset Loading"", ""node_name"": ""桑坦德客户交易预测测试数据"", ""node_params"": {""table_name"": ""santander_customer_transaction_prediction_test"", ""target_column"": ""target""}, ""contrast_level"": 2, ""node_type"": ""io""}, {""node_id"": ""417"", ""algorithm_step_name"": ""XGBoost"", ""node_name"": ""XGBoost分类器"", ""node_params"": {}, ""contrast_level"": 0, ""node_type"": ""model""}, {""node_id"": ""418"", ""algorithm_step_name"": ""Test Dataset Predictions"", ""node_name"": ""预测"", ""node_params"": {""output_probabilities"": true}, ""contrast_level"": 2, ""node_type"": ""predict""}, {""node_id"": ""419"", ""algorithm_step_name"": ""Save Data"", ""node_name"": ""保存预测结果"", ""node_params"": {}, ""contrast_level"": 1, ""node_type"": ""io""}]}"
"This is a medical dataset with over fifty anonymized health characteristics linked to three age-related conditions. Your goal is to predict whether a subject has or has not been diagnosed with one of these conditions. The target column is Class. Perform data analysis, data preprocessing, and modeling to predict the target. save predictions. Train data: icr_identify_age_related_conditions_train, Eval data: icr_identify_age_related_conditions_test",0.0,16211,1292,0,0,0,0,0,"{""edges"": [], ""nodes"": []}","{""dependency_requirements"": [{""edge_id"": ""484"", ""source_node_id"": ""659"", ""target_node_id"": ""661""}, {""edge_id"": ""485"", ""source_node_id"": ""660"", ""target_node_id"": ""662""}, {""edge_id"": ""486"", ""source_node_id"": ""661"", ""target_node_id"": ""663""}, {""edge_id"": ""487"", ""source_node_id"": ""662"", ""target_node_id"": ""664""}, {""edge_id"": ""488"", ""source_node_id"": ""663"", ""target_node_id"": ""664""}, {""edge_id"": ""489"", ""source_node_id"": ""664"", ""target_node_id"": ""665""}], ""step_requirements"": [{""node_id"": ""659"", ""algorithm_step_name"": ""Tabular Dataset Loading"", ""node_name"": ""icr_identify_age_related_conditions_train"", ""node_params"": {""table_name"": ""icr_identify_age_related_conditions_train"", ""target_column"": ""Class""}, ""contrast_level"": 2, ""node_type"": ""io""}, {""node_id"": ""660"", ""algorithm_step_name"": ""Tabular Dataset Loading"", ""node_name"": ""icr_identify_age_related_conditions_test"", ""node_params"": {""table_name"": ""icr_identify_age_related_conditions_test"", ""target_column"": ""Class""}, ""contrast_level"": 2, ""node_type"": ""io""}, {""node_id"": ""661"", ""algorithm_step_name"": ""Missing Value Handling"", ""node_name"": ""训练数据缺失值处理"", ""node_params"": {}, ""contrast_level"": 0, ""node_type"": ""preprocess""}, {""node_id"": ""662"", ""algorithm_step_name"": ""Missing Value Handling"", ""node_name"": ""测试数据缺失值处理"", ""node_params"": {}, ""contrast_level"": 0, ""node_type"": ""preprocess""}, {""node_id"": ""663"", ""algorithm_step_name"": ""XGBoost"", ""node_name"": ""XGBoost分类器"", ""node_params"": {}, ""contrast_level"": 0, ""node_type"": ""model""}, {""node_id"": ""664"", ""algorithm_step_name"": ""Test Dataset Predictions"", ""node_name"": ""预测"", ""node_params"": {""output_probabilities"": true}, ""contrast_level"": 2, ""node_type"": ""predict""}, {""node_id"": ""665"", ""algorithm_step_name"": ""Save Data"", ""node_name"": ""保存预测结果"", ""node_params"": {}, ""contrast_level"": 1, ""node_type"": ""io""}]}"
"This is a customers financial dataset. Your goal is to predict the value of transactions for each potential customer. The target column is target. Perform data analysis and modeling to predict the target. save predictions. Train data: santander_value_prediction_challenge_train, Eval data: santander_value_prediction_challenge_test",0.875,5980,1530,0,0,0,0,0,"{""edges"": [{""edge_id"": ""50612"", ""source_node_id"": ""666"", ""target_node_id"": ""61056""}, {""edge_id"": ""50613"", ""source_node_id"": ""667"", ""target_node_id"": ""61057""}, {""edge_id"": ""50614"", ""source_node_id"": ""61056"", ""target_node_id"": ""61058""}, {""edge_id"": ""50615"", ""source_node_id"": ""61057"", ""target_node_id"": ""61059""}, {""edge_id"": ""50616"", ""source_node_id"": ""61058"", ""target_node_id"": ""668""}, {""edge_id"": ""50617"", ""source_node_id"": ""61059"", ""target_node_id"": ""669""}, {""edge_id"": ""50618"", ""source_node_id"": ""668"", ""target_node_id"": ""669""}], ""nodes"": [{""node_id"": ""666"", ""widget_name"": ""SQL Table"", ""node_name"": ""训练数据"", ""node_params"": {""table_name"": ""santander_value_prediction_challenge_train"", ""target_column"": ""target""}, ""matched"": true}, {""node_id"": ""667"", ""widget_name"": ""SQL Table"", ""node_name"": ""评估数据"", ""node_params"": {""table_name"": ""santander_value_prediction_challenge_test"", ""target_column"": ""target""}, ""matched"": true}, {""node_id"": ""61056"", ""widget_name"": ""Impute"", ""node_name"": ""训练数据缺失值处理"", ""node_params"": {""method"": 1}, ""matched"": false}, {""node_id"": ""61057"", ""widget_name"": ""Impute"", ""node_name"": ""评估数据缺失值处理"", ""node_params"": {""method"": 1}, ""matched"": false}, {""node_id"": ""61058"", ""widget_name"": ""Select Columns"", ""node_name"": ""训练数据特征选择"", ""node_params"": {""ignores"": [], ""features"": [], ""targets"": """"}, ""matched"": false}, {""node_id"": ""61059"", ""widget_name"": ""Select Columns"", ""node_name"": ""评估数据特征选择"", ""node_params"": {""ignores"": [], ""features"": [], ""targets"": """"}, ""matched"": false}, {""node_id"": ""668"", ""widget_name"": ""Linear Regression"", ""node_name"": ""线性回归模型"", ""node_params"": {""regression_type"": ""0""}, ""matched"": true}, {""node_id"": ""669"", ""widget_name"": ""Predictions"", ""node_name"": ""预测"", ""node_params"": {""output_attrs"": true, ""output_predictions"": true, ""output_probabilities"": false}, ""matched"": true}]}","{""dependency_requirements"": [{""edge_id"": ""490"", ""source_node_id"": ""666"", ""target_node_id"": ""668""}, {""edge_id"": ""491"", ""source_node_id"": ""667"", ""target_node_id"": ""669""}, {""edge_id"": ""492"", ""source_node_id"": ""668"", ""target_node_id"": ""669""}, {""edge_id"": ""493"", ""source_node_id"": ""669"", ""target_node_id"": ""670""}], ""step_requirements"": [{""node_id"": ""666"", ""algorithm_step_name"": ""Tabular Dataset Loading"", ""node_name"": ""桑坦德价值预测挑战训练数据"", ""node_params"": {""table_name"": ""santander_value_prediction_challenge_train"", ""target_column"": ""target""}, ""contrast_level"": 2, ""node_type"": ""io""}, {""node_id"": ""667"", ""algorithm_step_name"": ""Tabular Dataset Loading"", ""node_name"": ""桑坦德价值预测挑战测试数据"", ""node_params"": {""table_name"": ""santander_value_prediction_challenge_test"", ""target_column"": ""target""}, ""contrast_level"": 2, ""node_type"": ""io""}, {""node_id"": ""668"", ""algorithm_step_name"": ""XGBoost"", ""node_name"": ""XGBoost回归器"", ""node_params"": {}, ""contrast_level"": 0, ""node_type"": ""model""}, {""node_id"": ""669"", ""algorithm_step_name"": ""Test Dataset Predictions"", ""node_name"": ""预测"", ""node_params"": {""output_probabilities"": false}, ""contrast_level"": 2, ""node_type"": ""predict""}, {""node_id"": ""670"", ""algorithm_step_name"": ""Save Data"", ""node_name"": ""保存预测结果"", ""node_params"": {}, ""contrast_level"": 1, ""node_type"": ""io""}]}"
