instruction,rcr,input_tokens,output_tokens,times,time_task_decomposition,time_widget_retrieval,time_operation_sequence_generation,time_data_retrieval,workflow,requirements,wgf1
我需要你使用银行信用贷款的训练数据，构建一个能够预测客户是否会流失的随机森林模型。然后，用这个模型对测试数据进行预测，并把预测结果保存下来，最后展示预测结果的混淆矩阵,0.9091,21521,2636,134.1130015850067,8.761924266815186,34.47654747962952,64.80837893486023,26.066150903701782,"{""edges"": [{""edge_id"": ""60445"", ""source_node_id"": ""2561"", ""target_node_id"": ""72180""}, {""edge_id"": ""60446"", ""source_node_id"": ""2562"", ""target_node_id"": ""72181""}, {""edge_id"": ""60447"", ""source_node_id"": ""72180"", ""target_node_id"": ""2565""}, {""edge_id"": ""60448"", ""source_node_id"": ""72181"", ""target_node_id"": ""2567""}, {""edge_id"": ""60449"", ""source_node_id"": ""2565"", ""target_node_id"": ""2567""}, {""edge_id"": ""60450"", ""source_node_id"": ""2567"", ""target_node_id"": ""2568""}, {""edge_id"": ""60451"", ""source_node_id"": ""2567"", ""target_node_id"": ""2569""}], ""nodes"": [{""node_id"": ""2561"", ""widget_name"": ""SQL Table"", ""node_name"": ""银行信用贷款训练数据"", ""node_params"": {""table_name"": ""bank_customer_churn_train"", ""target_column"": ""Exited""}, ""matched"": true}, {""node_id"": ""2562"", ""widget_name"": ""SQL Table"", ""node_name"": ""银行信用贷款测试数据"", ""node_params"": {""table_name"": ""bank_customer_churn_test"", ""target_column"": ""Exited""}, ""matched"": true}, {""node_id"": ""72180"", ""widget_name"": ""One Hot Encoder"", ""node_name"": ""训练数据独热编码"", ""node_params"": {""encode_vars"": [""Geography"", ""Gender""]}, ""matched"": false}, {""node_id"": ""72181"", ""widget_name"": ""One Hot Encoder"", ""node_name"": ""测试数据独热编码"", ""node_params"": {""encode_vars"": [""Geography"", ""Gender""]}, ""matched"": false}, {""node_id"": ""2565"", ""widget_name"": ""Random Forest"", ""node_name"": ""随机森林模型"", ""node_params"": {""n_estimators"": 10, ""use_max_features"": false, ""max_features"": ""auto"", ""use_random_state"": false, ""use_max_depth"": false, ""max_depth"": 3, ""use_min_samples_split"": true, ""min_samples_split"": 2}, ""matched"": true}, {""node_id"": ""2567"", ""widget_name"": ""Predictions"", ""node_name"": ""预测"", ""node_params"": {""output_attrs"": true, ""output_predictions"": true, ""output_probabilities"": true}, ""matched"": true}, {""node_id"": ""2568"", ""widget_name"": ""Save Data"", ""node_name"": ""保存预测结果"", ""node_params"": {}, ""matched"": true}, {""node_id"": ""2569"", ""widget_name"": ""Confusion Matrix"", ""node_name"": ""混淆矩阵"", ""node_params"": {}, ""matched"": true}]}","{""dependency_requirements"": [{""edge_id"": ""2111"", ""source_node_id"": ""2561"", ""target_node_id"": ""2565""}, {""edge_id"": ""2112"", ""source_node_id"": ""2562"", ""target_node_id"": ""2567""}, {""edge_id"": ""2113"", ""source_node_id"": ""2565"", ""target_node_id"": ""2567""}, {""edge_id"": ""2114"", ""source_node_id"": ""2567"", ""target_node_id"": ""2568""}, {""edge_id"": ""2116"", ""source_node_id"": ""2568"", ""target_node_id"": ""2569""}], ""step_requirements"": [{""node_id"": ""2561"", ""algorithm_step_name"": ""Tabular Dataset Loading"", ""node_name"": ""银行信用贷款训练数据"", ""node_params"": {""table_name"": ""bank_customer_churn_train"", ""target_column"": ""Exited""}, ""contrast_level"": 2, ""node_type"": ""io""}, {""node_id"": ""2562"", ""algorithm_step_name"": ""Tabular Dataset Loading"", ""node_name"": ""银行信用贷款测试数据"", ""node_params"": {""table_name"": ""bank_customer_churn_test"", ""target_column"": ""Exited""}, ""contrast_level"": 2, ""node_type"": ""io""}, {""node_id"": ""2565"", ""algorithm_step_name"": ""Random Forest"", ""node_name"": ""随机森林模型"", ""node_params"": {}, ""contrast_level"": 1, ""node_type"": ""model""}, {""node_id"": ""2567"", ""algorithm_step_name"": ""Test Dataset Predictions"", ""node_name"": ""预测结果"", ""node_params"": {""output_attrs"": true, ""output_predictions"": true, ""output_probabilities"": true}, ""contrast_level"": 2, ""node_type"": ""predict""}, {""node_id"": ""2568"", ""algorithm_step_name"": ""Save Data"", ""node_name"": ""保存预测结果"", ""node_params"": {}, ""contrast_level"": 1, ""node_type"": ""io""}, {""node_id"": ""2569"", ""algorithm_step_name"": ""Confusion Matrix"", ""node_name"": ""混淆矩阵"", ""node_params"": {}, ""contrast_level"": 1, ""node_type"": ""visualize""}]}",0.7143
请你使用生物信号训练数据集来预测个体是否为吸烟者，你的最终目标是建立一个能够准确判断个体吸烟状态的XGboost模型，学习率使用0.1，学习器使用DART模型。,1.0,9839,1492,79.77872562408447,6.017095327377319,19.86258220672608,34.86750340461731,19.03154468536377,"{""edges"": [{""edge_id"": ""60452"", ""source_node_id"": ""2570"", ""target_node_id"": ""2572""}], ""nodes"": [{""node_id"": ""2570"", ""widget_name"": ""SQL Table"", ""node_name"": ""生物信号训练数据"", ""node_params"": {""table_name"": ""smoker_status_bio_signals_train"", ""target_column"": ""smoking""}, ""matched"": true}, {""node_id"": ""2572"", ""widget_name"": ""XGBoost"", ""node_name"": ""XGBoost模型"", ""node_params"": {""booster"": ""dart"", ""learning_rate"": 0.1, ""gamma"": 0, ""max_depth"": 6, ""min_child_widget"": 1, ""max_delta_step"": 0, ""subsample"": 1, ""sampling_method"": ""uniform"", ""lambda"": 1, ""alpha"": 0, ""tree_method"": ""auto"", ""scale_pos_weight"": 1, ""updater"": ""grow_colmaker"", ""process_type"": ""default"", ""grow_policy"": ""depthwise""}, ""matched"": true}]}","{""dependency_requirements"": [{""edge_id"": ""2117"", ""source_node_id"": ""2570"", ""target_node_id"": ""2572""}], ""step_requirements"": [{""node_id"": ""2570"", ""algorithm_step_name"": ""Tabular Dataset Loading"", ""node_name"": ""生物信号训练数据"", ""node_params"": {""table_name"": ""smoker_status_bio_signals_train"", ""target_column"": ""smoking""}, ""contrast_level"": 2, ""node_type"": ""io""}, {""node_id"": ""2572"", ""algorithm_step_name"": ""XGBoost"", ""node_name"": ""XGBoost模型"", ""node_params"": {""booster"": ""dart"", ""learning_rate"": 0.1, ""gamma"": 0, ""max_depth"": 6, ""min_child_widget"": 1, ""max_delta_step"": 0, ""subsample"": 1, ""sampling_method"": ""uniform"", ""lambda"": 1, ""alpha"": 0, ""tree_method"": ""auto"", ""scale_pos_weight"": 1, ""updater"": ""grow_colmaker"", ""process_type"": ""default"", ""grow_policy"": ""depthwise""}, ""contrast_level"": 2, ""node_type"": ""model""}]}",1.0
你需要使用人类的肾结石相关指标数据，开发一个机器学习模型预测一个人是否患有肾结石。我需要你在模型训练之前，加一步数据划分的数据处理，最后还要用划分后的验证集对模型进行评估。,1.0,13643,1726,79.3341772556305,7.473879814147949,33.32188558578491,28.914751052856445,9.623660802841188,"{""edges"": [{""edge_id"": ""60453"", ""source_node_id"": ""2577"", ""target_node_id"": ""2578""}, {""edge_id"": ""60454"", ""source_node_id"": ""2578"", ""target_node_id"": ""2579""}, {""edge_id"": ""60455"", ""source_node_id"": ""2578"", ""target_node_id"": ""2580""}, {""edge_id"": ""60457"", ""source_node_id"": ""2579"", ""target_node_id"": ""2580""}], ""nodes"": [{""node_id"": ""2577"", ""widget_name"": ""SQL Table"", ""node_name"": ""肾结石相关指标训练数据"", ""node_params"": {""table_name"": ""kidney_stone_train"", ""target_column"": ""target""}, ""matched"": true}, {""node_id"": ""2578"", ""widget_name"": ""Data Sampler"", ""node_name"": ""数据划分"", ""node_params"": {""sampling_type"": 0, ""percentage"": 10, ""n_samples"": 15, ""replacement"": false, ""n_folds"": 10, ""selected_folds"": 1, ""replicable"": false, ""stratified"": false}, ""matched"": true}, {""node_id"": ""2579"", ""widget_name"": ""Random Forest"", ""node_name"": ""随机森林模型"", ""node_params"": {""n_estimators"": 10, ""use_max_features"": false, ""max_features"": ""auto"", ""use_random_state"": false, ""use_max_depth"": false, ""max_depth"": 3, ""use_min_samples_split"": true, ""min_samples_split"": 2}, ""matched"": true}, {""node_id"": ""2580"", ""widget_name"": ""Test & Score"", ""node_name"": ""模型评估"", ""node_params"": {}, ""matched"": true}]}","{""dependency_requirements"": [{""edge_id"": ""2119"", ""source_node_id"": ""2577"", ""target_node_id"": ""2578""}, {""edge_id"": ""2120"", ""source_node_id"": ""2578"", ""target_node_id"": ""2579""}, {""edge_id"": ""2121"", ""source_node_id"": ""2578"", ""target_node_id"": ""2580""}, {""edge_id"": ""2123"", ""source_node_id"": ""2579"", ""target_node_id"": ""2580""}], ""step_requirements"": [{""node_id"": ""2577"", ""algorithm_step_name"": ""Tabular Dataset Loading"", ""node_name"": ""肾结石指标训练数据"", ""node_params"": {""table_name"": ""kidney_stone_train"", ""target_column"": ""target""}, ""contrast_level"": 2, ""node_type"": ""io""}, {""node_id"": ""2578"", ""algorithm_step_name"": ""Dataset Division"", ""node_name"": ""数据划分"", ""node_params"": {}, ""contrast_level"": 1, ""node_type"": ""preprocess""}, {""node_id"": ""2579"", ""algorithm_step_name"": ""LightGBM"", ""node_name"": ""LightGBM分类器"", ""node_params"": {}, ""contrast_level"": 0, ""node_type"": ""model""}, {""node_id"": ""2580"", ""algorithm_step_name"": ""Model Evaluate"", ""node_name"": ""模型评估"", ""node_params"": {}, ""contrast_level"": 2, ""node_type"": ""evaluate""}]}",1.0
你的目标是帮助我的酒店更好地预判客户是否会取消预订。你首先要加载酒店预定的训练数据和测试数据，用训练数据训练一个LightGBM模型，然后用LightGBM模型对酒店预定的测试数据进行预测，最后将预测结果保存。,1.0,16774,2565,135.63175201416016,7.854652643203735,29.17767763137817,65.16006135940552,33.43936038017273,"{""edges"": [{""edge_id"": ""60458"", ""source_node_id"": ""2582"", ""target_node_id"": ""2586""}, {""edge_id"": ""60459"", ""source_node_id"": ""2583"", ""target_node_id"": ""2587""}, {""edge_id"": ""60460"", ""source_node_id"": ""2586"", ""target_node_id"": ""2587""}, {""edge_id"": ""60461"", ""source_node_id"": ""2587"", ""target_node_id"": ""2588""}], ""nodes"": [{""node_id"": ""2582"", ""widget_name"": ""SQL Table"", ""node_name"": ""酒店预定训练数据"", ""node_params"": {""table_name"": ""reservation_cancellation_train"", ""target_column"": ""booking_status""}, ""matched"": true}, {""node_id"": ""2583"", ""widget_name"": ""SQL Table"", ""node_name"": ""酒店预定测试数据"", ""node_params"": {""table_name"": ""reservation_cancellation_test"", ""target_column"": ""booking_status""}, ""matched"": true}, {""node_id"": ""2586"", ""widget_name"": ""LightGBM"", ""node_name"": ""LightGBM模型"", ""node_params"": {""boosting_type"": ""gbdt"", ""n_estimators"": 10, ""learning_rate"": 0.1, ""sampling_rate"": 0.1, ""max_depth_check"": false, ""max_depth"": 3, ""num_leaves_check"": false, ""num_leaves"": 31}, ""matched"": true}, {""node_id"": ""2587"", ""widget_name"": ""Predictions"", ""node_name"": ""预测"", ""node_params"": {""output_attrs"": true, ""output_predictions"": true, ""output_probabilities"": true}, ""matched"": true}, {""node_id"": ""2588"", ""widget_name"": ""Save Data"", ""node_name"": ""保存预测结果"", ""node_params"": {}, ""matched"": true}]}","{""dependency_requirements"": [{""edge_id"": ""2129"", ""source_node_id"": ""2586"", ""target_node_id"": ""2587""}, {""edge_id"": ""2130"", ""source_node_id"": ""2587"", ""target_node_id"": ""2588""}, {""edge_id"": ""2131"", ""source_node_id"": ""2583"", ""target_node_id"": ""2589""}, {""edge_id"": ""2133"", ""source_node_id"": ""2582"", ""target_node_id"": ""2586""}], ""step_requirements"": [{""node_id"": ""2582"", ""algorithm_step_name"": ""Tabular Dataset Loading"", ""node_name"": ""酒店预定训练数据"", ""node_params"": {""table_name"": ""reservation_cancellation_train"", ""target_column"": ""booking_status""}, ""contrast_level"": 2, ""node_type"": ""io""}, {""node_id"": ""2583"", ""algorithm_step_name"": ""Tabular Dataset Loading"", ""node_name"": ""酒店预定测试数据"", ""node_params"": {""table_name"": ""reservation_cancellation_test"", ""target_column"": ""booking_status""}, ""contrast_level"": 2, ""node_type"": ""io""}, {""node_id"": ""2586"", ""algorithm_step_name"": ""LightGBM"", ""node_name"": ""LightGBM模型"", ""node_params"": {}, ""contrast_level"": 1, ""node_type"": ""model""}, {""node_id"": ""2587"", ""algorithm_step_name"": ""Test Dataset Predictions"", ""node_name"": ""预测"", ""node_params"": {""output_attrs"": true, ""output_predictions"": true, ""output_probabilities"": true}, ""contrast_level"": 2, ""node_type"": ""predict""}, {""node_id"": ""2588"", ""algorithm_step_name"": ""Save Data"", ""node_name"": ""保存预测结果"", ""node_params"": {}, ""contrast_level"": 2, ""node_type"": ""io""}]}",0.8
你的目标是通过与肥胖相关的各种因素，如饮食、生活方式等数据，训练一个模型来预测个体的肥胖风险等级。特征工程处理时，我需要你进行特征构建和特征选择。,1.0,11581,1556,77.71623492240906,5.26132345199585,21.702311754226685,35.546170234680176,15.206429481506348,"{""edges"": [{""edge_id"": ""60462"", ""source_node_id"": ""2594"", ""target_node_id"": ""2597""}, {""edge_id"": ""60463"", ""source_node_id"": ""2597"", ""target_node_id"": ""2598""}, {""edge_id"": ""60464"", ""source_node_id"": ""2598"", ""target_node_id"": ""2599""}], ""nodes"": [{""node_id"": ""2594"", ""widget_name"": ""SQL Table"", ""node_name"": ""肥胖相关训练数据"", ""node_params"": {""table_name"": ""obesity_cvd_risk_train"", ""target_column"": ""NObeyesdad""}, ""matched"": true}, {""node_id"": ""2597"", ""widget_name"": ""Feature Constructor"", ""node_name"": ""特征构建"", ""node_params"": {""expressions"": [{""key"": 0, ""name"": ""BMI"", ""expression"": ""Weight / (Height ** 2)"", ""type"": ""2"", ""image"": ""N"", ""categories"": ""A, B""}]}, ""matched"": true}, {""node_id"": ""2598"", ""widget_name"": ""Select Best N Attributes"", ""node_name"": ""特征选择"", ""node_params"": {""n"": 5}, ""matched"": true}, {""node_id"": ""2599"", ""widget_name"": ""Random Forest"", ""node_name"": ""随机森林分类器"", ""node_params"": {""n_estimators"": 10, ""use_max_features"": false, ""max_features"": ""auto"", ""use_random_state"": false, ""use_max_depth"": false, ""max_depth"": 3, ""use_min_samples_split"": true, ""min_samples_split"": 2}, ""matched"": true}]}","{""dependency_requirements"": [{""edge_id"": ""2139"", ""source_node_id"": ""2594"", ""target_node_id"": ""2597""}, {""edge_id"": ""2140"", ""source_node_id"": ""2597"", ""target_node_id"": ""2598""}, {""edge_id"": ""2141"", ""source_node_id"": ""2598"", ""target_node_id"": ""2599""}], ""step_requirements"": [{""node_id"": ""2594"", ""algorithm_step_name"": ""Tabular Dataset Loading"", ""node_name"": ""肥胖风险训练数据"", ""node_params"": {""table_name"": ""obesity_cvd_risk_train"", ""target_column"": ""NObeyesdad""}, ""contrast_level"": 2, ""node_type"": ""io""}, {""node_id"": ""2597"", ""algorithm_step_name"": ""Feature Construction"", ""node_name"": ""特征构建处理"", ""node_params"": {}, ""contrast_level"": 1, ""node_type"": ""feature engineering""}, {""node_id"": ""2598"", ""algorithm_step_name"": ""Feature Selection"", ""node_name"": ""自动特征选择处理"", ""node_params"": {}, ""contrast_level"": 1, ""node_type"": ""feature engineering""}, {""node_id"": ""2599"", ""algorithm_step_name"": ""XGBoost"", ""node_name"": ""XGBoost分类器"", ""node_params"": {}, ""contrast_level"": 0, ""node_type"": ""model""}]}",1.0
你的目标是构建一个机器学习模型，用于预测肝硬化患者的生存状态。我需要你在处理完数据集之后将数据集划分为训练集和验证集，以便最后用划分的训练数据对模型进行训练，用验证数据对模型进行评估。,0.8,24532,3145,149.5474979877472,7.370147943496704,30.0395450592041,79.771240234375,32.36656475067139,"{""edges"": [{""edge_id"": ""60465"", ""source_node_id"": ""2607"", ""target_node_id"": ""72202""}, {""edge_id"": ""60466"", ""source_node_id"": ""72202"", ""target_node_id"": ""2611""}, {""edge_id"": ""60467"", ""source_node_id"": ""2607"", ""target_node_id"": ""2612""}, {""edge_id"": ""60468"", ""source_node_id"": ""2611"", ""target_node_id"": ""2612""}], ""nodes"": [{""node_id"": ""2607"", ""widget_name"": ""SQL Table"", ""node_name"": ""肝硬化患者数据集"", ""node_params"": {""table_name"": ""cirrhosis_patient_train"", ""target_column"": ""Status""}, ""matched"": true}, {""node_id"": ""72202"", ""widget_name"": ""One Hot Encoder"", ""node_name"": ""独热编码处理"", ""node_params"": {""encode_vars"": [""Drug"", ""Sex"", ""Ascites"", ""Hepatomegaly"", ""Spiders"", ""Edema"", ""Stage""]}, ""matched"": false}, {""node_id"": ""2611"", ""widget_name"": ""Random Forest"", ""node_name"": ""随机森林分类器"", ""node_params"": {""n_estimators"": 10, ""use_max_features"": false, ""max_features"": ""auto"", ""use_random_state"": false, ""use_max_depth"": false, ""max_depth"": 3, ""use_min_samples_split"": true, ""min_samples_split"": 2}, ""matched"": true}, {""node_id"": ""2612"", ""widget_name"": ""Test & Score"", ""node_name"": ""模型评估"", ""node_params"": {}, ""matched"": true}]}","{""dependency_requirements"": [{""edge_id"": ""2148"", ""source_node_id"": ""2607"", ""target_node_id"": ""2610""}, {""edge_id"": ""2152"", ""source_node_id"": ""2610"", ""target_node_id"": ""2611""}, {""edge_id"": ""2152"", ""source_node_id"": ""2610"", ""target_node_id"": ""2612""}, {""edge_id"": ""2154"", ""source_node_id"": ""2611"", ""target_node_id"": ""2612""}], ""step_requirements"": [{""node_id"": ""2607"", ""algorithm_step_name"": ""Tabular Dataset Loading"", ""node_name"": ""肝硬化患者生存状态训练数据"", ""node_params"": {""table_name"": ""cirrhosis_patient_train"", ""target_column"": ""Status""}, ""contrast_level"": 2, ""node_type"": ""io""}, {""node_id"": ""2610"", ""algorithm_step_name"": ""Dataset Division"", ""node_name"": ""数据划分"", ""node_params"": {}, ""contrast_level"": 1, ""node_type"": ""preprocess""}, {""node_id"": ""2611"", ""algorithm_step_name"": ""XGBoost"", ""node_name"": ""XGBoost分类器"", ""node_params"": {}, ""contrast_level"": 0, ""node_type"": ""model""}, {""node_id"": ""2612"", ""algorithm_step_name"": ""Model Evaluate"", ""node_name"": ""评估"", ""node_params"": {}, ""contrast_level"": 2, ""node_type"": ""evaluate""}]}",0.75
根据马匹健康状况的各项指标检测数据，预测马匹的健康状况。我需要你使用训练数据集训练模型，然后用模型预测测试数据，最后将预测结果保存。,1.0,26857,3046,139.3535976409912,10.553765058517456,43.32242012023926,64.66133618354797,20.816076278686523,"{""edges"": [{""edge_id"": ""60469"", ""source_node_id"": ""2635"", ""target_node_id"": ""72206""}, {""edge_id"": ""60470"", ""source_node_id"": ""72206"", ""target_node_id"": ""72207""}, {""edge_id"": ""60471"", ""source_node_id"": ""72207"", ""target_node_id"": ""2642""}, {""edge_id"": ""60472"", ""source_node_id"": ""2636"", ""target_node_id"": ""72210""}, {""edge_id"": ""60473"", ""source_node_id"": ""72210"", ""target_node_id"": ""72211""}, {""edge_id"": ""60474"", ""source_node_id"": ""72211"", ""target_node_id"": ""2643""}, {""edge_id"": ""60475"", ""source_node_id"": ""2642"", ""target_node_id"": ""2643""}, {""edge_id"": ""60476"", ""source_node_id"": ""2643"", ""target_node_id"": ""2644""}], ""nodes"": [{""node_id"": ""2635"", ""widget_name"": ""SQL Table"", ""node_name"": ""马匹健康状况训练数据"", ""node_params"": {""table_name"": ""horse_health_outcomes_train"", ""target_column"": ""outcome""}, ""matched"": true}, {""node_id"": ""72206"", ""widget_name"": ""Impute"", ""node_name"": ""缺失值处理"", ""node_params"": {""method"": 1}, ""matched"": false}, {""node_id"": ""72207"", ""widget_name"": ""One Hot Encoder"", ""node_name"": ""独热编码处理"", ""node_params"": {""encode_vars"": [""surgery"", ""peripheral_pulse"", ""mucous_membrane"", ""capillary_refill_time""]}, ""matched"": false}, {""node_id"": ""2642"", ""widget_name"": ""Random Forest"", ""node_name"": ""随机森林分类器"", ""node_params"": {""n_estimators"": 10, ""use_max_features"": false, ""max_features"": ""auto"", ""use_random_state"": false, ""use_max_depth"": false, ""max_depth"": 3, ""use_min_samples_split"": true, ""min_samples_split"": 2}, ""matched"": true}, {""node_id"": ""2636"", ""widget_name"": ""SQL Table"", ""node_name"": ""马匹健康状况测试数据"", ""node_params"": {""table_name"": ""horse_health_outcomes_test"", ""target_column"": ""outcome""}, ""matched"": true}, {""node_id"": ""72210"", ""widget_name"": ""Impute"", ""node_name"": ""测试数据缺失值处理"", ""node_params"": {""method"": 1}, ""matched"": false}, {""node_id"": ""72211"", ""widget_name"": ""One Hot Encoder"", ""node_name"": ""测试数据独热编码"", ""node_params"": {""encode_vars"": [""surgery"", ""peripheral_pulse"", ""mucous_membrane"", ""capillary_refill_time""]}, ""matched"": false}, {""node_id"": ""2643"", ""widget_name"": ""Predictions"", ""node_name"": ""预测"", ""node_params"": {""output_attrs"": true, ""output_predictions"": true, ""output_probabilities"": true}, ""matched"": true}, {""node_id"": ""2644"", ""widget_name"": ""Save Data"", ""node_name"": ""保存预测结果"", ""node_params"": {}, ""matched"": true}]}","{""dependency_requirements"": [{""edge_id"": ""2178"", ""source_node_id"": ""2635"", ""target_node_id"": ""2642""}, {""edge_id"": ""2179"", ""source_node_id"": ""2636"", ""target_node_id"": ""2643""}, {""edge_id"": ""2185"", ""source_node_id"": ""2642"", ""target_node_id"": ""2643""}, {""edge_id"": ""2186"", ""source_node_id"": ""2643"", ""target_node_id"": ""2644""}], ""step_requirements"": [{""node_id"": ""2635"", ""algorithm_step_name"": ""Tabular Dataset Loading"", ""node_name"": ""马匹健康状况训练数据"", ""node_params"": {""table_name"": ""horse_health_outcomes_train"", ""target_column"": ""outcome""}, ""contrast_level"": 2, ""node_type"": ""io""}, {""node_id"": ""2636"", ""algorithm_step_name"": ""Tabular Dataset Loading"", ""node_name"": ""马匹健康状况测试数据"", ""node_params"": {""table_name"": ""horse_health_outcomes_test"", ""target_column"": ""outcome""}, ""contrast_level"": 2, ""node_type"": ""io""}, {""node_id"": ""2642"", ""algorithm_step_name"": ""Decision Tree Model"", ""node_name"": ""健康状态预测模型"", ""node_params"": {}, ""contrast_level"": 0, ""node_type"": ""model""}, {""node_id"": ""2643"", ""algorithm_step_name"": ""Test Dataset Predictions"", ""node_name"": ""健康状况预测"", ""node_params"": {""output_attrs"": true, ""output_predictions"": true, ""output_probabilities"": true}, ""contrast_level"": 2, ""node_type"": ""predict""}, {""node_id"": ""2644"", ""algorithm_step_name"": ""Save Data"", ""node_name"": ""保存预测结果到文件"", ""node_params"": {}, ""contrast_level"": 1, ""node_type"": ""io""}]}",0.7143
我需要你使用怪物的相关指标数据，构建一个能够区分怪物类型的机器学习模型。然后，用这个模型对测试数据进行预测，最后把预测结果保存下来。,1.0,17206,2003,104.18304681777954,7.850237131118774,27.28681778907776,52.71229553222656,16.333696365356445,"{""edges"": [{""edge_id"": ""60477"", ""source_node_id"": ""2685"", ""target_node_id"": ""72216""}, {""edge_id"": ""60478"", ""source_node_id"": ""2686"", ""target_node_id"": ""72217""}, {""edge_id"": ""60479"", ""source_node_id"": ""72216"", ""target_node_id"": ""2690""}, {""edge_id"": ""60480"", ""source_node_id"": ""72217"", ""target_node_id"": ""2691""}, {""edge_id"": ""60481"", ""source_node_id"": ""2690"", ""target_node_id"": ""2691""}, {""edge_id"": ""60482"", ""source_node_id"": ""2691"", ""target_node_id"": ""2692""}], ""nodes"": [{""node_id"": ""2685"", ""widget_name"": ""SQL Table"", ""node_name"": ""怪物训练数据"", ""node_params"": {""table_name"": ""monster_train"", ""target_column"": ""type""}, ""matched"": true}, {""node_id"": ""2686"", ""widget_name"": ""SQL Table"", ""node_name"": ""怪物测试数据"", ""node_params"": {""table_name"": ""monster_test"", ""target_column"": ""type""}, ""matched"": true}, {""node_id"": ""72216"", ""widget_name"": ""One Hot Encoder"", ""node_name"": ""训练数据独热编码"", ""node_params"": {""encode_vars"": [""color""]}, ""matched"": false}, {""node_id"": ""72217"", ""widget_name"": ""One Hot Encoder"", ""node_name"": ""测试数据独热编码"", ""node_params"": {""encode_vars"": [""color""]}, ""matched"": false}, {""node_id"": ""2690"", ""widget_name"": ""Logistic Regression"", ""node_name"": ""逻辑回归模型"", ""node_params"": {""C"": 1, ""penalty"": ""l2""}, ""matched"": true}, {""node_id"": ""2691"", ""widget_name"": ""Predictions"", ""node_name"": ""预测"", ""node_params"": {""output_attrs"": true, ""output_predictions"": true, ""output_probabilities"": true}, ""matched"": true}, {""node_id"": ""2692"", ""widget_name"": ""Save Data"", ""node_name"": ""保存预测结果"", ""node_params"": {}, ""matched"": true}]}","{""dependency_requirements"": [{""edge_id"": ""2210"", ""source_node_id"": ""2685"", ""target_node_id"": ""2690""}, {""edge_id"": ""2211"", ""source_node_id"": ""2686"", ""target_node_id"": ""2691""}, {""edge_id"": ""2212"", ""source_node_id"": ""2690"", ""target_node_id"": ""2691""}, {""edge_id"": ""2214"", ""source_node_id"": ""2691"", ""target_node_id"": ""2692""}], ""step_requirements"": [{""node_id"": ""2685"", ""algorithm_step_name"": ""Tabular Dataset Loading"", ""node_name"": ""怪物类型训练数据"", ""node_params"": {""table_name"": ""monster_train"", ""target_column"": ""type""}, ""contrast_level"": 2, ""node_type"": ""io""}, {""node_id"": ""2686"", ""algorithm_step_name"": ""Tabular Dataset Loading"", ""node_name"": ""怪物类型测试数据"", ""node_params"": {""table_name"": ""monster_test"", ""target_column"": ""type""}, ""contrast_level"": 2, ""node_type"": ""io""}, {""node_id"": ""2690"", ""algorithm_step_name"": ""Decision Tree Model"", ""node_name"": ""怪物类型决策树模型"", ""node_params"": {}, ""contrast_level"": 0, ""node_type"": ""model""}, {""node_id"": ""2691"", ""algorithm_step_name"": ""Test Dataset Predictions"", ""node_name"": ""预测"", ""node_params"": {""output_attrs"": true, ""output_predictions"": true, ""output_probabilities"": true}, ""contrast_level"": 2, ""node_type"": ""predict""}, {""node_id"": ""2692"", ""algorithm_step_name"": ""Save Data"", ""node_name"": ""保存预测结果"", ""node_params"": {}, ""contrast_level"": 2, ""node_type"": ""io""}]}",0.8333
你的目标是根据旧金山所有社区近12年的犯罪训练数据和测试数据，首先使用训练数据训练一个模型，该模型能够预测犯罪类别。然后，用这个模型对测试数据集进行预测，最后把预测结果保存下来。,0.7778,15884,1590,90.4690752029419,6.636563539505005,20.50068497657776,47.64182758331299,15.689999103546144,"{""edges"": [{""edge_id"": ""60483"", ""source_node_id"": ""2694"", ""target_node_id"": ""2698""}, {""edge_id"": ""60484"", ""source_node_id"": ""2698"", ""target_node_id"": ""2699""}], ""nodes"": [{""node_id"": ""2693"", ""widget_name"": ""SQL Table"", ""node_name"": ""旧金山犯罪训练数据"", ""node_params"": {""table_name"": ""crime_category_train"", ""target_column"": ""category""}, ""matched"": true}, {""node_id"": ""2700"", ""widget_name"": ""Text Classification"", ""node_name"": ""文本分类模型"", ""node_params"": {""frame"": ""pytorch"", ""select_model"": ""BERT"", ""epoch"": 3, ""learning_rate"": 0.01, ""batch_size"": 4}, ""matched"": true}, {""node_id"": ""2694"", ""widget_name"": ""SQL Table"", ""node_name"": ""旧金山犯罪测试数据"", ""node_params"": {""table_name"": ""crime_category_test"", ""target_column"": ""category""}, ""matched"": true}, {""node_id"": ""2698"", ""widget_name"": ""Predictions"", ""node_name"": ""预测"", ""node_params"": {""output_attrs"": true, ""output_predictions"": true, ""output_probabilities"": true}, ""matched"": true}, {""node_id"": ""2699"", ""widget_name"": ""Save Data"", ""node_name"": ""保存预测结果"", ""node_params"": {}, ""matched"": true}]}","{""dependency_requirements"": [{""edge_id"": ""2216"", ""source_node_id"": ""2693"", ""target_node_id"": ""2700""}, {""edge_id"": ""2217"", ""source_node_id"": ""2694"", ""target_node_id"": ""2698""}, {""edge_id"": ""2219"", ""source_node_id"": ""2700"", ""target_node_id"": ""2698""}, {""edge_id"": ""2221"", ""source_node_id"": ""2698"", ""target_node_id"": ""2699""}], ""step_requirements"": [{""node_id"": ""2693"", ""algorithm_step_name"": ""Tabular Dataset Loading"", ""node_name"": ""旧金山社区犯罪报告训练数据"", ""node_params"": {""table_name"": ""crime_category_train"", ""target_column"": ""category""}, ""contrast_level"": 2, ""node_type"": ""io""}, {""node_id"": ""2694"", ""algorithm_step_name"": ""Tabular Dataset Loading"", ""node_name"": ""旧金山社区犯罪报告测试数据"", ""node_params"": {""table_name"": ""crime_category_test"", ""target_column"": ""category""}, ""contrast_level"": 2, ""node_type"": ""io""}, {""node_id"": ""2700"", ""algorithm_step_name"": ""XGBoost"", ""node_name"": ""XGBoost"", ""node_params"": {}, ""contrast_level"": 0, ""node_type"": ""model""}, {""node_id"": ""2698"", ""algorithm_step_name"": ""Test Dataset Predictions"", ""node_name"": ""犯罪类别预测"", ""node_params"": {""output_attrs"": true, ""output_predictions"": true, ""output_probabilities"": true}, ""contrast_level"": 2, ""node_type"": ""predict""}, {""node_id"": ""2699"", ""algorithm_step_name"": ""Save Data"", ""node_name"": ""保存犯罪类别预测结果"", ""node_params"": {}, ""contrast_level"": 2, ""node_type"": ""io""}]}",0.6
请你构建一个模型，用于根据鲍鱼的各种物理测量数据来预测它的年龄。进行独热编码之后对数据集进行划分，最后用划分的数据对训练好的模型进行评估。,0.9,16214,1828,83.45132899284363,7.014181852340698,30.094069480896,35.81917762756348,10.523900032043455,"{""edges"": [{""edge_id"": ""60485"", ""source_node_id"": ""2747"", ""target_node_id"": ""2748""}, {""edge_id"": ""60486"", ""source_node_id"": ""2747"", ""target_node_id"": ""2749""}, {""edge_id"": ""60487"", ""source_node_id"": ""2749"", ""target_node_id"": ""2750""}, {""edge_id"": ""60488"", ""source_node_id"": ""2748"", ""target_node_id"": ""2751""}, {""edge_id"": ""60489"", ""source_node_id"": ""2749"", ""target_node_id"": ""2751""}, {""edge_id"": ""60490"", ""source_node_id"": ""2750"", ""target_node_id"": ""2751""}], ""nodes"": [{""node_id"": ""2747"", ""widget_name"": ""SQL Table"", ""node_name"": ""鲍鱼训练数据"", ""node_params"": {""table_name"": ""abalone_train"", ""target_column"": ""rings""}, ""matched"": true}, {""node_id"": ""2748"", ""widget_name"": ""One Hot Encoder"", ""node_name"": ""独热编码处理"", ""node_params"": {""encode_vars"": [""sex""]}, ""matched"": true}, {""node_id"": ""2749"", ""widget_name"": ""Data Sampler"", ""node_name"": ""数据划分"", ""node_params"": {""sampling_type"": 0, ""percentage"": 20, ""n_samples"": 15, ""replacement"": false, ""n_folds"": 10, ""selected_folds"": 1, ""replicable"": false, ""stratified"": false}, ""matched"": true}, {""node_id"": ""2750"", ""widget_name"": ""Random Forest"", ""node_name"": ""随机森林回归器"", ""node_params"": {""n_estimators"": 10, ""use_max_features"": false, ""max_features"": ""auto"", ""use_random_state"": false, ""use_max_depth"": false, ""max_depth"": 3, ""use_min_samples_split"": true, ""min_samples_split"": 2}, ""matched"": true}, {""node_id"": ""2751"", ""widget_name"": ""Test & Score"", ""node_name"": ""模型评估"", ""node_params"": {}, ""matched"": true}]}","{""dependency_requirements"": [{""edge_id"": ""2266"", ""source_node_id"": ""2747"", ""target_node_id"": ""2748""}, {""edge_id"": ""2267"", ""source_node_id"": ""2748"", ""target_node_id"": ""2749""}, {""edge_id"": ""2268"", ""source_node_id"": ""2749"", ""target_node_id"": ""2750""}, {""edge_id"": ""2269"", ""source_node_id"": ""2749"", ""target_node_id"": ""2751""}, {""edge_id"": ""2271"", ""source_node_id"": ""2750"", ""target_node_id"": ""2751""}], ""step_requirements"": [{""node_id"": ""2747"", ""algorithm_step_name"": ""Tabular Dataset Loading"", ""node_name"": ""鲍鱼物理测量训练数据"", ""node_params"": {""table_name"": ""abalone_train"", ""target_column"": ""rings""}, ""contrast_level"": 2, ""node_type"": ""io""}, {""node_id"": ""2748"", ""algorithm_step_name"": ""One Hot Encoding"", ""node_name"": ""独热编码处理"", ""node_params"": {}, ""contrast_level"": 1, ""node_type"": ""feature engineering""}, {""node_id"": ""2749"", ""algorithm_step_name"": ""Dataset Division"", ""node_name"": ""数据划分"", ""node_params"": {}, ""contrast_level"": 1, ""node_type"": ""preprocess""}, {""node_id"": ""2750"", ""algorithm_step_name"": ""XGBoost"", ""node_name"": ""XGBoost回归器"", ""node_params"": {}, ""contrast_level"": 0, ""node_type"": ""model""}, {""node_id"": ""2751"", ""algorithm_step_name"": ""Model Evaluate"", ""node_name"": ""模型评估"", ""node_params"": {}, ""contrast_level"": 2, ""node_type"": ""evaluate""}]}",0.8
您的任务是训练一个神经网络模型，用于根据矿物莫氏硬度的相关特性，预测矿物的莫氏硬度数值。我希望你的激活函数使用双曲正切函数，优化方法使用随机梯度下降。,1.0,8567,1222,65.78786158561707,5.948795795440674,20.35637307167053,27.22562575340271,12.25706696510315,"{""edges"": [{""edge_id"": ""60491"", ""source_node_id"": ""2772"", ""target_node_id"": ""2774""}], ""nodes"": [{""node_id"": ""2772"", ""widget_name"": ""SQL Table"", ""node_name"": ""矿物莫氏硬度训练数据"", ""node_params"": {""table_name"": ""mohs_hardness_train"", ""target_column"": ""Hardness""}, ""matched"": true}, {""node_id"": ""2774"", ""widget_name"": ""Neural Network"", ""node_name"": ""神经网络模型"", ""node_params"": {""hidden_layers_input"": ""100,"", ""activation"": ""2"", ""solver"": ""1"", ""alpha"": 0.0001, ""maxItera"": 200, ""replicable"": true}, ""matched"": true}]}","{""dependency_requirements"": [{""edge_id"": ""2303"", ""source_node_id"": ""2772"", ""target_node_id"": ""2774""}], ""step_requirements"": [{""node_id"": ""2772"", ""algorithm_step_name"": ""Tabular Dataset Loading"", ""node_name"": ""矿物硬度训练数据"", ""node_params"": {""table_name"": ""mohs_hardness_train"", ""target_column"": ""Hardness""}, ""contrast_level"": 2, ""node_type"": ""io""}, {""node_id"": ""2774"", ""algorithm_step_name"": ""Neural Network"", ""node_name"": ""神经网络模型"", ""node_params"": {""hidden_layers_input"": ""100,"", ""activation"": ""2"", ""solver"": ""1"", ""alpha"": 0.0001, ""maxItera"": 200, ""replicable"": true}, ""contrast_level"": 2, ""node_type"": ""model""}]}",1.0
你的任务是使用螃蟹年龄的训练数据集去建立一个随机森林模型来预测螃蟹的年龄。然后，用这个模型对螃蟹年龄的测试数据集进行预测，最后把预测结果保存下来。数据集需要进行独热编码,1.0,22167,2540,124.16444277763368,8.711864948272705,27.57744550704956,66.03012228012085,21.84501004219055,"{""edges"": [{""edge_id"": ""60492"", ""source_node_id"": ""2710"", ""target_node_id"": ""72235""}, {""edge_id"": ""60493"", ""source_node_id"": ""2711"", ""target_node_id"": ""72236""}, {""edge_id"": ""60494"", ""source_node_id"": ""72235"", ""target_node_id"": ""2712""}, {""edge_id"": ""60495"", ""source_node_id"": ""72236"", ""target_node_id"": ""2713""}, {""edge_id"": ""60496"", ""source_node_id"": ""2712"", ""target_node_id"": ""2714""}, {""edge_id"": ""60497"", ""source_node_id"": ""2713"", ""target_node_id"": ""2715""}, {""edge_id"": ""60498"", ""source_node_id"": ""2714"", ""target_node_id"": ""2715""}, {""edge_id"": ""60499"", ""source_node_id"": ""2715"", ""target_node_id"": ""2716""}], ""nodes"": [{""node_id"": ""2710"", ""widget_name"": ""SQL Table"", ""node_name"": ""螃蟹年龄训练数据"", ""node_params"": {""table_name"": ""crab_age_train"", ""target_column"": ""Age""}, ""matched"": true}, {""node_id"": ""2711"", ""widget_name"": ""SQL Table"", ""node_name"": ""螃蟹年龄测试数据"", ""node_params"": {""table_name"": ""crab_age_test"", ""target_column"": ""Age""}, ""matched"": true}, {""node_id"": ""72235"", ""widget_name"": ""Edit Domain"", ""node_name"": ""训练数据性别处理"", ""node_params"": {""column_name"": ""Sex"", ""valueMappings"": [{""key"": 0, ""originValue"": ""M"", ""currentValue"": ""0""}, {""key"": 1, ""originValue"": ""F"", ""currentValue"": ""1""}, {""key"": 2, ""originValue"": ""I"", ""currentValue"": ""2""}]}, ""matched"": false}, {""node_id"": ""72236"", ""widget_name"": ""Edit Domain"", ""node_name"": ""测试数据性别处理"", ""node_params"": {""column_name"": ""Sex"", ""valueMappings"": [{""key"": 0, ""originValue"": ""M"", ""currentValue"": ""0""}, {""key"": 1, ""originValue"": ""F"", ""currentValue"": ""1""}, {""key"": 2, ""originValue"": ""I"", ""currentValue"": ""2""}]}, ""matched"": false}, {""node_id"": ""2712"", ""widget_name"": ""One Hot Encoder"", ""node_name"": ""训练数据性别独热编码"", ""node_params"": {""encode_vars"": [""Sex""]}, ""matched"": true}, {""node_id"": ""2713"", ""widget_name"": ""One Hot Encoder"", ""node_name"": ""测试数据性别独热编码"", ""node_params"": {""encode_vars"": [""Sex""]}, ""matched"": true}, {""node_id"": ""2714"", ""widget_name"": ""Random Forest"", ""node_name"": ""随机森林模型"", ""node_params"": {""n_estimators"": 10, ""use_max_features"": false, ""max_features"": ""auto"", ""use_random_state"": false, ""use_max_depth"": false, ""max_depth"": 3, ""use_min_samples_split"": true, ""min_samples_split"": 2}, ""matched"": true}, {""node_id"": ""2715"", ""widget_name"": ""Predictions"", ""node_name"": ""预测"", ""node_params"": {""output_attrs"": true, ""output_predictions"": true, ""output_probabilities"": false}, ""matched"": true}, {""node_id"": ""2716"", ""widget_name"": ""Save Data"", ""node_name"": ""保存预测结果"", ""node_params"": {}, ""matched"": true}]}","{""dependency_requirements"": [{""edge_id"": ""2233"", ""source_node_id"": ""2710"", ""target_node_id"": ""2712""}, {""edge_id"": ""2234"", ""source_node_id"": ""2711"", ""target_node_id"": ""2713""}, {""edge_id"": ""2235"", ""source_node_id"": ""2712"", ""target_node_id"": ""2714""}, {""edge_id"": ""2236"", ""source_node_id"": ""2713"", ""target_node_id"": ""2715""}, {""edge_id"": ""2237"", ""source_node_id"": ""2714"", ""target_node_id"": ""2715""}, {""edge_id"": ""2238"", ""source_node_id"": ""2715"", ""target_node_id"": ""2716""}], ""step_requirements"": [{""node_id"": ""2710"", ""algorithm_step_name"": ""Tabular Dataset Loading"", ""node_name"": ""螃蟹年龄训练数据"", ""node_params"": {""table_name"": ""crab_age_train"", ""target_column"": ""Age""}, ""contrast_level"": 2, ""node_type"": ""io""}, {""node_id"": ""2711"", ""algorithm_step_name"": ""Tabular Dataset Loading"", ""node_name"": ""螃蟹年龄测试数据"", ""node_params"": {""table_name"": ""crab_age_test"", ""target_column"": ""Age""}, ""contrast_level"": 2, ""node_type"": ""io""}, {""node_id"": ""2712"", ""algorithm_step_name"": ""One Hot Encoding"", ""node_name"": ""训练数据独热编码"", ""node_params"": {}, ""contrast_level"": 1, ""node_type"": ""feature engineering""}, {""node_id"": ""2713"", ""algorithm_step_name"": ""One Hot Encoding"", ""node_name"": ""测试数据独热编码"", ""node_params"": {}, ""contrast_level"": 1, ""node_type"": ""feature engineering""}, {""node_id"": ""2714"", ""algorithm_step_name"": ""Random Forest"", ""node_name"": ""随机森林模型"", ""node_params"": {}, ""contrast_level"": 1, ""node_type"": ""model""}, {""node_id"": ""2715"", ""algorithm_step_name"": ""Test Dataset Predictions"", ""node_name"": ""预测结果"", ""node_params"": {""output_attrs"": true, ""output_predictions"": true, ""output_probabilities"": false}, ""contrast_level"": 2, ""node_type"": ""predict""}, {""node_id"": ""2716"", ""algorithm_step_name"": ""Save Data"", ""node_name"": ""保存预测结果"", ""node_params"": {}, ""contrast_level"": 2, ""node_type"": ""io""}]}",0.875
您的任务是构建一个机器学习模型，帮助我预测野生蓝莓的产量。特征工程的处理方法为：特征构建和特征选择。特征工程处理之后还需要对数据进行抽样处理，最后用抽样的数据对训练好的模型进行评估。,1.0,21171,2095,95.79265522956848,7.960049390792847,30.34152841567993,42.248868465423584,15.24220895767212,"{""edges"": [{""edge_id"": ""60500"", ""source_node_id"": ""2775"", ""target_node_id"": ""2776""}, {""edge_id"": ""60501"", ""source_node_id"": ""2776"", ""target_node_id"": ""2780""}, {""edge_id"": ""60502"", ""source_node_id"": ""2780"", ""target_node_id"": ""2777""}, {""edge_id"": ""60503"", ""source_node_id"": ""2777"", ""target_node_id"": ""2778""}, {""edge_id"": ""60504"", ""source_node_id"": ""2777"", ""target_node_id"": ""2779""}, {""edge_id"": ""60506"", ""source_node_id"": ""2778"", ""target_node_id"": ""2779""}], ""nodes"": [{""node_id"": ""2775"", ""widget_name"": ""SQL Table"", ""node_name"": ""野生蓝莓产量训练数据"", ""node_params"": {""table_name"": ""wild_blueberry_yield_train"", ""target_column"": ""yield""}, ""matched"": true}, {""node_id"": ""2776"", ""widget_name"": ""Feature Constructor"", ""node_name"": ""特征构建"", ""node_params"": {""expressions"": [{""key"": 0, ""name"": ""temperature_range"", ""expression"": ""MaxOfUpperTRange - MinOfUpperTRange"", ""type"": ""2"", ""image"": ""N"", ""categories"": ""A, B""}, {""key"": 1, ""name"": ""average_temperature"", ""expression"": ""(MaxOfUpperTRange + MinOfUpperTRange) / 2"", ""type"": ""2"", ""image"": ""N"", ""categories"": ""A, B""}]}, ""matched"": true}, {""node_id"": ""2780"", ""widget_name"": ""Select Best N Attributes"", ""node_name"": ""特征选择"", ""node_params"": {""n"": 5}, ""matched"": true}, {""node_id"": ""2777"", ""widget_name"": ""Data Sampler"", ""node_name"": ""数据划分"", ""node_params"": {""sampling_type"": 0, ""percentage"": 10, ""n_samples"": 15, ""replacement"": false, ""n_folds"": 10, ""selected_folds"": 1, ""replicable"": false, ""stratified"": false}, ""matched"": true}, {""node_id"": ""2778"", ""widget_name"": ""Random Forest"", ""node_name"": ""随机森林回归模型"", ""node_params"": {""n_estimators"": 10, ""use_max_features"": false, ""max_features"": ""auto"", ""use_random_state"": false, ""use_max_depth"": false, ""max_depth"": 3, ""use_min_samples_split"": true, ""min_samples_split"": 2}, ""matched"": true}, {""node_id"": ""2779"", ""widget_name"": ""Test & Score"", ""node_name"": ""模型评估"", ""node_params"": {}, ""matched"": true}]}","{""dependency_requirements"": [{""edge_id"": ""2304"", ""source_node_id"": ""2775"", ""target_node_id"": ""2776""}, {""edge_id"": ""2305"", ""source_node_id"": ""2780"", ""target_node_id"": ""2777""}, {""edge_id"": ""2306"", ""source_node_id"": ""2777"", ""target_node_id"": ""2778""}, {""edge_id"": ""2307"", ""source_node_id"": ""2777"", ""target_node_id"": ""2779""}, {""edge_id"": ""2309"", ""source_node_id"": ""2778"", ""target_node_id"": ""2779""}, {""edge_id"": ""2310"", ""source_node_id"": ""2776"", ""target_node_id"": ""2780""}], ""step_requirements"": [{""node_id"": ""2775"", ""algorithm_step_name"": ""Tabular Dataset Loading"", ""node_name"": ""野生蓝莓产量训练数据"", ""node_params"": {""table_name"": ""wild_blueberry_yield_train"", ""target_column"": ""yield""}, ""contrast_level"": 2, ""node_type"": ""io""}, {""node_id"": ""2776"", ""algorithm_step_name"": ""Feature Construction"", ""node_name"": ""特征构建"", ""node_params"": {}, ""contrast_level"": 1, ""node_type"": ""feature engineering""}, {""node_id"": ""2777"", ""algorithm_step_name"": ""Dataset Division"", ""node_name"": ""数据划分"", ""node_params"": {}, ""contrast_level"": 1, ""node_type"": ""preprocess""}, {""node_id"": ""2778"", ""algorithm_step_name"": ""XGBoost"", ""node_name"": ""XGBoost回归器"", ""node_params"": {}, ""contrast_level"": 0, ""node_type"": ""model""}, {""node_id"": ""2779"", ""algorithm_step_name"": ""Model Evaluate"", ""node_name"": ""模型评估"", ""node_params"": {}, ""contrast_level"": 2, ""node_type"": ""evaluate""}, {""node_id"": ""2780"", ""algorithm_step_name"": ""Feature Selection"", ""node_name"": ""Select Best N Attributes"", ""node_params"": {}, ""contrast_level"": 1, ""node_type"": ""feature engineering""}]}",1.0
您的任务是根据媒体宣传成本的训练数据去构建一个机器学习模型，帮助我们预测食品超市的媒体宣传成本。然后，用这个模型对媒体宣传成本的测试数据集进行预测，最后把预测结果保存下来。,1.0,20118,2891,142.97107338905334,10.702689170837402,40.5237410068512,62.343698501586914,29.400944709777832,"{""edges"": [{""edge_id"": ""60507"", ""source_node_id"": ""2740"", ""target_node_id"": ""2745""}, {""edge_id"": ""60508"", ""source_node_id"": ""2741"", ""target_node_id"": ""2743""}, {""edge_id"": ""60509"", ""source_node_id"": ""2745"", ""target_node_id"": ""2743""}, {""edge_id"": ""60510"", ""source_node_id"": ""2743"", ""target_node_id"": ""2744""}], ""nodes"": [{""node_id"": ""2740"", ""widget_name"": ""SQL Table"", ""node_name"": ""媒体宣传成本训练数据"", ""node_params"": {""table_name"": ""media_campaign_cost_train"", ""target_column"": ""cost""}, ""matched"": true}, {""node_id"": ""2745"", ""widget_name"": ""Linear Regression"", ""node_name"": ""线性回归模型"", ""node_params"": {""regression_type"": ""0""}, ""matched"": true}, {""node_id"": ""2741"", ""widget_name"": ""SQL Table"", ""node_name"": ""媒体宣传成本测试数据"", ""node_params"": {""table_name"": ""media_campaign_cost_test"", ""target_column"": ""cost""}, ""matched"": true}, {""node_id"": ""2743"", ""widget_name"": ""Predictions"", ""node_name"": ""预测"", ""node_params"": {""output_attrs"": true, ""output_predictions"": true, ""output_probabilities"": false}, ""matched"": true}, {""node_id"": ""2744"", ""widget_name"": ""Save Data"", ""node_name"": ""保存预测结果"", ""node_params"": {}, ""matched"": true}]}","{""dependency_requirements"": [{""edge_id"": ""2261"", ""source_node_id"": ""2741"", ""target_node_id"": ""2743""}, {""edge_id"": ""2262"", ""source_node_id"": ""2740"", ""target_node_id"": ""2745""}, {""edge_id"": ""2263"", ""source_node_id"": ""2745"", ""target_node_id"": ""2743""}, {""edge_id"": ""2264"", ""source_node_id"": ""2743"", ""target_node_id"": ""2744""}], ""step_requirements"": [{""node_id"": ""2740"", ""algorithm_step_name"": ""Tabular Dataset Loading"", ""node_name"": ""食品超市媒体宣传成本训练数据"", ""node_params"": {""table_name"": ""media_campaign_cost_train"", ""target_column"": ""cost""}, ""contrast_level"": 2, ""node_type"": ""io""}, {""node_id"": ""2741"", ""algorithm_step_name"": ""Tabular Dataset Loading"", ""node_name"": ""食品超市媒体宣传成本测试数据"", ""node_params"": {""table_name"": ""media_campaign_cost_test"", ""target_column"": ""cost""}, ""contrast_level"": 2, ""node_type"": ""io""}, {""node_id"": ""2743"", ""algorithm_step_name"": ""Test Dataset Predictions"", ""node_name"": ""预测"", ""node_params"": {""output_attrs"": true, ""output_predictions"": true, ""output_probabilities"": false}, ""contrast_level"": 2, ""node_type"": ""predict""}, {""node_id"": ""2744"", ""algorithm_step_name"": ""Save Data"", ""node_name"": ""保存预测结果"", ""node_params"": {}, ""contrast_level"": 2, ""node_type"": ""io""}, {""node_id"": ""2745"", ""algorithm_step_name"": ""XGBoost"", ""node_name"": ""XGBoost"", ""node_params"": {}, ""contrast_level"": 0, ""node_type"": ""model""}]}",1.0
我需要你使用银行信用贷款的训练数据，构建一个能够预测客户是否会流失的随机森林模型。然后，用这个模型对测试数据进行预测，并把预测结果保存下来，最后展示预测结果的混淆矩阵,0.9091,21503,2571,131.3654682636261,8.757328033447266,32.609485149383545,64.35224723815918,25.64640784263611,"{""edges"": [{""edge_id"": ""60511"", ""source_node_id"": ""2561"", ""target_node_id"": ""72255""}, {""edge_id"": ""60512"", ""source_node_id"": ""2562"", ""target_node_id"": ""72256""}, {""edge_id"": ""60513"", ""source_node_id"": ""72255"", ""target_node_id"": ""2565""}, {""edge_id"": ""60514"", ""source_node_id"": ""72256"", ""target_node_id"": ""2567""}, {""edge_id"": ""60515"", ""source_node_id"": ""2565"", ""target_node_id"": ""2567""}, {""edge_id"": ""60516"", ""source_node_id"": ""2567"", ""target_node_id"": ""2568""}, {""edge_id"": ""60517"", ""source_node_id"": ""2567"", ""target_node_id"": ""2569""}], ""nodes"": [{""node_id"": ""2561"", ""widget_name"": ""SQL Table"", ""node_name"": ""银行信用贷款训练数据"", ""node_params"": {""table_name"": ""bank_customer_churn_train"", ""target_column"": ""Exited""}, ""matched"": true}, {""node_id"": ""2562"", ""widget_name"": ""SQL Table"", ""node_name"": ""银行信用贷款测试数据"", ""node_params"": {""table_name"": ""bank_customer_churn_test"", ""target_column"": ""Exited""}, ""matched"": true}, {""node_id"": ""72255"", ""widget_name"": ""One Hot Encoder"", ""node_name"": ""训练数据独热编码"", ""node_params"": {""encode_vars"": [""Geography"", ""Gender""]}, ""matched"": false}, {""node_id"": ""72256"", ""widget_name"": ""One Hot Encoder"", ""node_name"": ""测试数据独热编码"", ""node_params"": {""encode_vars"": [""Geography"", ""Gender""]}, ""matched"": false}, {""node_id"": ""2565"", ""widget_name"": ""Random Forest"", ""node_name"": ""随机森林模型"", ""node_params"": {""n_estimators"": 10, ""use_max_features"": false, ""max_features"": ""auto"", ""use_random_state"": false, ""use_max_depth"": false, ""max_depth"": 3, ""use_min_samples_split"": true, ""min_samples_split"": 2}, ""matched"": true}, {""node_id"": ""2567"", ""widget_name"": ""Predictions"", ""node_name"": ""预测"", ""node_params"": {""output_attrs"": true, ""output_predictions"": true, ""output_probabilities"": true}, ""matched"": true}, {""node_id"": ""2568"", ""widget_name"": ""Save Data"", ""node_name"": ""保存预测结果"", ""node_params"": {}, ""matched"": true}, {""node_id"": ""2569"", ""widget_name"": ""Confusion Matrix"", ""node_name"": ""混淆矩阵"", ""node_params"": {}, ""matched"": true}]}","{""dependency_requirements"": [{""edge_id"": ""2111"", ""source_node_id"": ""2561"", ""target_node_id"": ""2565""}, {""edge_id"": ""2112"", ""source_node_id"": ""2562"", ""target_node_id"": ""2567""}, {""edge_id"": ""2113"", ""source_node_id"": ""2565"", ""target_node_id"": ""2567""}, {""edge_id"": ""2114"", ""source_node_id"": ""2567"", ""target_node_id"": ""2568""}, {""edge_id"": ""2116"", ""source_node_id"": ""2568"", ""target_node_id"": ""2569""}], ""step_requirements"": [{""node_id"": ""2561"", ""algorithm_step_name"": ""Tabular Dataset Loading"", ""node_name"": ""银行信用贷款训练数据"", ""node_params"": {""table_name"": ""bank_customer_churn_train"", ""target_column"": ""Exited""}, ""contrast_level"": 2, ""node_type"": ""io""}, {""node_id"": ""2562"", ""algorithm_step_name"": ""Tabular Dataset Loading"", ""node_name"": ""银行信用贷款测试数据"", ""node_params"": {""table_name"": ""bank_customer_churn_test"", ""target_column"": ""Exited""}, ""contrast_level"": 2, ""node_type"": ""io""}, {""node_id"": ""2565"", ""algorithm_step_name"": ""Random Forest"", ""node_name"": ""随机森林模型"", ""node_params"": {}, ""contrast_level"": 1, ""node_type"": ""model""}, {""node_id"": ""2567"", ""algorithm_step_name"": ""Test Dataset Predictions"", ""node_name"": ""预测结果"", ""node_params"": {""output_attrs"": true, ""output_predictions"": true, ""output_probabilities"": true}, ""contrast_level"": 2, ""node_type"": ""predict""}, {""node_id"": ""2568"", ""algorithm_step_name"": ""Save Data"", ""node_name"": ""保存预测结果"", ""node_params"": {}, ""contrast_level"": 1, ""node_type"": ""io""}, {""node_id"": ""2569"", ""algorithm_step_name"": ""Confusion Matrix"", ""node_name"": ""混淆矩阵"", ""node_params"": {}, ""contrast_level"": 1, ""node_type"": ""visualize""}]}",0.7143
请你使用生物信号训练数据集来预测个体是否为吸烟者，你的最终目标是建立一个能够准确判断个体吸烟状态的XGboost模型，学习率使用0.1，学习器使用DART模型。,1.0,9863,1489,79.75371074676514,6.020209312438965,19.80929923057556,34.8853223323822,19.038879871368408,"{""edges"": [{""edge_id"": ""60518"", ""source_node_id"": ""2570"", ""target_node_id"": ""2572""}], ""nodes"": [{""node_id"": ""2570"", ""widget_name"": ""SQL Table"", ""node_name"": ""生物信号训练数据"", ""node_params"": {""table_name"": ""smoker_status_bio_signals_train"", ""target_column"": ""smoking""}, ""matched"": true}, {""node_id"": ""2572"", ""widget_name"": ""XGBoost"", ""node_name"": ""XGBoost模型"", ""node_params"": {""booster"": ""dart"", ""learning_rate"": 0.1, ""gamma"": 0, ""max_depth"": 6, ""min_child_widget"": 1, ""max_delta_step"": 0, ""subsample"": 1, ""sampling_method"": ""uniform"", ""lambda"": 1, ""alpha"": 0, ""tree_method"": ""auto"", ""scale_pos_weight"": 1, ""updater"": ""grow_colmaker"", ""process_type"": ""default"", ""grow_policy"": ""depthwise""}, ""matched"": true}]}","{""dependency_requirements"": [{""edge_id"": ""2117"", ""source_node_id"": ""2570"", ""target_node_id"": ""2572""}], ""step_requirements"": [{""node_id"": ""2570"", ""algorithm_step_name"": ""Tabular Dataset Loading"", ""node_name"": ""生物信号训练数据"", ""node_params"": {""table_name"": ""smoker_status_bio_signals_train"", ""target_column"": ""smoking""}, ""contrast_level"": 2, ""node_type"": ""io""}, {""node_id"": ""2572"", ""algorithm_step_name"": ""XGBoost"", ""node_name"": ""XGBoost模型"", ""node_params"": {""booster"": ""dart"", ""learning_rate"": 0.1, ""gamma"": 0, ""max_depth"": 6, ""min_child_widget"": 1, ""max_delta_step"": 0, ""subsample"": 1, ""sampling_method"": ""uniform"", ""lambda"": 1, ""alpha"": 0, ""tree_method"": ""auto"", ""scale_pos_weight"": 1, ""updater"": ""grow_colmaker"", ""process_type"": ""default"", ""grow_policy"": ""depthwise""}, ""contrast_level"": 2, ""node_type"": ""model""}]}",1.0
你需要使用人类的肾结石相关指标数据，开发一个机器学习模型预测一个人是否患有肾结石。我需要你在模型训练之前，加一步数据划分的数据处理，最后还要用划分后的验证集对模型进行评估。,1.0,13455,1678,78.13741254806519,7.376245021820068,32.20212125778198,28.93997025489807,9.619076013565063,"{""edges"": [{""edge_id"": ""60519"", ""source_node_id"": ""2577"", ""target_node_id"": ""2578""}, {""edge_id"": ""60520"", ""source_node_id"": ""2578"", ""target_node_id"": ""2579""}, {""edge_id"": ""60521"", ""source_node_id"": ""2578"", ""target_node_id"": ""2580""}, {""edge_id"": ""60523"", ""source_node_id"": ""2579"", ""target_node_id"": ""2580""}], ""nodes"": [{""node_id"": ""2577"", ""widget_name"": ""SQL Table"", ""node_name"": ""肾结石相关指标训练数据"", ""node_params"": {""table_name"": ""kidney_stone_train"", ""target_column"": ""target""}, ""matched"": true}, {""node_id"": ""2578"", ""widget_name"": ""Data Sampler"", ""node_name"": ""数据划分"", ""node_params"": {""sampling_type"": 0, ""percentage"": 10, ""n_samples"": 15, ""replacement"": false, ""n_folds"": 10, ""selected_folds"": 1, ""replicable"": false, ""stratified"": false}, ""matched"": true}, {""node_id"": ""2579"", ""widget_name"": ""Logistic Regression"", ""node_name"": ""逻辑回归模型"", ""node_params"": {""C"": 1, ""penalty"": ""l2""}, ""matched"": true}, {""node_id"": ""2580"", ""widget_name"": ""Test & Score"", ""node_name"": ""模型评估"", ""node_params"": {}, ""matched"": true}]}","{""dependency_requirements"": [{""edge_id"": ""2119"", ""source_node_id"": ""2577"", ""target_node_id"": ""2578""}, {""edge_id"": ""2120"", ""source_node_id"": ""2578"", ""target_node_id"": ""2579""}, {""edge_id"": ""2121"", ""source_node_id"": ""2578"", ""target_node_id"": ""2580""}, {""edge_id"": ""2123"", ""source_node_id"": ""2579"", ""target_node_id"": ""2580""}], ""step_requirements"": [{""node_id"": ""2577"", ""algorithm_step_name"": ""Tabular Dataset Loading"", ""node_name"": ""肾结石指标训练数据"", ""node_params"": {""table_name"": ""kidney_stone_train"", ""target_column"": ""target""}, ""contrast_level"": 2, ""node_type"": ""io""}, {""node_id"": ""2578"", ""algorithm_step_name"": ""Dataset Division"", ""node_name"": ""数据划分"", ""node_params"": {}, ""contrast_level"": 1, ""node_type"": ""preprocess""}, {""node_id"": ""2579"", ""algorithm_step_name"": ""LightGBM"", ""node_name"": ""LightGBM分类器"", ""node_params"": {}, ""contrast_level"": 0, ""node_type"": ""model""}, {""node_id"": ""2580"", ""algorithm_step_name"": ""Model Evaluate"", ""node_name"": ""模型评估"", ""node_params"": {}, ""contrast_level"": 2, ""node_type"": ""evaluate""}]}",1.0
你的目标是帮助我的酒店更好地预判客户是否会取消预订。你首先要加载酒店预定的训练数据和测试数据，用训练数据训练一个LightGBM模型，然后用LightGBM模型对酒店预定的测试数据进行预测，最后将预测结果保存。,1.0,16788,2573,135.807959318161,7.857700824737549,29.030006408691406,65.3096969127655,33.61055517196655,"{""edges"": [{""edge_id"": ""60524"", ""source_node_id"": ""2582"", ""target_node_id"": ""2586""}, {""edge_id"": ""60525"", ""source_node_id"": ""2583"", ""target_node_id"": ""2587""}, {""edge_id"": ""60526"", ""source_node_id"": ""2586"", ""target_node_id"": ""2587""}, {""edge_id"": ""60527"", ""source_node_id"": ""2587"", ""target_node_id"": ""2588""}], ""nodes"": [{""node_id"": ""2582"", ""widget_name"": ""SQL Table"", ""node_name"": ""酒店预定训练数据"", ""node_params"": {""table_name"": ""reservation_cancellation_train"", ""target_column"": ""booking_status""}, ""matched"": true}, {""node_id"": ""2583"", ""widget_name"": ""SQL Table"", ""node_name"": ""酒店预定测试数据"", ""node_params"": {""table_name"": ""reservation_cancellation_test"", ""target_column"": ""booking_status""}, ""matched"": true}, {""node_id"": ""2586"", ""widget_name"": ""LightGBM"", ""node_name"": ""LightGBM模型"", ""node_params"": {""boosting_type"": ""gbdt"", ""n_estimators"": 10, ""learning_rate"": 0.1, ""sampling_rate"": 0.1, ""max_depth_check"": false, ""max_depth"": 3, ""num_leaves_check"": false, ""num_leaves"": 31}, ""matched"": true}, {""node_id"": ""2587"", ""widget_name"": ""Predictions"", ""node_name"": ""预测"", ""node_params"": {""output_attrs"": true, ""output_predictions"": true, ""output_probabilities"": true}, ""matched"": true}, {""node_id"": ""2588"", ""widget_name"": ""Save Data"", ""node_name"": ""保存预测结果"", ""node_params"": {}, ""matched"": true}]}","{""dependency_requirements"": [{""edge_id"": ""2129"", ""source_node_id"": ""2586"", ""target_node_id"": ""2587""}, {""edge_id"": ""2130"", ""source_node_id"": ""2587"", ""target_node_id"": ""2588""}, {""edge_id"": ""2131"", ""source_node_id"": ""2583"", ""target_node_id"": ""2589""}, {""edge_id"": ""2133"", ""source_node_id"": ""2582"", ""target_node_id"": ""2586""}], ""step_requirements"": [{""node_id"": ""2582"", ""algorithm_step_name"": ""Tabular Dataset Loading"", ""node_name"": ""酒店预定训练数据"", ""node_params"": {""table_name"": ""reservation_cancellation_train"", ""target_column"": ""booking_status""}, ""contrast_level"": 2, ""node_type"": ""io""}, {""node_id"": ""2583"", ""algorithm_step_name"": ""Tabular Dataset Loading"", ""node_name"": ""酒店预定测试数据"", ""node_params"": {""table_name"": ""reservation_cancellation_test"", ""target_column"": ""booking_status""}, ""contrast_level"": 2, ""node_type"": ""io""}, {""node_id"": ""2586"", ""algorithm_step_name"": ""LightGBM"", ""node_name"": ""LightGBM模型"", ""node_params"": {}, ""contrast_level"": 1, ""node_type"": ""model""}, {""node_id"": ""2587"", ""algorithm_step_name"": ""Test Dataset Predictions"", ""node_name"": ""预测"", ""node_params"": {""output_attrs"": true, ""output_predictions"": true, ""output_probabilities"": true}, ""contrast_level"": 2, ""node_type"": ""predict""}, {""node_id"": ""2588"", ""algorithm_step_name"": ""Save Data"", ""node_name"": ""保存预测结果"", ""node_params"": {}, ""contrast_level"": 2, ""node_type"": ""io""}]}",0.8
你的目标是通过与肥胖相关的各种因素，如饮食、生活方式等数据，训练一个模型来预测个体的肥胖风险等级。特征工程处理时，我需要你进行特征构建和特征选择。,1.0,11023,1536,76.84692001342773,5.259467124938965,20.56409811973572,35.70426797866821,15.31908679008484,"{""edges"": [{""edge_id"": ""60528"", ""source_node_id"": ""2594"", ""target_node_id"": ""2597""}, {""edge_id"": ""60529"", ""source_node_id"": ""2597"", ""target_node_id"": ""2598""}, {""edge_id"": ""60530"", ""source_node_id"": ""2598"", ""target_node_id"": ""2599""}], ""nodes"": [{""node_id"": ""2594"", ""widget_name"": ""SQL Table"", ""node_name"": ""肥胖相关训练数据"", ""node_params"": {""table_name"": ""obesity_cvd_risk_train"", ""target_column"": ""NObeyesdad""}, ""matched"": true}, {""node_id"": ""2597"", ""widget_name"": ""Feature Constructor"", ""node_name"": ""特征构造"", ""node_params"": {""expressions"": [{""key"": 0, ""name"": ""BMI"", ""expression"": ""Weight / (Height ** 2)"", ""type"": ""2"", ""image"": ""N"", ""categories"": ""A, B""}]}, ""matched"": true}, {""node_id"": ""2598"", ""widget_name"": ""Select Best N Attributes"", ""node_name"": ""特征选择"", ""node_params"": {""n"": 5}, ""matched"": true}, {""node_id"": ""2599"", ""widget_name"": ""Random Forest"", ""node_name"": ""随机森林分类器"", ""node_params"": {""n_estimators"": 10, ""use_max_features"": false, ""max_features"": ""auto"", ""use_random_state"": false, ""use_max_depth"": false, ""max_depth"": 3, ""use_min_samples_split"": true, ""min_samples_split"": 2}, ""matched"": true}]}","{""dependency_requirements"": [{""edge_id"": ""2139"", ""source_node_id"": ""2594"", ""target_node_id"": ""2597""}, {""edge_id"": ""2140"", ""source_node_id"": ""2597"", ""target_node_id"": ""2598""}, {""edge_id"": ""2141"", ""source_node_id"": ""2598"", ""target_node_id"": ""2599""}], ""step_requirements"": [{""node_id"": ""2594"", ""algorithm_step_name"": ""Tabular Dataset Loading"", ""node_name"": ""肥胖风险训练数据"", ""node_params"": {""table_name"": ""obesity_cvd_risk_train"", ""target_column"": ""NObeyesdad""}, ""contrast_level"": 2, ""node_type"": ""io""}, {""node_id"": ""2597"", ""algorithm_step_name"": ""Feature Construction"", ""node_name"": ""特征构建处理"", ""node_params"": {}, ""contrast_level"": 1, ""node_type"": ""feature engineering""}, {""node_id"": ""2598"", ""algorithm_step_name"": ""Feature Selection"", ""node_name"": ""自动特征选择处理"", ""node_params"": {}, ""contrast_level"": 1, ""node_type"": ""feature engineering""}, {""node_id"": ""2599"", ""algorithm_step_name"": ""XGBoost"", ""node_name"": ""XGBoost分类器"", ""node_params"": {}, ""contrast_level"": 0, ""node_type"": ""model""}]}",1.0
你的目标是构建一个机器学习模型，用于预测肝硬化患者的生存状态。我需要你在处理完数据集之后将数据集划分为训练集和验证集，以便最后用划分的训练数据对模型进行训练，用验证数据对模型进行评估。,0.8,21964,3684,191.773951292038,7.3669514656066895,30.10426902770996,106.14929842948914,48.15343236923218,"{""edges"": [{""edge_id"": ""60531"", ""source_node_id"": ""2607"", ""target_node_id"": ""72277""}, {""edge_id"": ""60532"", ""source_node_id"": ""72277"", ""target_node_id"": ""2611""}, {""edge_id"": ""60533"", ""source_node_id"": ""72278"", ""target_node_id"": ""2612""}, {""edge_id"": ""60534"", ""source_node_id"": ""72279"", ""target_node_id"": ""2612""}, {""edge_id"": ""60535"", ""source_node_id"": ""2611"", ""target_node_id"": ""2612""}], ""nodes"": [{""node_id"": ""2607"", ""widget_name"": ""SQL Table"", ""node_name"": ""肝硬化患者数据集"", ""node_params"": {""table_name"": ""cirrhosis_patient_train"", ""target_column"": ""Status""}, ""matched"": true}, {""node_id"": ""72277"", ""widget_name"": ""One Hot Encoder"", ""node_name"": ""独热编码处理"", ""node_params"": {""encode_vars"": [""Drug"", ""Ascites"", ""Hepatomegaly"", ""Spiders"", ""Edema"", ""Stage""]}, ""matched"": false}, {""node_id"": ""72278"", ""widget_name"": ""SQL Table"", ""node_name"": ""训练集数据"", ""node_params"": {""table_name"": ""cirrhosis_patient_train"", ""target_column"": ""Status""}, ""matched"": false}, {""node_id"": ""72279"", ""widget_name"": ""SQL Table"", ""node_name"": ""验证集数据"", ""node_params"": {""table_name"": ""cirrhosis_patient_train"", ""target_column"": ""Status""}, ""matched"": false}, {""node_id"": ""2611"", ""widget_name"": ""Random Forest"", ""node_name"": ""随机森林分类器"", ""node_params"": {""n_estimators"": 10, ""use_max_features"": false, ""max_features"": ""auto"", ""use_random_state"": false, ""use_max_depth"": false, ""max_depth"": 3, ""use_min_samples_split"": true, ""min_samples_split"": 2}, ""matched"": true}, {""node_id"": ""2612"", ""widget_name"": ""Test & Score"", ""node_name"": ""模型评估"", ""node_params"": {}, ""matched"": true}]}","{""dependency_requirements"": [{""edge_id"": ""2148"", ""source_node_id"": ""2607"", ""target_node_id"": ""2610""}, {""edge_id"": ""2152"", ""source_node_id"": ""2610"", ""target_node_id"": ""2611""}, {""edge_id"": ""2152"", ""source_node_id"": ""2610"", ""target_node_id"": ""2612""}, {""edge_id"": ""2154"", ""source_node_id"": ""2611"", ""target_node_id"": ""2612""}], ""step_requirements"": [{""node_id"": ""2607"", ""algorithm_step_name"": ""Tabular Dataset Loading"", ""node_name"": ""肝硬化患者生存状态训练数据"", ""node_params"": {""table_name"": ""cirrhosis_patient_train"", ""target_column"": ""Status""}, ""contrast_level"": 2, ""node_type"": ""io""}, {""node_id"": ""2610"", ""algorithm_step_name"": ""Dataset Division"", ""node_name"": ""数据划分"", ""node_params"": {}, ""contrast_level"": 1, ""node_type"": ""preprocess""}, {""node_id"": ""2611"", ""algorithm_step_name"": ""XGBoost"", ""node_name"": ""XGBoost分类器"", ""node_params"": {}, ""contrast_level"": 0, ""node_type"": ""model""}, {""node_id"": ""2612"", ""algorithm_step_name"": ""Model Evaluate"", ""node_name"": ""评估"", ""node_params"": {}, ""contrast_level"": 2, ""node_type"": ""evaluate""}]}",0.6
根据马匹健康状况的各项指标检测数据，预测马匹的健康状况。我需要你使用训练数据集训练模型，然后用模型预测测试数据，最后将预测结果保存。,1.0,26850,3076,139.72093415260315,10.561377048492432,43.68155479431152,64.64661502838135,20.831387281417847,"{""edges"": [{""edge_id"": ""60536"", ""source_node_id"": ""2635"", ""target_node_id"": ""72283""}, {""edge_id"": ""60537"", ""source_node_id"": ""72283"", ""target_node_id"": ""72284""}, {""edge_id"": ""60538"", ""source_node_id"": ""72284"", ""target_node_id"": ""2642""}, {""edge_id"": ""60539"", ""source_node_id"": ""2636"", ""target_node_id"": ""72287""}, {""edge_id"": ""60540"", ""source_node_id"": ""72287"", ""target_node_id"": ""72288""}, {""edge_id"": ""60541"", ""source_node_id"": ""72288"", ""target_node_id"": ""2643""}, {""edge_id"": ""60542"", ""source_node_id"": ""2642"", ""target_node_id"": ""2643""}, {""edge_id"": ""60543"", ""source_node_id"": ""2643"", ""target_node_id"": ""2644""}], ""nodes"": [{""node_id"": ""2635"", ""widget_name"": ""SQL Table"", ""node_name"": ""马匹健康状况训练数据"", ""node_params"": {""table_name"": ""horse_health_outcomes_train"", ""target_column"": ""outcome""}, ""matched"": true}, {""node_id"": ""72283"", ""widget_name"": ""Impute"", ""node_name"": ""缺失值处理"", ""node_params"": {""method"": 1}, ""matched"": false}, {""node_id"": ""72284"", ""widget_name"": ""One Hot Encoder"", ""node_name"": ""独热编码处理"", ""node_params"": {""encode_vars"": [""surgery"", ""peripheral_pulse"", ""mucous_membrane"", ""capillary_refill_time""]}, ""matched"": false}, {""node_id"": ""2642"", ""widget_name"": ""Random Forest"", ""node_name"": ""随机森林分类器"", ""node_params"": {""n_estimators"": 10, ""use_max_features"": false, ""max_features"": ""auto"", ""use_random_state"": false, ""use_max_depth"": false, ""max_depth"": 3, ""use_min_samples_split"": true, ""min_samples_split"": 2}, ""matched"": true}, {""node_id"": ""2636"", ""widget_name"": ""SQL Table"", ""node_name"": ""马匹健康状况测试数据"", ""node_params"": {""table_name"": ""horse_health_outcomes_test"", ""target_column"": ""outcome""}, ""matched"": true}, {""node_id"": ""72287"", ""widget_name"": ""Impute"", ""node_name"": ""测试数据缺失值处理"", ""node_params"": {""method"": 1}, ""matched"": false}, {""node_id"": ""72288"", ""widget_name"": ""One Hot Encoder"", ""node_name"": ""测试数据独热编码"", ""node_params"": {""encode_vars"": [""surgery"", ""peripheral_pulse"", ""mucous_membrane"", ""capillary_refill_time""]}, ""matched"": false}, {""node_id"": ""2643"", ""widget_name"": ""Predictions"", ""node_name"": ""预测"", ""node_params"": {""output_attrs"": true, ""output_predictions"": true, ""output_probabilities"": true}, ""matched"": true}, {""node_id"": ""2644"", ""widget_name"": ""Save Data"", ""node_name"": ""保存预测结果"", ""node_params"": {}, ""matched"": true}]}","{""dependency_requirements"": [{""edge_id"": ""2178"", ""source_node_id"": ""2635"", ""target_node_id"": ""2642""}, {""edge_id"": ""2179"", ""source_node_id"": ""2636"", ""target_node_id"": ""2643""}, {""edge_id"": ""2185"", ""source_node_id"": ""2642"", ""target_node_id"": ""2643""}, {""edge_id"": ""2186"", ""source_node_id"": ""2643"", ""target_node_id"": ""2644""}], ""step_requirements"": [{""node_id"": ""2635"", ""algorithm_step_name"": ""Tabular Dataset Loading"", ""node_name"": ""马匹健康状况训练数据"", ""node_params"": {""table_name"": ""horse_health_outcomes_train"", ""target_column"": ""outcome""}, ""contrast_level"": 2, ""node_type"": ""io""}, {""node_id"": ""2636"", ""algorithm_step_name"": ""Tabular Dataset Loading"", ""node_name"": ""马匹健康状况测试数据"", ""node_params"": {""table_name"": ""horse_health_outcomes_test"", ""target_column"": ""outcome""}, ""contrast_level"": 2, ""node_type"": ""io""}, {""node_id"": ""2642"", ""algorithm_step_name"": ""Decision Tree Model"", ""node_name"": ""健康状态预测模型"", ""node_params"": {}, ""contrast_level"": 0, ""node_type"": ""model""}, {""node_id"": ""2643"", ""algorithm_step_name"": ""Test Dataset Predictions"", ""node_name"": ""健康状况预测"", ""node_params"": {""output_attrs"": true, ""output_predictions"": true, ""output_probabilities"": true}, ""contrast_level"": 2, ""node_type"": ""predict""}, {""node_id"": ""2644"", ""algorithm_step_name"": ""Save Data"", ""node_name"": ""保存预测结果到文件"", ""node_params"": {}, ""contrast_level"": 1, ""node_type"": ""io""}]}",0.7143
我需要你使用怪物的相关指标数据，构建一个能够区分怪物类型的机器学习模型。然后，用这个模型对测试数据进行预测，最后把预测结果保存下来。,1.0,17444,2082,106.55659008026124,7.849937438964844,29.406898260116577,52.89278435707092,16.406970024108887,"{""edges"": [{""edge_id"": ""60544"", ""source_node_id"": ""2685"", ""target_node_id"": ""72293""}, {""edge_id"": ""60545"", ""source_node_id"": ""2686"", ""target_node_id"": ""72294""}, {""edge_id"": ""60546"", ""source_node_id"": ""72293"", ""target_node_id"": ""2690""}, {""edge_id"": ""60547"", ""source_node_id"": ""72294"", ""target_node_id"": ""2691""}, {""edge_id"": ""60548"", ""source_node_id"": ""2690"", ""target_node_id"": ""2691""}, {""edge_id"": ""60549"", ""source_node_id"": ""2691"", ""target_node_id"": ""2692""}], ""nodes"": [{""node_id"": ""2685"", ""widget_name"": ""SQL Table"", ""node_name"": ""怪物训练数据"", ""node_params"": {""table_name"": ""monster_train"", ""target_column"": ""type""}, ""matched"": true}, {""node_id"": ""2686"", ""widget_name"": ""SQL Table"", ""node_name"": ""怪物测试数据"", ""node_params"": {""table_name"": ""monster_test"", ""target_column"": ""type""}, ""matched"": true}, {""node_id"": ""72293"", ""widget_name"": ""One Hot Encoder"", ""node_name"": ""训练数据独热编码"", ""node_params"": {""encode_vars"": [""color""]}, ""matched"": false}, {""node_id"": ""72294"", ""widget_name"": ""One Hot Encoder"", ""node_name"": ""测试数据独热编码"", ""node_params"": {""encode_vars"": [""color""]}, ""matched"": false}, {""node_id"": ""2690"", ""widget_name"": ""Random Forest"", ""node_name"": ""随机森林模型"", ""node_params"": {""n_estimators"": 10, ""use_max_features"": false, ""max_features"": ""auto"", ""use_random_state"": false, ""use_max_depth"": false, ""max_depth"": 3, ""use_min_samples_split"": true, ""min_samples_split"": 2}, ""matched"": true}, {""node_id"": ""2691"", ""widget_name"": ""Predictions"", ""node_name"": ""预测"", ""node_params"": {""output_attrs"": true, ""output_predictions"": true, ""output_probabilities"": true}, ""matched"": true}, {""node_id"": ""2692"", ""widget_name"": ""Save Data"", ""node_name"": ""保存预测结果"", ""node_params"": {}, ""matched"": true}]}","{""dependency_requirements"": [{""edge_id"": ""2210"", ""source_node_id"": ""2685"", ""target_node_id"": ""2690""}, {""edge_id"": ""2211"", ""source_node_id"": ""2686"", ""target_node_id"": ""2691""}, {""edge_id"": ""2212"", ""source_node_id"": ""2690"", ""target_node_id"": ""2691""}, {""edge_id"": ""2214"", ""source_node_id"": ""2691"", ""target_node_id"": ""2692""}], ""step_requirements"": [{""node_id"": ""2685"", ""algorithm_step_name"": ""Tabular Dataset Loading"", ""node_name"": ""怪物类型训练数据"", ""node_params"": {""table_name"": ""monster_train"", ""target_column"": ""type""}, ""contrast_level"": 2, ""node_type"": ""io""}, {""node_id"": ""2686"", ""algorithm_step_name"": ""Tabular Dataset Loading"", ""node_name"": ""怪物类型测试数据"", ""node_params"": {""table_name"": ""monster_test"", ""target_column"": ""type""}, ""contrast_level"": 2, ""node_type"": ""io""}, {""node_id"": ""2690"", ""algorithm_step_name"": ""Decision Tree Model"", ""node_name"": ""怪物类型决策树模型"", ""node_params"": {}, ""contrast_level"": 0, ""node_type"": ""model""}, {""node_id"": ""2691"", ""algorithm_step_name"": ""Test Dataset Predictions"", ""node_name"": ""预测"", ""node_params"": {""output_attrs"": true, ""output_predictions"": true, ""output_probabilities"": true}, ""contrast_level"": 2, ""node_type"": ""predict""}, {""node_id"": ""2692"", ""algorithm_step_name"": ""Save Data"", ""node_name"": ""保存预测结果"", ""node_params"": {}, ""contrast_level"": 2, ""node_type"": ""io""}]}",0.8333
你的目标是根据旧金山所有社区近12年的犯罪训练数据和测试数据，首先使用训练数据训练一个模型，该模型能够预测犯罪类别。然后，用这个模型对测试数据集进行预测，最后把预测结果保存下来。,0.7778,15884,1590,90.75709462165833,6.636141777038574,20.694847583770752,47.73958992958069,15.68651533126831,"{""edges"": [{""edge_id"": ""60550"", ""source_node_id"": ""2694"", ""target_node_id"": ""2698""}, {""edge_id"": ""60551"", ""source_node_id"": ""2698"", ""target_node_id"": ""2699""}], ""nodes"": [{""node_id"": ""2693"", ""widget_name"": ""SQL Table"", ""node_name"": ""旧金山犯罪训练数据"", ""node_params"": {""table_name"": ""crime_category_train"", ""target_column"": ""category""}, ""matched"": true}, {""node_id"": ""2700"", ""widget_name"": ""Text Classification"", ""node_name"": ""文本分类模型"", ""node_params"": {""frame"": ""pytorch"", ""select_model"": ""BERT"", ""epoch"": 3, ""learning_rate"": 0.01, ""batch_size"": 4}, ""matched"": true}, {""node_id"": ""2694"", ""widget_name"": ""SQL Table"", ""node_name"": ""旧金山犯罪测试数据"", ""node_params"": {""table_name"": ""crime_category_test"", ""target_column"": ""category""}, ""matched"": true}, {""node_id"": ""2698"", ""widget_name"": ""Predictions"", ""node_name"": ""预测"", ""node_params"": {""output_attrs"": true, ""output_predictions"": true, ""output_probabilities"": true}, ""matched"": true}, {""node_id"": ""2699"", ""widget_name"": ""Save Data"", ""node_name"": ""保存预测结果"", ""node_params"": {}, ""matched"": true}]}","{""dependency_requirements"": [{""edge_id"": ""2216"", ""source_node_id"": ""2693"", ""target_node_id"": ""2700""}, {""edge_id"": ""2217"", ""source_node_id"": ""2694"", ""target_node_id"": ""2698""}, {""edge_id"": ""2219"", ""source_node_id"": ""2700"", ""target_node_id"": ""2698""}, {""edge_id"": ""2221"", ""source_node_id"": ""2698"", ""target_node_id"": ""2699""}], ""step_requirements"": [{""node_id"": ""2693"", ""algorithm_step_name"": ""Tabular Dataset Loading"", ""node_name"": ""旧金山社区犯罪报告训练数据"", ""node_params"": {""table_name"": ""crime_category_train"", ""target_column"": ""category""}, ""contrast_level"": 2, ""node_type"": ""io""}, {""node_id"": ""2694"", ""algorithm_step_name"": ""Tabular Dataset Loading"", ""node_name"": ""旧金山社区犯罪报告测试数据"", ""node_params"": {""table_name"": ""crime_category_test"", ""target_column"": ""category""}, ""contrast_level"": 2, ""node_type"": ""io""}, {""node_id"": ""2700"", ""algorithm_step_name"": ""XGBoost"", ""node_name"": ""XGBoost"", ""node_params"": {}, ""contrast_level"": 0, ""node_type"": ""model""}, {""node_id"": ""2698"", ""algorithm_step_name"": ""Test Dataset Predictions"", ""node_name"": ""犯罪类别预测"", ""node_params"": {""output_attrs"": true, ""output_predictions"": true, ""output_probabilities"": true}, ""contrast_level"": 2, ""node_type"": ""predict""}, {""node_id"": ""2699"", ""algorithm_step_name"": ""Save Data"", ""node_name"": ""保存犯罪类别预测结果"", ""node_params"": {}, ""contrast_level"": 2, ""node_type"": ""io""}]}",0.6
请你构建一个模型，用于根据鲍鱼的各种物理测量数据来预测它的年龄。进行独热编码之后对数据集进行划分，最后用划分的数据对训练好的模型进行评估。,0.9,15982,1791,82.49787712097168,7.020333766937256,29.167664527893063,35.72748804092407,10.582390785217283,"{""edges"": [{""edge_id"": ""60552"", ""source_node_id"": ""2747"", ""target_node_id"": ""2748""}, {""edge_id"": ""60553"", ""source_node_id"": ""2747"", ""target_node_id"": ""2749""}, {""edge_id"": ""60554"", ""source_node_id"": ""2749"", ""target_node_id"": ""2750""}, {""edge_id"": ""60555"", ""source_node_id"": ""2749"", ""target_node_id"": ""2751""}, {""edge_id"": ""60557"", ""source_node_id"": ""2750"", ""target_node_id"": ""2751""}], ""nodes"": [{""node_id"": ""2747"", ""widget_name"": ""SQL Table"", ""node_name"": ""鲍鱼训练数据"", ""node_params"": {""table_name"": ""abalone_train"", ""target_column"": ""rings""}, ""matched"": true}, {""node_id"": ""2748"", ""widget_name"": ""One Hot Encoder"", ""node_name"": ""独热编码处理"", ""node_params"": {""encode_vars"": [""sex""]}, ""matched"": true}, {""node_id"": ""2749"", ""widget_name"": ""Data Sampler"", ""node_name"": ""数据划分"", ""node_params"": {""sampling_type"": 0, ""percentage"": 20, ""n_samples"": 15, ""replacement"": false, ""n_folds"": 10, ""selected_folds"": 1, ""replicable"": false, ""stratified"": false}, ""matched"": true}, {""node_id"": ""2750"", ""widget_name"": ""Linear Regression"", ""node_name"": ""线性回归模型"", ""node_params"": {""regression_type"": ""0""}, ""matched"": true}, {""node_id"": ""2751"", ""widget_name"": ""Test & Score"", ""node_name"": ""模型评估"", ""node_params"": {}, ""matched"": true}]}","{""dependency_requirements"": [{""edge_id"": ""2266"", ""source_node_id"": ""2747"", ""target_node_id"": ""2748""}, {""edge_id"": ""2267"", ""source_node_id"": ""2748"", ""target_node_id"": ""2749""}, {""edge_id"": ""2268"", ""source_node_id"": ""2749"", ""target_node_id"": ""2750""}, {""edge_id"": ""2269"", ""source_node_id"": ""2749"", ""target_node_id"": ""2751""}, {""edge_id"": ""2271"", ""source_node_id"": ""2750"", ""target_node_id"": ""2751""}], ""step_requirements"": [{""node_id"": ""2747"", ""algorithm_step_name"": ""Tabular Dataset Loading"", ""node_name"": ""鲍鱼物理测量训练数据"", ""node_params"": {""table_name"": ""abalone_train"", ""target_column"": ""rings""}, ""contrast_level"": 2, ""node_type"": ""io""}, {""node_id"": ""2748"", ""algorithm_step_name"": ""One Hot Encoding"", ""node_name"": ""独热编码处理"", ""node_params"": {}, ""contrast_level"": 1, ""node_type"": ""feature engineering""}, {""node_id"": ""2749"", ""algorithm_step_name"": ""Dataset Division"", ""node_name"": ""数据划分"", ""node_params"": {}, ""contrast_level"": 1, ""node_type"": ""preprocess""}, {""node_id"": ""2750"", ""algorithm_step_name"": ""XGBoost"", ""node_name"": ""XGBoost回归器"", ""node_params"": {}, ""contrast_level"": 0, ""node_type"": ""model""}, {""node_id"": ""2751"", ""algorithm_step_name"": ""Model Evaluate"", ""node_name"": ""模型评估"", ""node_params"": {}, ""contrast_level"": 2, ""node_type"": ""evaluate""}]}",0.8
您的任务是训练一个神经网络模型，用于根据矿物莫氏硬度的相关特性，预测矿物的莫氏硬度数值。我希望你的激活函数使用双曲正切函数，优化方法使用随机梯度下降。,1.0,8499,1247,65.98605537414551,5.948137283325195,20.803513765335083,27.07846212387085,12.15594220161438,"{""edges"": [{""edge_id"": ""60558"", ""source_node_id"": ""2772"", ""target_node_id"": ""2774""}], ""nodes"": [{""node_id"": ""2772"", ""widget_name"": ""SQL Table"", ""node_name"": ""矿物莫氏硬度训练数据"", ""node_params"": {""table_name"": ""mohs_hardness_train"", ""target_column"": ""Hardness""}, ""matched"": true}, {""node_id"": ""2774"", ""widget_name"": ""Neural Network"", ""node_name"": ""神经网络模型"", ""node_params"": {""hidden_layers_input"": ""100,"", ""activation"": ""2"", ""solver"": ""1"", ""alpha"": 0.0001, ""maxItera"": 200, ""replicable"": true}, ""matched"": true}]}","{""dependency_requirements"": [{""edge_id"": ""2303"", ""source_node_id"": ""2772"", ""target_node_id"": ""2774""}], ""step_requirements"": [{""node_id"": ""2772"", ""algorithm_step_name"": ""Tabular Dataset Loading"", ""node_name"": ""矿物硬度训练数据"", ""node_params"": {""table_name"": ""mohs_hardness_train"", ""target_column"": ""Hardness""}, ""contrast_level"": 2, ""node_type"": ""io""}, {""node_id"": ""2774"", ""algorithm_step_name"": ""Neural Network"", ""node_name"": ""神经网络模型"", ""node_params"": {""hidden_layers_input"": ""100,"", ""activation"": ""2"", ""solver"": ""1"", ""alpha"": 0.0001, ""maxItera"": 200, ""replicable"": true}, ""contrast_level"": 2, ""node_type"": ""model""}]}",1.0
你的任务是使用螃蟹年龄的训练数据集去建立一个随机森林模型来预测螃蟹的年龄。然后，用这个模型对螃蟹年龄的测试数据集进行预测，最后把预测结果保存下来。数据集需要进行独热编码,1.0,18552,2160,114.03777003288268,8.719881534576416,26.45265364646912,56.96183371543884,21.903401136398315,"{""edges"": [{""edge_id"": ""60559"", ""source_node_id"": ""2710"", ""target_node_id"": ""2712""}, {""edge_id"": ""60560"", ""source_node_id"": ""2711"", ""target_node_id"": ""2713""}, {""edge_id"": ""60561"", ""source_node_id"": ""2712"", ""target_node_id"": ""2714""}, {""edge_id"": ""60562"", ""source_node_id"": ""2713"", ""target_node_id"": ""2715""}, {""edge_id"": ""60563"", ""source_node_id"": ""2714"", ""target_node_id"": ""2715""}, {""edge_id"": ""60564"", ""source_node_id"": ""2715"", ""target_node_id"": ""2716""}], ""nodes"": [{""node_id"": ""2710"", ""widget_name"": ""SQL Table"", ""node_name"": ""螃蟹年龄训练数据"", ""node_params"": {""table_name"": ""crab_age_train"", ""target_column"": ""Age""}, ""matched"": true}, {""node_id"": ""2711"", ""widget_name"": ""SQL Table"", ""node_name"": ""螃蟹年龄测试数据"", ""node_params"": {""table_name"": ""crab_age_test"", ""target_column"": ""Age""}, ""matched"": true}, {""node_id"": ""2712"", ""widget_name"": ""One Hot Encoder"", ""node_name"": ""训练数据独热编码"", ""node_params"": {""encode_vars"": []}, ""matched"": true}, {""node_id"": ""2713"", ""widget_name"": ""One Hot Encoder"", ""node_name"": ""测试数据独热编码"", ""node_params"": {""encode_vars"": []}, ""matched"": true}, {""node_id"": ""2714"", ""widget_name"": ""Random Forest"", ""node_name"": ""随机森林模型"", ""node_params"": {""n_estimators"": 10, ""use_max_features"": false, ""max_features"": ""auto"", ""use_random_state"": false, ""use_max_depth"": false, ""max_depth"": 3, ""use_min_samples_split"": true, ""min_samples_split"": 2}, ""matched"": true}, {""node_id"": ""2715"", ""widget_name"": ""Predictions"", ""node_name"": ""预测"", ""node_params"": {""output_attrs"": true, ""output_predictions"": true, ""output_probabilities"": false}, ""matched"": true}, {""node_id"": ""2716"", ""widget_name"": ""Save Data"", ""node_name"": ""保存预测结果"", ""node_params"": {}, ""matched"": true}]}","{""dependency_requirements"": [{""edge_id"": ""2233"", ""source_node_id"": ""2710"", ""target_node_id"": ""2712""}, {""edge_id"": ""2234"", ""source_node_id"": ""2711"", ""target_node_id"": ""2713""}, {""edge_id"": ""2235"", ""source_node_id"": ""2712"", ""target_node_id"": ""2714""}, {""edge_id"": ""2236"", ""source_node_id"": ""2713"", ""target_node_id"": ""2715""}, {""edge_id"": ""2237"", ""source_node_id"": ""2714"", ""target_node_id"": ""2715""}, {""edge_id"": ""2238"", ""source_node_id"": ""2715"", ""target_node_id"": ""2716""}], ""step_requirements"": [{""node_id"": ""2710"", ""algorithm_step_name"": ""Tabular Dataset Loading"", ""node_name"": ""螃蟹年龄训练数据"", ""node_params"": {""table_name"": ""crab_age_train"", ""target_column"": ""Age""}, ""contrast_level"": 2, ""node_type"": ""io""}, {""node_id"": ""2711"", ""algorithm_step_name"": ""Tabular Dataset Loading"", ""node_name"": ""螃蟹年龄测试数据"", ""node_params"": {""table_name"": ""crab_age_test"", ""target_column"": ""Age""}, ""contrast_level"": 2, ""node_type"": ""io""}, {""node_id"": ""2712"", ""algorithm_step_name"": ""One Hot Encoding"", ""node_name"": ""训练数据独热编码"", ""node_params"": {}, ""contrast_level"": 1, ""node_type"": ""feature engineering""}, {""node_id"": ""2713"", ""algorithm_step_name"": ""One Hot Encoding"", ""node_name"": ""测试数据独热编码"", ""node_params"": {}, ""contrast_level"": 1, ""node_type"": ""feature engineering""}, {""node_id"": ""2714"", ""algorithm_step_name"": ""Random Forest"", ""node_name"": ""随机森林模型"", ""node_params"": {}, ""contrast_level"": 1, ""node_type"": ""model""}, {""node_id"": ""2715"", ""algorithm_step_name"": ""Test Dataset Predictions"", ""node_name"": ""预测结果"", ""node_params"": {""output_attrs"": true, ""output_predictions"": true, ""output_probabilities"": false}, ""contrast_level"": 2, ""node_type"": ""predict""}, {""node_id"": ""2716"", ""algorithm_step_name"": ""Save Data"", ""node_name"": ""保存预测结果"", ""node_params"": {}, ""contrast_level"": 2, ""node_type"": ""io""}]}",1.0
您的任务是构建一个机器学习模型，帮助我预测野生蓝莓的产量。特征工程的处理方法为：特征构建和特征选择。特征工程处理之后还需要对数据进行抽样处理，最后用抽样的数据对训练好的模型进行评估。,0.9167,20544,1887,91.35958075523376,7.952693462371826,31.350745677948,36.844884395599365,15.211257219314575,"{""edges"": [{""edge_id"": ""60565"", ""source_node_id"": ""2776"", ""target_node_id"": ""2780""}, {""edge_id"": ""60566"", ""source_node_id"": ""2780"", ""target_node_id"": ""2777""}, {""edge_id"": ""60567"", ""source_node_id"": ""2777"", ""target_node_id"": ""2778""}, {""edge_id"": ""60568"", ""source_node_id"": ""2777"", ""target_node_id"": ""2779""}, {""edge_id"": ""60570"", ""source_node_id"": ""2778"", ""target_node_id"": ""2779""}], ""nodes"": [{""node_id"": ""2775"", ""widget_name"": ""SQL Table"", ""node_name"": ""野生蓝莓产量训练数据"", ""node_params"": {""table_name"": ""wild_blueberry_yield_train"", ""target_column"": ""yield""}, ""matched"": true}, {""node_id"": ""2776"", ""widget_name"": ""Feature Constructor"", ""node_name"": ""特征构建"", ""node_params"": {""expressions"": []}, ""matched"": true}, {""node_id"": ""2780"", ""widget_name"": ""Select Best N Attributes"", ""node_name"": ""特征选择"", ""node_params"": {""n"": 3}, ""matched"": true}, {""node_id"": ""2777"", ""widget_name"": ""Data Sampler"", ""node_name"": ""数据划分"", ""node_params"": {""sampling_type"": 0, ""percentage"": 10, ""n_samples"": 15, ""replacement"": false, ""n_folds"": 10, ""selected_folds"": 1, ""replicable"": false, ""stratified"": false}, ""matched"": true}, {""node_id"": ""2778"", ""widget_name"": ""Linear Regression"", ""node_name"": ""线性回归模型"", ""node_params"": {""regression_type"": ""0""}, ""matched"": true}, {""node_id"": ""2779"", ""widget_name"": ""Test & Score"", ""node_name"": ""模型评估"", ""node_params"": {}, ""matched"": true}]}","{""dependency_requirements"": [{""edge_id"": ""2304"", ""source_node_id"": ""2775"", ""target_node_id"": ""2776""}, {""edge_id"": ""2305"", ""source_node_id"": ""2780"", ""target_node_id"": ""2777""}, {""edge_id"": ""2306"", ""source_node_id"": ""2777"", ""target_node_id"": ""2778""}, {""edge_id"": ""2307"", ""source_node_id"": ""2777"", ""target_node_id"": ""2779""}, {""edge_id"": ""2309"", ""source_node_id"": ""2778"", ""target_node_id"": ""2779""}, {""edge_id"": ""2310"", ""source_node_id"": ""2776"", ""target_node_id"": ""2780""}], ""step_requirements"": [{""node_id"": ""2775"", ""algorithm_step_name"": ""Tabular Dataset Loading"", ""node_name"": ""野生蓝莓产量训练数据"", ""node_params"": {""table_name"": ""wild_blueberry_yield_train"", ""target_column"": ""yield""}, ""contrast_level"": 2, ""node_type"": ""io""}, {""node_id"": ""2776"", ""algorithm_step_name"": ""Feature Construction"", ""node_name"": ""特征构建"", ""node_params"": {}, ""contrast_level"": 1, ""node_type"": ""feature engineering""}, {""node_id"": ""2777"", ""algorithm_step_name"": ""Dataset Division"", ""node_name"": ""数据划分"", ""node_params"": {}, ""contrast_level"": 1, ""node_type"": ""preprocess""}, {""node_id"": ""2778"", ""algorithm_step_name"": ""XGBoost"", ""node_name"": ""XGBoost回归器"", ""node_params"": {}, ""contrast_level"": 0, ""node_type"": ""model""}, {""node_id"": ""2779"", ""algorithm_step_name"": ""Model Evaluate"", ""node_name"": ""模型评估"", ""node_params"": {}, ""contrast_level"": 2, ""node_type"": ""evaluate""}, {""node_id"": ""2780"", ""algorithm_step_name"": ""Feature Selection"", ""node_name"": ""Select Best N Attributes"", ""node_params"": {}, ""contrast_level"": 1, ""node_type"": ""feature engineering""}]}",0.8333
您的任务是根据媒体宣传成本的训练数据去构建一个机器学习模型，帮助我们预测食品超市的媒体宣传成本。然后，用这个模型对媒体宣传成本的测试数据集进行预测，最后把预测结果保存下来。,1.0,20103,2813,140.13980841636658,10.7031888961792,38.03593444824219,62.164796590805054,29.235888481140137,"{""edges"": [{""edge_id"": ""60571"", ""source_node_id"": ""2740"", ""target_node_id"": ""2745""}, {""edge_id"": ""60572"", ""source_node_id"": ""2741"", ""target_node_id"": ""2743""}, {""edge_id"": ""60573"", ""source_node_id"": ""2745"", ""target_node_id"": ""2743""}, {""edge_id"": ""60574"", ""source_node_id"": ""2743"", ""target_node_id"": ""2744""}], ""nodes"": [{""node_id"": ""2740"", ""widget_name"": ""SQL Table"", ""node_name"": ""媒体宣传成本训练数据"", ""node_params"": {""table_name"": ""media_campaign_cost_train"", ""target_column"": ""cost""}, ""matched"": true}, {""node_id"": ""2745"", ""widget_name"": ""Linear Regression"", ""node_name"": ""线性回归模型"", ""node_params"": {""regression_type"": ""0""}, ""matched"": true}, {""node_id"": ""2741"", ""widget_name"": ""SQL Table"", ""node_name"": ""媒体宣传成本测试数据"", ""node_params"": {""table_name"": ""media_campaign_cost_test"", ""target_column"": ""cost""}, ""matched"": true}, {""node_id"": ""2743"", ""widget_name"": ""Predictions"", ""node_name"": ""预测"", ""node_params"": {""output_attrs"": true, ""output_predictions"": true, ""output_probabilities"": false}, ""matched"": true}, {""node_id"": ""2744"", ""widget_name"": ""Save Data"", ""node_name"": ""保存预测结果"", ""node_params"": {}, ""matched"": true}]}","{""dependency_requirements"": [{""edge_id"": ""2261"", ""source_node_id"": ""2741"", ""target_node_id"": ""2743""}, {""edge_id"": ""2262"", ""source_node_id"": ""2740"", ""target_node_id"": ""2745""}, {""edge_id"": ""2263"", ""source_node_id"": ""2745"", ""target_node_id"": ""2743""}, {""edge_id"": ""2264"", ""source_node_id"": ""2743"", ""target_node_id"": ""2744""}], ""step_requirements"": [{""node_id"": ""2740"", ""algorithm_step_name"": ""Tabular Dataset Loading"", ""node_name"": ""食品超市媒体宣传成本训练数据"", ""node_params"": {""table_name"": ""media_campaign_cost_train"", ""target_column"": ""cost""}, ""contrast_level"": 2, ""node_type"": ""io""}, {""node_id"": ""2741"", ""algorithm_step_name"": ""Tabular Dataset Loading"", ""node_name"": ""食品超市媒体宣传成本测试数据"", ""node_params"": {""table_name"": ""media_campaign_cost_test"", ""target_column"": ""cost""}, ""contrast_level"": 2, ""node_type"": ""io""}, {""node_id"": ""2743"", ""algorithm_step_name"": ""Test Dataset Predictions"", ""node_name"": ""预测"", ""node_params"": {""output_attrs"": true, ""output_predictions"": true, ""output_probabilities"": false}, ""contrast_level"": 2, ""node_type"": ""predict""}, {""node_id"": ""2744"", ""algorithm_step_name"": ""Save Data"", ""node_name"": ""保存预测结果"", ""node_params"": {}, ""contrast_level"": 2, ""node_type"": ""io""}, {""node_id"": ""2745"", ""algorithm_step_name"": ""XGBoost"", ""node_name"": ""XGBoost"", ""node_params"": {}, ""contrast_level"": 0, ""node_type"": ""model""}]}",1.0
我需要你使用银行信用贷款的训练数据，构建一个能够预测客户是否会流失的随机森林模型。然后，用这个模型对测试数据进行预测，并把预测结果保存下来，最后展示预测结果的混淆矩阵,0.9091,21458,2570,131.01998567581177,8.75778341293335,32.329155683517456,64.30673432350159,25.62631225585937,"{""edges"": [{""edge_id"": ""60575"", ""source_node_id"": ""2561"", ""target_node_id"": ""72330""}, {""edge_id"": ""60576"", ""source_node_id"": ""2562"", ""target_node_id"": ""72331""}, {""edge_id"": ""60577"", ""source_node_id"": ""72330"", ""target_node_id"": ""2565""}, {""edge_id"": ""60578"", ""source_node_id"": ""72331"", ""target_node_id"": ""2567""}, {""edge_id"": ""60579"", ""source_node_id"": ""2565"", ""target_node_id"": ""2567""}, {""edge_id"": ""60580"", ""source_node_id"": ""2567"", ""target_node_id"": ""2568""}, {""edge_id"": ""60581"", ""source_node_id"": ""2567"", ""target_node_id"": ""2569""}], ""nodes"": [{""node_id"": ""2561"", ""widget_name"": ""SQL Table"", ""node_name"": ""银行信用贷款训练数据"", ""node_params"": {""table_name"": ""bank_customer_churn_train"", ""target_column"": ""Exited""}, ""matched"": true}, {""node_id"": ""2562"", ""widget_name"": ""SQL Table"", ""node_name"": ""银行信用贷款测试数据"", ""node_params"": {""table_name"": ""bank_customer_churn_test"", ""target_column"": ""Exited""}, ""matched"": true}, {""node_id"": ""72330"", ""widget_name"": ""One Hot Encoder"", ""node_name"": ""训练数据独热编码"", ""node_params"": {""encode_vars"": [""Geography"", ""Gender""]}, ""matched"": false}, {""node_id"": ""72331"", ""widget_name"": ""One Hot Encoder"", ""node_name"": ""测试数据独热编码"", ""node_params"": {""encode_vars"": [""Geography"", ""Gender""]}, ""matched"": false}, {""node_id"": ""2565"", ""widget_name"": ""Random Forest"", ""node_name"": ""随机森林模型"", ""node_params"": {""n_estimators"": 10, ""use_max_features"": false, ""max_features"": ""auto"", ""use_random_state"": false, ""use_max_depth"": false, ""max_depth"": 3, ""use_min_samples_split"": true, ""min_samples_split"": 2}, ""matched"": true}, {""node_id"": ""2567"", ""widget_name"": ""Predictions"", ""node_name"": ""预测"", ""node_params"": {""output_attrs"": true, ""output_predictions"": true, ""output_probabilities"": true}, ""matched"": true}, {""node_id"": ""2568"", ""widget_name"": ""Save Data"", ""node_name"": ""保存预测结果"", ""node_params"": {}, ""matched"": true}, {""node_id"": ""2569"", ""widget_name"": ""Confusion Matrix"", ""node_name"": ""混淆矩阵"", ""node_params"": {}, ""matched"": true}]}","{""dependency_requirements"": [{""edge_id"": ""2111"", ""source_node_id"": ""2561"", ""target_node_id"": ""2565""}, {""edge_id"": ""2112"", ""source_node_id"": ""2562"", ""target_node_id"": ""2567""}, {""edge_id"": ""2113"", ""source_node_id"": ""2565"", ""target_node_id"": ""2567""}, {""edge_id"": ""2114"", ""source_node_id"": ""2567"", ""target_node_id"": ""2568""}, {""edge_id"": ""2116"", ""source_node_id"": ""2568"", ""target_node_id"": ""2569""}], ""step_requirements"": [{""node_id"": ""2561"", ""algorithm_step_name"": ""Tabular Dataset Loading"", ""node_name"": ""银行信用贷款训练数据"", ""node_params"": {""table_name"": ""bank_customer_churn_train"", ""target_column"": ""Exited""}, ""contrast_level"": 2, ""node_type"": ""io""}, {""node_id"": ""2562"", ""algorithm_step_name"": ""Tabular Dataset Loading"", ""node_name"": ""银行信用贷款测试数据"", ""node_params"": {""table_name"": ""bank_customer_churn_test"", ""target_column"": ""Exited""}, ""contrast_level"": 2, ""node_type"": ""io""}, {""node_id"": ""2565"", ""algorithm_step_name"": ""Random Forest"", ""node_name"": ""随机森林模型"", ""node_params"": {}, ""contrast_level"": 1, ""node_type"": ""model""}, {""node_id"": ""2567"", ""algorithm_step_name"": ""Test Dataset Predictions"", ""node_name"": ""预测结果"", ""node_params"": {""output_attrs"": true, ""output_predictions"": true, ""output_probabilities"": true}, ""contrast_level"": 2, ""node_type"": ""predict""}, {""node_id"": ""2568"", ""algorithm_step_name"": ""Save Data"", ""node_name"": ""保存预测结果"", ""node_params"": {}, ""contrast_level"": 1, ""node_type"": ""io""}, {""node_id"": ""2569"", ""algorithm_step_name"": ""Confusion Matrix"", ""node_name"": ""混淆矩阵"", ""node_params"": {}, ""contrast_level"": 1, ""node_type"": ""visualize""}]}",0.7143
请你使用生物信号训练数据集来预测个体是否为吸烟者，你的最终目标是建立一个能够准确判断个体吸烟状态的XGboost模型，学习率使用0.1，学习器使用DART模型。,1.0,9863,1491,80.32925176620483,6.011648654937744,20.447470664978027,34.84897208213806,19.021160364151,"{""edges"": [{""edge_id"": ""60582"", ""source_node_id"": ""2570"", ""target_node_id"": ""2572""}], ""nodes"": [{""node_id"": ""2570"", ""widget_name"": ""SQL Table"", ""node_name"": ""生物信号训练数据"", ""node_params"": {""table_name"": ""smoker_status_bio_signals_train"", ""target_column"": ""smoking""}, ""matched"": true}, {""node_id"": ""2572"", ""widget_name"": ""XGBoost"", ""node_name"": ""XGBoost模型"", ""node_params"": {""booster"": ""dart"", ""learning_rate"": 0.1, ""gamma"": 0, ""max_depth"": 6, ""min_child_widget"": 1, ""max_delta_step"": 0, ""subsample"": 1, ""sampling_method"": ""uniform"", ""lambda"": 1, ""alpha"": 0, ""tree_method"": ""auto"", ""scale_pos_weight"": 1, ""updater"": ""grow_colmaker"", ""process_type"": ""default"", ""grow_policy"": ""depthwise""}, ""matched"": true}]}","{""dependency_requirements"": [{""edge_id"": ""2117"", ""source_node_id"": ""2570"", ""target_node_id"": ""2572""}], ""step_requirements"": [{""node_id"": ""2570"", ""algorithm_step_name"": ""Tabular Dataset Loading"", ""node_name"": ""生物信号训练数据"", ""node_params"": {""table_name"": ""smoker_status_bio_signals_train"", ""target_column"": ""smoking""}, ""contrast_level"": 2, ""node_type"": ""io""}, {""node_id"": ""2572"", ""algorithm_step_name"": ""XGBoost"", ""node_name"": ""XGBoost模型"", ""node_params"": {""booster"": ""dart"", ""learning_rate"": 0.1, ""gamma"": 0, ""max_depth"": 6, ""min_child_widget"": 1, ""max_delta_step"": 0, ""subsample"": 1, ""sampling_method"": ""uniform"", ""lambda"": 1, ""alpha"": 0, ""tree_method"": ""auto"", ""scale_pos_weight"": 1, ""updater"": ""grow_colmaker"", ""process_type"": ""default"", ""grow_policy"": ""depthwise""}, ""contrast_level"": 2, ""node_type"": ""model""}]}",1.0
你需要使用人类的肾结石相关指标数据，开发一个机器学习模型预测一个人是否患有肾结石。我需要你在模型训练之前，加一步数据划分的数据处理，最后还要用划分后的验证集对模型进行评估。,1.0,13455,1663,77.98838543891907,7.3671715259552,31.70464134216309,29.151583433151245,9.764989137649536,"{""edges"": [{""edge_id"": ""60583"", ""source_node_id"": ""2577"", ""target_node_id"": ""2578""}, {""edge_id"": ""60584"", ""source_node_id"": ""2578"", ""target_node_id"": ""2579""}, {""edge_id"": ""60585"", ""source_node_id"": ""2578"", ""target_node_id"": ""2580""}, {""edge_id"": ""60587"", ""source_node_id"": ""2579"", ""target_node_id"": ""2580""}], ""nodes"": [{""node_id"": ""2577"", ""widget_name"": ""SQL Table"", ""node_name"": ""肾结石相关指标训练数据"", ""node_params"": {""table_name"": ""kidney_stone_train"", ""target_column"": ""target""}, ""matched"": true}, {""node_id"": ""2578"", ""widget_name"": ""Data Sampler"", ""node_name"": ""数据划分"", ""node_params"": {""sampling_type"": 0, ""percentage"": 10, ""n_samples"": 15, ""replacement"": false, ""n_folds"": 10, ""selected_folds"": 1, ""replicable"": false, ""stratified"": false}, ""matched"": true}, {""node_id"": ""2579"", ""widget_name"": ""Logistic Regression"", ""node_name"": ""逻辑回归模型"", ""node_params"": {""C"": 1, ""penalty"": ""l2""}, ""matched"": true}, {""node_id"": ""2580"", ""widget_name"": ""Test & Score"", ""node_name"": ""模型评估"", ""node_params"": {}, ""matched"": true}]}","{""dependency_requirements"": [{""edge_id"": ""2119"", ""source_node_id"": ""2577"", ""target_node_id"": ""2578""}, {""edge_id"": ""2120"", ""source_node_id"": ""2578"", ""target_node_id"": ""2579""}, {""edge_id"": ""2121"", ""source_node_id"": ""2578"", ""target_node_id"": ""2580""}, {""edge_id"": ""2123"", ""source_node_id"": ""2579"", ""target_node_id"": ""2580""}], ""step_requirements"": [{""node_id"": ""2577"", ""algorithm_step_name"": ""Tabular Dataset Loading"", ""node_name"": ""肾结石指标训练数据"", ""node_params"": {""table_name"": ""kidney_stone_train"", ""target_column"": ""target""}, ""contrast_level"": 2, ""node_type"": ""io""}, {""node_id"": ""2578"", ""algorithm_step_name"": ""Dataset Division"", ""node_name"": ""数据划分"", ""node_params"": {}, ""contrast_level"": 1, ""node_type"": ""preprocess""}, {""node_id"": ""2579"", ""algorithm_step_name"": ""LightGBM"", ""node_name"": ""LightGBM分类器"", ""node_params"": {}, ""contrast_level"": 0, ""node_type"": ""model""}, {""node_id"": ""2580"", ""algorithm_step_name"": ""Model Evaluate"", ""node_name"": ""模型评估"", ""node_params"": {}, ""contrast_level"": 2, ""node_type"": ""evaluate""}]}",1.0
你的目标是帮助我的酒店更好地预判客户是否会取消预订。你首先要加载酒店预定的训练数据和测试数据，用训练数据训练一个LightGBM模型，然后用LightGBM模型对酒店预定的测试数据进行预测，最后将预测结果保存。,1.0,16781,2595,135.68062901496887,7.851662635803223,29.210235357284542,65.15110278129578,33.46762824058533,"{""edges"": [{""edge_id"": ""60588"", ""source_node_id"": ""2582"", ""target_node_id"": ""2586""}, {""edge_id"": ""60589"", ""source_node_id"": ""2583"", ""target_node_id"": ""2587""}, {""edge_id"": ""60590"", ""source_node_id"": ""2586"", ""target_node_id"": ""2587""}, {""edge_id"": ""60591"", ""source_node_id"": ""2587"", ""target_node_id"": ""2588""}], ""nodes"": [{""node_id"": ""2582"", ""widget_name"": ""SQL Table"", ""node_name"": ""酒店预定训练数据"", ""node_params"": {""table_name"": ""reservation_cancellation_train"", ""target_column"": ""booking_status""}, ""matched"": true}, {""node_id"": ""2583"", ""widget_name"": ""SQL Table"", ""node_name"": ""酒店预定测试数据"", ""node_params"": {""table_name"": ""reservation_cancellation_test"", ""target_column"": ""booking_status""}, ""matched"": true}, {""node_id"": ""2586"", ""widget_name"": ""LightGBM"", ""node_name"": ""LightGBM模型"", ""node_params"": {""boosting_type"": ""gbdt"", ""n_estimators"": 10, ""learning_rate"": 0.1, ""sampling_rate"": 0.1, ""max_depth_check"": false, ""max_depth"": 3, ""num_leaves_check"": false, ""num_leaves"": 31}, ""matched"": true}, {""node_id"": ""2587"", ""widget_name"": ""Predictions"", ""node_name"": ""预测"", ""node_params"": {""output_attrs"": true, ""output_predictions"": true, ""output_probabilities"": true}, ""matched"": true}, {""node_id"": ""2588"", ""widget_name"": ""Save Data"", ""node_name"": ""保存预测结果"", ""node_params"": {}, ""matched"": true}]}","{""dependency_requirements"": [{""edge_id"": ""2129"", ""source_node_id"": ""2586"", ""target_node_id"": ""2587""}, {""edge_id"": ""2130"", ""source_node_id"": ""2587"", ""target_node_id"": ""2588""}, {""edge_id"": ""2131"", ""source_node_id"": ""2583"", ""target_node_id"": ""2589""}, {""edge_id"": ""2133"", ""source_node_id"": ""2582"", ""target_node_id"": ""2586""}], ""step_requirements"": [{""node_id"": ""2582"", ""algorithm_step_name"": ""Tabular Dataset Loading"", ""node_name"": ""酒店预定训练数据"", ""node_params"": {""table_name"": ""reservation_cancellation_train"", ""target_column"": ""booking_status""}, ""contrast_level"": 2, ""node_type"": ""io""}, {""node_id"": ""2583"", ""algorithm_step_name"": ""Tabular Dataset Loading"", ""node_name"": ""酒店预定测试数据"", ""node_params"": {""table_name"": ""reservation_cancellation_test"", ""target_column"": ""booking_status""}, ""contrast_level"": 2, ""node_type"": ""io""}, {""node_id"": ""2586"", ""algorithm_step_name"": ""LightGBM"", ""node_name"": ""LightGBM模型"", ""node_params"": {}, ""contrast_level"": 1, ""node_type"": ""model""}, {""node_id"": ""2587"", ""algorithm_step_name"": ""Test Dataset Predictions"", ""node_name"": ""预测"", ""node_params"": {""output_attrs"": true, ""output_predictions"": true, ""output_probabilities"": true}, ""contrast_level"": 2, ""node_type"": ""predict""}, {""node_id"": ""2588"", ""algorithm_step_name"": ""Save Data"", ""node_name"": ""保存预测结果"", ""node_params"": {}, ""contrast_level"": 2, ""node_type"": ""io""}]}",0.8
你的目标是通过与肥胖相关的各种因素，如饮食、生活方式等数据，训练一个模型来预测个体的肥胖风险等级。特征工程处理时，我需要你进行特征构建和特征选择。,1.0,10893,1575,77.8867506980896,5.256389617919922,21.71732211112976,35.63664770126343,15.27639126777649,"{""edges"": [{""edge_id"": ""60592"", ""source_node_id"": ""2594"", ""target_node_id"": ""2597""}, {""edge_id"": ""60593"", ""source_node_id"": ""2597"", ""target_node_id"": ""2598""}, {""edge_id"": ""60594"", ""source_node_id"": ""2598"", ""target_node_id"": ""2599""}], ""nodes"": [{""node_id"": ""2594"", ""widget_name"": ""SQL Table"", ""node_name"": ""肥胖相关训练数据"", ""node_params"": {""table_name"": ""obesity_cvd_risk_train"", ""target_column"": ""NObeyesdad""}, ""matched"": true}, {""node_id"": ""2597"", ""widget_name"": ""Feature Constructor"", ""node_name"": ""特征构建"", ""node_params"": {""expressions"": [{""key"": 0, ""name"": ""BMI"", ""expression"": ""Weight / (Height ** 2)"", ""type"": ""2"", ""image"": ""N"", ""categories"": ""A, B""}]}, ""matched"": true}, {""node_id"": ""2598"", ""widget_name"": ""Select Best N Attributes"", ""node_name"": ""特征选择"", ""node_params"": {""n"": 5}, ""matched"": true}, {""node_id"": ""2599"", ""widget_name"": ""Random Forest"", ""node_name"": ""随机森林分类器"", ""node_params"": {""n_estimators"": 10, ""use_max_features"": false, ""max_features"": ""auto"", ""use_random_state"": false, ""use_max_depth"": false, ""max_depth"": 3, ""use_min_samples_split"": true, ""min_samples_split"": 2}, ""matched"": true}]}","{""dependency_requirements"": [{""edge_id"": ""2139"", ""source_node_id"": ""2594"", ""target_node_id"": ""2597""}, {""edge_id"": ""2140"", ""source_node_id"": ""2597"", ""target_node_id"": ""2598""}, {""edge_id"": ""2141"", ""source_node_id"": ""2598"", ""target_node_id"": ""2599""}], ""step_requirements"": [{""node_id"": ""2594"", ""algorithm_step_name"": ""Tabular Dataset Loading"", ""node_name"": ""肥胖风险训练数据"", ""node_params"": {""table_name"": ""obesity_cvd_risk_train"", ""target_column"": ""NObeyesdad""}, ""contrast_level"": 2, ""node_type"": ""io""}, {""node_id"": ""2597"", ""algorithm_step_name"": ""Feature Construction"", ""node_name"": ""特征构建处理"", ""node_params"": {}, ""contrast_level"": 1, ""node_type"": ""feature engineering""}, {""node_id"": ""2598"", ""algorithm_step_name"": ""Feature Selection"", ""node_name"": ""自动特征选择处理"", ""node_params"": {}, ""contrast_level"": 1, ""node_type"": ""feature engineering""}, {""node_id"": ""2599"", ""algorithm_step_name"": ""XGBoost"", ""node_name"": ""XGBoost分类器"", ""node_params"": {}, ""contrast_level"": 0, ""node_type"": ""model""}]}",1.0
你的目标是构建一个机器学习模型，用于预测肝硬化患者的生存状态。我需要你在处理完数据集之后将数据集划分为训练集和验证集，以便最后用划分的训练数据对模型进行训练，用验证数据对模型进行评估。,0.8,21109,2911,143.2514569759369,7.364283561706543,30.49728441238404,73.2171676158905,32.17272138595581,"{""edges"": [{""edge_id"": ""60595"", ""source_node_id"": ""2607"", ""target_node_id"": ""72352""}, {""edge_id"": ""60596"", ""source_node_id"": ""72352"", ""target_node_id"": ""2611""}, {""edge_id"": ""60597"", ""source_node_id"": ""2607"", ""target_node_id"": ""2612""}, {""edge_id"": ""60598"", ""source_node_id"": ""2611"", ""target_node_id"": ""2612""}, {""edge_id"": ""60599"", ""source_node_id"": ""72352"", ""target_node_id"": ""2612""}], ""nodes"": [{""node_id"": ""2607"", ""widget_name"": ""SQL Table"", ""node_name"": ""肝硬化患者数据集"", ""node_params"": {""table_name"": ""cirrhosis_patient_train"", ""target_column"": ""Status""}, ""matched"": true}, {""node_id"": ""72352"", ""widget_name"": ""One Hot Encoder"", ""node_name"": ""独热编码处理"", ""node_params"": {""encode_vars"": [""Drug"", ""Ascites"", ""Hepatomegaly"", ""Spiders"", ""Edema"", ""Stage""]}, ""matched"": false}, {""node_id"": ""2611"", ""widget_name"": ""Random Forest"", ""node_name"": ""随机森林分类器"", ""node_params"": {""n_estimators"": 10, ""use_max_features"": false, ""max_features"": ""auto"", ""use_random_state"": false, ""use_max_depth"": false, ""max_depth"": 3, ""use_min_samples_split"": true, ""min_samples_split"": 2}, ""matched"": true}, {""node_id"": ""2612"", ""widget_name"": ""Test & Score"", ""node_name"": ""模型评估"", ""node_params"": {}, ""matched"": true}]}","{""dependency_requirements"": [{""edge_id"": ""2148"", ""source_node_id"": ""2607"", ""target_node_id"": ""2610""}, {""edge_id"": ""2152"", ""source_node_id"": ""2610"", ""target_node_id"": ""2611""}, {""edge_id"": ""2152"", ""source_node_id"": ""2610"", ""target_node_id"": ""2612""}, {""edge_id"": ""2154"", ""source_node_id"": ""2611"", ""target_node_id"": ""2612""}], ""step_requirements"": [{""node_id"": ""2607"", ""algorithm_step_name"": ""Tabular Dataset Loading"", ""node_name"": ""肝硬化患者生存状态训练数据"", ""node_params"": {""table_name"": ""cirrhosis_patient_train"", ""target_column"": ""Status""}, ""contrast_level"": 2, ""node_type"": ""io""}, {""node_id"": ""2610"", ""algorithm_step_name"": ""Dataset Division"", ""node_name"": ""数据划分"", ""node_params"": {}, ""contrast_level"": 1, ""node_type"": ""preprocess""}, {""node_id"": ""2611"", ""algorithm_step_name"": ""XGBoost"", ""node_name"": ""XGBoost分类器"", ""node_params"": {}, ""contrast_level"": 0, ""node_type"": ""model""}, {""node_id"": ""2612"", ""algorithm_step_name"": ""Model Evaluate"", ""node_name"": ""评估"", ""node_params"": {}, ""contrast_level"": 2, ""node_type"": ""evaluate""}]}",0.75
根据马匹健康状况的各项指标检测数据，预测马匹的健康状况。我需要你使用训练数据集训练模型，然后用模型预测测试数据，最后将预测结果保存。,1.0,26867,3082,139.99928545951843,10.556414365768433,44.08842086791992,64.50303840637207,20.851411819458008,"{""edges"": [{""edge_id"": ""60600"", ""source_node_id"": ""2635"", ""target_node_id"": ""72356""}, {""edge_id"": ""60601"", ""source_node_id"": ""72356"", ""target_node_id"": ""72357""}, {""edge_id"": ""60602"", ""source_node_id"": ""72357"", ""target_node_id"": ""2642""}, {""edge_id"": ""60603"", ""source_node_id"": ""2636"", ""target_node_id"": ""72360""}, {""edge_id"": ""60604"", ""source_node_id"": ""72360"", ""target_node_id"": ""72361""}, {""edge_id"": ""60605"", ""source_node_id"": ""72361"", ""target_node_id"": ""2643""}, {""edge_id"": ""60606"", ""source_node_id"": ""2642"", ""target_node_id"": ""2643""}, {""edge_id"": ""60607"", ""source_node_id"": ""2643"", ""target_node_id"": ""2644""}], ""nodes"": [{""node_id"": ""2635"", ""widget_name"": ""SQL Table"", ""node_name"": ""马匹健康状况训练数据"", ""node_params"": {""table_name"": ""horse_health_outcomes_train"", ""target_column"": ""outcome""}, ""matched"": true}, {""node_id"": ""72356"", ""widget_name"": ""Impute"", ""node_name"": ""缺失值处理"", ""node_params"": {""method"": 1}, ""matched"": false}, {""node_id"": ""72357"", ""widget_name"": ""One Hot Encoder"", ""node_name"": ""独热编码处理"", ""node_params"": {""encode_vars"": [""peripheral_pulse"", ""mucous_membrane"", ""capillary_refill_time""]}, ""matched"": false}, {""node_id"": ""2642"", ""widget_name"": ""Random Forest"", ""node_name"": ""随机森林分类器"", ""node_params"": {""n_estimators"": 10, ""use_max_features"": false, ""max_features"": ""auto"", ""use_random_state"": false, ""use_max_depth"": false, ""max_depth"": 3, ""use_min_samples_split"": true, ""min_samples_split"": 2}, ""matched"": true}, {""node_id"": ""2636"", ""widget_name"": ""SQL Table"", ""node_name"": ""马匹健康状况测试数据"", ""node_params"": {""table_name"": ""horse_health_outcomes_test"", ""target_column"": ""outcome""}, ""matched"": true}, {""node_id"": ""72360"", ""widget_name"": ""Impute"", ""node_name"": ""测试数据缺失值处理"", ""node_params"": {""method"": 1}, ""matched"": false}, {""node_id"": ""72361"", ""widget_name"": ""One Hot Encoder"", ""node_name"": ""测试数据独热编码"", ""node_params"": {""encode_vars"": [""peripheral_pulse"", ""mucous_membrane"", ""capillary_refill_time""]}, ""matched"": false}, {""node_id"": ""2643"", ""widget_name"": ""Predictions"", ""node_name"": ""预测"", ""node_params"": {""output_attrs"": true, ""output_predictions"": true, ""output_probabilities"": true}, ""matched"": true}, {""node_id"": ""2644"", ""widget_name"": ""Save Data"", ""node_name"": ""保存预测结果"", ""node_params"": {}, ""matched"": true}]}","{""dependency_requirements"": [{""edge_id"": ""2178"", ""source_node_id"": ""2635"", ""target_node_id"": ""2642""}, {""edge_id"": ""2179"", ""source_node_id"": ""2636"", ""target_node_id"": ""2643""}, {""edge_id"": ""2185"", ""source_node_id"": ""2642"", ""target_node_id"": ""2643""}, {""edge_id"": ""2186"", ""source_node_id"": ""2643"", ""target_node_id"": ""2644""}], ""step_requirements"": [{""node_id"": ""2635"", ""algorithm_step_name"": ""Tabular Dataset Loading"", ""node_name"": ""马匹健康状况训练数据"", ""node_params"": {""table_name"": ""horse_health_outcomes_train"", ""target_column"": ""outcome""}, ""contrast_level"": 2, ""node_type"": ""io""}, {""node_id"": ""2636"", ""algorithm_step_name"": ""Tabular Dataset Loading"", ""node_name"": ""马匹健康状况测试数据"", ""node_params"": {""table_name"": ""horse_health_outcomes_test"", ""target_column"": ""outcome""}, ""contrast_level"": 2, ""node_type"": ""io""}, {""node_id"": ""2642"", ""algorithm_step_name"": ""Decision Tree Model"", ""node_name"": ""健康状态预测模型"", ""node_params"": {}, ""contrast_level"": 0, ""node_type"": ""model""}, {""node_id"": ""2643"", ""algorithm_step_name"": ""Test Dataset Predictions"", ""node_name"": ""健康状况预测"", ""node_params"": {""output_attrs"": true, ""output_predictions"": true, ""output_probabilities"": true}, ""contrast_level"": 2, ""node_type"": ""predict""}, {""node_id"": ""2644"", ""algorithm_step_name"": ""Save Data"", ""node_name"": ""保存预测结果到文件"", ""node_params"": {}, ""contrast_level"": 1, ""node_type"": ""io""}]}",0.7143
我需要你使用怪物的相关指标数据，构建一个能够区分怪物类型的机器学习模型。然后，用这个模型对测试数据进行预测，最后把预测结果保存下来。,1.0,17190,2010,104.4894642829895,7.855745315551758,27.54256796836853,52.72217750549317,16.36897349357605,"{""edges"": [{""edge_id"": ""60608"", ""source_node_id"": ""2685"", ""target_node_id"": ""72366""}, {""edge_id"": ""60609"", ""source_node_id"": ""2686"", ""target_node_id"": ""72367""}, {""edge_id"": ""60610"", ""source_node_id"": ""72366"", ""target_node_id"": ""2690""}, {""edge_id"": ""60611"", ""source_node_id"": ""72367"", ""target_node_id"": ""2691""}, {""edge_id"": ""60612"", ""source_node_id"": ""2690"", ""target_node_id"": ""2691""}, {""edge_id"": ""60613"", ""source_node_id"": ""2691"", ""target_node_id"": ""2692""}], ""nodes"": [{""node_id"": ""2685"", ""widget_name"": ""SQL Table"", ""node_name"": ""怪物训练数据"", ""node_params"": {""table_name"": ""monster_train"", ""target_column"": ""type""}, ""matched"": true}, {""node_id"": ""2686"", ""widget_name"": ""SQL Table"", ""node_name"": ""怪物测试数据"", ""node_params"": {""table_name"": ""monster_test"", ""target_column"": ""type""}, ""matched"": true}, {""node_id"": ""72366"", ""widget_name"": ""One Hot Encoder"", ""node_name"": ""训练数据独热编码"", ""node_params"": {""encode_vars"": [""color""]}, ""matched"": false}, {""node_id"": ""72367"", ""widget_name"": ""One Hot Encoder"", ""node_name"": ""测试数据独热编码"", ""node_params"": {""encode_vars"": [""color""]}, ""matched"": false}, {""node_id"": ""2690"", ""widget_name"": ""Logistic Regression"", ""node_name"": ""逻辑回归模型"", ""node_params"": {""C"": 1, ""penalty"": ""l2""}, ""matched"": true}, {""node_id"": ""2691"", ""widget_name"": ""Predictions"", ""node_name"": ""预测"", ""node_params"": {""output_attrs"": true, ""output_predictions"": true, ""output_probabilities"": true}, ""matched"": true}, {""node_id"": ""2692"", ""widget_name"": ""Save Data"", ""node_name"": ""保存预测结果"", ""node_params"": {}, ""matched"": true}]}","{""dependency_requirements"": [{""edge_id"": ""2210"", ""source_node_id"": ""2685"", ""target_node_id"": ""2690""}, {""edge_id"": ""2211"", ""source_node_id"": ""2686"", ""target_node_id"": ""2691""}, {""edge_id"": ""2212"", ""source_node_id"": ""2690"", ""target_node_id"": ""2691""}, {""edge_id"": ""2214"", ""source_node_id"": ""2691"", ""target_node_id"": ""2692""}], ""step_requirements"": [{""node_id"": ""2685"", ""algorithm_step_name"": ""Tabular Dataset Loading"", ""node_name"": ""怪物类型训练数据"", ""node_params"": {""table_name"": ""monster_train"", ""target_column"": ""type""}, ""contrast_level"": 2, ""node_type"": ""io""}, {""node_id"": ""2686"", ""algorithm_step_name"": ""Tabular Dataset Loading"", ""node_name"": ""怪物类型测试数据"", ""node_params"": {""table_name"": ""monster_test"", ""target_column"": ""type""}, ""contrast_level"": 2, ""node_type"": ""io""}, {""node_id"": ""2690"", ""algorithm_step_name"": ""Decision Tree Model"", ""node_name"": ""怪物类型决策树模型"", ""node_params"": {}, ""contrast_level"": 0, ""node_type"": ""model""}, {""node_id"": ""2691"", ""algorithm_step_name"": ""Test Dataset Predictions"", ""node_name"": ""预测"", ""node_params"": {""output_attrs"": true, ""output_predictions"": true, ""output_probabilities"": true}, ""contrast_level"": 2, ""node_type"": ""predict""}, {""node_id"": ""2692"", ""algorithm_step_name"": ""Save Data"", ""node_name"": ""保存预测结果"", ""node_params"": {}, ""contrast_level"": 2, ""node_type"": ""io""}]}",0.8333
你的目标是根据旧金山所有社区近12年的犯罪训练数据和测试数据，首先使用训练数据训练一个模型，该模型能够预测犯罪类别。然后，用这个模型对测试数据集进行预测，最后把预测结果保存下来。,0.7778,15854,1587,91.16971039772034,6.6345603466033936,20.78103733062744,47.86150932312012,15.892603397369385,"{""edges"": [{""edge_id"": ""60614"", ""source_node_id"": ""2694"", ""target_node_id"": ""2698""}, {""edge_id"": ""60615"", ""source_node_id"": ""2698"", ""target_node_id"": ""2699""}], ""nodes"": [{""node_id"": ""2693"", ""widget_name"": ""SQL Table"", ""node_name"": ""旧金山犯罪训练数据"", ""node_params"": {""table_name"": ""crime_category_train"", ""target_column"": ""category""}, ""matched"": true}, {""node_id"": ""2700"", ""widget_name"": ""Text Classification"", ""node_name"": ""文本分类模型"", ""node_params"": {""frame"": ""pytorch"", ""select_model"": ""BERT"", ""epoch"": 3, ""learning_rate"": 0.01, ""batch_size"": 4}, ""matched"": true}, {""node_id"": ""2694"", ""widget_name"": ""SQL Table"", ""node_name"": ""旧金山犯罪测试数据"", ""node_params"": {""table_name"": ""crime_category_test"", ""target_column"": ""category""}, ""matched"": true}, {""node_id"": ""2698"", ""widget_name"": ""Predictions"", ""node_name"": ""预测"", ""node_params"": {""output_attrs"": true, ""output_predictions"": true, ""output_probabilities"": true}, ""matched"": true}, {""node_id"": ""2699"", ""widget_name"": ""Save Data"", ""node_name"": ""保存预测结果"", ""node_params"": {}, ""matched"": true}]}","{""dependency_requirements"": [{""edge_id"": ""2216"", ""source_node_id"": ""2693"", ""target_node_id"": ""2700""}, {""edge_id"": ""2217"", ""source_node_id"": ""2694"", ""target_node_id"": ""2698""}, {""edge_id"": ""2219"", ""source_node_id"": ""2700"", ""target_node_id"": ""2698""}, {""edge_id"": ""2221"", ""source_node_id"": ""2698"", ""target_node_id"": ""2699""}], ""step_requirements"": [{""node_id"": ""2693"", ""algorithm_step_name"": ""Tabular Dataset Loading"", ""node_name"": ""旧金山社区犯罪报告训练数据"", ""node_params"": {""table_name"": ""crime_category_train"", ""target_column"": ""category""}, ""contrast_level"": 2, ""node_type"": ""io""}, {""node_id"": ""2694"", ""algorithm_step_name"": ""Tabular Dataset Loading"", ""node_name"": ""旧金山社区犯罪报告测试数据"", ""node_params"": {""table_name"": ""crime_category_test"", ""target_column"": ""category""}, ""contrast_level"": 2, ""node_type"": ""io""}, {""node_id"": ""2700"", ""algorithm_step_name"": ""XGBoost"", ""node_name"": ""XGBoost"", ""node_params"": {}, ""contrast_level"": 0, ""node_type"": ""model""}, {""node_id"": ""2698"", ""algorithm_step_name"": ""Test Dataset Predictions"", ""node_name"": ""犯罪类别预测"", ""node_params"": {""output_attrs"": true, ""output_predictions"": true, ""output_probabilities"": true}, ""contrast_level"": 2, ""node_type"": ""predict""}, {""node_id"": ""2699"", ""algorithm_step_name"": ""Save Data"", ""node_name"": ""保存犯罪类别预测结果"", ""node_params"": {}, ""contrast_level"": 2, ""node_type"": ""io""}]}",0.6
请你构建一个模型，用于根据鲍鱼的各种物理测量数据来预测它的年龄。进行独热编码之后对数据集进行划分，最后用划分的数据对训练好的模型进行评估。,1.0,15966,1783,82.27620887756348,7.025124549865723,28.71741485595703,35.93832087516785,10.595348596572876,"{""edges"": [{""edge_id"": ""60616"", ""source_node_id"": ""2747"", ""target_node_id"": ""2748""}, {""edge_id"": ""60617"", ""source_node_id"": ""2748"", ""target_node_id"": ""2749""}, {""edge_id"": ""60618"", ""source_node_id"": ""2749"", ""target_node_id"": ""2750""}, {""edge_id"": ""60619"", ""source_node_id"": ""2748"", ""target_node_id"": ""2751""}, {""edge_id"": ""60620"", ""source_node_id"": ""2749"", ""target_node_id"": ""2751""}, {""edge_id"": ""60621"", ""source_node_id"": ""2750"", ""target_node_id"": ""2751""}], ""nodes"": [{""node_id"": ""2747"", ""widget_name"": ""SQL Table"", ""node_name"": ""鲍鱼训练数据"", ""node_params"": {""table_name"": ""abalone_train"", ""target_column"": ""rings""}, ""matched"": true}, {""node_id"": ""2748"", ""widget_name"": ""One Hot Encoder"", ""node_name"": ""独热编码处理"", ""node_params"": {""encode_vars"": [""sex""]}, ""matched"": true}, {""node_id"": ""2749"", ""widget_name"": ""Data Sampler"", ""node_name"": ""数据划分"", ""node_params"": {""sampling_type"": 0, ""percentage"": 20, ""n_samples"": 15, ""replacement"": false, ""n_folds"": 10, ""selected_folds"": 1, ""replicable"": false, ""stratified"": false}, ""matched"": true}, {""node_id"": ""2750"", ""widget_name"": ""Linear Regression"", ""node_name"": ""线性回归模型"", ""node_params"": {""regression_type"": ""0""}, ""matched"": true}, {""node_id"": ""2751"", ""widget_name"": ""Test & Score"", ""node_name"": ""模型评估"", ""node_params"": {}, ""matched"": true}]}","{""dependency_requirements"": [{""edge_id"": ""2266"", ""source_node_id"": ""2747"", ""target_node_id"": ""2748""}, {""edge_id"": ""2267"", ""source_node_id"": ""2748"", ""target_node_id"": ""2749""}, {""edge_id"": ""2268"", ""source_node_id"": ""2749"", ""target_node_id"": ""2750""}, {""edge_id"": ""2269"", ""source_node_id"": ""2749"", ""target_node_id"": ""2751""}, {""edge_id"": ""2271"", ""source_node_id"": ""2750"", ""target_node_id"": ""2751""}], ""step_requirements"": [{""node_id"": ""2747"", ""algorithm_step_name"": ""Tabular Dataset Loading"", ""node_name"": ""鲍鱼物理测量训练数据"", ""node_params"": {""table_name"": ""abalone_train"", ""target_column"": ""rings""}, ""contrast_level"": 2, ""node_type"": ""io""}, {""node_id"": ""2748"", ""algorithm_step_name"": ""One Hot Encoding"", ""node_name"": ""独热编码处理"", ""node_params"": {}, ""contrast_level"": 1, ""node_type"": ""feature engineering""}, {""node_id"": ""2749"", ""algorithm_step_name"": ""Dataset Division"", ""node_name"": ""数据划分"", ""node_params"": {}, ""contrast_level"": 1, ""node_type"": ""preprocess""}, {""node_id"": ""2750"", ""algorithm_step_name"": ""XGBoost"", ""node_name"": ""XGBoost回归器"", ""node_params"": {}, ""contrast_level"": 0, ""node_type"": ""model""}, {""node_id"": ""2751"", ""algorithm_step_name"": ""Model Evaluate"", ""node_name"": ""模型评估"", ""node_params"": {}, ""contrast_level"": 2, ""node_type"": ""evaluate""}]}",1.0
您的任务是训练一个神经网络模型，用于根据矿物莫氏硬度的相关特性，预测矿物的莫氏硬度数值。我希望你的激活函数使用双曲正切函数，优化方法使用随机梯度下降。,1.0,8635,1243,65.76504182815552,5.940938711166382,20.634503841400143,27.06731939315796,12.12227988243103,"{""edges"": [{""edge_id"": ""60622"", ""source_node_id"": ""2772"", ""target_node_id"": ""2774""}], ""nodes"": [{""node_id"": ""2772"", ""widget_name"": ""SQL Table"", ""node_name"": ""矿物莫氏硬度训练数据"", ""node_params"": {""table_name"": ""mohs_hardness_train"", ""target_column"": ""Hardness""}, ""matched"": true}, {""node_id"": ""2774"", ""widget_name"": ""Neural Network"", ""node_name"": ""神经网络模型"", ""node_params"": {""hidden_layers_input"": ""100,"", ""activation"": ""2"", ""solver"": ""1"", ""alpha"": 0.0001, ""maxItera"": 200, ""replicable"": true}, ""matched"": true}]}","{""dependency_requirements"": [{""edge_id"": ""2303"", ""source_node_id"": ""2772"", ""target_node_id"": ""2774""}], ""step_requirements"": [{""node_id"": ""2772"", ""algorithm_step_name"": ""Tabular Dataset Loading"", ""node_name"": ""矿物硬度训练数据"", ""node_params"": {""table_name"": ""mohs_hardness_train"", ""target_column"": ""Hardness""}, ""contrast_level"": 2, ""node_type"": ""io""}, {""node_id"": ""2774"", ""algorithm_step_name"": ""Neural Network"", ""node_name"": ""神经网络模型"", ""node_params"": {""hidden_layers_input"": ""100,"", ""activation"": ""2"", ""solver"": ""1"", ""alpha"": 0.0001, ""maxItera"": 200, ""replicable"": true}, ""contrast_level"": 2, ""node_type"": ""model""}]}",1.0
你的任务是使用螃蟹年龄的训练数据集去建立一个随机森林模型来预测螃蟹的年龄。然后，用这个模型对螃蟹年龄的测试数据集进行预测，最后把预测结果保存下来。数据集需要进行独热编码,1.0,21908,2364,119.98307728767396,8.710116863250732,25.081522941589355,64.27081203460693,21.92062544822693,"{""edges"": [{""edge_id"": ""60623"", ""source_node_id"": ""2710"", ""target_node_id"": ""72385""}, {""edge_id"": ""60624"", ""source_node_id"": ""2711"", ""target_node_id"": ""72386""}, {""edge_id"": ""60625"", ""source_node_id"": ""2710"", ""target_node_id"": ""2712""}, {""edge_id"": ""60626"", ""source_node_id"": ""2711"", ""target_node_id"": ""2713""}, {""edge_id"": ""60627"", ""source_node_id"": ""2712"", ""target_node_id"": ""2714""}, {""edge_id"": ""60628"", ""source_node_id"": ""2713"", ""target_node_id"": ""2715""}, {""edge_id"": ""60629"", ""source_node_id"": ""2714"", ""target_node_id"": ""2715""}, {""edge_id"": ""60630"", ""source_node_id"": ""2715"", ""target_node_id"": ""2716""}], ""nodes"": [{""node_id"": ""2710"", ""widget_name"": ""SQL Table"", ""node_name"": ""螃蟹年龄训练数据"", ""node_params"": {""table_name"": ""crab_age_train"", ""target_column"": ""Age""}, ""matched"": true}, {""node_id"": ""2711"", ""widget_name"": ""SQL Table"", ""node_name"": ""螃蟹年龄测试数据"", ""node_params"": {""table_name"": ""crab_age_test"", ""target_column"": ""Age""}, ""matched"": true}, {""node_id"": ""72385"", ""widget_name"": ""Edit Domain"", ""node_name"": ""训练数据性别处理"", ""node_params"": {""column_name"": ""Sex"", ""valueMappings"": [{""key"": 0, ""originValue"": ""F"", ""currentValue"": ""0""}, {""key"": 1, ""originValue"": ""I"", ""currentValue"": ""1""}]}, ""matched"": false}, {""node_id"": ""72386"", ""widget_name"": ""Edit Domain"", ""node_name"": ""测试数据性别处理"", ""node_params"": {""column_name"": ""Sex"", ""valueMappings"": [{""key"": 0, ""originValue"": ""F"", ""currentValue"": ""0""}, {""key"": 1, ""originValue"": ""I"", ""currentValue"": ""1""}]}, ""matched"": false}, {""node_id"": ""2712"", ""widget_name"": ""One Hot Encoder"", ""node_name"": ""训练数据独热编码"", ""node_params"": {""encode_vars"": []}, ""matched"": true}, {""node_id"": ""2713"", ""widget_name"": ""One Hot Encoder"", ""node_name"": ""测试数据独热编码"", ""node_params"": {""encode_vars"": []}, ""matched"": true}, {""node_id"": ""2714"", ""widget_name"": ""Random Forest"", ""node_name"": ""随机森林模型"", ""node_params"": {""n_estimators"": 10, ""use_max_features"": false, ""max_features"": ""auto"", ""use_random_state"": false, ""use_max_depth"": false, ""max_depth"": 3, ""use_min_samples_split"": true, ""min_samples_split"": 2}, ""matched"": true}, {""node_id"": ""2715"", ""widget_name"": ""Predictions"", ""node_name"": ""预测"", ""node_params"": {""output_attrs"": true, ""output_predictions"": true, ""output_probabilities"": false}, ""matched"": true}, {""node_id"": ""2716"", ""widget_name"": ""Save Data"", ""node_name"": ""保存预测结果"", ""node_params"": {}, ""matched"": true}]}","{""dependency_requirements"": [{""edge_id"": ""2233"", ""source_node_id"": ""2710"", ""target_node_id"": ""2712""}, {""edge_id"": ""2234"", ""source_node_id"": ""2711"", ""target_node_id"": ""2713""}, {""edge_id"": ""2235"", ""source_node_id"": ""2712"", ""target_node_id"": ""2714""}, {""edge_id"": ""2236"", ""source_node_id"": ""2713"", ""target_node_id"": ""2715""}, {""edge_id"": ""2237"", ""source_node_id"": ""2714"", ""target_node_id"": ""2715""}, {""edge_id"": ""2238"", ""source_node_id"": ""2715"", ""target_node_id"": ""2716""}], ""step_requirements"": [{""node_id"": ""2710"", ""algorithm_step_name"": ""Tabular Dataset Loading"", ""node_name"": ""螃蟹年龄训练数据"", ""node_params"": {""table_name"": ""crab_age_train"", ""target_column"": ""Age""}, ""contrast_level"": 2, ""node_type"": ""io""}, {""node_id"": ""2711"", ""algorithm_step_name"": ""Tabular Dataset Loading"", ""node_name"": ""螃蟹年龄测试数据"", ""node_params"": {""table_name"": ""crab_age_test"", ""target_column"": ""Age""}, ""contrast_level"": 2, ""node_type"": ""io""}, {""node_id"": ""2712"", ""algorithm_step_name"": ""One Hot Encoding"", ""node_name"": ""训练数据独热编码"", ""node_params"": {}, ""contrast_level"": 1, ""node_type"": ""feature engineering""}, {""node_id"": ""2713"", ""algorithm_step_name"": ""One Hot Encoding"", ""node_name"": ""测试数据独热编码"", ""node_params"": {}, ""contrast_level"": 1, ""node_type"": ""feature engineering""}, {""node_id"": ""2714"", ""algorithm_step_name"": ""Random Forest"", ""node_name"": ""随机森林模型"", ""node_params"": {}, ""contrast_level"": 1, ""node_type"": ""model""}, {""node_id"": ""2715"", ""algorithm_step_name"": ""Test Dataset Predictions"", ""node_name"": ""预测结果"", ""node_params"": {""output_attrs"": true, ""output_predictions"": true, ""output_probabilities"": false}, ""contrast_level"": 2, ""node_type"": ""predict""}, {""node_id"": ""2716"", ""algorithm_step_name"": ""Save Data"", ""node_name"": ""保存预测结果"", ""node_params"": {}, ""contrast_level"": 2, ""node_type"": ""io""}]}",0.875
您的任务是构建一个机器学习模型，帮助我预测野生蓝莓的产量。特征工程的处理方法为：特征构建和特征选择。特征工程处理之后还需要对数据进行抽样处理，最后用抽样的数据对训练好的模型进行评估。,0.8333,20760,1904,90.89717316627502,7.956555128097534,30.523559093475345,37.05109119415283,15.365967750549316,"{""edges"": [{""edge_id"": ""60631"", ""source_node_id"": ""2776"", ""target_node_id"": ""2780""}, {""edge_id"": ""60632"", ""source_node_id"": ""2780"", ""target_node_id"": ""2777""}, {""edge_id"": ""60633"", ""source_node_id"": ""2780"", ""target_node_id"": ""2778""}, {""edge_id"": ""60634"", ""source_node_id"": ""2777"", ""target_node_id"": ""2779""}, {""edge_id"": ""60636"", ""source_node_id"": ""2778"", ""target_node_id"": ""2779""}], ""nodes"": [{""node_id"": ""2775"", ""widget_name"": ""SQL Table"", ""node_name"": ""野生蓝莓产量训练数据"", ""node_params"": {""table_name"": ""wild_blueberry_yield_train"", ""target_column"": ""yield""}, ""matched"": true}, {""node_id"": ""2776"", ""widget_name"": ""Feature Constructor"", ""node_name"": ""特征构建"", ""node_params"": {""expressions"": []}, ""matched"": true}, {""node_id"": ""2780"", ""widget_name"": ""Select Best N Attributes"", ""node_name"": ""特征选择"", ""node_params"": {""n"": 3}, ""matched"": true}, {""node_id"": ""2777"", ""widget_name"": ""Data Sampler"", ""node_name"": ""数据划分"", ""node_params"": {""sampling_type"": 0, ""percentage"": 10, ""n_samples"": 15, ""replacement"": false, ""n_folds"": 10, ""selected_folds"": 1, ""replicable"": false, ""stratified"": false}, ""matched"": true}, {""node_id"": ""2778"", ""widget_name"": ""Random Forest"", ""node_name"": ""随机森林回归模型"", ""node_params"": {""n_estimators"": 10, ""use_max_features"": false, ""max_features"": ""auto"", ""use_random_state"": false, ""use_max_depth"": false, ""max_depth"": 3, ""use_min_samples_split"": true, ""min_samples_split"": 2}, ""matched"": true}, {""node_id"": ""2779"", ""widget_name"": ""Test & Score"", ""node_name"": ""模型评估"", ""node_params"": {}, ""matched"": true}]}","{""dependency_requirements"": [{""edge_id"": ""2304"", ""source_node_id"": ""2775"", ""target_node_id"": ""2776""}, {""edge_id"": ""2305"", ""source_node_id"": ""2780"", ""target_node_id"": ""2777""}, {""edge_id"": ""2306"", ""source_node_id"": ""2777"", ""target_node_id"": ""2778""}, {""edge_id"": ""2307"", ""source_node_id"": ""2777"", ""target_node_id"": ""2779""}, {""edge_id"": ""2309"", ""source_node_id"": ""2778"", ""target_node_id"": ""2779""}, {""edge_id"": ""2310"", ""source_node_id"": ""2776"", ""target_node_id"": ""2780""}], ""step_requirements"": [{""node_id"": ""2775"", ""algorithm_step_name"": ""Tabular Dataset Loading"", ""node_name"": ""野生蓝莓产量训练数据"", ""node_params"": {""table_name"": ""wild_blueberry_yield_train"", ""target_column"": ""yield""}, ""contrast_level"": 2, ""node_type"": ""io""}, {""node_id"": ""2776"", ""algorithm_step_name"": ""Feature Construction"", ""node_name"": ""特征构建"", ""node_params"": {}, ""contrast_level"": 1, ""node_type"": ""feature engineering""}, {""node_id"": ""2777"", ""algorithm_step_name"": ""Dataset Division"", ""node_name"": ""数据划分"", ""node_params"": {}, ""contrast_level"": 1, ""node_type"": ""preprocess""}, {""node_id"": ""2778"", ""algorithm_step_name"": ""XGBoost"", ""node_name"": ""XGBoost回归器"", ""node_params"": {}, ""contrast_level"": 0, ""node_type"": ""model""}, {""node_id"": ""2779"", ""algorithm_step_name"": ""Model Evaluate"", ""node_name"": ""模型评估"", ""node_params"": {}, ""contrast_level"": 2, ""node_type"": ""evaluate""}, {""node_id"": ""2780"", ""algorithm_step_name"": ""Feature Selection"", ""node_name"": ""Select Best N Attributes"", ""node_params"": {}, ""contrast_level"": 1, ""node_type"": ""feature engineering""}]}",0.6667
您的任务是根据媒体宣传成本的训练数据去构建一个机器学习模型，帮助我们预测食品超市的媒体宣传成本。然后，用这个模型对媒体宣传成本的测试数据集进行预测，最后把预测结果保存下来。,1.0,20118,2848,141.4586741924286,10.699965715408323,39.05535244941712,62.30734014511109,29.396015882492065,"{""edges"": [{""edge_id"": ""60637"", ""source_node_id"": ""2740"", ""target_node_id"": ""2745""}, {""edge_id"": ""60638"", ""source_node_id"": ""2741"", ""target_node_id"": ""2743""}, {""edge_id"": ""60639"", ""source_node_id"": ""2745"", ""target_node_id"": ""2743""}, {""edge_id"": ""60640"", ""source_node_id"": ""2743"", ""target_node_id"": ""2744""}], ""nodes"": [{""node_id"": ""2740"", ""widget_name"": ""SQL Table"", ""node_name"": ""媒体宣传成本训练数据"", ""node_params"": {""table_name"": ""media_campaign_cost_train"", ""target_column"": ""cost""}, ""matched"": true}, {""node_id"": ""2745"", ""widget_name"": ""Linear Regression"", ""node_name"": ""线性回归模型"", ""node_params"": {""regression_type"": ""0""}, ""matched"": true}, {""node_id"": ""2741"", ""widget_name"": ""SQL Table"", ""node_name"": ""媒体宣传成本测试数据"", ""node_params"": {""table_name"": ""media_campaign_cost_test"", ""target_column"": ""cost""}, ""matched"": true}, {""node_id"": ""2743"", ""widget_name"": ""Predictions"", ""node_name"": ""预测"", ""node_params"": {""output_attrs"": true, ""output_predictions"": true, ""output_probabilities"": false}, ""matched"": true}, {""node_id"": ""2744"", ""widget_name"": ""Save Data"", ""node_name"": ""保存预测结果"", ""node_params"": {}, ""matched"": true}]}","{""dependency_requirements"": [{""edge_id"": ""2261"", ""source_node_id"": ""2741"", ""target_node_id"": ""2743""}, {""edge_id"": ""2262"", ""source_node_id"": ""2740"", ""target_node_id"": ""2745""}, {""edge_id"": ""2263"", ""source_node_id"": ""2745"", ""target_node_id"": ""2743""}, {""edge_id"": ""2264"", ""source_node_id"": ""2743"", ""target_node_id"": ""2744""}], ""step_requirements"": [{""node_id"": ""2740"", ""algorithm_step_name"": ""Tabular Dataset Loading"", ""node_name"": ""食品超市媒体宣传成本训练数据"", ""node_params"": {""table_name"": ""media_campaign_cost_train"", ""target_column"": ""cost""}, ""contrast_level"": 2, ""node_type"": ""io""}, {""node_id"": ""2741"", ""algorithm_step_name"": ""Tabular Dataset Loading"", ""node_name"": ""食品超市媒体宣传成本测试数据"", ""node_params"": {""table_name"": ""media_campaign_cost_test"", ""target_column"": ""cost""}, ""contrast_level"": 2, ""node_type"": ""io""}, {""node_id"": ""2743"", ""algorithm_step_name"": ""Test Dataset Predictions"", ""node_name"": ""预测"", ""node_params"": {""output_attrs"": true, ""output_predictions"": true, ""output_probabilities"": false}, ""contrast_level"": 2, ""node_type"": ""predict""}, {""node_id"": ""2744"", ""algorithm_step_name"": ""Save Data"", ""node_name"": ""保存预测结果"", ""node_params"": {}, ""contrast_level"": 2, ""node_type"": ""io""}, {""node_id"": ""2745"", ""algorithm_step_name"": ""XGBoost"", ""node_name"": ""XGBoost"", ""node_params"": {}, ""contrast_level"": 0, ""node_type"": ""model""}]}",1.0
我需要你使用银行信用贷款的训练数据，构建一个能够预测客户是否会流失的随机森林模型。然后，用这个模型对测试数据进行预测，并把预测结果保存下来，最后展示预测结果的混淆矩阵,0.9091,21566,2626,133.27281785011292,8.767935037612915,34.30828809738159,64.44768857955933,25.74890613555908,"{""edges"": [{""edge_id"": ""60641"", ""source_node_id"": ""2561"", ""target_node_id"": ""72405""}, {""edge_id"": ""60642"", ""source_node_id"": ""2562"", ""target_node_id"": ""72406""}, {""edge_id"": ""60643"", ""source_node_id"": ""72405"", ""target_node_id"": ""2565""}, {""edge_id"": ""60644"", ""source_node_id"": ""72406"", ""target_node_id"": ""2567""}, {""edge_id"": ""60645"", ""source_node_id"": ""2565"", ""target_node_id"": ""2567""}, {""edge_id"": ""60646"", ""source_node_id"": ""2567"", ""target_node_id"": ""2568""}, {""edge_id"": ""60647"", ""source_node_id"": ""2567"", ""target_node_id"": ""2569""}], ""nodes"": [{""node_id"": ""2561"", ""widget_name"": ""SQL Table"", ""node_name"": ""银行信用贷款训练数据"", ""node_params"": {""table_name"": ""bank_customer_churn_train"", ""target_column"": ""Exited""}, ""matched"": true}, {""node_id"": ""2562"", ""widget_name"": ""SQL Table"", ""node_name"": ""银行信用贷款测试数据"", ""node_params"": {""table_name"": ""bank_customer_churn_test"", ""target_column"": ""Exited""}, ""matched"": true}, {""node_id"": ""72405"", ""widget_name"": ""One Hot Encoder"", ""node_name"": ""训练数据独热编码"", ""node_params"": {""encode_vars"": [""Geography"", ""Gender""]}, ""matched"": false}, {""node_id"": ""72406"", ""widget_name"": ""One Hot Encoder"", ""node_name"": ""测试数据独热编码"", ""node_params"": {""encode_vars"": [""Geography"", ""Gender""]}, ""matched"": false}, {""node_id"": ""2565"", ""widget_name"": ""Random Forest"", ""node_name"": ""随机森林模型"", ""node_params"": {""n_estimators"": 10, ""use_max_features"": false, ""max_features"": ""auto"", ""use_random_state"": false, ""use_max_depth"": false, ""max_depth"": 3, ""use_min_samples_split"": true, ""min_samples_split"": 2}, ""matched"": true}, {""node_id"": ""2567"", ""widget_name"": ""Predictions"", ""node_name"": ""预测"", ""node_params"": {""output_attrs"": true, ""output_predictions"": true, ""output_probabilities"": true}, ""matched"": true}, {""node_id"": ""2568"", ""widget_name"": ""Save Data"", ""node_name"": ""保存预测结果"", ""node_params"": {}, ""matched"": true}, {""node_id"": ""2569"", ""widget_name"": ""Confusion Matrix"", ""node_name"": ""混淆矩阵"", ""node_params"": {}, ""matched"": true}]}","{""dependency_requirements"": [{""edge_id"": ""2111"", ""source_node_id"": ""2561"", ""target_node_id"": ""2565""}, {""edge_id"": ""2112"", ""source_node_id"": ""2562"", ""target_node_id"": ""2567""}, {""edge_id"": ""2113"", ""source_node_id"": ""2565"", ""target_node_id"": ""2567""}, {""edge_id"": ""2114"", ""source_node_id"": ""2567"", ""target_node_id"": ""2568""}, {""edge_id"": ""2116"", ""source_node_id"": ""2568"", ""target_node_id"": ""2569""}], ""step_requirements"": [{""node_id"": ""2561"", ""algorithm_step_name"": ""Tabular Dataset Loading"", ""node_name"": ""银行信用贷款训练数据"", ""node_params"": {""table_name"": ""bank_customer_churn_train"", ""target_column"": ""Exited""}, ""contrast_level"": 2, ""node_type"": ""io""}, {""node_id"": ""2562"", ""algorithm_step_name"": ""Tabular Dataset Loading"", ""node_name"": ""银行信用贷款测试数据"", ""node_params"": {""table_name"": ""bank_customer_churn_test"", ""target_column"": ""Exited""}, ""contrast_level"": 2, ""node_type"": ""io""}, {""node_id"": ""2565"", ""algorithm_step_name"": ""Random Forest"", ""node_name"": ""随机森林模型"", ""node_params"": {}, ""contrast_level"": 1, ""node_type"": ""model""}, {""node_id"": ""2567"", ""algorithm_step_name"": ""Test Dataset Predictions"", ""node_name"": ""预测结果"", ""node_params"": {""output_attrs"": true, ""output_predictions"": true, ""output_probabilities"": true}, ""contrast_level"": 2, ""node_type"": ""predict""}, {""node_id"": ""2568"", ""algorithm_step_name"": ""Save Data"", ""node_name"": ""保存预测结果"", ""node_params"": {}, ""contrast_level"": 1, ""node_type"": ""io""}, {""node_id"": ""2569"", ""algorithm_step_name"": ""Confusion Matrix"", ""node_name"": ""混淆矩阵"", ""node_params"": {}, ""contrast_level"": 1, ""node_type"": ""visualize""}]}",0.7143
请你使用生物信号训练数据集来预测个体是否为吸烟者，你的最终目标是建立一个能够准确判断个体吸烟状态的XGboost模型，学习率使用0.1，学习器使用DART模型。,1.0,9871,1500,80.5944230556488,6.021028995513916,20.068198204040527,35.16311693191528,19.34207892417908,"{""edges"": [{""edge_id"": ""60648"", ""source_node_id"": ""2570"", ""target_node_id"": ""2572""}], ""nodes"": [{""node_id"": ""2570"", ""widget_name"": ""SQL Table"", ""node_name"": ""生物信号训练数据"", ""node_params"": {""table_name"": ""smoker_status_bio_signals_train"", ""target_column"": ""smoking""}, ""matched"": true}, {""node_id"": ""2572"", ""widget_name"": ""XGBoost"", ""node_name"": ""XGBoost模型"", ""node_params"": {""booster"": ""dart"", ""learning_rate"": 0.1, ""gamma"": 0, ""max_depth"": 6, ""min_child_widget"": 1, ""max_delta_step"": 0, ""subsample"": 1, ""sampling_method"": ""uniform"", ""lambda"": 1, ""alpha"": 0, ""tree_method"": ""auto"", ""scale_pos_weight"": 1, ""updater"": ""grow_colmaker"", ""process_type"": ""default"", ""grow_policy"": ""depthwise""}, ""matched"": true}]}","{""dependency_requirements"": [{""edge_id"": ""2117"", ""source_node_id"": ""2570"", ""target_node_id"": ""2572""}], ""step_requirements"": [{""node_id"": ""2570"", ""algorithm_step_name"": ""Tabular Dataset Loading"", ""node_name"": ""生物信号训练数据"", ""node_params"": {""table_name"": ""smoker_status_bio_signals_train"", ""target_column"": ""smoking""}, ""contrast_level"": 2, ""node_type"": ""io""}, {""node_id"": ""2572"", ""algorithm_step_name"": ""XGBoost"", ""node_name"": ""XGBoost模型"", ""node_params"": {""booster"": ""dart"", ""learning_rate"": 0.1, ""gamma"": 0, ""max_depth"": 6, ""min_child_widget"": 1, ""max_delta_step"": 0, ""subsample"": 1, ""sampling_method"": ""uniform"", ""lambda"": 1, ""alpha"": 0, ""tree_method"": ""auto"", ""scale_pos_weight"": 1, ""updater"": ""grow_colmaker"", ""process_type"": ""default"", ""grow_policy"": ""depthwise""}, ""contrast_level"": 2, ""node_type"": ""model""}]}",1.0
你需要使用人类的肾结石相关指标数据，开发一个机器学习模型预测一个人是否患有肾结石。我需要你在模型训练之前，加一步数据划分的数据处理，最后还要用划分后的验证集对模型进行评估。,1.0,13636,1710,78.9153139591217,7.376675844192505,32.9612238407135,28.96918559074402,9.60822868347168,"{""edges"": [{""edge_id"": ""60649"", ""source_node_id"": ""2577"", ""target_node_id"": ""2578""}, {""edge_id"": ""60650"", ""source_node_id"": ""2578"", ""target_node_id"": ""2579""}, {""edge_id"": ""60651"", ""source_node_id"": ""2578"", ""target_node_id"": ""2580""}, {""edge_id"": ""60653"", ""source_node_id"": ""2579"", ""target_node_id"": ""2580""}], ""nodes"": [{""node_id"": ""2577"", ""widget_name"": ""SQL Table"", ""node_name"": ""肾结石相关指标训练数据"", ""node_params"": {""table_name"": ""kidney_stone_train"", ""target_column"": ""target""}, ""matched"": true}, {""node_id"": ""2578"", ""widget_name"": ""Data Sampler"", ""node_name"": ""数据划分"", ""node_params"": {""sampling_type"": 0, ""percentage"": 10, ""n_samples"": 15, ""replacement"": false, ""n_folds"": 10, ""selected_folds"": 1, ""replicable"": false, ""stratified"": false}, ""matched"": true}, {""node_id"": ""2579"", ""widget_name"": ""Random Forest"", ""node_name"": ""随机森林模型"", ""node_params"": {""n_estimators"": 10, ""use_max_features"": false, ""max_features"": ""auto"", ""use_random_state"": false, ""use_max_depth"": false, ""max_depth"": 3, ""use_min_samples_split"": true, ""min_samples_split"": 2}, ""matched"": true}, {""node_id"": ""2580"", ""widget_name"": ""Test & Score"", ""node_name"": ""模型评估"", ""node_params"": {}, ""matched"": true}]}","{""dependency_requirements"": [{""edge_id"": ""2119"", ""source_node_id"": ""2577"", ""target_node_id"": ""2578""}, {""edge_id"": ""2120"", ""source_node_id"": ""2578"", ""target_node_id"": ""2579""}, {""edge_id"": ""2121"", ""source_node_id"": ""2578"", ""target_node_id"": ""2580""}, {""edge_id"": ""2123"", ""source_node_id"": ""2579"", ""target_node_id"": ""2580""}], ""step_requirements"": [{""node_id"": ""2577"", ""algorithm_step_name"": ""Tabular Dataset Loading"", ""node_name"": ""肾结石指标训练数据"", ""node_params"": {""table_name"": ""kidney_stone_train"", ""target_column"": ""target""}, ""contrast_level"": 2, ""node_type"": ""io""}, {""node_id"": ""2578"", ""algorithm_step_name"": ""Dataset Division"", ""node_name"": ""数据划分"", ""node_params"": {}, ""contrast_level"": 1, ""node_type"": ""preprocess""}, {""node_id"": ""2579"", ""algorithm_step_name"": ""LightGBM"", ""node_name"": ""LightGBM分类器"", ""node_params"": {}, ""contrast_level"": 0, ""node_type"": ""model""}, {""node_id"": ""2580"", ""algorithm_step_name"": ""Model Evaluate"", ""node_name"": ""模型评估"", ""node_params"": {}, ""contrast_level"": 2, ""node_type"": ""evaluate""}]}",1.0
你的目标是帮助我的酒店更好地预判客户是否会取消预订。你首先要加载酒店预定的训练数据和测试数据，用训练数据训练一个LightGBM模型，然后用LightGBM模型对酒店预定的测试数据进行预测，最后将预测结果保存。,1.0,16753,2597,135.73808526992798,7.854400873184204,29.332417011260983,65.12108659744263,33.43018078804016,"{""edges"": [{""edge_id"": ""60654"", ""source_node_id"": ""2582"", ""target_node_id"": ""2586""}, {""edge_id"": ""60655"", ""source_node_id"": ""2583"", ""target_node_id"": ""2587""}, {""edge_id"": ""60656"", ""source_node_id"": ""2586"", ""target_node_id"": ""2587""}, {""edge_id"": ""60657"", ""source_node_id"": ""2587"", ""target_node_id"": ""2588""}], ""nodes"": [{""node_id"": ""2582"", ""widget_name"": ""SQL Table"", ""node_name"": ""酒店预定训练数据"", ""node_params"": {""table_name"": ""reservation_cancellation_train"", ""target_column"": ""booking_status""}, ""matched"": true}, {""node_id"": ""2583"", ""widget_name"": ""SQL Table"", ""node_name"": ""酒店预定测试数据"", ""node_params"": {""table_name"": ""reservation_cancellation_test"", ""target_column"": ""booking_status""}, ""matched"": true}, {""node_id"": ""2586"", ""widget_name"": ""LightGBM"", ""node_name"": ""LightGBM模型"", ""node_params"": {""boosting_type"": ""gbdt"", ""n_estimators"": 10, ""learning_rate"": 0.1, ""sampling_rate"": 0.1, ""max_depth_check"": false, ""max_depth"": 3, ""num_leaves_check"": false, ""num_leaves"": 31}, ""matched"": true}, {""node_id"": ""2587"", ""widget_name"": ""Predictions"", ""node_name"": ""预测"", ""node_params"": {""output_attrs"": true, ""output_predictions"": true, ""output_probabilities"": true}, ""matched"": true}, {""node_id"": ""2588"", ""widget_name"": ""Save Data"", ""node_name"": ""保存预测结果"", ""node_params"": {}, ""matched"": true}]}","{""dependency_requirements"": [{""edge_id"": ""2129"", ""source_node_id"": ""2586"", ""target_node_id"": ""2587""}, {""edge_id"": ""2130"", ""source_node_id"": ""2587"", ""target_node_id"": ""2588""}, {""edge_id"": ""2131"", ""source_node_id"": ""2583"", ""target_node_id"": ""2589""}, {""edge_id"": ""2133"", ""source_node_id"": ""2582"", ""target_node_id"": ""2586""}], ""step_requirements"": [{""node_id"": ""2582"", ""algorithm_step_name"": ""Tabular Dataset Loading"", ""node_name"": ""酒店预定训练数据"", ""node_params"": {""table_name"": ""reservation_cancellation_train"", ""target_column"": ""booking_status""}, ""contrast_level"": 2, ""node_type"": ""io""}, {""node_id"": ""2583"", ""algorithm_step_name"": ""Tabular Dataset Loading"", ""node_name"": ""酒店预定测试数据"", ""node_params"": {""table_name"": ""reservation_cancellation_test"", ""target_column"": ""booking_status""}, ""contrast_level"": 2, ""node_type"": ""io""}, {""node_id"": ""2586"", ""algorithm_step_name"": ""LightGBM"", ""node_name"": ""LightGBM模型"", ""node_params"": {}, ""contrast_level"": 1, ""node_type"": ""model""}, {""node_id"": ""2587"", ""algorithm_step_name"": ""Test Dataset Predictions"", ""node_name"": ""预测"", ""node_params"": {""output_attrs"": true, ""output_predictions"": true, ""output_probabilities"": true}, ""contrast_level"": 2, ""node_type"": ""predict""}, {""node_id"": ""2588"", ""algorithm_step_name"": ""Save Data"", ""node_name"": ""保存预测结果"", ""node_params"": {}, ""contrast_level"": 2, ""node_type"": ""io""}]}",0.8
你的目标是通过与肥胖相关的各种因素，如饮食、生活方式等数据，训练一个模型来预测个体的肥胖风险等级。特征工程处理时，我需要你进行特征构建和特征选择。,1.0,11308,1543,77.29736089706421,5.269259691238403,21.285043001174927,35.507044315338135,15.236013889312744,"{""edges"": [{""edge_id"": ""60658"", ""source_node_id"": ""2594"", ""target_node_id"": ""2597""}, {""edge_id"": ""60659"", ""source_node_id"": ""2597"", ""target_node_id"": ""2598""}, {""edge_id"": ""60660"", ""source_node_id"": ""2598"", ""target_node_id"": ""2599""}], ""nodes"": [{""node_id"": ""2594"", ""widget_name"": ""SQL Table"", ""node_name"": ""肥胖相关训练数据"", ""node_params"": {""table_name"": ""obesity_cvd_risk_train"", ""target_column"": ""NObeyesdad""}, ""matched"": true}, {""node_id"": ""2597"", ""widget_name"": ""Feature Constructor"", ""node_name"": ""特征构建"", ""node_params"": {""expressions"": [{""key"": 0, ""name"": ""BMI"", ""expression"": ""Weight / (Height ** 2)"", ""type"": ""2"", ""image"": ""N"", ""categories"": ""A, B""}]}, ""matched"": true}, {""node_id"": ""2598"", ""widget_name"": ""Select Best N Attributes"", ""node_name"": ""特征选择"", ""node_params"": {""n"": 5}, ""matched"": true}, {""node_id"": ""2599"", ""widget_name"": ""Random Forest"", ""node_name"": ""随机森林分类器"", ""node_params"": {""n_estimators"": 10, ""use_max_features"": false, ""max_features"": ""auto"", ""use_random_state"": false, ""use_max_depth"": false, ""max_depth"": 3, ""use_min_samples_split"": true, ""min_samples_split"": 2}, ""matched"": true}]}","{""dependency_requirements"": [{""edge_id"": ""2139"", ""source_node_id"": ""2594"", ""target_node_id"": ""2597""}, {""edge_id"": ""2140"", ""source_node_id"": ""2597"", ""target_node_id"": ""2598""}, {""edge_id"": ""2141"", ""source_node_id"": ""2598"", ""target_node_id"": ""2599""}], ""step_requirements"": [{""node_id"": ""2594"", ""algorithm_step_name"": ""Tabular Dataset Loading"", ""node_name"": ""肥胖风险训练数据"", ""node_params"": {""table_name"": ""obesity_cvd_risk_train"", ""target_column"": ""NObeyesdad""}, ""contrast_level"": 2, ""node_type"": ""io""}, {""node_id"": ""2597"", ""algorithm_step_name"": ""Feature Construction"", ""node_name"": ""特征构建处理"", ""node_params"": {}, ""contrast_level"": 1, ""node_type"": ""feature engineering""}, {""node_id"": ""2598"", ""algorithm_step_name"": ""Feature Selection"", ""node_name"": ""自动特征选择处理"", ""node_params"": {}, ""contrast_level"": 1, ""node_type"": ""feature engineering""}, {""node_id"": ""2599"", ""algorithm_step_name"": ""XGBoost"", ""node_name"": ""XGBoost分类器"", ""node_params"": {}, ""contrast_level"": 0, ""node_type"": ""model""}]}",1.0
你的目标是构建一个机器学习模型，用于预测肝硬化患者的生存状态。我需要你在处理完数据集之后将数据集划分为训练集和验证集，以便最后用划分的训练数据对模型进行训练，用验证数据对模型进行评估。,0.8,24384,3164,150.41440391540527,7.372857809066772,29.46144819259644,80.99715089797974,32.58294701576233,"{""edges"": [{""edge_id"": ""60661"", ""source_node_id"": ""2607"", ""target_node_id"": ""72427""}, {""edge_id"": ""60662"", ""source_node_id"": ""72427"", ""target_node_id"": ""2611""}, {""edge_id"": ""60663"", ""source_node_id"": ""2607"", ""target_node_id"": ""2612""}, {""edge_id"": ""60664"", ""source_node_id"": ""2611"", ""target_node_id"": ""2612""}], ""nodes"": [{""node_id"": ""2607"", ""widget_name"": ""SQL Table"", ""node_name"": ""肝硬化患者数据集"", ""node_params"": {""table_name"": ""cirrhosis_patient_train"", ""target_column"": ""Status""}, ""matched"": true}, {""node_id"": ""72427"", ""widget_name"": ""One Hot Encoder"", ""node_name"": ""独热编码处理"", ""node_params"": {""encode_vars"": [""Drug"", ""Sex"", ""Ascites"", ""Hepatomegaly"", ""Spiders"", ""Edema"", ""Stage""]}, ""matched"": false}, {""node_id"": ""2611"", ""widget_name"": ""Logistic Regression"", ""node_name"": ""逻辑回归模型"", ""node_params"": {""C"": 1, ""penalty"": ""l2""}, ""matched"": true}, {""node_id"": ""2612"", ""widget_name"": ""Test & Score"", ""node_name"": ""模型评估"", ""node_params"": {}, ""matched"": true}]}","{""dependency_requirements"": [{""edge_id"": ""2148"", ""source_node_id"": ""2607"", ""target_node_id"": ""2610""}, {""edge_id"": ""2152"", ""source_node_id"": ""2610"", ""target_node_id"": ""2611""}, {""edge_id"": ""2152"", ""source_node_id"": ""2610"", ""target_node_id"": ""2612""}, {""edge_id"": ""2154"", ""source_node_id"": ""2611"", ""target_node_id"": ""2612""}], ""step_requirements"": [{""node_id"": ""2607"", ""algorithm_step_name"": ""Tabular Dataset Loading"", ""node_name"": ""肝硬化患者生存状态训练数据"", ""node_params"": {""table_name"": ""cirrhosis_patient_train"", ""target_column"": ""Status""}, ""contrast_level"": 2, ""node_type"": ""io""}, {""node_id"": ""2610"", ""algorithm_step_name"": ""Dataset Division"", ""node_name"": ""数据划分"", ""node_params"": {}, ""contrast_level"": 1, ""node_type"": ""preprocess""}, {""node_id"": ""2611"", ""algorithm_step_name"": ""XGBoost"", ""node_name"": ""XGBoost分类器"", ""node_params"": {}, ""contrast_level"": 0, ""node_type"": ""model""}, {""node_id"": ""2612"", ""algorithm_step_name"": ""Model Evaluate"", ""node_name"": ""评估"", ""node_params"": {}, ""contrast_level"": 2, ""node_type"": ""evaluate""}]}",0.75
根据马匹健康状况的各项指标检测数据，预测马匹的健康状况。我需要你使用训练数据集训练模型，然后用模型预测测试数据，最后将预测结果保存。,1.0,26850,3061,139.4617657661438,10.545855045318604,43.24295663833618,64.7283935546875,20.94456052780152,"{""edges"": [{""edge_id"": ""60665"", ""source_node_id"": ""2635"", ""target_node_id"": ""72431""}, {""edge_id"": ""60666"", ""source_node_id"": ""72431"", ""target_node_id"": ""72432""}, {""edge_id"": ""60667"", ""source_node_id"": ""72432"", ""target_node_id"": ""2642""}, {""edge_id"": ""60668"", ""source_node_id"": ""2636"", ""target_node_id"": ""72435""}, {""edge_id"": ""60669"", ""source_node_id"": ""72435"", ""target_node_id"": ""72436""}, {""edge_id"": ""60670"", ""source_node_id"": ""72436"", ""target_node_id"": ""2643""}, {""edge_id"": ""60671"", ""source_node_id"": ""2642"", ""target_node_id"": ""2643""}, {""edge_id"": ""60672"", ""source_node_id"": ""2643"", ""target_node_id"": ""2644""}], ""nodes"": [{""node_id"": ""2635"", ""widget_name"": ""SQL Table"", ""node_name"": ""马匹健康状况训练数据"", ""node_params"": {""table_name"": ""horse_health_outcomes_train"", ""target_column"": ""outcome""}, ""matched"": true}, {""node_id"": ""72431"", ""widget_name"": ""Impute"", ""node_name"": ""缺失值处理"", ""node_params"": {""method"": 1}, ""matched"": false}, {""node_id"": ""72432"", ""widget_name"": ""One Hot Encoder"", ""node_name"": ""独热编码处理"", ""node_params"": {""encode_vars"": [""surgery"", ""peripheral_pulse"", ""mucous_membrane"", ""capillary_refill_time""]}, ""matched"": false}, {""node_id"": ""2642"", ""widget_name"": ""Random Forest"", ""node_name"": ""随机森林分类器"", ""node_params"": {""n_estimators"": 10, ""use_max_features"": false, ""max_features"": ""auto"", ""use_random_state"": false, ""use_max_depth"": false, ""max_depth"": 3, ""use_min_samples_split"": true, ""min_samples_split"": 2}, ""matched"": true}, {""node_id"": ""2636"", ""widget_name"": ""SQL Table"", ""node_name"": ""马匹健康状况测试数据"", ""node_params"": {""table_name"": ""horse_health_outcomes_test"", ""target_column"": ""outcome""}, ""matched"": true}, {""node_id"": ""72435"", ""widget_name"": ""Impute"", ""node_name"": ""测试数据缺失值处理"", ""node_params"": {""method"": 1}, ""matched"": false}, {""node_id"": ""72436"", ""widget_name"": ""One Hot Encoder"", ""node_name"": ""测试数据独热编码"", ""node_params"": {""encode_vars"": [""surgery"", ""peripheral_pulse"", ""mucous_membrane"", ""capillary_refill_time""]}, ""matched"": false}, {""node_id"": ""2643"", ""widget_name"": ""Predictions"", ""node_name"": ""预测"", ""node_params"": {""output_attrs"": true, ""output_predictions"": true, ""output_probabilities"": true}, ""matched"": true}, {""node_id"": ""2644"", ""widget_name"": ""Save Data"", ""node_name"": ""保存预测结果"", ""node_params"": {}, ""matched"": true}]}","{""dependency_requirements"": [{""edge_id"": ""2178"", ""source_node_id"": ""2635"", ""target_node_id"": ""2642""}, {""edge_id"": ""2179"", ""source_node_id"": ""2636"", ""target_node_id"": ""2643""}, {""edge_id"": ""2185"", ""source_node_id"": ""2642"", ""target_node_id"": ""2643""}, {""edge_id"": ""2186"", ""source_node_id"": ""2643"", ""target_node_id"": ""2644""}], ""step_requirements"": [{""node_id"": ""2635"", ""algorithm_step_name"": ""Tabular Dataset Loading"", ""node_name"": ""马匹健康状况训练数据"", ""node_params"": {""table_name"": ""horse_health_outcomes_train"", ""target_column"": ""outcome""}, ""contrast_level"": 2, ""node_type"": ""io""}, {""node_id"": ""2636"", ""algorithm_step_name"": ""Tabular Dataset Loading"", ""node_name"": ""马匹健康状况测试数据"", ""node_params"": {""table_name"": ""horse_health_outcomes_test"", ""target_column"": ""outcome""}, ""contrast_level"": 2, ""node_type"": ""io""}, {""node_id"": ""2642"", ""algorithm_step_name"": ""Decision Tree Model"", ""node_name"": ""健康状态预测模型"", ""node_params"": {}, ""contrast_level"": 0, ""node_type"": ""model""}, {""node_id"": ""2643"", ""algorithm_step_name"": ""Test Dataset Predictions"", ""node_name"": ""健康状况预测"", ""node_params"": {""output_attrs"": true, ""output_predictions"": true, ""output_probabilities"": true}, ""contrast_level"": 2, ""node_type"": ""predict""}, {""node_id"": ""2644"", ""algorithm_step_name"": ""Save Data"", ""node_name"": ""保存预测结果到文件"", ""node_params"": {}, ""contrast_level"": 1, ""node_type"": ""io""}]}",0.7143
我需要你使用怪物的相关指标数据，构建一个能够区分怪物类型的机器学习模型。然后，用这个模型对测试数据进行预测，最后把预测结果保存下来。,1.0,17444,2053,106.53183269500732,7.851533889770508,29.26171064376831,53.01543402671814,16.403154134750366,"{""edges"": [{""edge_id"": ""60673"", ""source_node_id"": ""2685"", ""target_node_id"": ""72441""}, {""edge_id"": ""60674"", ""source_node_id"": ""2686"", ""target_node_id"": ""72442""}, {""edge_id"": ""60675"", ""source_node_id"": ""72441"", ""target_node_id"": ""2690""}, {""edge_id"": ""60676"", ""source_node_id"": ""72442"", ""target_node_id"": ""2691""}, {""edge_id"": ""60677"", ""source_node_id"": ""2690"", ""target_node_id"": ""2691""}, {""edge_id"": ""60678"", ""source_node_id"": ""2691"", ""target_node_id"": ""2692""}], ""nodes"": [{""node_id"": ""2685"", ""widget_name"": ""SQL Table"", ""node_name"": ""怪物训练数据"", ""node_params"": {""table_name"": ""monster_train"", ""target_column"": ""type""}, ""matched"": true}, {""node_id"": ""2686"", ""widget_name"": ""SQL Table"", ""node_name"": ""怪物测试数据"", ""node_params"": {""table_name"": ""monster_test"", ""target_column"": ""type""}, ""matched"": true}, {""node_id"": ""72441"", ""widget_name"": ""One Hot Encoder"", ""node_name"": ""训练数据独热编码"", ""node_params"": {""encode_vars"": [""color""]}, ""matched"": false}, {""node_id"": ""72442"", ""widget_name"": ""One Hot Encoder"", ""node_name"": ""测试数据独热编码"", ""node_params"": {""encode_vars"": [""color""]}, ""matched"": false}, {""node_id"": ""2690"", ""widget_name"": ""Random Forest"", ""node_name"": ""随机森林模型"", ""node_params"": {""n_estimators"": 10, ""use_max_features"": false, ""max_features"": ""auto"", ""use_random_state"": false, ""use_max_depth"": false, ""max_depth"": 3, ""use_min_samples_split"": true, ""min_samples_split"": 2}, ""matched"": true}, {""node_id"": ""2691"", ""widget_name"": ""Predictions"", ""node_name"": ""预测"", ""node_params"": {""output_attrs"": true, ""output_predictions"": true, ""output_probabilities"": true}, ""matched"": true}, {""node_id"": ""2692"", ""widget_name"": ""Save Data"", ""node_name"": ""保存预测结果"", ""node_params"": {}, ""matched"": true}]}","{""dependency_requirements"": [{""edge_id"": ""2210"", ""source_node_id"": ""2685"", ""target_node_id"": ""2690""}, {""edge_id"": ""2211"", ""source_node_id"": ""2686"", ""target_node_id"": ""2691""}, {""edge_id"": ""2212"", ""source_node_id"": ""2690"", ""target_node_id"": ""2691""}, {""edge_id"": ""2214"", ""source_node_id"": ""2691"", ""target_node_id"": ""2692""}], ""step_requirements"": [{""node_id"": ""2685"", ""algorithm_step_name"": ""Tabular Dataset Loading"", ""node_name"": ""怪物类型训练数据"", ""node_params"": {""table_name"": ""monster_train"", ""target_column"": ""type""}, ""contrast_level"": 2, ""node_type"": ""io""}, {""node_id"": ""2686"", ""algorithm_step_name"": ""Tabular Dataset Loading"", ""node_name"": ""怪物类型测试数据"", ""node_params"": {""table_name"": ""monster_test"", ""target_column"": ""type""}, ""contrast_level"": 2, ""node_type"": ""io""}, {""node_id"": ""2690"", ""algorithm_step_name"": ""Decision Tree Model"", ""node_name"": ""怪物类型决策树模型"", ""node_params"": {}, ""contrast_level"": 0, ""node_type"": ""model""}, {""node_id"": ""2691"", ""algorithm_step_name"": ""Test Dataset Predictions"", ""node_name"": ""预测"", ""node_params"": {""output_attrs"": true, ""output_predictions"": true, ""output_probabilities"": true}, ""contrast_level"": 2, ""node_type"": ""predict""}, {""node_id"": ""2692"", ""algorithm_step_name"": ""Save Data"", ""node_name"": ""保存预测结果"", ""node_params"": {}, ""contrast_level"": 2, ""node_type"": ""io""}]}",0.8333
你的目标是根据旧金山所有社区近12年的犯罪训练数据和测试数据，首先使用训练数据训练一个模型，该模型能够预测犯罪类别。然后，用这个模型对测试数据集进行预测，最后把预测结果保存下来。,0.7778,15866,1570,90.09310984611513,6.642064571380615,19.95133137702942,47.72999691963196,15.76971697807312,"{""edges"": [{""edge_id"": ""60679"", ""source_node_id"": ""2694"", ""target_node_id"": ""2698""}, {""edge_id"": ""60680"", ""source_node_id"": ""2698"", ""target_node_id"": ""2699""}], ""nodes"": [{""node_id"": ""2693"", ""widget_name"": ""SQL Table"", ""node_name"": ""旧金山犯罪训练数据"", ""node_params"": {""table_name"": ""crime_category_train"", ""target_column"": ""category""}, ""matched"": true}, {""node_id"": ""2700"", ""widget_name"": ""Text Classification"", ""node_name"": ""文本分类模型"", ""node_params"": {""frame"": ""pytorch"", ""select_model"": ""BERT"", ""epoch"": 3, ""learning_rate"": 0.01, ""batch_size"": 4}, ""matched"": true}, {""node_id"": ""2694"", ""widget_name"": ""SQL Table"", ""node_name"": ""旧金山犯罪测试数据"", ""node_params"": {""table_name"": ""crime_category_test"", ""target_column"": ""category""}, ""matched"": true}, {""node_id"": ""2698"", ""widget_name"": ""Predictions"", ""node_name"": ""预测"", ""node_params"": {""output_attrs"": true, ""output_predictions"": true, ""output_probabilities"": true}, ""matched"": true}, {""node_id"": ""2699"", ""widget_name"": ""Save Data"", ""node_name"": ""保存预测结果"", ""node_params"": {}, ""matched"": true}]}","{""dependency_requirements"": [{""edge_id"": ""2216"", ""source_node_id"": ""2693"", ""target_node_id"": ""2700""}, {""edge_id"": ""2217"", ""source_node_id"": ""2694"", ""target_node_id"": ""2698""}, {""edge_id"": ""2219"", ""source_node_id"": ""2700"", ""target_node_id"": ""2698""}, {""edge_id"": ""2221"", ""source_node_id"": ""2698"", ""target_node_id"": ""2699""}], ""step_requirements"": [{""node_id"": ""2693"", ""algorithm_step_name"": ""Tabular Dataset Loading"", ""node_name"": ""旧金山社区犯罪报告训练数据"", ""node_params"": {""table_name"": ""crime_category_train"", ""target_column"": ""category""}, ""contrast_level"": 2, ""node_type"": ""io""}, {""node_id"": ""2694"", ""algorithm_step_name"": ""Tabular Dataset Loading"", ""node_name"": ""旧金山社区犯罪报告测试数据"", ""node_params"": {""table_name"": ""crime_category_test"", ""target_column"": ""category""}, ""contrast_level"": 2, ""node_type"": ""io""}, {""node_id"": ""2700"", ""algorithm_step_name"": ""XGBoost"", ""node_name"": ""XGBoost"", ""node_params"": {}, ""contrast_level"": 0, ""node_type"": ""model""}, {""node_id"": ""2698"", ""algorithm_step_name"": ""Test Dataset Predictions"", ""node_name"": ""犯罪类别预测"", ""node_params"": {""output_attrs"": true, ""output_predictions"": true, ""output_probabilities"": true}, ""contrast_level"": 2, ""node_type"": ""predict""}, {""node_id"": ""2699"", ""algorithm_step_name"": ""Save Data"", ""node_name"": ""保存犯罪类别预测结果"", ""node_params"": {}, ""contrast_level"": 2, ""node_type"": ""io""}]}",0.6
请你构建一个模型，用于根据鲍鱼的各种物理测量数据来预测它的年龄。进行独热编码之后对数据集进行划分，最后用划分的数据对训练好的模型进行评估。,0.9,15998,1790,82.39288973808289,7.03237771987915,29.117652893066406,35.705551624298096,10.537307500839232,"{""edges"": [{""edge_id"": ""60681"", ""source_node_id"": ""2747"", ""target_node_id"": ""2748""}, {""edge_id"": ""60682"", ""source_node_id"": ""2747"", ""target_node_id"": ""2749""}, {""edge_id"": ""60683"", ""source_node_id"": ""2749"", ""target_node_id"": ""2750""}, {""edge_id"": ""60684"", ""source_node_id"": ""2749"", ""target_node_id"": ""2751""}, {""edge_id"": ""60686"", ""source_node_id"": ""2750"", ""target_node_id"": ""2751""}], ""nodes"": [{""node_id"": ""2747"", ""widget_name"": ""SQL Table"", ""node_name"": ""鲍鱼训练数据"", ""node_params"": {""table_name"": ""abalone_train"", ""target_column"": ""rings""}, ""matched"": true}, {""node_id"": ""2748"", ""widget_name"": ""One Hot Encoder"", ""node_name"": ""独热编码处理"", ""node_params"": {""encode_vars"": [""sex""]}, ""matched"": true}, {""node_id"": ""2749"", ""widget_name"": ""Data Sampler"", ""node_name"": ""数据划分"", ""node_params"": {""sampling_type"": 0, ""percentage"": 20, ""n_samples"": 15, ""replacement"": false, ""n_folds"": 10, ""selected_folds"": 1, ""replicable"": false, ""stratified"": false}, ""matched"": true}, {""node_id"": ""2750"", ""widget_name"": ""Linear Regression"", ""node_name"": ""线性回归模型"", ""node_params"": {""regression_type"": ""0""}, ""matched"": true}, {""node_id"": ""2751"", ""widget_name"": ""Test & Score"", ""node_name"": ""模型评估"", ""node_params"": {}, ""matched"": true}]}","{""dependency_requirements"": [{""edge_id"": ""2266"", ""source_node_id"": ""2747"", ""target_node_id"": ""2748""}, {""edge_id"": ""2267"", ""source_node_id"": ""2748"", ""target_node_id"": ""2749""}, {""edge_id"": ""2268"", ""source_node_id"": ""2749"", ""target_node_id"": ""2750""}, {""edge_id"": ""2269"", ""source_node_id"": ""2749"", ""target_node_id"": ""2751""}, {""edge_id"": ""2271"", ""source_node_id"": ""2750"", ""target_node_id"": ""2751""}], ""step_requirements"": [{""node_id"": ""2747"", ""algorithm_step_name"": ""Tabular Dataset Loading"", ""node_name"": ""鲍鱼物理测量训练数据"", ""node_params"": {""table_name"": ""abalone_train"", ""target_column"": ""rings""}, ""contrast_level"": 2, ""node_type"": ""io""}, {""node_id"": ""2748"", ""algorithm_step_name"": ""One Hot Encoding"", ""node_name"": ""独热编码处理"", ""node_params"": {}, ""contrast_level"": 1, ""node_type"": ""feature engineering""}, {""node_id"": ""2749"", ""algorithm_step_name"": ""Dataset Division"", ""node_name"": ""数据划分"", ""node_params"": {}, ""contrast_level"": 1, ""node_type"": ""preprocess""}, {""node_id"": ""2750"", ""algorithm_step_name"": ""XGBoost"", ""node_name"": ""XGBoost回归器"", ""node_params"": {}, ""contrast_level"": 0, ""node_type"": ""model""}, {""node_id"": ""2751"", ""algorithm_step_name"": ""Model Evaluate"", ""node_name"": ""模型评估"", ""node_params"": {}, ""contrast_level"": 2, ""node_type"": ""evaluate""}]}",0.8
您的任务是训练一个神经网络模型，用于根据矿物莫氏硬度的相关特性，预测矿物的莫氏硬度数值。我希望你的激活函数使用双曲正切函数，优化方法使用随机梯度下降。,1.0,8603,1223,65.4397885799408,5.941205024719238,20.227811098098755,27.10028386116028,12.170488595962524,"{""edges"": [{""edge_id"": ""60687"", ""source_node_id"": ""2772"", ""target_node_id"": ""2774""}], ""nodes"": [{""node_id"": ""2772"", ""widget_name"": ""SQL Table"", ""node_name"": ""矿物莫氏硬度训练数据"", ""node_params"": {""table_name"": ""mohs_hardness_train"", ""target_column"": ""Hardness""}, ""matched"": true}, {""node_id"": ""2774"", ""widget_name"": ""Neural Network"", ""node_name"": ""神经网络模型"", ""node_params"": {""hidden_layers_input"": ""100,"", ""activation"": ""2"", ""solver"": ""1"", ""alpha"": 0.0001, ""maxItera"": 200, ""replicable"": true}, ""matched"": true}]}","{""dependency_requirements"": [{""edge_id"": ""2303"", ""source_node_id"": ""2772"", ""target_node_id"": ""2774""}], ""step_requirements"": [{""node_id"": ""2772"", ""algorithm_step_name"": ""Tabular Dataset Loading"", ""node_name"": ""矿物硬度训练数据"", ""node_params"": {""table_name"": ""mohs_hardness_train"", ""target_column"": ""Hardness""}, ""contrast_level"": 2, ""node_type"": ""io""}, {""node_id"": ""2774"", ""algorithm_step_name"": ""Neural Network"", ""node_name"": ""神经网络模型"", ""node_params"": {""hidden_layers_input"": ""100,"", ""activation"": ""2"", ""solver"": ""1"", ""alpha"": 0.0001, ""maxItera"": 200, ""replicable"": true}, ""contrast_level"": 2, ""node_type"": ""model""}]}",1.0
你的任务是使用螃蟹年龄的训练数据集去建立一个随机森林模型来预测螃蟹的年龄。然后，用这个模型对螃蟹年龄的测试数据集进行预测，最后把预测结果保存下来。数据集需要进行独热编码,1.0,21950,2397,121.97581505775452,8.707808017730713,26.32617497444153,64.73984503746033,22.20198702812195,"{""edges"": [{""edge_id"": ""60688"", ""source_node_id"": ""2710"", ""target_node_id"": ""72460""}, {""edge_id"": ""60689"", ""source_node_id"": ""2711"", ""target_node_id"": ""72461""}, {""edge_id"": ""60690"", ""source_node_id"": ""72460"", ""target_node_id"": ""2712""}, {""edge_id"": ""60691"", ""source_node_id"": ""72461"", ""target_node_id"": ""2713""}, {""edge_id"": ""60692"", ""source_node_id"": ""2712"", ""target_node_id"": ""2714""}, {""edge_id"": ""60693"", ""source_node_id"": ""2713"", ""target_node_id"": ""2715""}, {""edge_id"": ""60694"", ""source_node_id"": ""2714"", ""target_node_id"": ""2715""}, {""edge_id"": ""60695"", ""source_node_id"": ""2715"", ""target_node_id"": ""2716""}], ""nodes"": [{""node_id"": ""2710"", ""widget_name"": ""SQL Table"", ""node_name"": ""螃蟹年龄训练数据"", ""node_params"": {""table_name"": ""crab_age_train"", ""target_column"": ""Age""}, ""matched"": true}, {""node_id"": ""2711"", ""widget_name"": ""SQL Table"", ""node_name"": ""螃蟹年龄测试数据"", ""node_params"": {""table_name"": ""crab_age_test"", ""target_column"": ""Age""}, ""matched"": true}, {""node_id"": ""72460"", ""widget_name"": ""Edit Domain"", ""node_name"": ""训练数据性别处理"", ""node_params"": {""column_name"": ""Sex"", ""valueMappings"": [{""key"": 0, ""originValue"": ""I"", ""currentValue"": ""0""}, {""key"": 1, ""originValue"": ""M"", ""currentValue"": ""1""}]}, ""matched"": false}, {""node_id"": ""72461"", ""widget_name"": ""Edit Domain"", ""node_name"": ""测试数据性别处理"", ""node_params"": {""column_name"": ""Sex"", ""valueMappings"": [{""key"": 0, ""originValue"": ""I"", ""currentValue"": ""0""}, {""key"": 1, ""originValue"": ""M"", ""currentValue"": ""1""}]}, ""matched"": false}, {""node_id"": ""2712"", ""widget_name"": ""One Hot Encoder"", ""node_name"": ""训练数据性别独热编码"", ""node_params"": {""encode_vars"": []}, ""matched"": true}, {""node_id"": ""2713"", ""widget_name"": ""One Hot Encoder"", ""node_name"": ""测试数据性别独热编码"", ""node_params"": {""encode_vars"": []}, ""matched"": true}, {""node_id"": ""2714"", ""widget_name"": ""Random Forest"", ""node_name"": ""随机森林模型"", ""node_params"": {""n_estimators"": 10, ""use_max_features"": false, ""max_features"": ""auto"", ""use_random_state"": false, ""use_max_depth"": false, ""max_depth"": 3, ""use_min_samples_split"": true, ""min_samples_split"": 2}, ""matched"": true}, {""node_id"": ""2715"", ""widget_name"": ""Predictions"", ""node_name"": ""预测"", ""node_params"": {""output_attrs"": true, ""output_predictions"": true, ""output_probabilities"": false}, ""matched"": true}, {""node_id"": ""2716"", ""widget_name"": ""Save Data"", ""node_name"": ""保存预测结果"", ""node_params"": {}, ""matched"": true}]}","{""dependency_requirements"": [{""edge_id"": ""2233"", ""source_node_id"": ""2710"", ""target_node_id"": ""2712""}, {""edge_id"": ""2234"", ""source_node_id"": ""2711"", ""target_node_id"": ""2713""}, {""edge_id"": ""2235"", ""source_node_id"": ""2712"", ""target_node_id"": ""2714""}, {""edge_id"": ""2236"", ""source_node_id"": ""2713"", ""target_node_id"": ""2715""}, {""edge_id"": ""2237"", ""source_node_id"": ""2714"", ""target_node_id"": ""2715""}, {""edge_id"": ""2238"", ""source_node_id"": ""2715"", ""target_node_id"": ""2716""}], ""step_requirements"": [{""node_id"": ""2710"", ""algorithm_step_name"": ""Tabular Dataset Loading"", ""node_name"": ""螃蟹年龄训练数据"", ""node_params"": {""table_name"": ""crab_age_train"", ""target_column"": ""Age""}, ""contrast_level"": 2, ""node_type"": ""io""}, {""node_id"": ""2711"", ""algorithm_step_name"": ""Tabular Dataset Loading"", ""node_name"": ""螃蟹年龄测试数据"", ""node_params"": {""table_name"": ""crab_age_test"", ""target_column"": ""Age""}, ""contrast_level"": 2, ""node_type"": ""io""}, {""node_id"": ""2712"", ""algorithm_step_name"": ""One Hot Encoding"", ""node_name"": ""训练数据独热编码"", ""node_params"": {}, ""contrast_level"": 1, ""node_type"": ""feature engineering""}, {""node_id"": ""2713"", ""algorithm_step_name"": ""One Hot Encoding"", ""node_name"": ""测试数据独热编码"", ""node_params"": {}, ""contrast_level"": 1, ""node_type"": ""feature engineering""}, {""node_id"": ""2714"", ""algorithm_step_name"": ""Random Forest"", ""node_name"": ""随机森林模型"", ""node_params"": {}, ""contrast_level"": 1, ""node_type"": ""model""}, {""node_id"": ""2715"", ""algorithm_step_name"": ""Test Dataset Predictions"", ""node_name"": ""预测结果"", ""node_params"": {""output_attrs"": true, ""output_predictions"": true, ""output_probabilities"": false}, ""contrast_level"": 2, ""node_type"": ""predict""}, {""node_id"": ""2716"", ""algorithm_step_name"": ""Save Data"", ""node_name"": ""保存预测结果"", ""node_params"": {}, ""contrast_level"": 2, ""node_type"": ""io""}]}",0.875
您的任务是构建一个机器学习模型，帮助我预测野生蓝莓的产量。特征工程的处理方法为：特征构建和特征选择。特征工程处理之后还需要对数据进行抽样处理，最后用抽样的数据对训练好的模型进行评估。,0.9167,20792,1906,90.49601411819458,7.955528020858765,30.33949565887451,36.9447968006134,15.2561936378479,"{""edges"": [{""edge_id"": ""60696"", ""source_node_id"": ""2776"", ""target_node_id"": ""2780""}, {""edge_id"": ""60697"", ""source_node_id"": ""2780"", ""target_node_id"": ""2777""}, {""edge_id"": ""60698"", ""source_node_id"": ""2777"", ""target_node_id"": ""2778""}, {""edge_id"": ""60699"", ""source_node_id"": ""2777"", ""target_node_id"": ""2779""}, {""edge_id"": ""60701"", ""source_node_id"": ""2778"", ""target_node_id"": ""2779""}], ""nodes"": [{""node_id"": ""2775"", ""widget_name"": ""SQL Table"", ""node_name"": ""野生蓝莓产量训练数据"", ""node_params"": {""table_name"": ""wild_blueberry_yield_train"", ""target_column"": ""yield""}, ""matched"": true}, {""node_id"": ""2776"", ""widget_name"": ""Feature Constructor"", ""node_name"": ""特征构建"", ""node_params"": {""expressions"": []}, ""matched"": true}, {""node_id"": ""2780"", ""widget_name"": ""Select Best N Attributes"", ""node_name"": ""特征选择"", ""node_params"": {""n"": 3}, ""matched"": true}, {""node_id"": ""2777"", ""widget_name"": ""Data Sampler"", ""node_name"": ""数据划分"", ""node_params"": {""sampling_type"": 0, ""percentage"": 10, ""n_samples"": 15, ""replacement"": false, ""n_folds"": 10, ""selected_folds"": 1, ""replicable"": false, ""stratified"": false}, ""matched"": true}, {""node_id"": ""2778"", ""widget_name"": ""Random Forest"", ""node_name"": ""随机森林回归模型"", ""node_params"": {""n_estimators"": 10, ""use_max_features"": false, ""max_features"": ""auto"", ""use_random_state"": false, ""use_max_depth"": false, ""max_depth"": 3, ""use_min_samples_split"": true, ""min_samples_split"": 2}, ""matched"": true}, {""node_id"": ""2779"", ""widget_name"": ""Test & Score"", ""node_name"": ""测试评分"", ""node_params"": {}, ""matched"": true}]}","{""dependency_requirements"": [{""edge_id"": ""2304"", ""source_node_id"": ""2775"", ""target_node_id"": ""2776""}, {""edge_id"": ""2305"", ""source_node_id"": ""2780"", ""target_node_id"": ""2777""}, {""edge_id"": ""2306"", ""source_node_id"": ""2777"", ""target_node_id"": ""2778""}, {""edge_id"": ""2307"", ""source_node_id"": ""2777"", ""target_node_id"": ""2779""}, {""edge_id"": ""2309"", ""source_node_id"": ""2778"", ""target_node_id"": ""2779""}, {""edge_id"": ""2310"", ""source_node_id"": ""2776"", ""target_node_id"": ""2780""}], ""step_requirements"": [{""node_id"": ""2775"", ""algorithm_step_name"": ""Tabular Dataset Loading"", ""node_name"": ""野生蓝莓产量训练数据"", ""node_params"": {""table_name"": ""wild_blueberry_yield_train"", ""target_column"": ""yield""}, ""contrast_level"": 2, ""node_type"": ""io""}, {""node_id"": ""2776"", ""algorithm_step_name"": ""Feature Construction"", ""node_name"": ""特征构建"", ""node_params"": {}, ""contrast_level"": 1, ""node_type"": ""feature engineering""}, {""node_id"": ""2777"", ""algorithm_step_name"": ""Dataset Division"", ""node_name"": ""数据划分"", ""node_params"": {}, ""contrast_level"": 1, ""node_type"": ""preprocess""}, {""node_id"": ""2778"", ""algorithm_step_name"": ""XGBoost"", ""node_name"": ""XGBoost回归器"", ""node_params"": {}, ""contrast_level"": 0, ""node_type"": ""model""}, {""node_id"": ""2779"", ""algorithm_step_name"": ""Model Evaluate"", ""node_name"": ""模型评估"", ""node_params"": {}, ""contrast_level"": 2, ""node_type"": ""evaluate""}, {""node_id"": ""2780"", ""algorithm_step_name"": ""Feature Selection"", ""node_name"": ""Select Best N Attributes"", ""node_params"": {}, ""contrast_level"": 1, ""node_type"": ""feature engineering""}]}",0.8333
您的任务是根据媒体宣传成本的训练数据去构建一个机器学习模型，帮助我们预测食品超市的媒体宣传成本。然后，用这个模型对媒体宣传成本的测试数据集进行预测，最后把预测结果保存下来。,1.0,20118,2881,142.25867533683777,10.709200143814089,39.806336641311646,62.33072757720947,29.412410974502563,"{""edges"": [{""edge_id"": ""60702"", ""source_node_id"": ""2740"", ""target_node_id"": ""2745""}, {""edge_id"": ""60703"", ""source_node_id"": ""2741"", ""target_node_id"": ""2743""}, {""edge_id"": ""60704"", ""source_node_id"": ""2745"", ""target_node_id"": ""2743""}, {""edge_id"": ""60705"", ""source_node_id"": ""2743"", ""target_node_id"": ""2744""}], ""nodes"": [{""node_id"": ""2740"", ""widget_name"": ""SQL Table"", ""node_name"": ""媒体宣传成本训练数据"", ""node_params"": {""table_name"": ""media_campaign_cost_train"", ""target_column"": ""cost""}, ""matched"": true}, {""node_id"": ""2745"", ""widget_name"": ""Linear Regression"", ""node_name"": ""线性回归模型"", ""node_params"": {""regression_type"": ""0""}, ""matched"": true}, {""node_id"": ""2741"", ""widget_name"": ""SQL Table"", ""node_name"": ""媒体宣传成本测试数据"", ""node_params"": {""table_name"": ""media_campaign_cost_test"", ""target_column"": ""cost""}, ""matched"": true}, {""node_id"": ""2743"", ""widget_name"": ""Predictions"", ""node_name"": ""预测"", ""node_params"": {""output_attrs"": true, ""output_predictions"": true, ""output_probabilities"": false}, ""matched"": true}, {""node_id"": ""2744"", ""widget_name"": ""Save Data"", ""node_name"": ""保存预测结果"", ""node_params"": {}, ""matched"": true}]}","{""dependency_requirements"": [{""edge_id"": ""2261"", ""source_node_id"": ""2741"", ""target_node_id"": ""2743""}, {""edge_id"": ""2262"", ""source_node_id"": ""2740"", ""target_node_id"": ""2745""}, {""edge_id"": ""2263"", ""source_node_id"": ""2745"", ""target_node_id"": ""2743""}, {""edge_id"": ""2264"", ""source_node_id"": ""2743"", ""target_node_id"": ""2744""}], ""step_requirements"": [{""node_id"": ""2740"", ""algorithm_step_name"": ""Tabular Dataset Loading"", ""node_name"": ""食品超市媒体宣传成本训练数据"", ""node_params"": {""table_name"": ""media_campaign_cost_train"", ""target_column"": ""cost""}, ""contrast_level"": 2, ""node_type"": ""io""}, {""node_id"": ""2741"", ""algorithm_step_name"": ""Tabular Dataset Loading"", ""node_name"": ""食品超市媒体宣传成本测试数据"", ""node_params"": {""table_name"": ""media_campaign_cost_test"", ""target_column"": ""cost""}, ""contrast_level"": 2, ""node_type"": ""io""}, {""node_id"": ""2743"", ""algorithm_step_name"": ""Test Dataset Predictions"", ""node_name"": ""预测"", ""node_params"": {""output_attrs"": true, ""output_predictions"": true, ""output_probabilities"": false}, ""contrast_level"": 2, ""node_type"": ""predict""}, {""node_id"": ""2744"", ""algorithm_step_name"": ""Save Data"", ""node_name"": ""保存预测结果"", ""node_params"": {}, ""contrast_level"": 2, ""node_type"": ""io""}, {""node_id"": ""2745"", ""algorithm_step_name"": ""XGBoost"", ""node_name"": ""XGBoost"", ""node_params"": {}, ""contrast_level"": 0, ""node_type"": ""model""}]}",1.0
我需要你使用银行信用贷款的训练数据，构建一个能够预测客户是否会流失的随机森林模型。然后，用这个模型对测试数据进行预测，并把预测结果保存下来，最后展示预测结果的混淆矩阵,0.9091,21539,2628,133.72748184204102,8.771345138549805,34.06663131713867,65.03325939178467,25.85624599456787,"{""edges"": [{""edge_id"": ""60706"", ""source_node_id"": ""2561"", ""target_node_id"": ""72480""}, {""edge_id"": ""60707"", ""source_node_id"": ""2562"", ""target_node_id"": ""72481""}, {""edge_id"": ""60708"", ""source_node_id"": ""72480"", ""target_node_id"": ""2565""}, {""edge_id"": ""60709"", ""source_node_id"": ""72481"", ""target_node_id"": ""2567""}, {""edge_id"": ""60710"", ""source_node_id"": ""2565"", ""target_node_id"": ""2567""}, {""edge_id"": ""60711"", ""source_node_id"": ""2567"", ""target_node_id"": ""2568""}, {""edge_id"": ""60712"", ""source_node_id"": ""2567"", ""target_node_id"": ""2569""}], ""nodes"": [{""node_id"": ""2561"", ""widget_name"": ""SQL Table"", ""node_name"": ""银行信用贷款训练数据"", ""node_params"": {""table_name"": ""bank_customer_churn_train"", ""target_column"": ""Exited""}, ""matched"": true}, {""node_id"": ""2562"", ""widget_name"": ""SQL Table"", ""node_name"": ""银行信用贷款测试数据"", ""node_params"": {""table_name"": ""bank_customer_churn_test"", ""target_column"": ""Exited""}, ""matched"": true}, {""node_id"": ""72480"", ""widget_name"": ""One Hot Encoder"", ""node_name"": ""训练数据独热编码"", ""node_params"": {""encode_vars"": [""Geography"", ""Gender""]}, ""matched"": false}, {""node_id"": ""72481"", ""widget_name"": ""One Hot Encoder"", ""node_name"": ""测试数据独热编码"", ""node_params"": {""encode_vars"": [""Geography"", ""Gender""]}, ""matched"": false}, {""node_id"": ""2565"", ""widget_name"": ""Random Forest"", ""node_name"": ""随机森林模型"", ""node_params"": {""n_estimators"": 10, ""use_max_features"": false, ""max_features"": ""auto"", ""use_random_state"": false, ""use_max_depth"": false, ""max_depth"": 3, ""use_min_samples_split"": true, ""min_samples_split"": 2}, ""matched"": true}, {""node_id"": ""2567"", ""widget_name"": ""Predictions"", ""node_name"": ""预测"", ""node_params"": {""output_attrs"": true, ""output_predictions"": true, ""output_probabilities"": true}, ""matched"": true}, {""node_id"": ""2568"", ""widget_name"": ""Save Data"", ""node_name"": ""保存预测结果"", ""node_params"": {}, ""matched"": true}, {""node_id"": ""2569"", ""widget_name"": ""Confusion Matrix"", ""node_name"": ""混淆矩阵"", ""node_params"": {}, ""matched"": true}]}","{""dependency_requirements"": [{""edge_id"": ""2111"", ""source_node_id"": ""2561"", ""target_node_id"": ""2565""}, {""edge_id"": ""2112"", ""source_node_id"": ""2562"", ""target_node_id"": ""2567""}, {""edge_id"": ""2113"", ""source_node_id"": ""2565"", ""target_node_id"": ""2567""}, {""edge_id"": ""2114"", ""source_node_id"": ""2567"", ""target_node_id"": ""2568""}, {""edge_id"": ""2116"", ""source_node_id"": ""2568"", ""target_node_id"": ""2569""}], ""step_requirements"": [{""node_id"": ""2561"", ""algorithm_step_name"": ""Tabular Dataset Loading"", ""node_name"": ""银行信用贷款训练数据"", ""node_params"": {""table_name"": ""bank_customer_churn_train"", ""target_column"": ""Exited""}, ""contrast_level"": 2, ""node_type"": ""io""}, {""node_id"": ""2562"", ""algorithm_step_name"": ""Tabular Dataset Loading"", ""node_name"": ""银行信用贷款测试数据"", ""node_params"": {""table_name"": ""bank_customer_churn_test"", ""target_column"": ""Exited""}, ""contrast_level"": 2, ""node_type"": ""io""}, {""node_id"": ""2565"", ""algorithm_step_name"": ""Random Forest"", ""node_name"": ""随机森林模型"", ""node_params"": {}, ""contrast_level"": 1, ""node_type"": ""model""}, {""node_id"": ""2567"", ""algorithm_step_name"": ""Test Dataset Predictions"", ""node_name"": ""预测结果"", ""node_params"": {""output_attrs"": true, ""output_predictions"": true, ""output_probabilities"": true}, ""contrast_level"": 2, ""node_type"": ""predict""}, {""node_id"": ""2568"", ""algorithm_step_name"": ""Save Data"", ""node_name"": ""保存预测结果"", ""node_params"": {}, ""contrast_level"": 1, ""node_type"": ""io""}, {""node_id"": ""2569"", ""algorithm_step_name"": ""Confusion Matrix"", ""node_name"": ""混淆矩阵"", ""node_params"": {}, ""contrast_level"": 1, ""node_type"": ""visualize""}]}",0.7143
请你使用生物信号训练数据集来预测个体是否为吸烟者，你的最终目标是建立一个能够准确判断个体吸烟状态的XGboost模型，学习率使用0.1，学习器使用DART模型。,1.0,9851,1490,79.69925117492676,6.025424480438232,19.818332195281982,34.8329062461853,19.02258825302124,"{""edges"": [{""edge_id"": ""60713"", ""source_node_id"": ""2570"", ""target_node_id"": ""2572""}], ""nodes"": [{""node_id"": ""2570"", ""widget_name"": ""SQL Table"", ""node_name"": ""生物信号训练数据"", ""node_params"": {""table_name"": ""smoker_status_bio_signals_train"", ""target_column"": ""smoking""}, ""matched"": true}, {""node_id"": ""2572"", ""widget_name"": ""XGBoost"", ""node_name"": ""XGBoost模型"", ""node_params"": {""booster"": ""dart"", ""learning_rate"": 0.1, ""gamma"": 0, ""max_depth"": 6, ""min_child_widget"": 1, ""max_delta_step"": 0, ""subsample"": 1, ""sampling_method"": ""uniform"", ""lambda"": 1, ""alpha"": 0, ""tree_method"": ""auto"", ""scale_pos_weight"": 1, ""updater"": ""grow_colmaker"", ""process_type"": ""default"", ""grow_policy"": ""depthwise""}, ""matched"": true}]}","{""dependency_requirements"": [{""edge_id"": ""2117"", ""source_node_id"": ""2570"", ""target_node_id"": ""2572""}], ""step_requirements"": [{""node_id"": ""2570"", ""algorithm_step_name"": ""Tabular Dataset Loading"", ""node_name"": ""生物信号训练数据"", ""node_params"": {""table_name"": ""smoker_status_bio_signals_train"", ""target_column"": ""smoking""}, ""contrast_level"": 2, ""node_type"": ""io""}, {""node_id"": ""2572"", ""algorithm_step_name"": ""XGBoost"", ""node_name"": ""XGBoost模型"", ""node_params"": {""booster"": ""dart"", ""learning_rate"": 0.1, ""gamma"": 0, ""max_depth"": 6, ""min_child_widget"": 1, ""max_delta_step"": 0, ""subsample"": 1, ""sampling_method"": ""uniform"", ""lambda"": 1, ""alpha"": 0, ""tree_method"": ""auto"", ""scale_pos_weight"": 1, ""updater"": ""grow_colmaker"", ""process_type"": ""default"", ""grow_policy"": ""depthwise""}, ""contrast_level"": 2, ""node_type"": ""model""}]}",1.0
你需要使用人类的肾结石相关指标数据，开发一个机器学习模型预测一个人是否患有肾结石。我需要你在模型训练之前，加一步数据划分的数据处理，最后还要用划分后的验证集对模型进行评估。,1.0,13650,1681,78.14767599105835,7.364250659942627,32.59963250160217,28.5681893825531,9.61560344696045,"{""edges"": [{""edge_id"": ""60714"", ""source_node_id"": ""2577"", ""target_node_id"": ""2578""}, {""edge_id"": ""60715"", ""source_node_id"": ""2578"", ""target_node_id"": ""2579""}, {""edge_id"": ""60716"", ""source_node_id"": ""2578"", ""target_node_id"": ""2580""}, {""edge_id"": ""60718"", ""source_node_id"": ""2579"", ""target_node_id"": ""2580""}], ""nodes"": [{""node_id"": ""2577"", ""widget_name"": ""SQL Table"", ""node_name"": ""肾结石相关指标训练数据"", ""node_params"": {""table_name"": ""kidney_stone_train"", ""target_column"": ""target""}, ""matched"": true}, {""node_id"": ""2578"", ""widget_name"": ""Data Sampler"", ""node_name"": ""数据划分"", ""node_params"": {""sampling_type"": 0, ""percentage"": 10, ""n_samples"": 15, ""replacement"": false, ""n_folds"": 10, ""selected_folds"": 1, ""replicable"": false, ""stratified"": false}, ""matched"": true}, {""node_id"": ""2579"", ""widget_name"": ""Random Forest"", ""node_name"": ""随机森林模型"", ""node_params"": {""n_estimators"": 10, ""use_max_features"": false, ""max_features"": ""auto"", ""use_random_state"": false, ""use_max_depth"": false, ""max_depth"": 3, ""use_min_samples_split"": true, ""min_samples_split"": 2}, ""matched"": true}, {""node_id"": ""2580"", ""widget_name"": ""Test & Score"", ""node_name"": ""模型评估"", ""node_params"": {}, ""matched"": true}]}","{""dependency_requirements"": [{""edge_id"": ""2119"", ""source_node_id"": ""2577"", ""target_node_id"": ""2578""}, {""edge_id"": ""2120"", ""source_node_id"": ""2578"", ""target_node_id"": ""2579""}, {""edge_id"": ""2121"", ""source_node_id"": ""2578"", ""target_node_id"": ""2580""}, {""edge_id"": ""2123"", ""source_node_id"": ""2579"", ""target_node_id"": ""2580""}], ""step_requirements"": [{""node_id"": ""2577"", ""algorithm_step_name"": ""Tabular Dataset Loading"", ""node_name"": ""肾结石指标训练数据"", ""node_params"": {""table_name"": ""kidney_stone_train"", ""target_column"": ""target""}, ""contrast_level"": 2, ""node_type"": ""io""}, {""node_id"": ""2578"", ""algorithm_step_name"": ""Dataset Division"", ""node_name"": ""数据划分"", ""node_params"": {}, ""contrast_level"": 1, ""node_type"": ""preprocess""}, {""node_id"": ""2579"", ""algorithm_step_name"": ""LightGBM"", ""node_name"": ""LightGBM分类器"", ""node_params"": {}, ""contrast_level"": 0, ""node_type"": ""model""}, {""node_id"": ""2580"", ""algorithm_step_name"": ""Model Evaluate"", ""node_name"": ""模型评估"", ""node_params"": {}, ""contrast_level"": 2, ""node_type"": ""evaluate""}]}",1.0
你的目标是帮助我的酒店更好地预判客户是否会取消预订。你首先要加载酒店预定的训练数据和测试数据，用训练数据训练一个LightGBM模型，然后用LightGBM模型对酒店预定的测试数据进行预测，最后将预测结果保存。,1.0,16788,2587,135.5025119781494,7.859572410583496,29.008808612823486,65.1651508808136,33.46898007392883,"{""edges"": [{""edge_id"": ""60719"", ""source_node_id"": ""2582"", ""target_node_id"": ""2586""}, {""edge_id"": ""60720"", ""source_node_id"": ""2583"", ""target_node_id"": ""2587""}, {""edge_id"": ""60721"", ""source_node_id"": ""2586"", ""target_node_id"": ""2587""}, {""edge_id"": ""60722"", ""source_node_id"": ""2587"", ""target_node_id"": ""2588""}], ""nodes"": [{""node_id"": ""2582"", ""widget_name"": ""SQL Table"", ""node_name"": ""酒店预定训练数据"", ""node_params"": {""table_name"": ""reservation_cancellation_train"", ""target_column"": ""booking_status""}, ""matched"": true}, {""node_id"": ""2583"", ""widget_name"": ""SQL Table"", ""node_name"": ""酒店预定测试数据"", ""node_params"": {""table_name"": ""reservation_cancellation_test"", ""target_column"": ""booking_status""}, ""matched"": true}, {""node_id"": ""2586"", ""widget_name"": ""LightGBM"", ""node_name"": ""LightGBM模型"", ""node_params"": {""boosting_type"": ""gbdt"", ""n_estimators"": 10, ""learning_rate"": 0.1, ""sampling_rate"": 0.1, ""max_depth_check"": false, ""max_depth"": 3, ""num_leaves_check"": false, ""num_leaves"": 31}, ""matched"": true}, {""node_id"": ""2587"", ""widget_name"": ""Predictions"", ""node_name"": ""预测"", ""node_params"": {""output_attrs"": true, ""output_predictions"": true, ""output_probabilities"": true}, ""matched"": true}, {""node_id"": ""2588"", ""widget_name"": ""Save Data"", ""node_name"": ""保存预测结果"", ""node_params"": {}, ""matched"": true}]}","{""dependency_requirements"": [{""edge_id"": ""2129"", ""source_node_id"": ""2586"", ""target_node_id"": ""2587""}, {""edge_id"": ""2130"", ""source_node_id"": ""2587"", ""target_node_id"": ""2588""}, {""edge_id"": ""2131"", ""source_node_id"": ""2583"", ""target_node_id"": ""2589""}, {""edge_id"": ""2133"", ""source_node_id"": ""2582"", ""target_node_id"": ""2586""}], ""step_requirements"": [{""node_id"": ""2582"", ""algorithm_step_name"": ""Tabular Dataset Loading"", ""node_name"": ""酒店预定训练数据"", ""node_params"": {""table_name"": ""reservation_cancellation_train"", ""target_column"": ""booking_status""}, ""contrast_level"": 2, ""node_type"": ""io""}, {""node_id"": ""2583"", ""algorithm_step_name"": ""Tabular Dataset Loading"", ""node_name"": ""酒店预定测试数据"", ""node_params"": {""table_name"": ""reservation_cancellation_test"", ""target_column"": ""booking_status""}, ""contrast_level"": 2, ""node_type"": ""io""}, {""node_id"": ""2586"", ""algorithm_step_name"": ""LightGBM"", ""node_name"": ""LightGBM模型"", ""node_params"": {}, ""contrast_level"": 1, ""node_type"": ""model""}, {""node_id"": ""2587"", ""algorithm_step_name"": ""Test Dataset Predictions"", ""node_name"": ""预测"", ""node_params"": {""output_attrs"": true, ""output_predictions"": true, ""output_probabilities"": true}, ""contrast_level"": 2, ""node_type"": ""predict""}, {""node_id"": ""2588"", ""algorithm_step_name"": ""Save Data"", ""node_name"": ""保存预测结果"", ""node_params"": {}, ""contrast_level"": 2, ""node_type"": ""io""}]}",0.8
你的目标是通过与肥胖相关的各种因素，如饮食、生活方式等数据，训练一个模型来预测个体的肥胖风险等级。特征工程处理时，我需要你进行特征构建和特征选择。,1.0,11128,1543,77.70428967475891,5.253625392913818,21.18759274482727,35.834017753601074,15.429053783416748,"{""edges"": [{""edge_id"": ""60723"", ""source_node_id"": ""2594"", ""target_node_id"": ""2597""}, {""edge_id"": ""60724"", ""source_node_id"": ""2597"", ""target_node_id"": ""2598""}, {""edge_id"": ""60725"", ""source_node_id"": ""2598"", ""target_node_id"": ""2599""}], ""nodes"": [{""node_id"": ""2594"", ""widget_name"": ""SQL Table"", ""node_name"": ""肥胖相关训练数据"", ""node_params"": {""table_name"": ""obesity_cvd_risk_train"", ""target_column"": ""NObeyesdad""}, ""matched"": true}, {""node_id"": ""2597"", ""widget_name"": ""Feature Constructor"", ""node_name"": ""特征构建"", ""node_params"": {""expressions"": [{""key"": 0, ""name"": ""BMI"", ""expression"": ""Weight / (Height ** 2)"", ""type"": ""2"", ""image"": ""N"", ""categories"": ""A, B""}]}, ""matched"": true}, {""node_id"": ""2598"", ""widget_name"": ""Select Best N Attributes"", ""node_name"": ""特征选择"", ""node_params"": {""n"": 5}, ""matched"": true}, {""node_id"": ""2599"", ""widget_name"": ""Random Forest"", ""node_name"": ""随机森林分类器"", ""node_params"": {""n_estimators"": 10, ""use_max_features"": false, ""max_features"": ""auto"", ""use_random_state"": false, ""use_max_depth"": false, ""max_depth"": 3, ""use_min_samples_split"": true, ""min_samples_split"": 2}, ""matched"": true}]}","{""dependency_requirements"": [{""edge_id"": ""2139"", ""source_node_id"": ""2594"", ""target_node_id"": ""2597""}, {""edge_id"": ""2140"", ""source_node_id"": ""2597"", ""target_node_id"": ""2598""}, {""edge_id"": ""2141"", ""source_node_id"": ""2598"", ""target_node_id"": ""2599""}], ""step_requirements"": [{""node_id"": ""2594"", ""algorithm_step_name"": ""Tabular Dataset Loading"", ""node_name"": ""肥胖风险训练数据"", ""node_params"": {""table_name"": ""obesity_cvd_risk_train"", ""target_column"": ""NObeyesdad""}, ""contrast_level"": 2, ""node_type"": ""io""}, {""node_id"": ""2597"", ""algorithm_step_name"": ""Feature Construction"", ""node_name"": ""特征构建处理"", ""node_params"": {}, ""contrast_level"": 1, ""node_type"": ""feature engineering""}, {""node_id"": ""2598"", ""algorithm_step_name"": ""Feature Selection"", ""node_name"": ""自动特征选择处理"", ""node_params"": {}, ""contrast_level"": 1, ""node_type"": ""feature engineering""}, {""node_id"": ""2599"", ""algorithm_step_name"": ""XGBoost"", ""node_name"": ""XGBoost分类器"", ""node_params"": {}, ""contrast_level"": 0, ""node_type"": ""model""}]}",1.0
你的目标是构建一个机器学习模型，用于预测肝硬化患者的生存状态。我需要你在处理完数据集之后将数据集划分为训练集和验证集，以便最后用划分的训练数据对模型进行训练，用验证数据对模型进行评估。,0.8,24568,3242,152.20675945281982,7.362268686294556,31.04612398147583,81.12915372848511,32.66921305656433,"{""edges"": [{""edge_id"": ""60726"", ""source_node_id"": ""2607"", ""target_node_id"": ""72502""}, {""edge_id"": ""60727"", ""source_node_id"": ""72502"", ""target_node_id"": ""2611""}, {""edge_id"": ""60728"", ""source_node_id"": ""2611"", ""target_node_id"": ""2612""}, {""edge_id"": ""60729"", ""source_node_id"": ""72502"", ""target_node_id"": ""2612""}, {""edge_id"": ""60730"", ""source_node_id"": ""2607"", ""target_node_id"": ""2612""}], ""nodes"": [{""node_id"": ""2607"", ""widget_name"": ""SQL Table"", ""node_name"": ""肝硬化患者数据集"", ""node_params"": {""table_name"": ""cirrhosis_patient_train"", ""target_column"": ""Status""}, ""matched"": true}, {""node_id"": ""72502"", ""widget_name"": ""One Hot Encoder"", ""node_name"": ""独热编码处理"", ""node_params"": {""encode_vars"": [""Drug"", ""Ascites"", ""Hepatomegaly"", ""Spiders"", ""Edema"", ""Stage""]}, ""matched"": false}, {""node_id"": ""2611"", ""widget_name"": ""LightGBM"", ""node_name"": ""LightGBM分类器"", ""node_params"": {""boosting_type"": ""gbdt"", ""n_estimators"": 10, ""learning_rate"": 0.1, ""sampling_rate"": 0.1, ""max_depth_check"": false, ""max_depth"": 3, ""num_leaves_check"": false, ""num_leaves"": 31}, ""matched"": true}, {""node_id"": ""2612"", ""widget_name"": ""Test & Score"", ""node_name"": ""模型评估"", ""node_params"": {}, ""matched"": true}]}","{""dependency_requirements"": [{""edge_id"": ""2148"", ""source_node_id"": ""2607"", ""target_node_id"": ""2610""}, {""edge_id"": ""2152"", ""source_node_id"": ""2610"", ""target_node_id"": ""2611""}, {""edge_id"": ""2152"", ""source_node_id"": ""2610"", ""target_node_id"": ""2612""}, {""edge_id"": ""2154"", ""source_node_id"": ""2611"", ""target_node_id"": ""2612""}], ""step_requirements"": [{""node_id"": ""2607"", ""algorithm_step_name"": ""Tabular Dataset Loading"", ""node_name"": ""肝硬化患者生存状态训练数据"", ""node_params"": {""table_name"": ""cirrhosis_patient_train"", ""target_column"": ""Status""}, ""contrast_level"": 2, ""node_type"": ""io""}, {""node_id"": ""2610"", ""algorithm_step_name"": ""Dataset Division"", ""node_name"": ""数据划分"", ""node_params"": {}, ""contrast_level"": 1, ""node_type"": ""preprocess""}, {""node_id"": ""2611"", ""algorithm_step_name"": ""XGBoost"", ""node_name"": ""XGBoost分类器"", ""node_params"": {}, ""contrast_level"": 0, ""node_type"": ""model""}, {""node_id"": ""2612"", ""algorithm_step_name"": ""Model Evaluate"", ""node_name"": ""评估"", ""node_params"": {}, ""contrast_level"": 2, ""node_type"": ""evaluate""}]}",0.75
根据马匹健康状况的各项指标检测数据，预测马匹的健康状况。我需要你使用训练数据集训练模型，然后用模型预测测试数据，最后将预测结果保存。,1.0,26832,3027,138.58235430717468,10.543517351150513,42.40691256523132,64.7877790927887,20.84414529800415,"{""edges"": [{""edge_id"": ""60731"", ""source_node_id"": ""2635"", ""target_node_id"": ""72506""}, {""edge_id"": ""60732"", ""source_node_id"": ""72506"", ""target_node_id"": ""72507""}, {""edge_id"": ""60733"", ""source_node_id"": ""72507"", ""target_node_id"": ""2642""}, {""edge_id"": ""60734"", ""source_node_id"": ""2636"", ""target_node_id"": ""72510""}, {""edge_id"": ""60735"", ""source_node_id"": ""72510"", ""target_node_id"": ""72511""}, {""edge_id"": ""60736"", ""source_node_id"": ""72511"", ""target_node_id"": ""2643""}, {""edge_id"": ""60737"", ""source_node_id"": ""2642"", ""target_node_id"": ""2643""}, {""edge_id"": ""60738"", ""source_node_id"": ""2643"", ""target_node_id"": ""2644""}], ""nodes"": [{""node_id"": ""2635"", ""widget_name"": ""SQL Table"", ""node_name"": ""马匹健康状况训练数据"", ""node_params"": {""table_name"": ""horse_health_outcomes_train"", ""target_column"": ""outcome""}, ""matched"": true}, {""node_id"": ""72506"", ""widget_name"": ""Impute"", ""node_name"": ""缺失值处理"", ""node_params"": {""method"": 1}, ""matched"": false}, {""node_id"": ""72507"", ""widget_name"": ""One Hot Encoder"", ""node_name"": ""独热编码处理"", ""node_params"": {""encode_vars"": [""peripheral_pulse"", ""mucous_membrane"", ""capillary_refill_time""]}, ""matched"": false}, {""node_id"": ""2642"", ""widget_name"": ""Random Forest"", ""node_name"": ""随机森林分类器"", ""node_params"": {""n_estimators"": 10, ""use_max_features"": false, ""max_features"": ""auto"", ""use_random_state"": false, ""use_max_depth"": false, ""max_depth"": 3, ""use_min_samples_split"": true, ""min_samples_split"": 2}, ""matched"": true}, {""node_id"": ""2636"", ""widget_name"": ""SQL Table"", ""node_name"": ""马匹健康状况测试数据"", ""node_params"": {""table_name"": ""horse_health_outcomes_test"", ""target_column"": ""outcome""}, ""matched"": true}, {""node_id"": ""72510"", ""widget_name"": ""Impute"", ""node_name"": ""测试数据缺失值处理"", ""node_params"": {""method"": 1}, ""matched"": false}, {""node_id"": ""72511"", ""widget_name"": ""One Hot Encoder"", ""node_name"": ""测试数据独热编码"", ""node_params"": {""encode_vars"": [""peripheral_pulse"", ""mucous_membrane"", ""capillary_refill_time""]}, ""matched"": false}, {""node_id"": ""2643"", ""widget_name"": ""Predictions"", ""node_name"": ""预测"", ""node_params"": {""output_attrs"": true, ""output_predictions"": true, ""output_probabilities"": true}, ""matched"": true}, {""node_id"": ""2644"", ""widget_name"": ""Save Data"", ""node_name"": ""保存预测结果"", ""node_params"": {}, ""matched"": true}]}","{""dependency_requirements"": [{""edge_id"": ""2178"", ""source_node_id"": ""2635"", ""target_node_id"": ""2642""}, {""edge_id"": ""2179"", ""source_node_id"": ""2636"", ""target_node_id"": ""2643""}, {""edge_id"": ""2185"", ""source_node_id"": ""2642"", ""target_node_id"": ""2643""}, {""edge_id"": ""2186"", ""source_node_id"": ""2643"", ""target_node_id"": ""2644""}], ""step_requirements"": [{""node_id"": ""2635"", ""algorithm_step_name"": ""Tabular Dataset Loading"", ""node_name"": ""马匹健康状况训练数据"", ""node_params"": {""table_name"": ""horse_health_outcomes_train"", ""target_column"": ""outcome""}, ""contrast_level"": 2, ""node_type"": ""io""}, {""node_id"": ""2636"", ""algorithm_step_name"": ""Tabular Dataset Loading"", ""node_name"": ""马匹健康状况测试数据"", ""node_params"": {""table_name"": ""horse_health_outcomes_test"", ""target_column"": ""outcome""}, ""contrast_level"": 2, ""node_type"": ""io""}, {""node_id"": ""2642"", ""algorithm_step_name"": ""Decision Tree Model"", ""node_name"": ""健康状态预测模型"", ""node_params"": {}, ""contrast_level"": 0, ""node_type"": ""model""}, {""node_id"": ""2643"", ""algorithm_step_name"": ""Test Dataset Predictions"", ""node_name"": ""健康状况预测"", ""node_params"": {""output_attrs"": true, ""output_predictions"": true, ""output_probabilities"": true}, ""contrast_level"": 2, ""node_type"": ""predict""}, {""node_id"": ""2644"", ""algorithm_step_name"": ""Save Data"", ""node_name"": ""保存预测结果到文件"", ""node_params"": {}, ""contrast_level"": 1, ""node_type"": ""io""}]}",0.7143
我需要你使用怪物的相关指标数据，构建一个能够区分怪物类型的机器学习模型。然后，用这个模型对测试数据进行预测，最后把预测结果保存下来。,1.0,17206,2004,104.28554463386536,7.861483097076416,27.139906644821167,52.86288666725159,16.421268224716187,"{""edges"": [{""edge_id"": ""60739"", ""source_node_id"": ""2685"", ""target_node_id"": ""72516""}, {""edge_id"": ""60740"", ""source_node_id"": ""2686"", ""target_node_id"": ""72517""}, {""edge_id"": ""60741"", ""source_node_id"": ""72516"", ""target_node_id"": ""2690""}, {""edge_id"": ""60742"", ""source_node_id"": ""72517"", ""target_node_id"": ""2691""}, {""edge_id"": ""60743"", ""source_node_id"": ""2690"", ""target_node_id"": ""2691""}, {""edge_id"": ""60744"", ""source_node_id"": ""2691"", ""target_node_id"": ""2692""}], ""nodes"": [{""node_id"": ""2685"", ""widget_name"": ""SQL Table"", ""node_name"": ""怪物训练数据"", ""node_params"": {""table_name"": ""monster_train"", ""target_column"": ""type""}, ""matched"": true}, {""node_id"": ""2686"", ""widget_name"": ""SQL Table"", ""node_name"": ""怪物测试数据"", ""node_params"": {""table_name"": ""monster_test"", ""target_column"": ""type""}, ""matched"": true}, {""node_id"": ""72516"", ""widget_name"": ""One Hot Encoder"", ""node_name"": ""训练数据独热编码"", ""node_params"": {""encode_vars"": [""color""]}, ""matched"": false}, {""node_id"": ""72517"", ""widget_name"": ""One Hot Encoder"", ""node_name"": ""测试数据独热编码"", ""node_params"": {""encode_vars"": [""color""]}, ""matched"": false}, {""node_id"": ""2690"", ""widget_name"": ""Logistic Regression"", ""node_name"": ""逻辑回归模型"", ""node_params"": {""C"": 1, ""penalty"": ""l2""}, ""matched"": true}, {""node_id"": ""2691"", ""widget_name"": ""Predictions"", ""node_name"": ""预测"", ""node_params"": {""output_attrs"": true, ""output_predictions"": true, ""output_probabilities"": true}, ""matched"": true}, {""node_id"": ""2692"", ""widget_name"": ""Save Data"", ""node_name"": ""保存预测结果"", ""node_params"": {}, ""matched"": true}]}","{""dependency_requirements"": [{""edge_id"": ""2210"", ""source_node_id"": ""2685"", ""target_node_id"": ""2690""}, {""edge_id"": ""2211"", ""source_node_id"": ""2686"", ""target_node_id"": ""2691""}, {""edge_id"": ""2212"", ""source_node_id"": ""2690"", ""target_node_id"": ""2691""}, {""edge_id"": ""2214"", ""source_node_id"": ""2691"", ""target_node_id"": ""2692""}], ""step_requirements"": [{""node_id"": ""2685"", ""algorithm_step_name"": ""Tabular Dataset Loading"", ""node_name"": ""怪物类型训练数据"", ""node_params"": {""table_name"": ""monster_train"", ""target_column"": ""type""}, ""contrast_level"": 2, ""node_type"": ""io""}, {""node_id"": ""2686"", ""algorithm_step_name"": ""Tabular Dataset Loading"", ""node_name"": ""怪物类型测试数据"", ""node_params"": {""table_name"": ""monster_test"", ""target_column"": ""type""}, ""contrast_level"": 2, ""node_type"": ""io""}, {""node_id"": ""2690"", ""algorithm_step_name"": ""Decision Tree Model"", ""node_name"": ""怪物类型决策树模型"", ""node_params"": {}, ""contrast_level"": 0, ""node_type"": ""model""}, {""node_id"": ""2691"", ""algorithm_step_name"": ""Test Dataset Predictions"", ""node_name"": ""预测"", ""node_params"": {""output_attrs"": true, ""output_predictions"": true, ""output_probabilities"": true}, ""contrast_level"": 2, ""node_type"": ""predict""}, {""node_id"": ""2692"", ""algorithm_step_name"": ""Save Data"", ""node_name"": ""保存预测结果"", ""node_params"": {}, ""contrast_level"": 2, ""node_type"": ""io""}]}",0.8333
你的目标是根据旧金山所有社区近12年的犯罪训练数据和测试数据，首先使用训练数据训练一个模型，该模型能够预测犯罪类别。然后，用这个模型对测试数据集进行预测，最后把预测结果保存下来。,0.7778,15857,1596,90.71344470977785,6.636940956115723,20.541770219802856,47.738950967788696,15.795782566070557,"{""edges"": [{""edge_id"": ""60745"", ""source_node_id"": ""2694"", ""target_node_id"": ""2698""}, {""edge_id"": ""60746"", ""source_node_id"": ""2698"", ""target_node_id"": ""2699""}], ""nodes"": [{""node_id"": ""2693"", ""widget_name"": ""SQL Table"", ""node_name"": ""旧金山犯罪训练数据"", ""node_params"": {""table_name"": ""crime_category_train"", ""target_column"": ""category""}, ""matched"": true}, {""node_id"": ""2700"", ""widget_name"": ""Text Classification"", ""node_name"": ""文本分类模型"", ""node_params"": {""frame"": ""pytorch"", ""select_model"": ""BERT"", ""epoch"": 3, ""learning_rate"": 0.01, ""batch_size"": 4}, ""matched"": true}, {""node_id"": ""2694"", ""widget_name"": ""SQL Table"", ""node_name"": ""旧金山犯罪测试数据"", ""node_params"": {""table_name"": ""crime_category_test"", ""target_column"": ""category""}, ""matched"": true}, {""node_id"": ""2698"", ""widget_name"": ""Predictions"", ""node_name"": ""预测"", ""node_params"": {""output_attrs"": true, ""output_predictions"": true, ""output_probabilities"": true}, ""matched"": true}, {""node_id"": ""2699"", ""widget_name"": ""Save Data"", ""node_name"": ""保存预测结果"", ""node_params"": {}, ""matched"": true}]}","{""dependency_requirements"": [{""edge_id"": ""2216"", ""source_node_id"": ""2693"", ""target_node_id"": ""2700""}, {""edge_id"": ""2217"", ""source_node_id"": ""2694"", ""target_node_id"": ""2698""}, {""edge_id"": ""2219"", ""source_node_id"": ""2700"", ""target_node_id"": ""2698""}, {""edge_id"": ""2221"", ""source_node_id"": ""2698"", ""target_node_id"": ""2699""}], ""step_requirements"": [{""node_id"": ""2693"", ""algorithm_step_name"": ""Tabular Dataset Loading"", ""node_name"": ""旧金山社区犯罪报告训练数据"", ""node_params"": {""table_name"": ""crime_category_train"", ""target_column"": ""category""}, ""contrast_level"": 2, ""node_type"": ""io""}, {""node_id"": ""2694"", ""algorithm_step_name"": ""Tabular Dataset Loading"", ""node_name"": ""旧金山社区犯罪报告测试数据"", ""node_params"": {""table_name"": ""crime_category_test"", ""target_column"": ""category""}, ""contrast_level"": 2, ""node_type"": ""io""}, {""node_id"": ""2700"", ""algorithm_step_name"": ""XGBoost"", ""node_name"": ""XGBoost"", ""node_params"": {}, ""contrast_level"": 0, ""node_type"": ""model""}, {""node_id"": ""2698"", ""algorithm_step_name"": ""Test Dataset Predictions"", ""node_name"": ""犯罪类别预测"", ""node_params"": {""output_attrs"": true, ""output_predictions"": true, ""output_probabilities"": true}, ""contrast_level"": 2, ""node_type"": ""predict""}, {""node_id"": ""2699"", ""algorithm_step_name"": ""Save Data"", ""node_name"": ""保存犯罪类别预测结果"", ""node_params"": {}, ""contrast_level"": 2, ""node_type"": ""io""}]}",0.6
请你构建一个模型，用于根据鲍鱼的各种物理测量数据来预测它的年龄。进行独热编码之后对数据集进行划分，最后用划分的数据对训练好的模型进行评估。,0.9,16006,1784,82.08600664138794,7.022805213928223,28.855228185653687,35.66220664978027,10.545766592025757,"{""edges"": [{""edge_id"": ""60747"", ""source_node_id"": ""2747"", ""target_node_id"": ""2748""}, {""edge_id"": ""60748"", ""source_node_id"": ""2747"", ""target_node_id"": ""2749""}, {""edge_id"": ""60749"", ""source_node_id"": ""2749"", ""target_node_id"": ""2750""}, {""edge_id"": ""60750"", ""source_node_id"": ""2749"", ""target_node_id"": ""2751""}, {""edge_id"": ""60752"", ""source_node_id"": ""2750"", ""target_node_id"": ""2751""}], ""nodes"": [{""node_id"": ""2747"", ""widget_name"": ""SQL Table"", ""node_name"": ""鲍鱼训练数据"", ""node_params"": {""table_name"": ""abalone_train"", ""target_column"": ""rings""}, ""matched"": true}, {""node_id"": ""2748"", ""widget_name"": ""One Hot Encoder"", ""node_name"": ""独热编码处理"", ""node_params"": {""encode_vars"": [""sex""]}, ""matched"": true}, {""node_id"": ""2749"", ""widget_name"": ""Data Sampler"", ""node_name"": ""数据划分"", ""node_params"": {""sampling_type"": 0, ""percentage"": 20, ""n_samples"": 15, ""replacement"": false, ""n_folds"": 10, ""selected_folds"": 1, ""replicable"": false, ""stratified"": false}, ""matched"": true}, {""node_id"": ""2750"", ""widget_name"": ""Linear Regression"", ""node_name"": ""线性回归模型"", ""node_params"": {""regression_type"": ""0""}, ""matched"": true}, {""node_id"": ""2751"", ""widget_name"": ""Test & Score"", ""node_name"": ""模型评估"", ""node_params"": {}, ""matched"": true}]}","{""dependency_requirements"": [{""edge_id"": ""2266"", ""source_node_id"": ""2747"", ""target_node_id"": ""2748""}, {""edge_id"": ""2267"", ""source_node_id"": ""2748"", ""target_node_id"": ""2749""}, {""edge_id"": ""2268"", ""source_node_id"": ""2749"", ""target_node_id"": ""2750""}, {""edge_id"": ""2269"", ""source_node_id"": ""2749"", ""target_node_id"": ""2751""}, {""edge_id"": ""2271"", ""source_node_id"": ""2750"", ""target_node_id"": ""2751""}], ""step_requirements"": [{""node_id"": ""2747"", ""algorithm_step_name"": ""Tabular Dataset Loading"", ""node_name"": ""鲍鱼物理测量训练数据"", ""node_params"": {""table_name"": ""abalone_train"", ""target_column"": ""rings""}, ""contrast_level"": 2, ""node_type"": ""io""}, {""node_id"": ""2748"", ""algorithm_step_name"": ""One Hot Encoding"", ""node_name"": ""独热编码处理"", ""node_params"": {}, ""contrast_level"": 1, ""node_type"": ""feature engineering""}, {""node_id"": ""2749"", ""algorithm_step_name"": ""Dataset Division"", ""node_name"": ""数据划分"", ""node_params"": {}, ""contrast_level"": 1, ""node_type"": ""preprocess""}, {""node_id"": ""2750"", ""algorithm_step_name"": ""XGBoost"", ""node_name"": ""XGBoost回归器"", ""node_params"": {}, ""contrast_level"": 0, ""node_type"": ""model""}, {""node_id"": ""2751"", ""algorithm_step_name"": ""Model Evaluate"", ""node_name"": ""模型评估"", ""node_params"": {}, ""contrast_level"": 2, ""node_type"": ""evaluate""}]}",0.8
您的任务是训练一个神经网络模型，用于根据矿物莫氏硬度的相关特性，预测矿物的莫氏硬度数值。我希望你的激活函数使用双曲正切函数，优化方法使用随机梯度下降。,1.0,8283,1239,66.45245718955994,5.945720434188843,21.22853255271912,27.11624503135681,12.161959171295166,"{""edges"": [{""edge_id"": ""60753"", ""source_node_id"": ""2772"", ""target_node_id"": ""2774""}], ""nodes"": [{""node_id"": ""2772"", ""widget_name"": ""SQL Table"", ""node_name"": ""矿物莫氏硬度训练数据"", ""node_params"": {""table_name"": ""mohs_hardness_train"", ""target_column"": ""Hardness""}, ""matched"": true}, {""node_id"": ""2774"", ""widget_name"": ""Neural Network"", ""node_name"": ""神经网络模型"", ""node_params"": {""hidden_layers_input"": ""100,"", ""activation"": ""2"", ""solver"": ""1"", ""alpha"": 0.0001, ""maxItera"": 200, ""replicable"": true}, ""matched"": true}]}","{""dependency_requirements"": [{""edge_id"": ""2303"", ""source_node_id"": ""2772"", ""target_node_id"": ""2774""}], ""step_requirements"": [{""node_id"": ""2772"", ""algorithm_step_name"": ""Tabular Dataset Loading"", ""node_name"": ""矿物硬度训练数据"", ""node_params"": {""table_name"": ""mohs_hardness_train"", ""target_column"": ""Hardness""}, ""contrast_level"": 2, ""node_type"": ""io""}, {""node_id"": ""2774"", ""algorithm_step_name"": ""Neural Network"", ""node_name"": ""神经网络模型"", ""node_params"": {""hidden_layers_input"": ""100,"", ""activation"": ""2"", ""solver"": ""1"", ""alpha"": 0.0001, ""maxItera"": 200, ""replicable"": true}, ""contrast_level"": 2, ""node_type"": ""model""}]}",1.0
你的任务是使用螃蟹年龄的训练数据集去建立一个随机森林模型来预测螃蟹的年龄。然后，用这个模型对螃蟹年龄的测试数据集进行预测，最后把预测结果保存下来。数据集需要进行独热编码,1.0,21905,2360,120.0002338886261,8.712053060531616,25.05092144012451,64.27281713485718,21.9644422531128,"{""edges"": [{""edge_id"": ""60754"", ""source_node_id"": ""2710"", ""target_node_id"": ""72535""}, {""edge_id"": ""60755"", ""source_node_id"": ""2711"", ""target_node_id"": ""72536""}, {""edge_id"": ""60756"", ""source_node_id"": ""72535"", ""target_node_id"": ""2712""}, {""edge_id"": ""60757"", ""source_node_id"": ""72536"", ""target_node_id"": ""2713""}, {""edge_id"": ""60758"", ""source_node_id"": ""2712"", ""target_node_id"": ""2714""}, {""edge_id"": ""60759"", ""source_node_id"": ""2713"", ""target_node_id"": ""2715""}, {""edge_id"": ""60760"", ""source_node_id"": ""2714"", ""target_node_id"": ""2715""}, {""edge_id"": ""60761"", ""source_node_id"": ""2715"", ""target_node_id"": ""2716""}], ""nodes"": [{""node_id"": ""2710"", ""widget_name"": ""SQL Table"", ""node_name"": ""螃蟹年龄训练数据"", ""node_params"": {""table_name"": ""crab_age_train"", ""target_column"": ""Age""}, ""matched"": true}, {""node_id"": ""2711"", ""widget_name"": ""SQL Table"", ""node_name"": ""螃蟹年龄测试数据"", ""node_params"": {""table_name"": ""crab_age_test"", ""target_column"": ""Age""}, ""matched"": true}, {""node_id"": ""72535"", ""widget_name"": ""Edit Domain"", ""node_name"": ""训练数据性别处理"", ""node_params"": {""column_name"": ""Sex"", ""valueMappings"": [{""key"": 0, ""originValue"": ""I"", ""currentValue"": ""0""}, {""key"": 1, ""originValue"": ""M"", ""currentValue"": ""1""}]}, ""matched"": false}, {""node_id"": ""72536"", ""widget_name"": ""Edit Domain"", ""node_name"": ""测试数据性别处理"", ""node_params"": {""column_name"": ""Sex"", ""valueMappings"": [{""key"": 0, ""originValue"": ""I"", ""currentValue"": ""0""}, {""key"": 1, ""originValue"": ""M"", ""currentValue"": ""1""}]}, ""matched"": false}, {""node_id"": ""2712"", ""widget_name"": ""One Hot Encoder"", ""node_name"": ""训练数据性别独热编码"", ""node_params"": {""encode_vars"": []}, ""matched"": true}, {""node_id"": ""2713"", ""widget_name"": ""One Hot Encoder"", ""node_name"": ""测试数据性别独热编码"", ""node_params"": {""encode_vars"": []}, ""matched"": true}, {""node_id"": ""2714"", ""widget_name"": ""Random Forest"", ""node_name"": ""随机森林模型"", ""node_params"": {""n_estimators"": 10, ""use_max_features"": false, ""max_features"": ""auto"", ""use_random_state"": false, ""use_max_depth"": false, ""max_depth"": 3, ""use_min_samples_split"": true, ""min_samples_split"": 2}, ""matched"": true}, {""node_id"": ""2715"", ""widget_name"": ""Predictions"", ""node_name"": ""预测"", ""node_params"": {""output_attrs"": true, ""output_predictions"": true, ""output_probabilities"": false}, ""matched"": true}, {""node_id"": ""2716"", ""widget_name"": ""Save Data"", ""node_name"": ""保存预测结果"", ""node_params"": {}, ""matched"": true}]}","{""dependency_requirements"": [{""edge_id"": ""2233"", ""source_node_id"": ""2710"", ""target_node_id"": ""2712""}, {""edge_id"": ""2234"", ""source_node_id"": ""2711"", ""target_node_id"": ""2713""}, {""edge_id"": ""2235"", ""source_node_id"": ""2712"", ""target_node_id"": ""2714""}, {""edge_id"": ""2236"", ""source_node_id"": ""2713"", ""target_node_id"": ""2715""}, {""edge_id"": ""2237"", ""source_node_id"": ""2714"", ""target_node_id"": ""2715""}, {""edge_id"": ""2238"", ""source_node_id"": ""2715"", ""target_node_id"": ""2716""}], ""step_requirements"": [{""node_id"": ""2710"", ""algorithm_step_name"": ""Tabular Dataset Loading"", ""node_name"": ""螃蟹年龄训练数据"", ""node_params"": {""table_name"": ""crab_age_train"", ""target_column"": ""Age""}, ""contrast_level"": 2, ""node_type"": ""io""}, {""node_id"": ""2711"", ""algorithm_step_name"": ""Tabular Dataset Loading"", ""node_name"": ""螃蟹年龄测试数据"", ""node_params"": {""table_name"": ""crab_age_test"", ""target_column"": ""Age""}, ""contrast_level"": 2, ""node_type"": ""io""}, {""node_id"": ""2712"", ""algorithm_step_name"": ""One Hot Encoding"", ""node_name"": ""训练数据独热编码"", ""node_params"": {}, ""contrast_level"": 1, ""node_type"": ""feature engineering""}, {""node_id"": ""2713"", ""algorithm_step_name"": ""One Hot Encoding"", ""node_name"": ""测试数据独热编码"", ""node_params"": {}, ""contrast_level"": 1, ""node_type"": ""feature engineering""}, {""node_id"": ""2714"", ""algorithm_step_name"": ""Random Forest"", ""node_name"": ""随机森林模型"", ""node_params"": {}, ""contrast_level"": 1, ""node_type"": ""model""}, {""node_id"": ""2715"", ""algorithm_step_name"": ""Test Dataset Predictions"", ""node_name"": ""预测结果"", ""node_params"": {""output_attrs"": true, ""output_predictions"": true, ""output_probabilities"": false}, ""contrast_level"": 2, ""node_type"": ""predict""}, {""node_id"": ""2716"", ""algorithm_step_name"": ""Save Data"", ""node_name"": ""保存预测结果"", ""node_params"": {}, ""contrast_level"": 2, ""node_type"": ""io""}]}",0.875
您的任务是构建一个机器学习模型，帮助我预测野生蓝莓的产量。特征工程的处理方法为：特征构建和特征选择。特征工程处理之后还需要对数据进行抽样处理，最后用抽样的数据对训练好的模型进行评估。,1.0,20955,2079,95.00104427337646,7.951446294784546,30.11594700813293,41.74934649467468,15.184304475784302,"{""edges"": [{""edge_id"": ""60762"", ""source_node_id"": ""2775"", ""target_node_id"": ""2776""}, {""edge_id"": ""60763"", ""source_node_id"": ""2776"", ""target_node_id"": ""2780""}, {""edge_id"": ""60764"", ""source_node_id"": ""2780"", ""target_node_id"": ""2777""}, {""edge_id"": ""60765"", ""source_node_id"": ""2777"", ""target_node_id"": ""2778""}, {""edge_id"": ""60766"", ""source_node_id"": ""2777"", ""target_node_id"": ""2779""}, {""edge_id"": ""60768"", ""source_node_id"": ""2778"", ""target_node_id"": ""2779""}], ""nodes"": [{""node_id"": ""2775"", ""widget_name"": ""SQL Table"", ""node_name"": ""野生蓝莓产量训练数据"", ""node_params"": {""table_name"": ""wild_blueberry_yield_train"", ""target_column"": ""yield""}, ""matched"": true}, {""node_id"": ""2776"", ""widget_name"": ""Feature Constructor"", ""node_name"": ""特征构建"", ""node_params"": {""expressions"": [{""key"": 0, ""name"": ""temperature_range"", ""expression"": ""MaxOfUpperTRange - MinOfUpperTRange"", ""type"": ""2"", ""image"": ""N"", ""categories"": ""A, B""}, {""key"": 1, ""name"": ""average_temperature"", ""expression"": ""(MaxOfUpperTRange + MinOfUpperTRange) / 2"", ""type"": ""2"", ""image"": ""N"", ""categories"": ""A, B""}]}, ""matched"": true}, {""node_id"": ""2780"", ""widget_name"": ""Select Best N Attributes"", ""node_name"": ""特征选择"", ""node_params"": {""n"": 5}, ""matched"": true}, {""node_id"": ""2777"", ""widget_name"": ""Data Sampler"", ""node_name"": ""数据划分"", ""node_params"": {""sampling_type"": 0, ""percentage"": 10, ""n_samples"": 15, ""replacement"": false, ""n_folds"": 10, ""selected_folds"": 1, ""replicable"": false, ""stratified"": false}, ""matched"": true}, {""node_id"": ""2778"", ""widget_name"": ""Linear Regression"", ""node_name"": ""线性回归模型"", ""node_params"": {""regression_type"": ""0""}, ""matched"": true}, {""node_id"": ""2779"", ""widget_name"": ""Test & Score"", ""node_name"": ""模型评估"", ""node_params"": {}, ""matched"": true}]}","{""dependency_requirements"": [{""edge_id"": ""2304"", ""source_node_id"": ""2775"", ""target_node_id"": ""2776""}, {""edge_id"": ""2305"", ""source_node_id"": ""2780"", ""target_node_id"": ""2777""}, {""edge_id"": ""2306"", ""source_node_id"": ""2777"", ""target_node_id"": ""2778""}, {""edge_id"": ""2307"", ""source_node_id"": ""2777"", ""target_node_id"": ""2779""}, {""edge_id"": ""2309"", ""source_node_id"": ""2778"", ""target_node_id"": ""2779""}, {""edge_id"": ""2310"", ""source_node_id"": ""2776"", ""target_node_id"": ""2780""}], ""step_requirements"": [{""node_id"": ""2775"", ""algorithm_step_name"": ""Tabular Dataset Loading"", ""node_name"": ""野生蓝莓产量训练数据"", ""node_params"": {""table_name"": ""wild_blueberry_yield_train"", ""target_column"": ""yield""}, ""contrast_level"": 2, ""node_type"": ""io""}, {""node_id"": ""2776"", ""algorithm_step_name"": ""Feature Construction"", ""node_name"": ""特征构建"", ""node_params"": {}, ""contrast_level"": 1, ""node_type"": ""feature engineering""}, {""node_id"": ""2777"", ""algorithm_step_name"": ""Dataset Division"", ""node_name"": ""数据划分"", ""node_params"": {}, ""contrast_level"": 1, ""node_type"": ""preprocess""}, {""node_id"": ""2778"", ""algorithm_step_name"": ""XGBoost"", ""node_name"": ""XGBoost回归器"", ""node_params"": {}, ""contrast_level"": 0, ""node_type"": ""model""}, {""node_id"": ""2779"", ""algorithm_step_name"": ""Model Evaluate"", ""node_name"": ""模型评估"", ""node_params"": {}, ""contrast_level"": 2, ""node_type"": ""evaluate""}, {""node_id"": ""2780"", ""algorithm_step_name"": ""Feature Selection"", ""node_name"": ""Select Best N Attributes"", ""node_params"": {}, ""contrast_level"": 1, ""node_type"": ""feature engineering""}]}",1.0
您的任务是根据媒体宣传成本的训练数据去构建一个机器学习模型，帮助我们预测食品超市的媒体宣传成本。然后，用这个模型对媒体宣传成本的测试数据集进行预测，最后把预测结果保存下来。,1.0,20093,2788,140.22436094284058,10.700974464416504,38.00398826599121,62.260908365249634,29.258489847183228,"{""edges"": [{""edge_id"": ""60769"", ""source_node_id"": ""2740"", ""target_node_id"": ""2745""}, {""edge_id"": ""60770"", ""source_node_id"": ""2741"", ""target_node_id"": ""2743""}, {""edge_id"": ""60771"", ""source_node_id"": ""2745"", ""target_node_id"": ""2743""}, {""edge_id"": ""60772"", ""source_node_id"": ""2743"", ""target_node_id"": ""2744""}], ""nodes"": [{""node_id"": ""2740"", ""widget_name"": ""SQL Table"", ""node_name"": ""媒体宣传成本训练数据"", ""node_params"": {""table_name"": ""media_campaign_cost_train"", ""target_column"": ""cost""}, ""matched"": true}, {""node_id"": ""2745"", ""widget_name"": ""Linear Regression"", ""node_name"": ""线性回归模型"", ""node_params"": {""regression_type"": ""0""}, ""matched"": true}, {""node_id"": ""2741"", ""widget_name"": ""SQL Table"", ""node_name"": ""媒体宣传成本测试数据"", ""node_params"": {""table_name"": ""media_campaign_cost_test"", ""target_column"": ""cost""}, ""matched"": true}, {""node_id"": ""2743"", ""widget_name"": ""Predictions"", ""node_name"": ""预测"", ""node_params"": {""output_attrs"": true, ""output_predictions"": true, ""output_probabilities"": false}, ""matched"": true}, {""node_id"": ""2744"", ""widget_name"": ""Save Data"", ""node_name"": ""保存预测结果"", ""node_params"": {}, ""matched"": true}]}","{""dependency_requirements"": [{""edge_id"": ""2261"", ""source_node_id"": ""2741"", ""target_node_id"": ""2743""}, {""edge_id"": ""2262"", ""source_node_id"": ""2740"", ""target_node_id"": ""2745""}, {""edge_id"": ""2263"", ""source_node_id"": ""2745"", ""target_node_id"": ""2743""}, {""edge_id"": ""2264"", ""source_node_id"": ""2743"", ""target_node_id"": ""2744""}], ""step_requirements"": [{""node_id"": ""2740"", ""algorithm_step_name"": ""Tabular Dataset Loading"", ""node_name"": ""食品超市媒体宣传成本训练数据"", ""node_params"": {""table_name"": ""media_campaign_cost_train"", ""target_column"": ""cost""}, ""contrast_level"": 2, ""node_type"": ""io""}, {""node_id"": ""2741"", ""algorithm_step_name"": ""Tabular Dataset Loading"", ""node_name"": ""食品超市媒体宣传成本测试数据"", ""node_params"": {""table_name"": ""media_campaign_cost_test"", ""target_column"": ""cost""}, ""contrast_level"": 2, ""node_type"": ""io""}, {""node_id"": ""2743"", ""algorithm_step_name"": ""Test Dataset Predictions"", ""node_name"": ""预测"", ""node_params"": {""output_attrs"": true, ""output_predictions"": true, ""output_probabilities"": false}, ""contrast_level"": 2, ""node_type"": ""predict""}, {""node_id"": ""2744"", ""algorithm_step_name"": ""Save Data"", ""node_name"": ""保存预测结果"", ""node_params"": {}, ""contrast_level"": 2, ""node_type"": ""io""}, {""node_id"": ""2745"", ""algorithm_step_name"": ""XGBoost"", ""node_name"": ""XGBoost"", ""node_params"": {}, ""contrast_level"": 0, ""node_type"": ""model""}]}",1.0
