instruction,rcr,input_tokens,output_tokens,times,time_task_decomposition,time_widget_retrieval,time_operation_sequence_generation,time_data_retrieval,workflow,requirements,wgf1
帮我把加载的鸢尾花示例数据修改为加载房价示例数据集。,1.0,2045,127,13.621535062789915,2.711294889450073,0.0010251998901367,10.909214973449709,0,"{""edges"": [{""edge_id"": ""59730"", ""source_node_id"": ""2895"", ""target_node_id"": ""2896""}], ""nodes"": [{""node_id"": ""2895"", ""widget_name"": ""File"", ""node_name"": ""鸢尾花示例数据"", ""node_params"": {""type"": ""sample"", ""filename"": ""housing.csv""}, ""matched"": true}, {""node_id"": ""2896"", ""widget_name"": ""LightGBM"", ""node_name"": ""LightGBM分类器"", ""node_params"": {""boosting_type"": ""gbdt"", ""n_estimators"": 10, ""learning_rate"": 0.1, ""sampling_rate"": 0.1, ""max_depth_check"": false, ""max_depth"": 3, ""num_leaves_check"": false, ""num_leaves"": 31}, ""matched"": true}]}","{""dependency_requirements"": [{""edge_id"": ""2376"", ""source_node_id"": ""2895"", ""target_node_id"": ""2896""}], ""step_requirements"": [{""node_id"": ""2895"", ""algorithm_step_name"": ""Tabular Dataset Loading"", ""node_name"": ""鸢尾花示例数据"", ""node_params"": {""type"": ""sample"", ""filename"": ""housing.csv""}, ""contrast_level"": 2, ""node_type"": ""io""}, {""node_id"": ""2896"", ""algorithm_step_name"": ""LightGBM"", ""node_name"": ""LightGBM分类器"", ""node_params"": {""boosting_type"": ""gbdt"", ""n_estimators"": 10, ""learning_rate"": 0.1, ""sampling_rate"": 0.1, ""max_depth_check"": false, ""max_depth"": 3, ""num_leaves_check"": false, ""num_leaves"": 31}, ""contrast_level"": 2, ""node_type"": ""model""}]}",1.0
帮我把LightGBM模型的学习器类型重新设置为rf，学习率修改为0.01。,1.0,2590,254,12.0594642162323,2.813168525695801,8.077346563339233,1.1689491271972656,0,"{""edges"": [{""edge_id"": ""59731"", ""source_node_id"": ""2895"", ""target_node_id"": ""2896""}], ""nodes"": [{""node_id"": ""2895"", ""widget_name"": ""File"", ""node_name"": ""鸢尾花示例数据"", ""node_params"": {""type"": ""sample"", ""filename"": ""iris.csv""}, ""matched"": true}, {""node_id"": ""2896"", ""widget_name"": ""LightGBM"", ""node_name"": ""LightGBM分类器"", ""node_params"": {""boosting_type"": ""rf"", ""n_estimators"": 10, ""learning_rate"": 0.01, ""sampling_rate"": 0.1, ""max_depth_check"": false, ""max_depth"": 3, ""num_leaves_check"": false, ""num_leaves"": 31}, ""matched"": true}]}","{""dependency_requirements"": [{""edge_id"": ""2376"", ""source_node_id"": ""2895"", ""target_node_id"": ""2896""}], ""step_requirements"": [{""node_id"": ""2895"", ""algorithm_step_name"": ""Tabular Dataset Loading"", ""node_name"": ""鸢尾花示例数据"", ""node_params"": {""type"": ""sample"", ""filename"": ""iris.csv""}, ""contrast_level"": 2, ""node_type"": ""io""}, {""node_id"": ""2896"", ""algorithm_step_name"": ""LightGBM"", ""node_name"": ""LightGBM分类器"", ""node_params"": {""boosting_type"": ""rf"", ""n_estimators"": 10, ""learning_rate"": 0.01, ""sampling_rate"": 0.1, ""max_depth_check"": false, ""max_depth"": 3, ""num_leaves_check"": false, ""num_leaves"": 31}, ""contrast_level"": 2, ""node_type"": ""model""}]}",1.0
帮我添加一个缺失值处理步骤，以便对鸢尾花数据进行缺失值处理,1.0,2686,308,11.205103397369385,2.537527084350586,6.563181161880493,2.1043951511383057,0,"{""edges"": [{""edge_id"": ""59732"", ""source_node_id"": ""5159"", ""target_node_id"": ""5158""}, {""edge_id"": ""59733"", ""source_node_id"": ""5157"", ""target_node_id"": ""5159""}], ""nodes"": [{""node_id"": ""5157"", ""widget_name"": ""File"", ""node_name"": ""鸢尾花示例数据"", ""node_params"": {""type"": ""sample"", ""filename"": ""iris.csv""}, ""matched"": true}, {""node_id"": ""5158"", ""widget_name"": ""LightGBM"", ""node_name"": ""LightGBM分类器"", ""node_params"": {""boosting_type"": ""gbdt"", ""n_estimators"": 10, ""learning_rate"": 0.1, ""sampling_rate"": 0.1, ""max_depth_check"": false, ""max_depth"": 3, ""num_leaves_check"": false, ""num_leaves"": 31}, ""matched"": true}, {""node_id"": ""5159"", ""widget_name"": ""Impute"", ""node_name"": ""缺失值处理"", ""node_params"": {""method"": 1}, ""matched"": true}]}","{""dependency_requirements"": [{""edge_id"": ""4027"", ""source_node_id"": ""5159"", ""target_node_id"": ""5158""}, {""edge_id"": ""4028"", ""source_node_id"": ""5157"", ""target_node_id"": ""5159""}], ""step_requirements"": [{""node_id"": ""5157"", ""algorithm_step_name"": ""Tabular Dataset Loading"", ""node_name"": ""鸢尾花示例数据"", ""node_params"": {""type"": ""sample"", ""filename"": ""iris.csv""}, ""contrast_level"": 2, ""node_type"": ""io""}, {""node_id"": ""5158"", ""algorithm_step_name"": ""LightGBM"", ""node_name"": ""LightGBM分类器"", ""node_params"": {""boosting_type"": ""gbdt"", ""n_estimators"": 10, ""learning_rate"": 0.1, ""sampling_rate"": 0.1, ""max_depth_check"": false, ""max_depth"": 3, ""num_leaves_check"": false, ""num_leaves"": 31}, ""contrast_level"": 2, ""node_type"": ""model""}, {""node_id"": ""5159"", ""algorithm_step_name"": ""Missing Value Handling"", ""node_name"": ""Impute"", ""node_params"": {}, ""contrast_level"": 1, ""node_type"": ""preprocess""}]}",1.0
帮我在模型训练之前添加一个数据划分步骤，以便将处理后的数据进行拆分。,1.0,3005,281,10.451375961303713,2.353142499923706,5.603641510009766,2.49459195137024,0,"{""edges"": [{""edge_id"": ""59734"", ""source_node_id"": ""5160"", ""target_node_id"": ""5161""}, {""edge_id"": ""59735"", ""source_node_id"": ""5163"", ""target_node_id"": ""5162""}, {""edge_id"": ""59736"", ""source_node_id"": ""5161"", ""target_node_id"": ""5163""}], ""nodes"": [{""node_id"": ""5160"", ""widget_name"": ""File"", ""node_name"": ""鸢尾花示例数据"", ""node_params"": {""type"": ""sample"", ""filename"": ""iris.csv""}, ""matched"": true}, {""node_id"": ""5161"", ""widget_name"": ""Impute"", ""node_name"": ""缺失值填充"", ""node_params"": {""method"": 1}, ""matched"": true}, {""node_id"": ""5162"", ""widget_name"": ""LightGBM"", ""node_name"": ""LightGBM分类器"", ""node_params"": {""boosting_type"": ""gbdt"", ""n_estimators"": 10, ""learning_rate"": 0.1, ""sampling_rate"": 0.1, ""max_depth_check"": false, ""max_depth"": 3, ""num_leaves_check"": false, ""num_leaves"": 31}, ""matched"": true}, {""node_id"": ""5163"", ""widget_name"": ""Data Sampler"", ""node_name"": ""数据划分"", ""node_params"": {""sampling_type"": 0, ""percentage"": 10, ""n_samples"": 15, ""replacement"": false, ""n_folds"": 10, ""selected_folds"": 1, ""replicable"": false, ""stratified"": false}, ""matched"": true}]}","{""dependency_requirements"": [{""edge_id"": ""4029"", ""source_node_id"": ""5160"", ""target_node_id"": ""5161""}, {""edge_id"": ""4030"", ""source_node_id"": ""5163"", ""target_node_id"": ""5162""}, {""edge_id"": ""4031"", ""source_node_id"": ""5161"", ""target_node_id"": ""5163""}], ""step_requirements"": [{""node_id"": ""5160"", ""algorithm_step_name"": ""Tabular Dataset Loading"", ""node_name"": ""鸢尾花示例数据"", ""node_params"": {""type"": ""sample"", ""filename"": ""iris.csv""}, ""contrast_level"": 2, ""node_type"": ""io""}, {""node_id"": ""5161"", ""algorithm_step_name"": ""Missing Value Handling"", ""node_name"": ""缺失值填充"", ""node_params"": {""method"": 1}, ""contrast_level"": 2, ""node_type"": ""preprocess""}, {""node_id"": ""5162"", ""algorithm_step_name"": ""LightGBM"", ""node_name"": ""LightGBM分类器"", ""node_params"": {""boosting_type"": ""gbdt"", ""n_estimators"": 10, ""learning_rate"": 0.1, ""sampling_rate"": 0.1, ""max_depth_check"": false, ""max_depth"": 3, ""num_leaves_check"": false, ""num_leaves"": 31}, ""contrast_level"": 2, ""node_type"": ""model""}, {""node_id"": ""5163"", ""algorithm_step_name"": ""Dataset Division"", ""node_name"": ""Data Sampler"", ""node_params"": {}, ""contrast_level"": 1, ""node_type"": ""preprocess""}]}",1.0
我需要将数据划分的比例设置为8:2,1.0,3298,238,9.466451168060305,2.393080949783325,6.102613925933838,0.9707562923431396,0,"{""edges"": [{""edge_id"": ""59737"", ""source_node_id"": ""5164"", ""target_node_id"": ""5165""}, {""edge_id"": ""59738"", ""source_node_id"": ""5165"", ""target_node_id"": ""5166""}, {""edge_id"": ""59739"", ""source_node_id"": ""5166"", ""target_node_id"": ""5167""}], ""nodes"": [{""node_id"": ""5164"", ""widget_name"": ""File"", ""node_name"": ""鸢尾花示例数据"", ""node_params"": {""type"": ""sample"", ""filename"": ""iris.csv""}, ""matched"": true}, {""node_id"": ""5165"", ""widget_name"": ""Impute"", ""node_name"": ""缺失值填充"", ""node_params"": {""method"": 1}, ""matched"": true}, {""node_id"": ""5166"", ""widget_name"": ""Data Sampler"", ""node_name"": ""数据采样"", ""node_params"": {""sampling_type"": 0, ""percentage"": 20, ""n_samples"": 15, ""replacement"": false, ""n_folds"": 10, ""selected_folds"": 1, ""replicable"": false, ""stratified"": false}, ""matched"": true}, {""node_id"": ""5167"", ""widget_name"": ""LightGBM"", ""node_name"": ""LightGBM分类器"", ""node_params"": {""boosting_type"": ""gbdt"", ""n_estimators"": 10, ""learning_rate"": 0.1, ""sampling_rate"": 0.1, ""max_depth_check"": false, ""max_depth"": 3, ""num_leaves_check"": false, ""num_leaves"": 31}, ""matched"": true}]}","{""dependency_requirements"": [{""edge_id"": ""4032"", ""source_node_id"": ""5164"", ""target_node_id"": ""5165""}, {""edge_id"": ""4033"", ""source_node_id"": ""5165"", ""target_node_id"": ""5166""}, {""edge_id"": ""4034"", ""source_node_id"": ""5166"", ""target_node_id"": ""5167""}], ""step_requirements"": [{""node_id"": ""5164"", ""algorithm_step_name"": ""Tabular Dataset Loading"", ""node_name"": ""鸢尾花示例数据"", ""node_params"": {""type"": ""sample"", ""filename"": ""iris.csv""}, ""contrast_level"": 2, ""node_type"": ""io""}, {""node_id"": ""5165"", ""algorithm_step_name"": ""Missing Value Handling"", ""node_name"": ""缺失值填充"", ""node_params"": {""method"": 1}, ""contrast_level"": 2, ""node_type"": ""preprocess""}, {""node_id"": ""5166"", ""algorithm_step_name"": ""Dataset Division"", ""node_name"": ""数据采样"", ""node_params"": {""sampling_type"": 0, ""percentage"": 20, ""n_samples"": 15, ""replacement"": false, ""n_folds"": 10, ""selected_folds"": 1, ""replicable"": false, ""stratified"": false}, ""contrast_level"": 2, ""node_type"": ""preprocess""}, {""node_id"": ""5167"", ""algorithm_step_name"": ""LightGBM"", ""node_name"": ""LightGBM分类器"", ""node_params"": {""boosting_type"": ""gbdt"", ""n_estimators"": 10, ""learning_rate"": 0.1, ""sampling_rate"": 0.1, ""max_depth_check"": false, ""max_depth"": 3, ""num_leaves_check"": false, ""num_leaves"": 31}, ""contrast_level"": 2, ""node_type"": ""model""}]}",1.0
帮我添加一个模型评估步骤,1.0,2758,313,8.463732957839966,2.295363664627075,2.872258186340332,3.2961111068725586,0,"{""edges"": [{""edge_id"": ""59740"", ""source_node_id"": ""2899"", ""target_node_id"": ""2900""}, {""edge_id"": ""59741"", ""source_node_id"": ""2900"", ""target_node_id"": ""2901""}, {""edge_id"": ""59742"", ""source_node_id"": ""2901"", ""target_node_id"": ""2902""}, {""edge_id"": ""59743"", ""source_node_id"": ""2900"", ""target_node_id"": ""2903""}, {""edge_id"": ""59744"", ""source_node_id"": ""2901"", ""target_node_id"": ""2903""}, {""edge_id"": ""59745"", ""source_node_id"": ""2902"", ""target_node_id"": ""2903""}], ""nodes"": [{""node_id"": ""2899"", ""widget_name"": ""File"", ""node_name"": ""鸢尾花示例数据"", ""node_params"": {""type"": ""sample"", ""filename"": ""iris.csv""}, ""matched"": true}, {""node_id"": ""2900"", ""widget_name"": ""Impute"", ""node_name"": ""缺失值处理"", ""node_params"": {""method"": 1}, ""matched"": true}, {""node_id"": ""2901"", ""widget_name"": ""Data Sampler"", ""node_name"": ""数据划分处理"", ""node_params"": {""sampling_type"": 0, ""percentage"": 10, ""n_samples"": 15, ""replacement"": false, ""n_folds"": 10, ""selected_folds"": 1, ""replicable"": false, ""stratified"": false}, ""matched"": true}, {""node_id"": ""2902"", ""widget_name"": ""LightGBM"", ""node_name"": ""LightGBM分类器"", ""node_params"": {""boosting_type"": ""gbdt"", ""n_estimators"": 10, ""learning_rate"": 0.1, ""sampling_rate"": 0.1, ""max_depth_check"": false, ""max_depth"": 3, ""num_leaves_check"": false, ""num_leaves"": 31}, ""matched"": true}, {""node_id"": ""2903"", ""widget_name"": ""Test & Score"", ""node_name"": ""模型评估"", ""node_params"": {}, ""matched"": true}]}","{""dependency_requirements"": [{""edge_id"": ""2379"", ""source_node_id"": ""2899"", ""target_node_id"": ""2900""}, {""edge_id"": ""2380"", ""source_node_id"": ""2900"", ""target_node_id"": ""2901""}, {""edge_id"": ""2381"", ""source_node_id"": ""2901"", ""target_node_id"": ""2902""}, {""edge_id"": ""2382"", ""source_node_id"": ""2901"", ""target_node_id"": ""2903""}, {""edge_id"": ""2384"", ""source_node_id"": ""2902"", ""target_node_id"": ""2903""}], ""step_requirements"": [{""node_id"": ""2899"", ""algorithm_step_name"": ""Tabular Dataset Loading"", ""node_name"": ""鸢尾花示例数据"", ""node_params"": {""type"": ""sample"", ""filename"": ""iris.csv""}, ""contrast_level"": 2, ""node_type"": ""io""}, {""node_id"": ""2900"", ""algorithm_step_name"": ""Missing Value Handling"", ""node_name"": ""缺失值处理"", ""node_params"": {""method"": 1}, ""contrast_level"": 2, ""node_type"": ""preprocess""}, {""node_id"": ""2901"", ""algorithm_step_name"": ""Dataset Division"", ""node_name"": ""数据划分处理"", ""node_params"": {""sampling_type"": 0, ""percentage"": 10, ""n_samples"": 15, ""replacement"": false, ""n_folds"": 10, ""selected_folds"": 1, ""replicable"": false, ""stratified"": false}, ""contrast_level"": 2, ""node_type"": ""preprocess""}, {""node_id"": ""2902"", ""algorithm_step_name"": ""LightGBM"", ""node_name"": ""LightGBM分类器"", ""node_params"": {""boosting_type"": ""gbdt"", ""n_estimators"": 10, ""learning_rate"": 0.1, ""sampling_rate"": 0.1, ""max_depth_check"": false, ""max_depth"": 3, ""num_leaves_check"": false, ""num_leaves"": 31}, ""contrast_level"": 2, ""node_type"": ""model""}, {""node_id"": ""2903"", ""algorithm_step_name"": ""Model Evaluate"", ""node_name"": ""模型评估"", ""node_params"": {}, ""contrast_level"": 1, ""node_type"": ""evaluate""}]}",1.0
数据集中没有缺失值，所以帮我把缺失值这个步骤删除掉。,1.0,3422,275,10.403687715530396,2.380178689956665,6.401094675064087,1.6224143505096436,0,"{""edges"": [{""edge_id"": ""59748"", ""source_node_id"": ""2906"", ""target_node_id"": ""2907""}, {""edge_id"": ""59749"", ""source_node_id"": ""2906"", ""target_node_id"": ""2908""}, {""edge_id"": ""59751"", ""source_node_id"": ""2907"", ""target_node_id"": ""2908""}, {""edge_id"": ""59752"", ""source_node_id"": ""2904"", ""target_node_id"": ""2906""}], ""nodes"": [{""node_id"": ""2904"", ""widget_name"": ""File"", ""node_name"": ""鸢尾花示例数据"", ""node_params"": {""type"": ""sample"", ""filename"": ""iris.csv""}, ""matched"": true}, {""node_id"": ""2906"", ""widget_name"": ""Data Sampler"", ""node_name"": ""数据划分处理"", ""node_params"": {""sampling_type"": 0, ""percentage"": 10, ""n_samples"": 15, ""replacement"": false, ""n_folds"": 10, ""selected_folds"": 1, ""replicable"": false, ""stratified"": false}, ""matched"": true}, {""node_id"": ""2907"", ""widget_name"": ""LightGBM"", ""node_name"": ""LightGBM分类器"", ""node_params"": {""boosting_type"": ""gbdt"", ""n_estimators"": 10, ""learning_rate"": 0.1, ""sampling_rate"": 0.1, ""max_depth_check"": false, ""max_depth"": 3, ""num_leaves_check"": false, ""num_leaves"": 31}, ""matched"": true}, {""node_id"": ""2908"", ""widget_name"": ""Test & Score"", ""node_name"": ""模型评估"", ""node_params"": {}, ""matched"": true}]}","{""dependency_requirements"": [{""edge_id"": ""2387"", ""source_node_id"": ""2906"", ""target_node_id"": ""2907""}, {""edge_id"": ""2388"", ""source_node_id"": ""2906"", ""target_node_id"": ""2908""}, {""edge_id"": ""2390"", ""source_node_id"": ""2907"", ""target_node_id"": ""2908""}, {""edge_id"": ""2391"", ""source_node_id"": ""2904"", ""target_node_id"": ""2906""}], ""step_requirements"": [{""node_id"": ""2904"", ""algorithm_step_name"": ""Tabular Dataset Loading"", ""node_name"": ""鸢尾花示例数据"", ""node_params"": {""type"": ""sample"", ""filename"": ""iris.csv""}, ""contrast_level"": 2, ""node_type"": ""io""}, {""node_id"": ""2906"", ""algorithm_step_name"": ""Dataset Division"", ""node_name"": ""数据划分处理"", ""node_params"": {""sampling_type"": 0, ""percentage"": 10, ""n_samples"": 15, ""replacement"": false, ""n_folds"": 10, ""selected_folds"": 1, ""replicable"": false, ""stratified"": false}, ""contrast_level"": 2, ""node_type"": ""preprocess""}, {""node_id"": ""2907"", ""algorithm_step_name"": ""LightGBM"", ""node_name"": ""LightGBM分类器"", ""node_params"": {""boosting_type"": ""gbdt"", ""n_estimators"": 10, ""learning_rate"": 0.1, ""sampling_rate"": 0.1, ""max_depth_check"": false, ""max_depth"": 3, ""num_leaves_check"": false, ""num_leaves"": 31}, ""contrast_level"": 2, ""node_type"": ""model""}, {""node_id"": ""2908"", ""algorithm_step_name"": ""Model Evaluate"", ""node_name"": ""模型评估"", ""node_params"": {}, ""contrast_level"": 2, ""node_type"": ""evaluate""}]}",1.0
删除工作流中的KNN模型。,1.0,3460,272,12.74060034751892,2.3368518352508545,8.349043846130371,2.054704666137696,0,"{""edges"": [{""edge_id"": ""59753"", ""source_node_id"": ""2914"", ""target_node_id"": ""2915""}, {""edge_id"": ""59754"", ""source_node_id"": ""2915"", ""target_node_id"": ""2916""}, {""edge_id"": ""59756"", ""source_node_id"": ""2915"", ""target_node_id"": ""2918""}, {""edge_id"": ""59758"", ""source_node_id"": ""2916"", ""target_node_id"": ""2918""}], ""nodes"": [{""node_id"": ""2914"", ""widget_name"": ""File"", ""node_name"": ""鸢尾花示例数据"", ""node_params"": {""type"": ""sample"", ""filename"": ""iris.csv""}, ""matched"": true}, {""node_id"": ""2915"", ""widget_name"": ""Data Sampler"", ""node_name"": ""数据划分处理"", ""node_params"": {""sampling_type"": 0, ""percentage"": 10, ""n_samples"": 15, ""replacement"": false, ""n_folds"": 10, ""selected_folds"": 1, ""replicable"": false, ""stratified"": false}, ""matched"": true}, {""node_id"": ""2916"", ""widget_name"": ""LightGBM"", ""node_name"": ""LightGBM分类器"", ""node_params"": {""boosting_type"": ""gbdt"", ""n_estimators"": 10, ""learning_rate"": 0.1, ""sampling_rate"": 0.1, ""max_depth_check"": false, ""max_depth"": 3, ""num_leaves_check"": false, ""num_leaves"": 31}, ""matched"": true}, {""node_id"": ""2918"", ""widget_name"": ""Test & Score"", ""node_name"": ""模型评估"", ""node_params"": {}, ""matched"": true}]}","{""dependency_requirements"": [{""edge_id"": ""2399"", ""source_node_id"": ""2914"", ""target_node_id"": ""2915""}, {""edge_id"": ""2400"", ""source_node_id"": ""2915"", ""target_node_id"": ""2916""}, {""edge_id"": ""2402"", ""source_node_id"": ""2915"", ""target_node_id"": ""2918""}, {""edge_id"": ""2404"", ""source_node_id"": ""2916"", ""target_node_id"": ""2918""}], ""step_requirements"": [{""node_id"": ""2914"", ""algorithm_step_name"": ""Tabular Dataset Loading"", ""node_name"": ""鸢尾花示例数据"", ""node_params"": {""type"": ""sample"", ""filename"": ""iris.csv""}, ""contrast_level"": 2, ""node_type"": ""io""}, {""node_id"": ""2915"", ""algorithm_step_name"": ""Dataset Division"", ""node_name"": ""数据划分处理"", ""node_params"": {""sampling_type"": 0, ""percentage"": 10, ""n_samples"": 15, ""replacement"": false, ""n_folds"": 10, ""selected_folds"": 1, ""replicable"": false, ""stratified"": false}, ""contrast_level"": 2, ""node_type"": ""preprocess""}, {""node_id"": ""2916"", ""algorithm_step_name"": ""LightGBM"", ""node_name"": ""LightGBM分类器"", ""node_params"": {""boosting_type"": ""gbdt"", ""n_estimators"": 10, ""learning_rate"": 0.1, ""sampling_rate"": 0.1, ""max_depth_check"": false, ""max_depth"": 3, ""num_leaves_check"": false, ""num_leaves"": 31}, ""contrast_level"": 2, ""node_type"": ""model""}, {""node_id"": ""2918"", ""algorithm_step_name"": ""Model Evaluate"", ""node_name"": ""模型评估"", ""node_params"": {}, ""contrast_level"": 2, ""node_type"": ""evaluate""}]}",1.0
帮我把工作流中的缺失值处理步骤和多余的KNN模型都删除掉,1.0,5540,450,20.467342376708984,3.449063539505005,14.72519063949585,2.29308819770813,0,"{""edges"": [{""edge_id"": ""59762"", ""source_node_id"": ""2921"", ""target_node_id"": ""2922""}, {""edge_id"": ""59764"", ""source_node_id"": ""2921"", ""target_node_id"": ""2924""}, {""edge_id"": ""59766"", ""source_node_id"": ""2922"", ""target_node_id"": ""2924""}, {""edge_id"": ""59768"", ""source_node_id"": ""2919"", ""target_node_id"": ""2921""}], ""nodes"": [{""node_id"": ""2919"", ""widget_name"": ""File"", ""node_name"": ""鸢尾花示例数据"", ""node_params"": {""type"": ""sample"", ""filename"": ""iris.csv""}, ""matched"": true}, {""node_id"": ""2921"", ""widget_name"": ""Data Sampler"", ""node_name"": ""数据划分处理"", ""node_params"": {""sampling_type"": 0, ""percentage"": 10, ""n_samples"": 15, ""replacement"": false, ""n_folds"": 10, ""selected_folds"": 1, ""replicable"": false, ""stratified"": false}, ""matched"": true}, {""node_id"": ""2922"", ""widget_name"": ""LightGBM"", ""node_name"": ""LightGBM分类器"", ""node_params"": {""boosting_type"": ""gbdt"", ""n_estimators"": 10, ""learning_rate"": 0.1, ""sampling_rate"": 0.1, ""max_depth_check"": false, ""max_depth"": 3, ""num_leaves_check"": false, ""num_leaves"": 31}, ""matched"": true}, {""node_id"": ""2924"", ""widget_name"": ""Test & Score"", ""node_name"": ""模型评估"", ""node_params"": {}, ""matched"": true}]}","{""dependency_requirements"": [{""edge_id"": ""2408"", ""source_node_id"": ""2921"", ""target_node_id"": ""2922""}, {""edge_id"": ""2410"", ""source_node_id"": ""2921"", ""target_node_id"": ""2924""}, {""edge_id"": ""2412"", ""source_node_id"": ""2922"", ""target_node_id"": ""2924""}, {""edge_id"": ""2414"", ""source_node_id"": ""2919"", ""target_node_id"": ""2921""}], ""step_requirements"": [{""node_id"": ""2919"", ""algorithm_step_name"": ""Tabular Dataset Loading"", ""node_name"": ""鸢尾花示例数据"", ""node_params"": {""type"": ""sample"", ""filename"": ""iris.csv""}, ""contrast_level"": 2, ""node_type"": ""io""}, {""node_id"": ""2921"", ""algorithm_step_name"": ""Dataset Division"", ""node_name"": ""数据划分处理"", ""node_params"": {""sampling_type"": 0, ""percentage"": 10, ""n_samples"": 15, ""replacement"": false, ""n_folds"": 10, ""selected_folds"": 1, ""replicable"": false, ""stratified"": false}, ""contrast_level"": 2, ""node_type"": ""preprocess""}, {""node_id"": ""2922"", ""algorithm_step_name"": ""LightGBM"", ""node_name"": ""LightGBM分类器"", ""node_params"": {""boosting_type"": ""gbdt"", ""n_estimators"": 10, ""learning_rate"": 0.1, ""sampling_rate"": 0.1, ""max_depth_check"": false, ""max_depth"": 3, ""num_leaves_check"": false, ""num_leaves"": 31}, ""contrast_level"": 2, ""node_type"": ""model""}, {""node_id"": ""2924"", ""algorithm_step_name"": ""Model Evaluate"", ""node_name"": ""模型评估"", ""node_params"": {}, ""contrast_level"": 2, ""node_type"": ""evaluate""}]}",1.0
在数据抽样之前添加一个特征选择步骤，然后把数据抽样的抽样比例设置为抽取30%。,0.9,5196,544,17.71346378326416,3.663818597793579,10.105920791625977,3.943724393844605,0,"{""edges"": [{""edge_id"": ""59770"", ""source_node_id"": ""2988"", ""target_node_id"": ""2989""}, {""edge_id"": ""59771"", ""source_node_id"": ""2988"", ""target_node_id"": ""2990""}, {""edge_id"": ""59772"", ""source_node_id"": ""2989"", ""target_node_id"": ""2990""}, {""edge_id"": ""59773"", ""source_node_id"": ""2987"", ""target_node_id"": ""2991""}], ""nodes"": [{""node_id"": ""2987"", ""widget_name"": ""File"", ""node_name"": ""鸢尾花示例数据"", ""node_params"": {""type"": ""sample"", ""filename"": ""iris.csv""}, ""matched"": true}, {""node_id"": ""2988"", ""widget_name"": ""Data Sampler"", ""node_name"": ""数据划分处理"", ""node_params"": {""sampling_type"": 0, ""percentage"": 30, ""n_samples"": 15, ""replacement"": false, ""n_folds"": 10, ""selected_folds"": 1, ""replicable"": false, ""stratified"": false}, ""matched"": true}, {""node_id"": ""2989"", ""widget_name"": ""LightGBM"", ""node_name"": ""LightGBM分类器"", ""node_params"": {""boosting_type"": ""gbdt"", ""n_estimators"": 10, ""learning_rate"": 0.1, ""sampling_rate"": 0.1, ""max_depth_check"": false, ""max_depth"": 3, ""num_leaves_check"": false, ""num_leaves"": 31}, ""matched"": true}, {""node_id"": ""2990"", ""widget_name"": ""Predictions"", ""node_name"": ""预测"", ""node_params"": {""output_attrs"": true, ""output_predictions"": true, ""output_probabilities"": false}, ""matched"": true}, {""node_id"": ""2991"", ""widget_name"": ""Select Best N Attributes"", ""node_name"": ""特征选择"", ""node_params"": {""n"": 3}, ""matched"": true}]}","{""dependency_requirements"": [{""edge_id"": ""2485"", ""source_node_id"": ""2991"", ""target_node_id"": ""2988""}, {""edge_id"": ""2486"", ""source_node_id"": ""2988"", ""target_node_id"": ""2989""}, {""edge_id"": ""2487"", ""source_node_id"": ""2988"", ""target_node_id"": ""2990""}, {""edge_id"": ""2488"", ""source_node_id"": ""2989"", ""target_node_id"": ""2990""}, {""edge_id"": ""2489"", ""source_node_id"": ""2987"", ""target_node_id"": ""2991""}], ""step_requirements"": [{""node_id"": ""2987"", ""algorithm_step_name"": ""Tabular Dataset Loading"", ""node_name"": ""鸢尾花示例数据"", ""node_params"": {""type"": ""sample"", ""filename"": ""iris.csv""}, ""contrast_level"": 2, ""node_type"": ""io""}, {""node_id"": ""2988"", ""algorithm_step_name"": ""Dataset Division"", ""node_name"": ""数据划分处理"", ""node_params"": {""sampling_type"": 0, ""percentage"": 30, ""n_samples"": 15, ""replacement"": false, ""n_folds"": 10, ""selected_folds"": 1, ""replicable"": false, ""stratified"": false}, ""contrast_level"": 2, ""node_type"": ""preprocess""}, {""node_id"": ""2989"", ""algorithm_step_name"": ""LightGBM"", ""node_name"": ""LightGBM分类器"", ""node_params"": {""boosting_type"": ""gbdt"", ""n_estimators"": 10, ""learning_rate"": 0.1, ""sampling_rate"": 0.1, ""max_depth_check"": false, ""max_depth"": 3, ""num_leaves_check"": false, ""num_leaves"": 31}, ""contrast_level"": 2, ""node_type"": ""model""}, {""node_id"": ""2990"", ""algorithm_step_name"": ""Test Dataset Predictions"", ""node_name"": ""预测"", ""node_params"": {""output_attrs"": true, ""output_predictions"": true, ""output_probabilities"": false}, ""contrast_level"": 2, ""node_type"": ""predict""}, {""node_id"": ""2991"", ""algorithm_step_name"": ""Feature Selection"", ""node_name"": ""自动特征选择"", ""node_params"": {}, ""contrast_level"": 1, ""node_type"": ""feature engineering""}]}",0.6
帮我把数据划分的比例改为5:5，最后还需要你添加一个步骤帮我把预测结果保存。,1.0,5642,384,13.758262157440186,3.390043973922729,8.216620683670044,2.151597499847412,0,"{""edges"": [{""edge_id"": ""59774"", ""source_node_id"": ""2982"", ""target_node_id"": ""2983""}, {""edge_id"": ""59775"", ""source_node_id"": ""2983"", ""target_node_id"": ""2984""}, {""edge_id"": ""59776"", ""source_node_id"": ""2983"", ""target_node_id"": ""2985""}, {""edge_id"": ""59777"", ""source_node_id"": ""2984"", ""target_node_id"": ""2985""}, {""edge_id"": ""59778"", ""source_node_id"": ""2985"", ""target_node_id"": ""2986""}], ""nodes"": [{""node_id"": ""2982"", ""widget_name"": ""File"", ""node_name"": ""鸢尾花示例数据"", ""node_params"": {""type"": ""sample"", ""filename"": ""iris.csv""}, ""matched"": true}, {""node_id"": ""2983"", ""widget_name"": ""Data Sampler"", ""node_name"": ""数据划分处理"", ""node_params"": {""sampling_type"": 0, ""percentage"": 50, ""n_samples"": 15, ""replacement"": false, ""n_folds"": 10, ""selected_folds"": 1, ""replicable"": false, ""stratified"": false}, ""matched"": true}, {""node_id"": ""2984"", ""widget_name"": ""LightGBM"", ""node_name"": ""LightGBM分类器"", ""node_params"": {""boosting_type"": ""gbdt"", ""n_estimators"": 10, ""learning_rate"": 0.1, ""sampling_rate"": 0.1, ""max_depth_check"": false, ""max_depth"": 3, ""num_leaves_check"": false, ""num_leaves"": 31}, ""matched"": true}, {""node_id"": ""2985"", ""widget_name"": ""Predictions"", ""node_name"": ""预测"", ""node_params"": {""output_attrs"": true, ""output_predictions"": true, ""output_probabilities"": false}, ""matched"": true}, {""node_id"": ""2986"", ""widget_name"": ""Save Data"", ""node_name"": ""保存预测结果"", ""node_params"": {}, ""matched"": true}]}","{""dependency_requirements"": [{""edge_id"": ""2480"", ""source_node_id"": ""2982"", ""target_node_id"": ""2983""}, {""edge_id"": ""2481"", ""source_node_id"": ""2983"", ""target_node_id"": ""2984""}, {""edge_id"": ""2482"", ""source_node_id"": ""2983"", ""target_node_id"": ""2985""}, {""edge_id"": ""2483"", ""source_node_id"": ""2984"", ""target_node_id"": ""2985""}, {""edge_id"": ""2484"", ""source_node_id"": ""2985"", ""target_node_id"": ""2986""}], ""step_requirements"": [{""node_id"": ""2982"", ""algorithm_step_name"": ""Tabular Dataset Loading"", ""node_name"": ""鸢尾花示例数据"", ""node_params"": {""type"": ""sample"", ""filename"": ""iris.csv""}, ""contrast_level"": 2, ""node_type"": ""io""}, {""node_id"": ""2983"", ""algorithm_step_name"": ""Dataset Division"", ""node_name"": ""数据划分处理"", ""node_params"": {""sampling_type"": 0, ""percentage"": 50, ""n_samples"": 15, ""replacement"": false, ""n_folds"": 10, ""selected_folds"": 1, ""replicable"": false, ""stratified"": false}, ""contrast_level"": 2, ""node_type"": ""preprocess""}, {""node_id"": ""2984"", ""algorithm_step_name"": ""LightGBM"", ""node_name"": ""LightGBM分类器"", ""node_params"": {""boosting_type"": ""gbdt"", ""n_estimators"": 10, ""learning_rate"": 0.1, ""sampling_rate"": 0.1, ""max_depth_check"": false, ""max_depth"": 3, ""num_leaves_check"": false, ""num_leaves"": 31}, ""contrast_level"": 2, ""node_type"": ""model""}, {""node_id"": ""2985"", ""algorithm_step_name"": ""Test Dataset Predictions"", ""node_name"": ""预测"", ""node_params"": {""output_attrs"": true, ""output_predictions"": true, ""output_probabilities"": false}, ""contrast_level"": 2, ""node_type"": ""predict""}, {""node_id"": ""2986"", ""algorithm_step_name"": ""Save Data"", ""node_name"": ""Save Data"", ""node_params"": {}, ""contrast_level"": 1, ""node_type"": ""io""}]}",1.0
帮我把目标检测使用的模型换成SSD，学习率使用0.02。最后，我还需要查看训练日志。,0.75,4713,602,20.921980381011963,3.4177229404449463,12.87753677368164,4.626720666885376,0,"{""edges"": [{""edge_id"": ""59779"", ""source_node_id"": ""2998"", ""target_node_id"": ""2999""}], ""nodes"": [{""node_id"": ""2998"", ""widget_name"": ""Image"", ""node_name"": ""猫狗图像数据"", ""node_params"": {}, ""matched"": true}, {""node_id"": ""2999"", ""widget_name"": ""Object Detection"", ""node_name"": ""目标检测"", ""node_params"": {""frame"": ""pytorch"", ""select_model"": ""SSD"", ""backbone"": ""DarkNet53"", ""epoch"": 3, ""learning_rate"": 0.02, ""batch_size"": 2}, ""matched"": true}]}","{""dependency_requirements"": [{""edge_id"": ""2495"", ""source_node_id"": ""2998"", ""target_node_id"": ""2999""}, {""edge_id"": ""2496"", ""source_node_id"": ""2999"", ""target_node_id"": ""3000""}], ""step_requirements"": [{""node_id"": ""2998"", ""algorithm_step_name"": ""Image Dataset Loading"", ""node_name"": ""猫狗图像数据"", ""node_params"": {}, ""contrast_level"": 2, ""node_type"": ""io""}, {""node_id"": ""2999"", ""algorithm_step_name"": ""Object Detection Model"", ""node_name"": ""目标检测"", ""node_params"": {""frame"": ""pytorch"", ""select_model"": ""SSD"", ""backbone"": ""DarkNet53"", ""epoch"": 3, ""learning_rate"": 0.02, ""batch_size"": 2}, ""contrast_level"": 2, ""node_type"": ""model""}, {""node_id"": ""3000"", ""algorithm_step_name"": ""Train Log"", ""node_name"": ""训练日志"", ""node_params"": {}, ""contrast_level"": 2, ""node_type"": ""visualize""}]}",0.8
帮我把缺失值处理方式修改为使用平均值填补，然后把多余的KNN模型删除掉。,1.0,5471,428,19.92692518234253,3.4239187240600586,14.691561937332152,1.8114445209503167,0,"{""edges"": [{""edge_id"": ""59780"", ""source_node_id"": ""2958"", ""target_node_id"": ""2959""}, {""edge_id"": ""59781"", ""source_node_id"": ""2959"", ""target_node_id"": ""2960""}, {""edge_id"": ""59782"", ""source_node_id"": ""2960"", ""target_node_id"": ""2961""}, {""edge_id"": ""59784"", ""source_node_id"": ""2960"", ""target_node_id"": ""2963""}, {""edge_id"": ""59786"", ""source_node_id"": ""2961"", ""target_node_id"": ""2963""}], ""nodes"": [{""node_id"": ""2958"", ""widget_name"": ""File"", ""node_name"": ""鸢尾花示例数据"", ""node_params"": {""type"": ""sample"", ""filename"": ""iris.csv""}, ""matched"": true}, {""node_id"": ""2959"", ""widget_name"": ""Impute"", ""node_name"": ""缺失值处理"", ""node_params"": {""method"": 2}, ""matched"": true}, {""node_id"": ""2960"", ""widget_name"": ""Data Sampler"", ""node_name"": ""数据划分处理"", ""node_params"": {""sampling_type"": 0, ""percentage"": 10, ""n_samples"": 15, ""replacement"": false, ""n_folds"": 10, ""selected_folds"": 1, ""replicable"": false, ""stratified"": false}, ""matched"": true}, {""node_id"": ""2961"", ""widget_name"": ""LightGBM"", ""node_name"": ""LightGBM分类器"", ""node_params"": {""boosting_type"": ""gbdt"", ""n_estimators"": 10, ""learning_rate"": 0.1, ""sampling_rate"": 0.1, ""max_depth_check"": false, ""max_depth"": 3, ""num_leaves_check"": false, ""num_leaves"": 31}, ""matched"": true}, {""node_id"": ""2963"", ""widget_name"": ""Test & Score"", ""node_name"": ""模型评估"", ""node_params"": {}, ""matched"": true}]}","{""dependency_requirements"": [{""edge_id"": ""2447"", ""source_node_id"": ""2958"", ""target_node_id"": ""2959""}, {""edge_id"": ""2448"", ""source_node_id"": ""2959"", ""target_node_id"": ""2960""}, {""edge_id"": ""2449"", ""source_node_id"": ""2960"", ""target_node_id"": ""2961""}, {""edge_id"": ""2451"", ""source_node_id"": ""2960"", ""target_node_id"": ""2963""}, {""edge_id"": ""2453"", ""source_node_id"": ""2961"", ""target_node_id"": ""2963""}], ""step_requirements"": [{""node_id"": ""2958"", ""algorithm_step_name"": ""Tabular Dataset Loading"", ""node_name"": ""鸢尾花示例数据"", ""node_params"": {""type"": ""sample"", ""filename"": ""iris.csv""}, ""contrast_level"": 2, ""node_type"": ""io""}, {""node_id"": ""2959"", ""algorithm_step_name"": ""Missing Value Handling"", ""node_name"": ""缺失值处理"", ""node_params"": {""method"": 2}, ""contrast_level"": 2, ""node_type"": ""preprocess""}, {""node_id"": ""2960"", ""algorithm_step_name"": ""Dataset Division"", ""node_name"": ""数据划分处理"", ""node_params"": {""sampling_type"": 0, ""percentage"": 10, ""n_samples"": 15, ""replacement"": false, ""n_folds"": 10, ""selected_folds"": 1, ""replicable"": false, ""stratified"": false}, ""contrast_level"": 2, ""node_type"": ""preprocess""}, {""node_id"": ""2961"", ""algorithm_step_name"": ""LightGBM"", ""node_name"": ""LightGBM分类器"", ""node_params"": {""boosting_type"": ""gbdt"", ""n_estimators"": 10, ""learning_rate"": 0.1, ""sampling_rate"": 0.1, ""max_depth_check"": false, ""max_depth"": 3, ""num_leaves_check"": false, ""num_leaves"": 31}, ""contrast_level"": 2, ""node_type"": ""model""}, {""node_id"": ""2963"", ""algorithm_step_name"": ""Model Evaluate"", ""node_name"": ""模型评估"", ""node_params"": {}, ""contrast_level"": 2, ""node_type"": ""evaluate""}]}",1.0
独热编码这个步骤是冗余的，帮我删除掉。在这之后还需要你将随机森林数的数量改为30，缺失值的处理方法改为用随机值填补。,1.0,7617,707,30.190535068511963,4.613955736160278,21.62993359565735,3.946645736694336,0,"{""edges"": [{""edge_id"": ""59788"", ""source_node_id"": ""3002"", ""target_node_id"": ""3003""}, {""edge_id"": ""59791"", ""source_node_id"": ""3005"", ""target_node_id"": ""3006""}, {""edge_id"": ""59792"", ""source_node_id"": ""3005"", ""target_node_id"": ""3007""}, {""edge_id"": ""59794"", ""source_node_id"": ""3006"", ""target_node_id"": ""3007""}, {""edge_id"": ""59795"", ""source_node_id"": ""3003"", ""target_node_id"": ""3005""}], ""nodes"": [{""node_id"": ""3002"", ""widget_name"": ""File"", ""node_name"": ""数据"", ""node_params"": {""type"": ""sample"", ""filename"": ""iris.csv""}, ""matched"": true}, {""node_id"": ""3003"", ""widget_name"": ""Impute"", ""node_name"": ""缺失值处理"", ""node_params"": {""method"": 4}, ""matched"": true}, {""node_id"": ""3005"", ""widget_name"": ""Data Sampler"", ""node_name"": ""数据采样"", ""node_params"": {""sampling_type"": 0, ""percentage"": 10, ""n_samples"": 15, ""replacement"": false, ""n_folds"": 10, ""selected_folds"": 1, ""replicable"": false, ""stratified"": false}, ""matched"": true}, {""node_id"": ""3006"", ""widget_name"": ""Random Forest"", ""node_name"": ""随机森林"", ""node_params"": {""n_estimators"": 30, ""use_max_features"": false, ""max_features"": ""auto"", ""use_random_state"": false, ""use_max_depth"": false, ""max_depth"": 3, ""use_min_samples_split"": true, ""min_samples_split"": 2}, ""matched"": true}, {""node_id"": ""3007"", ""widget_name"": ""Test & Score"", ""node_name"": ""测试得分"", ""node_params"": {}, ""matched"": true}]}","{""dependency_requirements"": [{""edge_id"": ""2497"", ""source_node_id"": ""3002"", ""target_node_id"": ""3003""}, {""edge_id"": ""2500"", ""source_node_id"": ""3005"", ""target_node_id"": ""3006""}, {""edge_id"": ""2501"", ""source_node_id"": ""3005"", ""target_node_id"": ""3007""}, {""edge_id"": ""2503"", ""source_node_id"": ""3006"", ""target_node_id"": ""3007""}, {""edge_id"": ""2504"", ""source_node_id"": ""3003"", ""target_node_id"": ""3005""}], ""step_requirements"": [{""node_id"": ""3002"", ""algorithm_step_name"": ""Tabular Dataset Loading"", ""node_name"": ""数据"", ""node_params"": {""type"": ""sample"", ""filename"": ""iris.csv""}, ""contrast_level"": 2, ""node_type"": ""io""}, {""node_id"": ""3003"", ""algorithm_step_name"": ""Missing Value Handling"", ""node_name"": ""缺失值处理"", ""node_params"": {""method"": 4}, ""contrast_level"": 2, ""node_type"": ""preprocess""}, {""node_id"": ""3005"", ""algorithm_step_name"": ""Dataset Division"", ""node_name"": ""数据采样"", ""node_params"": {""sampling_type"": 0, ""percentage"": 10, ""n_samples"": 15, ""replacement"": false, ""n_folds"": 10, ""selected_folds"": 1, ""replicable"": false, ""stratified"": false}, ""contrast_level"": 2, ""node_type"": ""preprocess""}, {""node_id"": ""3006"", ""algorithm_step_name"": ""Random Forest"", ""node_name"": ""随机森林"", ""node_params"": {""n_estimators"": 30, ""use_max_features"": false, ""max_features"": ""auto"", ""use_random_state"": false, ""use_max_depth"": false, ""max_depth"": 3, ""use_min_samples_split"": true, ""min_samples_split"": 2}, ""contrast_level"": 2, ""node_type"": ""model""}, {""node_id"": ""3007"", ""algorithm_step_name"": ""Model Evaluate"", ""node_name"": ""测试得分"", ""node_params"": {}, ""contrast_level"": 2, ""node_type"": ""evaluate""}]}",1.0
帮我把多余的模型都删除掉，只留下LightGBM，并把LightGBM的学习率改为0.01。,1.0,4257,414,16.500077724456787,5.11548638343811,9.510730266571043,1.873861074447632,0,"{""edges"": [{""edge_id"": ""59796"", ""source_node_id"": ""3032"", ""target_node_id"": ""3033""}, {""edge_id"": ""59798"", ""source_node_id"": ""3033"", ""target_node_id"": ""3035""}, {""edge_id"": ""59801"", ""source_node_id"": ""3033"", ""target_node_id"": ""3038""}, {""edge_id"": ""59804"", ""source_node_id"": ""3035"", ""target_node_id"": ""3038""}], ""nodes"": [{""node_id"": ""3032"", ""widget_name"": ""File"", ""node_name"": ""数据"", ""node_params"": {""type"": ""sample"", ""filename"": ""iris.csv""}, ""matched"": true}, {""node_id"": ""3033"", ""widget_name"": ""Data Sampler"", ""node_name"": ""数据采样"", ""node_params"": {""sampling_type"": 0, ""percentage"": 10, ""n_samples"": 15, ""replacement"": false, ""n_folds"": 10, ""selected_folds"": 1, ""replicable"": false, ""stratified"": false}, ""matched"": true}, {""node_id"": ""3035"", ""widget_name"": ""LightGBM"", ""node_name"": ""LightGBM"", ""node_params"": {""boosting_type"": ""gbdt"", ""n_estimators"": 10, ""learning_rate"": 0.01, ""sampling_rate"": 0.1, ""max_depth_check"": false, ""max_depth"": 3, ""num_leaves_check"": false, ""num_leaves"": 31}, ""matched"": true}, {""node_id"": ""3038"", ""widget_name"": ""Test & Score"", ""node_name"": ""测试得分"", ""node_params"": {}, ""matched"": true}]}","{""dependency_requirements"": [{""edge_id"": ""2536"", ""source_node_id"": ""3032"", ""target_node_id"": ""3033""}, {""edge_id"": ""2538"", ""source_node_id"": ""3033"", ""target_node_id"": ""3035""}, {""edge_id"": ""2541"", ""source_node_id"": ""3033"", ""target_node_id"": ""3038""}, {""edge_id"": ""2544"", ""source_node_id"": ""3035"", ""target_node_id"": ""3038""}], ""step_requirements"": [{""node_id"": ""3032"", ""algorithm_step_name"": ""Tabular Dataset Loading"", ""node_name"": ""数据"", ""node_params"": {""type"": ""sample"", ""filename"": ""iris.csv""}, ""contrast_level"": 2, ""node_type"": ""io""}, {""node_id"": ""3033"", ""algorithm_step_name"": ""Dataset Division"", ""node_name"": ""数据采样"", ""node_params"": {""sampling_type"": 0, ""percentage"": 10, ""n_samples"": 15, ""replacement"": false, ""n_folds"": 10, ""selected_folds"": 1, ""replicable"": false, ""stratified"": false}, ""contrast_level"": 2, ""node_type"": ""preprocess""}, {""node_id"": ""3035"", ""algorithm_step_name"": ""LightGBM"", ""node_name"": ""LightGBM"", ""node_params"": {""boosting_type"": ""gbdt"", ""n_estimators"": 10, ""learning_rate"": 0.01, ""sampling_rate"": 0.1, ""max_depth_check"": false, ""max_depth"": 3, ""num_leaves_check"": false, ""num_leaves"": 31}, ""contrast_level"": 2, ""node_type"": ""model""}, {""node_id"": ""3038"", ""algorithm_step_name"": ""Model Evaluate"", ""node_name"": ""测试得分"", ""node_params"": {}, ""contrast_level"": 2, ""node_type"": ""evaluate""}]}",1.0
帮我把LightGBM模型更换为XGBoost。,1.0,3639,276,13.135457277297974,2.477283239364624,8.693349361419678,1.964824676513672,0,"{""edges"": [{""edge_id"": ""59807"", ""source_node_id"": ""2964"", ""target_node_id"": ""2965""}, {""edge_id"": ""59808"", ""source_node_id"": ""2965"", ""target_node_id"": ""2966""}, {""edge_id"": ""59810"", ""source_node_id"": ""2966"", ""target_node_id"": ""2968""}, {""edge_id"": ""59813"", ""source_node_id"": ""2966"", ""target_node_id"": ""2969""}, {""edge_id"": ""59814"", ""source_node_id"": ""2969"", ""target_node_id"": ""2968""}], ""nodes"": [{""node_id"": ""2964"", ""widget_name"": ""File"", ""node_name"": ""鸢尾花示例数据"", ""node_params"": {""type"": ""sample"", ""filename"": ""iris.csv""}, ""matched"": true}, {""node_id"": ""2965"", ""widget_name"": ""Impute"", ""node_name"": ""缺失值处理"", ""node_params"": {""method"": 1}, ""matched"": true}, {""node_id"": ""2966"", ""widget_name"": ""Data Sampler"", ""node_name"": ""数据划分处理"", ""node_params"": {""sampling_type"": 0, ""percentage"": 10, ""n_samples"": 15, ""replacement"": false, ""n_folds"": 10, ""selected_folds"": 1, ""replicable"": false, ""stratified"": false}, ""matched"": true}, {""node_id"": ""2968"", ""widget_name"": ""Test & Score"", ""node_name"": ""模型评估"", ""node_params"": {}, ""matched"": true}, {""node_id"": ""2969"", ""widget_name"": ""XGBoost"", ""node_name"": ""XGBoost分类器"", ""node_params"": {""booster"": ""gbtree"", ""learning_rate"": 0.3, ""gamma"": 0, ""max_depth"": 6, ""min_child_widget"": 1, ""max_delta_step"": 0, ""subsample"": 1, ""sampling_method"": ""uniform"", ""lambda"": 1, ""alpha"": 0, ""tree_method"": ""auto"", ""scale_pos_weight"": 1, ""updater"": ""grow_colmaker"", ""process_type"": ""default"", ""grow_policy"": ""depthwise""}, ""matched"": true}]}","{""dependency_requirements"": [{""edge_id"": ""2455"", ""source_node_id"": ""2964"", ""target_node_id"": ""2965""}, {""edge_id"": ""2456"", ""source_node_id"": ""2965"", ""target_node_id"": ""2966""}, {""edge_id"": ""2458"", ""source_node_id"": ""2966"", ""target_node_id"": ""2968""}, {""edge_id"": ""2461"", ""source_node_id"": ""2966"", ""target_node_id"": ""2969""}, {""edge_id"": ""2462"", ""source_node_id"": ""2969"", ""target_node_id"": ""2968""}], ""step_requirements"": [{""node_id"": ""2964"", ""algorithm_step_name"": ""Tabular Dataset Loading"", ""node_name"": ""鸢尾花示例数据"", ""node_params"": {""type"": ""sample"", ""filename"": ""iris.csv""}, ""contrast_level"": 2, ""node_type"": ""io""}, {""node_id"": ""2965"", ""algorithm_step_name"": ""Missing Value Handling"", ""node_name"": ""缺失值处理"", ""node_params"": {""method"": 1}, ""contrast_level"": 2, ""node_type"": ""preprocess""}, {""node_id"": ""2966"", ""algorithm_step_name"": ""Dataset Division"", ""node_name"": ""数据划分处理"", ""node_params"": {""sampling_type"": 0, ""percentage"": 10, ""n_samples"": 15, ""replacement"": false, ""n_folds"": 10, ""selected_folds"": 1, ""replicable"": false, ""stratified"": false}, ""contrast_level"": 2, ""node_type"": ""preprocess""}, {""node_id"": ""2968"", ""algorithm_step_name"": ""Model Evaluate"", ""node_name"": ""模型评估"", ""node_params"": {}, ""contrast_level"": 2, ""node_type"": ""evaluate""}, {""node_id"": ""2969"", ""algorithm_step_name"": ""XGBoost"", ""node_name"": ""XGBoost分类器"", ""node_params"": {}, ""contrast_level"": 1, ""node_type"": ""model""}]}",1.0
我不需要对模型进行评估了，帮我把模型评估组件换成预测组件。,0.875,7144,1309,33.8376624584198,2.706305503845215,3.761033773422241,27.370323181152344,0,"{""edges"": [{""edge_id"": ""59815"", ""source_node_id"": ""2970"", ""target_node_id"": ""2971""}, {""edge_id"": ""59816"", ""source_node_id"": ""2971"", ""target_node_id"": ""2972""}, {""edge_id"": ""59817"", ""source_node_id"": ""2972"", ""target_node_id"": ""2973""}], ""nodes"": [{""node_id"": ""2970"", ""widget_name"": ""File"", ""node_name"": ""鸢尾花示例数据"", ""node_params"": {""type"": ""sample"", ""filename"": ""iris.csv""}, ""matched"": true}, {""node_id"": ""2971"", ""widget_name"": ""Impute"", ""node_name"": ""缺失值处理"", ""node_params"": {""method"": 1}, ""matched"": true}, {""node_id"": ""2972"", ""widget_name"": ""Data Sampler"", ""node_name"": ""数据划分处理"", ""node_params"": {""sampling_type"": 0, ""percentage"": 10, ""n_samples"": 15, ""replacement"": false, ""n_folds"": 10, ""selected_folds"": 1, ""replicable"": false, ""stratified"": false}, ""matched"": true}, {""node_id"": ""2973"", ""widget_name"": ""LightGBM"", ""node_name"": ""LightGBM分类器"", ""node_params"": {""boosting_type"": ""gbdt"", ""n_estimators"": 10, ""learning_rate"": 0.1, ""sampling_rate"": 0.1, ""max_depth_check"": false, ""max_depth"": 3, ""num_leaves_check"": false, ""num_leaves"": 31}, ""matched"": true}]}","{""dependency_requirements"": [{""edge_id"": ""2463"", ""source_node_id"": ""2970"", ""target_node_id"": ""2971""}, {""edge_id"": ""2464"", ""source_node_id"": ""2971"", ""target_node_id"": ""2972""}, {""edge_id"": ""2465"", ""source_node_id"": ""2972"", ""target_node_id"": ""2973""}, {""edge_id"": ""2469"", ""source_node_id"": ""2972"", ""target_node_id"": ""2975""}, {""edge_id"": ""2470"", ""source_node_id"": ""2973"", ""target_node_id"": ""2975""}], ""step_requirements"": [{""node_id"": ""2970"", ""algorithm_step_name"": ""Tabular Dataset Loading"", ""node_name"": ""鸢尾花示例数据"", ""node_params"": {""type"": ""sample"", ""filename"": ""iris.csv""}, ""contrast_level"": 2, ""node_type"": ""io""}, {""node_id"": ""2971"", ""algorithm_step_name"": ""Missing Value Handling"", ""node_name"": ""缺失值处理"", ""node_params"": {""method"": 1}, ""contrast_level"": 2, ""node_type"": ""preprocess""}, {""node_id"": ""2972"", ""algorithm_step_name"": ""Dataset Division"", ""node_name"": ""数据划分处理"", ""node_params"": {""sampling_type"": 0, ""percentage"": 10, ""n_samples"": 15, ""replacement"": false, ""n_folds"": 10, ""selected_folds"": 1, ""replicable"": false, ""stratified"": false}, ""contrast_level"": 2, ""node_type"": ""preprocess""}, {""node_id"": ""2973"", ""algorithm_step_name"": ""LightGBM"", ""node_name"": ""LightGBM分类器"", ""node_params"": {""boosting_type"": ""gbdt"", ""n_estimators"": 10, ""learning_rate"": 0.1, ""sampling_rate"": 0.1, ""max_depth_check"": false, ""max_depth"": 3, ""num_leaves_check"": false, ""num_leaves"": 31}, ""contrast_level"": 2, ""node_type"": ""model""}, {""node_id"": ""2975"", ""algorithm_step_name"": ""Test Dataset Predictions"", ""node_name"": ""预测"", ""node_params"": {}, ""contrast_level"": 1, ""node_type"": ""predict""}]}",0.8889
帮我把缺失值处理步骤删除掉，并换一个更好的模型。,0.8333,5196,512,22.04315185546875,3.633671522140503,14.979941844940186,3.429538488388061,0,"{""edges"": [{""edge_id"": ""59824"", ""source_node_id"": ""2978"", ""target_node_id"": ""2980""}, {""edge_id"": ""59827"", ""source_node_id"": ""2976"", ""target_node_id"": ""2978""}], ""nodes"": [{""node_id"": ""2976"", ""widget_name"": ""File"", ""node_name"": ""鸢尾花示例数据"", ""node_params"": {""type"": ""sample"", ""filename"": ""iris.csv""}, ""matched"": true}, {""node_id"": ""2978"", ""widget_name"": ""Data Sampler"", ""node_name"": ""数据划分处理"", ""node_params"": {""sampling_type"": 0, ""percentage"": 10, ""n_samples"": 15, ""replacement"": false, ""n_folds"": 10, ""selected_folds"": 1, ""replicable"": false, ""stratified"": false}, ""matched"": true}, {""node_id"": ""2980"", ""widget_name"": ""Test & Score"", ""node_name"": ""模型评估"", ""node_params"": {}, ""matched"": true}, {""node_id"": ""71569"", ""widget_name"": ""Text Classification"", ""node_name"": ""文本分类模型"", ""node_params"": {""frame"": ""pytorch"", ""select_model"": ""BERT"", ""epoch"": 3, ""learning_rate"": 0.01, ""batch_size"": 4}, ""matched"": false}]}","{""dependency_requirements"": [{""edge_id"": ""2474"", ""source_node_id"": ""2978"", ""target_node_id"": ""2980""}, {""edge_id"": ""2477"", ""source_node_id"": ""2976"", ""target_node_id"": ""2978""}, {""edge_id"": ""2478"", ""source_node_id"": ""2978"", ""target_node_id"": ""2981""}, {""edge_id"": ""2479"", ""source_node_id"": ""2981"", ""target_node_id"": ""2980""}], ""step_requirements"": [{""node_id"": ""2976"", ""algorithm_step_name"": ""Tabular Dataset Loading"", ""node_name"": ""鸢尾花示例数据"", ""node_params"": {""type"": ""sample"", ""filename"": ""iris.csv""}, ""contrast_level"": 2, ""node_type"": ""io""}, {""node_id"": ""2978"", ""algorithm_step_name"": ""Dataset Division"", ""node_name"": ""数据划分处理"", ""node_params"": {""sampling_type"": 0, ""percentage"": 10, ""n_samples"": 15, ""replacement"": false, ""n_folds"": 10, ""selected_folds"": 1, ""replicable"": false, ""stratified"": false}, ""contrast_level"": 2, ""node_type"": ""preprocess""}, {""node_id"": ""2980"", ""algorithm_step_name"": ""Model Evaluate"", ""node_name"": ""模型评估"", ""node_params"": {}, ""contrast_level"": 2, ""node_type"": ""evaluate""}, {""node_id"": ""2981"", ""algorithm_step_name"": ""XGBoost"", ""node_name"": ""XGBoost"", ""node_params"": {}, ""contrast_level"": 1, ""node_type"": ""model""}]}",0.75
我的数据集没有缺失值，所以请你帮我删除掉缺失值处理这一步，然后把数据抽样的比例改为7:3，最后帮我添加一个可视化混淆矩阵的步骤。,0.9,5027,541,19.92825484275818,4.635152578353882,12.417088985443115,2.8760132789611816,0,"{""edges"": [{""edge_id"": ""59830"", ""source_node_id"": ""3047"", ""target_node_id"": ""3048""}, {""edge_id"": ""59831"", ""source_node_id"": ""3047"", ""target_node_id"": ""3049""}, {""edge_id"": ""59833"", ""source_node_id"": ""3048"", ""target_node_id"": ""3049""}, {""edge_id"": ""59834"", ""source_node_id"": ""3049"", ""target_node_id"": ""3050""}], ""nodes"": [{""node_id"": ""3045"", ""widget_name"": ""File"", ""node_name"": ""数据"", ""node_params"": {""type"": ""sample"", ""filename"": ""iris.csv""}, ""matched"": true}, {""node_id"": ""3047"", ""widget_name"": ""Data Sampler"", ""node_name"": ""数据采样"", ""node_params"": {""sampling_type"": 0, ""percentage"": 30, ""n_samples"": 15, ""replacement"": false, ""n_folds"": 10, ""selected_folds"": 1, ""replicable"": false, ""stratified"": false}, ""matched"": true}, {""node_id"": ""3048"", ""widget_name"": ""LightGBM"", ""node_name"": ""LightGBM"", ""node_params"": {""boosting_type"": ""gbdt"", ""n_estimators"": 10, ""learning_rate"": 0.1, ""sampling_rate"": 0.1, ""max_depth_check"": false, ""max_depth"": 3, ""num_leaves_check"": false, ""num_leaves"": 31}, ""matched"": true}, {""node_id"": ""3049"", ""widget_name"": ""Test & Score"", ""node_name"": ""测试得分"", ""node_params"": {}, ""matched"": true}, {""node_id"": ""3050"", ""widget_name"": ""Confusion Matrix"", ""node_name"": ""混淆矩阵"", ""node_params"": {}, ""matched"": true}]}","{""dependency_requirements"": [{""edge_id"": ""2556"", ""source_node_id"": ""3047"", ""target_node_id"": ""3048""}, {""edge_id"": ""2557"", ""source_node_id"": ""3047"", ""target_node_id"": ""3049""}, {""edge_id"": ""2559"", ""source_node_id"": ""3048"", ""target_node_id"": ""3049""}, {""edge_id"": ""2560"", ""source_node_id"": ""3045"", ""target_node_id"": ""3047""}, {""edge_id"": ""2561"", ""source_node_id"": ""3049"", ""target_node_id"": ""3050""}], ""step_requirements"": [{""node_id"": ""3045"", ""algorithm_step_name"": ""Tabular Dataset Loading"", ""node_name"": ""数据"", ""node_params"": {""type"": ""sample"", ""filename"": ""iris.csv""}, ""contrast_level"": 2, ""node_type"": ""io""}, {""node_id"": ""3047"", ""algorithm_step_name"": ""Dataset Division"", ""node_name"": ""数据采样"", ""node_params"": {""sampling_type"": 0, ""percentage"": 30, ""n_samples"": 15, ""replacement"": false, ""n_folds"": 10, ""selected_folds"": 1, ""replicable"": false, ""stratified"": false}, ""contrast_level"": 2, ""node_type"": ""preprocess""}, {""node_id"": ""3048"", ""algorithm_step_name"": ""LightGBM"", ""node_name"": ""LightGBM"", ""node_params"": {""boosting_type"": ""gbdt"", ""n_estimators"": 10, ""learning_rate"": 0.1, ""sampling_rate"": 0.1, ""max_depth_check"": false, ""max_depth"": 3, ""num_leaves_check"": false, ""num_leaves"": 31}, ""contrast_level"": 2, ""node_type"": ""model""}, {""node_id"": ""3049"", ""algorithm_step_name"": ""Model Evaluate"", ""node_name"": ""测试得分"", ""node_params"": {}, ""contrast_level"": 2, ""node_type"": ""evaluate""}, {""node_id"": ""3050"", ""algorithm_step_name"": ""Confusion Matrix"", ""node_name"": ""混淆矩阵"", ""node_params"": {}, ""contrast_level"": 2, ""node_type"": ""visualize""}]}",0.8
帮我把加载的数据集换成房价示例数据集。然后，把KNN模型给我换成XGBoost模型。,1.0,5039,327,24.649773597717285,3.4619181156158447,8.273412466049194,12.914443016052246,0,"{""edges"": [{""edge_id"": ""59835"", ""source_node_id"": ""3051"", ""target_node_id"": ""3052""}, {""edge_id"": ""59837"", ""source_node_id"": ""3052"", ""target_node_id"": ""3054""}, {""edge_id"": ""59840"", ""source_node_id"": ""3052"", ""target_node_id"": ""3055""}, {""edge_id"": ""59841"", ""source_node_id"": ""3055"", ""target_node_id"": ""3054""}], ""nodes"": [{""node_id"": ""3051"", ""widget_name"": ""File"", ""node_name"": ""数据"", ""node_params"": {""type"": ""sample"", ""filename"": ""housing.csv""}, ""matched"": true}, {""node_id"": ""3052"", ""widget_name"": ""Data Sampler"", ""node_name"": ""数据采样"", ""node_params"": {""sampling_type"": 0, ""percentage"": 10, ""n_samples"": 15, ""replacement"": false, ""n_folds"": 10, ""selected_folds"": 1, ""replicable"": false, ""stratified"": false}, ""matched"": true}, {""node_id"": ""3054"", ""widget_name"": ""Test & Score"", ""node_name"": ""测试得分"", ""node_params"": {}, ""matched"": true}, {""node_id"": ""3055"", ""widget_name"": ""XGBoost"", ""node_name"": ""XGBoost"", ""node_params"": {""booster"": ""gbtree"", ""learning_rate"": 0.3, ""gamma"": 0, ""max_depth"": 6, ""min_child_widget"": 1, ""max_delta_step"": 0, ""subsample"": 1, ""sampling_method"": ""uniform"", ""lambda"": 1, ""alpha"": 0, ""tree_method"": ""auto"", ""scale_pos_weight"": 1, ""updater"": ""grow_colmaker"", ""process_type"": ""default"", ""grow_policy"": ""depthwise""}, ""matched"": true}]}","{""dependency_requirements"": [{""edge_id"": ""2562"", ""source_node_id"": ""3051"", ""target_node_id"": ""3052""}, {""edge_id"": ""2564"", ""source_node_id"": ""3052"", ""target_node_id"": ""3054""}, {""edge_id"": ""2567"", ""source_node_id"": ""3052"", ""target_node_id"": ""3055""}, {""edge_id"": ""2568"", ""source_node_id"": ""3055"", ""target_node_id"": ""3054""}], ""step_requirements"": [{""node_id"": ""3051"", ""algorithm_step_name"": ""Tabular Dataset Loading"", ""node_name"": ""数据"", ""node_params"": {""type"": ""sample"", ""filename"": ""housing.csv""}, ""contrast_level"": 2, ""node_type"": ""io""}, {""node_id"": ""3052"", ""algorithm_step_name"": ""Dataset Division"", ""node_name"": ""数据采样"", ""node_params"": {""sampling_type"": 0, ""percentage"": 10, ""n_samples"": 15, ""replacement"": false, ""n_folds"": 10, ""selected_folds"": 1, ""replicable"": false, ""stratified"": false}, ""contrast_level"": 2, ""node_type"": ""preprocess""}, {""node_id"": ""3054"", ""algorithm_step_name"": ""Model Evaluate"", ""node_name"": ""测试得分"", ""node_params"": {}, ""contrast_level"": 2, ""node_type"": ""evaluate""}, {""node_id"": ""3055"", ""algorithm_step_name"": ""XGBoost"", ""node_name"": ""XGBoost"", ""node_params"": {}, ""contrast_level"": 1, ""node_type"": ""model""}]}",1.0
帮我把连续化处理换成特征选择，KNN的邻节点个数改为7。,1.0,4836,453,17.54139733314514,3.4977598190307617,11.38861083984375,2.65502667427063,0,"{""edges"": [{""edge_id"": ""59844"", ""source_node_id"": ""3067"", ""target_node_id"": ""3068""}, {""edge_id"": ""59845"", ""source_node_id"": ""3067"", ""target_node_id"": ""3069""}, {""edge_id"": ""59847"", ""source_node_id"": ""3068"", ""target_node_id"": ""3069""}, {""edge_id"": ""59848"", ""source_node_id"": ""3065"", ""target_node_id"": ""3070""}, {""edge_id"": ""59849"", ""source_node_id"": ""3070"", ""target_node_id"": ""3067""}], ""nodes"": [{""node_id"": ""3065"", ""widget_name"": ""File"", ""node_name"": ""数据"", ""node_params"": {""type"": ""sample"", ""filename"": ""iris.csv""}, ""matched"": true}, {""node_id"": ""3067"", ""widget_name"": ""Data Sampler"", ""node_name"": ""数据采样"", ""node_params"": {""sampling_type"": 0, ""percentage"": 10, ""n_samples"": 15, ""replacement"": false, ""n_folds"": 10, ""selected_folds"": 1, ""replicable"": false, ""stratified"": false}, ""matched"": true}, {""node_id"": ""3068"", ""widget_name"": ""KNN"", ""node_name"": ""KNN"", ""node_params"": {""n_neighbors"": 7, ""metric"": ""euclidean"", ""weights"": ""uniform""}, ""matched"": true}, {""node_id"": ""3069"", ""widget_name"": ""Test & Score"", ""node_name"": ""测试得分"", ""node_params"": {}, ""matched"": true}, {""node_id"": ""3070"", ""widget_name"": ""Select Best N Attributes"", ""node_name"": ""特征选择"", ""node_params"": {""n"": 3}, ""matched"": true}]}","{""dependency_requirements"": [{""edge_id"": ""2576"", ""source_node_id"": ""3067"", ""target_node_id"": ""3068""}, {""edge_id"": ""2577"", ""source_node_id"": ""3067"", ""target_node_id"": ""3069""}, {""edge_id"": ""2579"", ""source_node_id"": ""3068"", ""target_node_id"": ""3069""}, {""edge_id"": ""2580"", ""source_node_id"": ""3065"", ""target_node_id"": ""3070""}, {""edge_id"": ""2581"", ""source_node_id"": ""3070"", ""target_node_id"": ""3067""}], ""step_requirements"": [{""node_id"": ""3065"", ""algorithm_step_name"": ""Tabular Dataset Loading"", ""node_name"": ""数据"", ""node_params"": {""type"": ""sample"", ""filename"": ""iris.csv""}, ""contrast_level"": 2, ""node_type"": ""io""}, {""node_id"": ""3067"", ""algorithm_step_name"": ""Dataset Division"", ""node_name"": ""数据采样"", ""node_params"": {""sampling_type"": 0, ""percentage"": 10, ""n_samples"": 15, ""replacement"": false, ""n_folds"": 10, ""selected_folds"": 1, ""replicable"": false, ""stratified"": false}, ""contrast_level"": 2, ""node_type"": ""preprocess""}, {""node_id"": ""3068"", ""algorithm_step_name"": ""KNN"", ""node_name"": ""KNN"", ""node_params"": {""n_neighbors"": 7, ""metric"": ""euclidean"", ""weights"": ""uniform""}, ""contrast_level"": 2, ""node_type"": ""model""}, {""node_id"": ""3069"", ""algorithm_step_name"": ""Model Evaluate"", ""node_name"": ""测试得分"", ""node_params"": {}, ""contrast_level"": 2, ""node_type"": ""evaluate""}, {""node_id"": ""3070"", ""algorithm_step_name"": ""Feature Selection"", ""node_name"": ""特征选择"", ""node_params"": {}, ""contrast_level"": 1, ""node_type"": ""feature engineering""}]}",1.0
帮我把加载的鸢尾花示例数据修改为加载房价示例数据集。,1.0,2045,127,13.636733770370483,2.709102869033813,0.0,10.92763090133667,0,"{""edges"": [{""edge_id"": ""59850"", ""source_node_id"": ""2895"", ""target_node_id"": ""2896""}], ""nodes"": [{""node_id"": ""2895"", ""widget_name"": ""File"", ""node_name"": ""鸢尾花示例数据"", ""node_params"": {""type"": ""sample"", ""filename"": ""housing.csv""}, ""matched"": true}, {""node_id"": ""2896"", ""widget_name"": ""LightGBM"", ""node_name"": ""LightGBM分类器"", ""node_params"": {""boosting_type"": ""gbdt"", ""n_estimators"": 10, ""learning_rate"": 0.1, ""sampling_rate"": 0.1, ""max_depth_check"": false, ""max_depth"": 3, ""num_leaves_check"": false, ""num_leaves"": 31}, ""matched"": true}]}","{""dependency_requirements"": [{""edge_id"": ""2376"", ""source_node_id"": ""2895"", ""target_node_id"": ""2896""}], ""step_requirements"": [{""node_id"": ""2895"", ""algorithm_step_name"": ""Tabular Dataset Loading"", ""node_name"": ""鸢尾花示例数据"", ""node_params"": {""type"": ""sample"", ""filename"": ""housing.csv""}, ""contrast_level"": 2, ""node_type"": ""io""}, {""node_id"": ""2896"", ""algorithm_step_name"": ""LightGBM"", ""node_name"": ""LightGBM分类器"", ""node_params"": {""boosting_type"": ""gbdt"", ""n_estimators"": 10, ""learning_rate"": 0.1, ""sampling_rate"": 0.1, ""max_depth_check"": false, ""max_depth"": 3, ""num_leaves_check"": false, ""num_leaves"": 31}, ""contrast_level"": 2, ""node_type"": ""model""}]}",1.0
帮我把LightGBM模型的学习器类型重新设置为rf，学习率修改为0.01。,1.0,2590,254,12.251485347747805,2.8142967224121094,8.271020412445068,1.166168212890625,0,"{""edges"": [{""edge_id"": ""59851"", ""source_node_id"": ""2895"", ""target_node_id"": ""2896""}], ""nodes"": [{""node_id"": ""2895"", ""widget_name"": ""File"", ""node_name"": ""鸢尾花示例数据"", ""node_params"": {""type"": ""sample"", ""filename"": ""iris.csv""}, ""matched"": true}, {""node_id"": ""2896"", ""widget_name"": ""LightGBM"", ""node_name"": ""LightGBM分类器"", ""node_params"": {""boosting_type"": ""rf"", ""n_estimators"": 10, ""learning_rate"": 0.01, ""sampling_rate"": 0.1, ""max_depth_check"": false, ""max_depth"": 3, ""num_leaves_check"": false, ""num_leaves"": 31}, ""matched"": true}]}","{""dependency_requirements"": [{""edge_id"": ""2376"", ""source_node_id"": ""2895"", ""target_node_id"": ""2896""}], ""step_requirements"": [{""node_id"": ""2895"", ""algorithm_step_name"": ""Tabular Dataset Loading"", ""node_name"": ""鸢尾花示例数据"", ""node_params"": {""type"": ""sample"", ""filename"": ""iris.csv""}, ""contrast_level"": 2, ""node_type"": ""io""}, {""node_id"": ""2896"", ""algorithm_step_name"": ""LightGBM"", ""node_name"": ""LightGBM分类器"", ""node_params"": {""boosting_type"": ""rf"", ""n_estimators"": 10, ""learning_rate"": 0.01, ""sampling_rate"": 0.1, ""max_depth_check"": false, ""max_depth"": 3, ""num_leaves_check"": false, ""num_leaves"": 31}, ""contrast_level"": 2, ""node_type"": ""model""}]}",1.0
帮我添加一个缺失值处理步骤，以便对鸢尾花数据进行缺失值处理,1.0,2686,308,11.330059289932253,2.5456559658050537,6.6565001010894775,2.12790322303772,0,"{""edges"": [{""edge_id"": ""59852"", ""source_node_id"": ""5159"", ""target_node_id"": ""5158""}, {""edge_id"": ""59853"", ""source_node_id"": ""5157"", ""target_node_id"": ""5159""}], ""nodes"": [{""node_id"": ""5157"", ""widget_name"": ""File"", ""node_name"": ""鸢尾花示例数据"", ""node_params"": {""type"": ""sample"", ""filename"": ""iris.csv""}, ""matched"": true}, {""node_id"": ""5158"", ""widget_name"": ""LightGBM"", ""node_name"": ""LightGBM分类器"", ""node_params"": {""boosting_type"": ""gbdt"", ""n_estimators"": 10, ""learning_rate"": 0.1, ""sampling_rate"": 0.1, ""max_depth_check"": false, ""max_depth"": 3, ""num_leaves_check"": false, ""num_leaves"": 31}, ""matched"": true}, {""node_id"": ""5159"", ""widget_name"": ""Impute"", ""node_name"": ""缺失值处理"", ""node_params"": {""method"": 1}, ""matched"": true}]}","{""dependency_requirements"": [{""edge_id"": ""4027"", ""source_node_id"": ""5159"", ""target_node_id"": ""5158""}, {""edge_id"": ""4028"", ""source_node_id"": ""5157"", ""target_node_id"": ""5159""}], ""step_requirements"": [{""node_id"": ""5157"", ""algorithm_step_name"": ""Tabular Dataset Loading"", ""node_name"": ""鸢尾花示例数据"", ""node_params"": {""type"": ""sample"", ""filename"": ""iris.csv""}, ""contrast_level"": 2, ""node_type"": ""io""}, {""node_id"": ""5158"", ""algorithm_step_name"": ""LightGBM"", ""node_name"": ""LightGBM分类器"", ""node_params"": {""boosting_type"": ""gbdt"", ""n_estimators"": 10, ""learning_rate"": 0.1, ""sampling_rate"": 0.1, ""max_depth_check"": false, ""max_depth"": 3, ""num_leaves_check"": false, ""num_leaves"": 31}, ""contrast_level"": 2, ""node_type"": ""model""}, {""node_id"": ""5159"", ""algorithm_step_name"": ""Missing Value Handling"", ""node_name"": ""Impute"", ""node_params"": {}, ""contrast_level"": 1, ""node_type"": ""preprocess""}]}",1.0
帮我在模型训练之前添加一个数据划分步骤，以便将处理后的数据进行拆分。,1.0,3005,281,10.562766790390016,2.3544743061065674,5.704143524169922,2.5041489601135254,0,"{""edges"": [{""edge_id"": ""59854"", ""source_node_id"": ""5160"", ""target_node_id"": ""5161""}, {""edge_id"": ""59855"", ""source_node_id"": ""5163"", ""target_node_id"": ""5162""}, {""edge_id"": ""59856"", ""source_node_id"": ""5161"", ""target_node_id"": ""5163""}], ""nodes"": [{""node_id"": ""5160"", ""widget_name"": ""File"", ""node_name"": ""鸢尾花示例数据"", ""node_params"": {""type"": ""sample"", ""filename"": ""iris.csv""}, ""matched"": true}, {""node_id"": ""5161"", ""widget_name"": ""Impute"", ""node_name"": ""缺失值填充"", ""node_params"": {""method"": 1}, ""matched"": true}, {""node_id"": ""5162"", ""widget_name"": ""LightGBM"", ""node_name"": ""LightGBM分类器"", ""node_params"": {""boosting_type"": ""gbdt"", ""n_estimators"": 10, ""learning_rate"": 0.1, ""sampling_rate"": 0.1, ""max_depth_check"": false, ""max_depth"": 3, ""num_leaves_check"": false, ""num_leaves"": 31}, ""matched"": true}, {""node_id"": ""5163"", ""widget_name"": ""Data Sampler"", ""node_name"": ""数据划分"", ""node_params"": {""sampling_type"": 0, ""percentage"": 10, ""n_samples"": 15, ""replacement"": false, ""n_folds"": 10, ""selected_folds"": 1, ""replicable"": false, ""stratified"": false}, ""matched"": true}]}","{""dependency_requirements"": [{""edge_id"": ""4029"", ""source_node_id"": ""5160"", ""target_node_id"": ""5161""}, {""edge_id"": ""4030"", ""source_node_id"": ""5163"", ""target_node_id"": ""5162""}, {""edge_id"": ""4031"", ""source_node_id"": ""5161"", ""target_node_id"": ""5163""}], ""step_requirements"": [{""node_id"": ""5160"", ""algorithm_step_name"": ""Tabular Dataset Loading"", ""node_name"": ""鸢尾花示例数据"", ""node_params"": {""type"": ""sample"", ""filename"": ""iris.csv""}, ""contrast_level"": 2, ""node_type"": ""io""}, {""node_id"": ""5161"", ""algorithm_step_name"": ""Missing Value Handling"", ""node_name"": ""缺失值填充"", ""node_params"": {""method"": 1}, ""contrast_level"": 2, ""node_type"": ""preprocess""}, {""node_id"": ""5162"", ""algorithm_step_name"": ""LightGBM"", ""node_name"": ""LightGBM分类器"", ""node_params"": {""boosting_type"": ""gbdt"", ""n_estimators"": 10, ""learning_rate"": 0.1, ""sampling_rate"": 0.1, ""max_depth_check"": false, ""max_depth"": 3, ""num_leaves_check"": false, ""num_leaves"": 31}, ""contrast_level"": 2, ""node_type"": ""model""}, {""node_id"": ""5163"", ""algorithm_step_name"": ""Dataset Division"", ""node_name"": ""Data Sampler"", ""node_params"": {}, ""contrast_level"": 1, ""node_type"": ""preprocess""}]}",1.0
我需要将数据划分的比例设置为8:2,1.0,3298,238,9.466580629348757,2.396655797958374,6.098050117492676,0.9718747138977052,0,"{""edges"": [{""edge_id"": ""59857"", ""source_node_id"": ""5164"", ""target_node_id"": ""5165""}, {""edge_id"": ""59858"", ""source_node_id"": ""5165"", ""target_node_id"": ""5166""}, {""edge_id"": ""59859"", ""source_node_id"": ""5166"", ""target_node_id"": ""5167""}], ""nodes"": [{""node_id"": ""5164"", ""widget_name"": ""File"", ""node_name"": ""鸢尾花示例数据"", ""node_params"": {""type"": ""sample"", ""filename"": ""iris.csv""}, ""matched"": true}, {""node_id"": ""5165"", ""widget_name"": ""Impute"", ""node_name"": ""缺失值填充"", ""node_params"": {""method"": 1}, ""matched"": true}, {""node_id"": ""5166"", ""widget_name"": ""Data Sampler"", ""node_name"": ""数据采样"", ""node_params"": {""sampling_type"": 0, ""percentage"": 20, ""n_samples"": 15, ""replacement"": false, ""n_folds"": 10, ""selected_folds"": 1, ""replicable"": false, ""stratified"": false}, ""matched"": true}, {""node_id"": ""5167"", ""widget_name"": ""LightGBM"", ""node_name"": ""LightGBM分类器"", ""node_params"": {""boosting_type"": ""gbdt"", ""n_estimators"": 10, ""learning_rate"": 0.1, ""sampling_rate"": 0.1, ""max_depth_check"": false, ""max_depth"": 3, ""num_leaves_check"": false, ""num_leaves"": 31}, ""matched"": true}]}","{""dependency_requirements"": [{""edge_id"": ""4032"", ""source_node_id"": ""5164"", ""target_node_id"": ""5165""}, {""edge_id"": ""4033"", ""source_node_id"": ""5165"", ""target_node_id"": ""5166""}, {""edge_id"": ""4034"", ""source_node_id"": ""5166"", ""target_node_id"": ""5167""}], ""step_requirements"": [{""node_id"": ""5164"", ""algorithm_step_name"": ""Tabular Dataset Loading"", ""node_name"": ""鸢尾花示例数据"", ""node_params"": {""type"": ""sample"", ""filename"": ""iris.csv""}, ""contrast_level"": 2, ""node_type"": ""io""}, {""node_id"": ""5165"", ""algorithm_step_name"": ""Missing Value Handling"", ""node_name"": ""缺失值填充"", ""node_params"": {""method"": 1}, ""contrast_level"": 2, ""node_type"": ""preprocess""}, {""node_id"": ""5166"", ""algorithm_step_name"": ""Dataset Division"", ""node_name"": ""数据采样"", ""node_params"": {""sampling_type"": 0, ""percentage"": 20, ""n_samples"": 15, ""replacement"": false, ""n_folds"": 10, ""selected_folds"": 1, ""replicable"": false, ""stratified"": false}, ""contrast_level"": 2, ""node_type"": ""preprocess""}, {""node_id"": ""5167"", ""algorithm_step_name"": ""LightGBM"", ""node_name"": ""LightGBM分类器"", ""node_params"": {""boosting_type"": ""gbdt"", ""n_estimators"": 10, ""learning_rate"": 0.1, ""sampling_rate"": 0.1, ""max_depth_check"": false, ""max_depth"": 3, ""num_leaves_check"": false, ""num_leaves"": 31}, ""contrast_level"": 2, ""node_type"": ""model""}]}",1.0
帮我添加一个模型评估步骤,1.0,2758,313,8.483750343322754,2.2923293113708496,2.876076459884644,3.3153445720672607,0,"{""edges"": [{""edge_id"": ""59860"", ""source_node_id"": ""2899"", ""target_node_id"": ""2900""}, {""edge_id"": ""59861"", ""source_node_id"": ""2900"", ""target_node_id"": ""2901""}, {""edge_id"": ""59862"", ""source_node_id"": ""2901"", ""target_node_id"": ""2902""}, {""edge_id"": ""59863"", ""source_node_id"": ""2900"", ""target_node_id"": ""2903""}, {""edge_id"": ""59864"", ""source_node_id"": ""2901"", ""target_node_id"": ""2903""}, {""edge_id"": ""59865"", ""source_node_id"": ""2902"", ""target_node_id"": ""2903""}], ""nodes"": [{""node_id"": ""2899"", ""widget_name"": ""File"", ""node_name"": ""鸢尾花示例数据"", ""node_params"": {""type"": ""sample"", ""filename"": ""iris.csv""}, ""matched"": true}, {""node_id"": ""2900"", ""widget_name"": ""Impute"", ""node_name"": ""缺失值处理"", ""node_params"": {""method"": 1}, ""matched"": true}, {""node_id"": ""2901"", ""widget_name"": ""Data Sampler"", ""node_name"": ""数据划分处理"", ""node_params"": {""sampling_type"": 0, ""percentage"": 10, ""n_samples"": 15, ""replacement"": false, ""n_folds"": 10, ""selected_folds"": 1, ""replicable"": false, ""stratified"": false}, ""matched"": true}, {""node_id"": ""2902"", ""widget_name"": ""LightGBM"", ""node_name"": ""LightGBM分类器"", ""node_params"": {""boosting_type"": ""gbdt"", ""n_estimators"": 10, ""learning_rate"": 0.1, ""sampling_rate"": 0.1, ""max_depth_check"": false, ""max_depth"": 3, ""num_leaves_check"": false, ""num_leaves"": 31}, ""matched"": true}, {""node_id"": ""2903"", ""widget_name"": ""Test & Score"", ""node_name"": ""模型评估"", ""node_params"": {}, ""matched"": true}]}","{""dependency_requirements"": [{""edge_id"": ""2379"", ""source_node_id"": ""2899"", ""target_node_id"": ""2900""}, {""edge_id"": ""2380"", ""source_node_id"": ""2900"", ""target_node_id"": ""2901""}, {""edge_id"": ""2381"", ""source_node_id"": ""2901"", ""target_node_id"": ""2902""}, {""edge_id"": ""2382"", ""source_node_id"": ""2901"", ""target_node_id"": ""2903""}, {""edge_id"": ""2384"", ""source_node_id"": ""2902"", ""target_node_id"": ""2903""}], ""step_requirements"": [{""node_id"": ""2899"", ""algorithm_step_name"": ""Tabular Dataset Loading"", ""node_name"": ""鸢尾花示例数据"", ""node_params"": {""type"": ""sample"", ""filename"": ""iris.csv""}, ""contrast_level"": 2, ""node_type"": ""io""}, {""node_id"": ""2900"", ""algorithm_step_name"": ""Missing Value Handling"", ""node_name"": ""缺失值处理"", ""node_params"": {""method"": 1}, ""contrast_level"": 2, ""node_type"": ""preprocess""}, {""node_id"": ""2901"", ""algorithm_step_name"": ""Dataset Division"", ""node_name"": ""数据划分处理"", ""node_params"": {""sampling_type"": 0, ""percentage"": 10, ""n_samples"": 15, ""replacement"": false, ""n_folds"": 10, ""selected_folds"": 1, ""replicable"": false, ""stratified"": false}, ""contrast_level"": 2, ""node_type"": ""preprocess""}, {""node_id"": ""2902"", ""algorithm_step_name"": ""LightGBM"", ""node_name"": ""LightGBM分类器"", ""node_params"": {""boosting_type"": ""gbdt"", ""n_estimators"": 10, ""learning_rate"": 0.1, ""sampling_rate"": 0.1, ""max_depth_check"": false, ""max_depth"": 3, ""num_leaves_check"": false, ""num_leaves"": 31}, ""contrast_level"": 2, ""node_type"": ""model""}, {""node_id"": ""2903"", ""algorithm_step_name"": ""Model Evaluate"", ""node_name"": ""模型评估"", ""node_params"": {}, ""contrast_level"": 1, ""node_type"": ""evaluate""}]}",1.0
数据集中没有缺失值，所以帮我把缺失值这个步骤删除掉。,1.0,3422,275,10.595139980316162,2.3872523307800293,6.601931095123291,1.6059565544128418,0,"{""edges"": [{""edge_id"": ""59868"", ""source_node_id"": ""2906"", ""target_node_id"": ""2907""}, {""edge_id"": ""59869"", ""source_node_id"": ""2906"", ""target_node_id"": ""2908""}, {""edge_id"": ""59871"", ""source_node_id"": ""2907"", ""target_node_id"": ""2908""}, {""edge_id"": ""59872"", ""source_node_id"": ""2904"", ""target_node_id"": ""2906""}], ""nodes"": [{""node_id"": ""2904"", ""widget_name"": ""File"", ""node_name"": ""鸢尾花示例数据"", ""node_params"": {""type"": ""sample"", ""filename"": ""iris.csv""}, ""matched"": true}, {""node_id"": ""2906"", ""widget_name"": ""Data Sampler"", ""node_name"": ""数据划分处理"", ""node_params"": {""sampling_type"": 0, ""percentage"": 10, ""n_samples"": 15, ""replacement"": false, ""n_folds"": 10, ""selected_folds"": 1, ""replicable"": false, ""stratified"": false}, ""matched"": true}, {""node_id"": ""2907"", ""widget_name"": ""LightGBM"", ""node_name"": ""LightGBM分类器"", ""node_params"": {""boosting_type"": ""gbdt"", ""n_estimators"": 10, ""learning_rate"": 0.1, ""sampling_rate"": 0.1, ""max_depth_check"": false, ""max_depth"": 3, ""num_leaves_check"": false, ""num_leaves"": 31}, ""matched"": true}, {""node_id"": ""2908"", ""widget_name"": ""Test & Score"", ""node_name"": ""模型评估"", ""node_params"": {}, ""matched"": true}]}","{""dependency_requirements"": [{""edge_id"": ""2387"", ""source_node_id"": ""2906"", ""target_node_id"": ""2907""}, {""edge_id"": ""2388"", ""source_node_id"": ""2906"", ""target_node_id"": ""2908""}, {""edge_id"": ""2390"", ""source_node_id"": ""2907"", ""target_node_id"": ""2908""}, {""edge_id"": ""2391"", ""source_node_id"": ""2904"", ""target_node_id"": ""2906""}], ""step_requirements"": [{""node_id"": ""2904"", ""algorithm_step_name"": ""Tabular Dataset Loading"", ""node_name"": ""鸢尾花示例数据"", ""node_params"": {""type"": ""sample"", ""filename"": ""iris.csv""}, ""contrast_level"": 2, ""node_type"": ""io""}, {""node_id"": ""2906"", ""algorithm_step_name"": ""Dataset Division"", ""node_name"": ""数据划分处理"", ""node_params"": {""sampling_type"": 0, ""percentage"": 10, ""n_samples"": 15, ""replacement"": false, ""n_folds"": 10, ""selected_folds"": 1, ""replicable"": false, ""stratified"": false}, ""contrast_level"": 2, ""node_type"": ""preprocess""}, {""node_id"": ""2907"", ""algorithm_step_name"": ""LightGBM"", ""node_name"": ""LightGBM分类器"", ""node_params"": {""boosting_type"": ""gbdt"", ""n_estimators"": 10, ""learning_rate"": 0.1, ""sampling_rate"": 0.1, ""max_depth_check"": false, ""max_depth"": 3, ""num_leaves_check"": false, ""num_leaves"": 31}, ""contrast_level"": 2, ""node_type"": ""model""}, {""node_id"": ""2908"", ""algorithm_step_name"": ""Model Evaluate"", ""node_name"": ""模型评估"", ""node_params"": {}, ""contrast_level"": 2, ""node_type"": ""evaluate""}]}",1.0
删除工作流中的KNN模型。,1.0,3460,272,12.82986617088318,2.3431999683380127,8.43463683128357,2.0520293712615967,0,"{""edges"": [{""edge_id"": ""59873"", ""source_node_id"": ""2914"", ""target_node_id"": ""2915""}, {""edge_id"": ""59874"", ""source_node_id"": ""2915"", ""target_node_id"": ""2916""}, {""edge_id"": ""59876"", ""source_node_id"": ""2915"", ""target_node_id"": ""2918""}, {""edge_id"": ""59878"", ""source_node_id"": ""2916"", ""target_node_id"": ""2918""}], ""nodes"": [{""node_id"": ""2914"", ""widget_name"": ""File"", ""node_name"": ""鸢尾花示例数据"", ""node_params"": {""type"": ""sample"", ""filename"": ""iris.csv""}, ""matched"": true}, {""node_id"": ""2915"", ""widget_name"": ""Data Sampler"", ""node_name"": ""数据划分处理"", ""node_params"": {""sampling_type"": 0, ""percentage"": 10, ""n_samples"": 15, ""replacement"": false, ""n_folds"": 10, ""selected_folds"": 1, ""replicable"": false, ""stratified"": false}, ""matched"": true}, {""node_id"": ""2916"", ""widget_name"": ""LightGBM"", ""node_name"": ""LightGBM分类器"", ""node_params"": {""boosting_type"": ""gbdt"", ""n_estimators"": 10, ""learning_rate"": 0.1, ""sampling_rate"": 0.1, ""max_depth_check"": false, ""max_depth"": 3, ""num_leaves_check"": false, ""num_leaves"": 31}, ""matched"": true}, {""node_id"": ""2918"", ""widget_name"": ""Test & Score"", ""node_name"": ""模型评估"", ""node_params"": {}, ""matched"": true}]}","{""dependency_requirements"": [{""edge_id"": ""2399"", ""source_node_id"": ""2914"", ""target_node_id"": ""2915""}, {""edge_id"": ""2400"", ""source_node_id"": ""2915"", ""target_node_id"": ""2916""}, {""edge_id"": ""2402"", ""source_node_id"": ""2915"", ""target_node_id"": ""2918""}, {""edge_id"": ""2404"", ""source_node_id"": ""2916"", ""target_node_id"": ""2918""}], ""step_requirements"": [{""node_id"": ""2914"", ""algorithm_step_name"": ""Tabular Dataset Loading"", ""node_name"": ""鸢尾花示例数据"", ""node_params"": {""type"": ""sample"", ""filename"": ""iris.csv""}, ""contrast_level"": 2, ""node_type"": ""io""}, {""node_id"": ""2915"", ""algorithm_step_name"": ""Dataset Division"", ""node_name"": ""数据划分处理"", ""node_params"": {""sampling_type"": 0, ""percentage"": 10, ""n_samples"": 15, ""replacement"": false, ""n_folds"": 10, ""selected_folds"": 1, ""replicable"": false, ""stratified"": false}, ""contrast_level"": 2, ""node_type"": ""preprocess""}, {""node_id"": ""2916"", ""algorithm_step_name"": ""LightGBM"", ""node_name"": ""LightGBM分类器"", ""node_params"": {""boosting_type"": ""gbdt"", ""n_estimators"": 10, ""learning_rate"": 0.1, ""sampling_rate"": 0.1, ""max_depth_check"": false, ""max_depth"": 3, ""num_leaves_check"": false, ""num_leaves"": 31}, ""contrast_level"": 2, ""node_type"": ""model""}, {""node_id"": ""2918"", ""algorithm_step_name"": ""Model Evaluate"", ""node_name"": ""模型评估"", ""node_params"": {}, ""contrast_level"": 2, ""node_type"": ""evaluate""}]}",1.0
帮我把工作流中的缺失值处理步骤和多余的KNN模型都删除掉,1.0,5540,450,20.70454835891724,3.4500415325164795,14.976734161376951,2.277772665023804,0,"{""edges"": [{""edge_id"": ""59882"", ""source_node_id"": ""2921"", ""target_node_id"": ""2922""}, {""edge_id"": ""59884"", ""source_node_id"": ""2921"", ""target_node_id"": ""2924""}, {""edge_id"": ""59886"", ""source_node_id"": ""2922"", ""target_node_id"": ""2924""}, {""edge_id"": ""59888"", ""source_node_id"": ""2919"", ""target_node_id"": ""2921""}], ""nodes"": [{""node_id"": ""2919"", ""widget_name"": ""File"", ""node_name"": ""鸢尾花示例数据"", ""node_params"": {""type"": ""sample"", ""filename"": ""iris.csv""}, ""matched"": true}, {""node_id"": ""2921"", ""widget_name"": ""Data Sampler"", ""node_name"": ""数据划分处理"", ""node_params"": {""sampling_type"": 0, ""percentage"": 10, ""n_samples"": 15, ""replacement"": false, ""n_folds"": 10, ""selected_folds"": 1, ""replicable"": false, ""stratified"": false}, ""matched"": true}, {""node_id"": ""2922"", ""widget_name"": ""LightGBM"", ""node_name"": ""LightGBM分类器"", ""node_params"": {""boosting_type"": ""gbdt"", ""n_estimators"": 10, ""learning_rate"": 0.1, ""sampling_rate"": 0.1, ""max_depth_check"": false, ""max_depth"": 3, ""num_leaves_check"": false, ""num_leaves"": 31}, ""matched"": true}, {""node_id"": ""2924"", ""widget_name"": ""Test & Score"", ""node_name"": ""模型评估"", ""node_params"": {}, ""matched"": true}]}","{""dependency_requirements"": [{""edge_id"": ""2408"", ""source_node_id"": ""2921"", ""target_node_id"": ""2922""}, {""edge_id"": ""2410"", ""source_node_id"": ""2921"", ""target_node_id"": ""2924""}, {""edge_id"": ""2412"", ""source_node_id"": ""2922"", ""target_node_id"": ""2924""}, {""edge_id"": ""2414"", ""source_node_id"": ""2919"", ""target_node_id"": ""2921""}], ""step_requirements"": [{""node_id"": ""2919"", ""algorithm_step_name"": ""Tabular Dataset Loading"", ""node_name"": ""鸢尾花示例数据"", ""node_params"": {""type"": ""sample"", ""filename"": ""iris.csv""}, ""contrast_level"": 2, ""node_type"": ""io""}, {""node_id"": ""2921"", ""algorithm_step_name"": ""Dataset Division"", ""node_name"": ""数据划分处理"", ""node_params"": {""sampling_type"": 0, ""percentage"": 10, ""n_samples"": 15, ""replacement"": false, ""n_folds"": 10, ""selected_folds"": 1, ""replicable"": false, ""stratified"": false}, ""contrast_level"": 2, ""node_type"": ""preprocess""}, {""node_id"": ""2922"", ""algorithm_step_name"": ""LightGBM"", ""node_name"": ""LightGBM分类器"", ""node_params"": {""boosting_type"": ""gbdt"", ""n_estimators"": 10, ""learning_rate"": 0.1, ""sampling_rate"": 0.1, ""max_depth_check"": false, ""max_depth"": 3, ""num_leaves_check"": false, ""num_leaves"": 31}, ""contrast_level"": 2, ""node_type"": ""model""}, {""node_id"": ""2924"", ""algorithm_step_name"": ""Model Evaluate"", ""node_name"": ""模型评估"", ""node_params"": {}, ""contrast_level"": 2, ""node_type"": ""evaluate""}]}",1.0
在数据抽样之前添加一个特征选择步骤，然后把数据抽样的抽样比例设置为抽取30%。,1.0,5231,523,16.89448308944702,3.663339614868164,9.792808532714844,3.4383349418640137,0,"{""edges"": [{""edge_id"": ""59889"", ""source_node_id"": ""2991"", ""target_node_id"": ""2988""}, {""edge_id"": ""59890"", ""source_node_id"": ""2988"", ""target_node_id"": ""2989""}, {""edge_id"": ""59891"", ""source_node_id"": ""2988"", ""target_node_id"": ""2990""}, {""edge_id"": ""59892"", ""source_node_id"": ""2989"", ""target_node_id"": ""2990""}, {""edge_id"": ""59893"", ""source_node_id"": ""2987"", ""target_node_id"": ""2991""}], ""nodes"": [{""node_id"": ""2987"", ""widget_name"": ""File"", ""node_name"": ""鸢尾花示例数据"", ""node_params"": {""type"": ""sample"", ""filename"": ""iris.csv""}, ""matched"": true}, {""node_id"": ""2988"", ""widget_name"": ""Data Sampler"", ""node_name"": ""数据划分处理"", ""node_params"": {""sampling_type"": 0, ""percentage"": 30, ""n_samples"": 15, ""replacement"": false, ""n_folds"": 10, ""selected_folds"": 1, ""replicable"": false, ""stratified"": false}, ""matched"": true}, {""node_id"": ""2989"", ""widget_name"": ""LightGBM"", ""node_name"": ""LightGBM分类器"", ""node_params"": {""boosting_type"": ""gbdt"", ""n_estimators"": 10, ""learning_rate"": 0.1, ""sampling_rate"": 0.1, ""max_depth_check"": false, ""max_depth"": 3, ""num_leaves_check"": false, ""num_leaves"": 31}, ""matched"": true}, {""node_id"": ""2990"", ""widget_name"": ""Predictions"", ""node_name"": ""预测"", ""node_params"": {""output_attrs"": true, ""output_predictions"": true, ""output_probabilities"": false}, ""matched"": true}, {""node_id"": ""2991"", ""widget_name"": ""Select Best N Attributes"", ""node_name"": ""特征选择"", ""node_params"": {""n"": 3}, ""matched"": true}]}","{""dependency_requirements"": [{""edge_id"": ""2485"", ""source_node_id"": ""2991"", ""target_node_id"": ""2988""}, {""edge_id"": ""2486"", ""source_node_id"": ""2988"", ""target_node_id"": ""2989""}, {""edge_id"": ""2487"", ""source_node_id"": ""2988"", ""target_node_id"": ""2990""}, {""edge_id"": ""2488"", ""source_node_id"": ""2989"", ""target_node_id"": ""2990""}, {""edge_id"": ""2489"", ""source_node_id"": ""2987"", ""target_node_id"": ""2991""}], ""step_requirements"": [{""node_id"": ""2987"", ""algorithm_step_name"": ""Tabular Dataset Loading"", ""node_name"": ""鸢尾花示例数据"", ""node_params"": {""type"": ""sample"", ""filename"": ""iris.csv""}, ""contrast_level"": 2, ""node_type"": ""io""}, {""node_id"": ""2988"", ""algorithm_step_name"": ""Dataset Division"", ""node_name"": ""数据划分处理"", ""node_params"": {""sampling_type"": 0, ""percentage"": 30, ""n_samples"": 15, ""replacement"": false, ""n_folds"": 10, ""selected_folds"": 1, ""replicable"": false, ""stratified"": false}, ""contrast_level"": 2, ""node_type"": ""preprocess""}, {""node_id"": ""2989"", ""algorithm_step_name"": ""LightGBM"", ""node_name"": ""LightGBM分类器"", ""node_params"": {""boosting_type"": ""gbdt"", ""n_estimators"": 10, ""learning_rate"": 0.1, ""sampling_rate"": 0.1, ""max_depth_check"": false, ""max_depth"": 3, ""num_leaves_check"": false, ""num_leaves"": 31}, ""contrast_level"": 2, ""node_type"": ""model""}, {""node_id"": ""2990"", ""algorithm_step_name"": ""Test Dataset Predictions"", ""node_name"": ""预测"", ""node_params"": {""output_attrs"": true, ""output_predictions"": true, ""output_probabilities"": false}, ""contrast_level"": 2, ""node_type"": ""predict""}, {""node_id"": ""2991"", ""algorithm_step_name"": ""Feature Selection"", ""node_name"": ""自动特征选择"", ""node_params"": {}, ""contrast_level"": 1, ""node_type"": ""feature engineering""}]}",1.0
帮我把数据划分的比例改为5:5，最后还需要你添加一个步骤帮我把预测结果保存。,1.0,5642,384,13.547280073165894,3.392632484436035,7.992202281951904,2.162445306777954,0,"{""edges"": [{""edge_id"": ""59894"", ""source_node_id"": ""2982"", ""target_node_id"": ""2983""}, {""edge_id"": ""59895"", ""source_node_id"": ""2983"", ""target_node_id"": ""2984""}, {""edge_id"": ""59896"", ""source_node_id"": ""2983"", ""target_node_id"": ""2985""}, {""edge_id"": ""59897"", ""source_node_id"": ""2984"", ""target_node_id"": ""2985""}, {""edge_id"": ""59898"", ""source_node_id"": ""2985"", ""target_node_id"": ""2986""}], ""nodes"": [{""node_id"": ""2982"", ""widget_name"": ""File"", ""node_name"": ""鸢尾花示例数据"", ""node_params"": {""type"": ""sample"", ""filename"": ""iris.csv""}, ""matched"": true}, {""node_id"": ""2983"", ""widget_name"": ""Data Sampler"", ""node_name"": ""数据划分处理"", ""node_params"": {""sampling_type"": 0, ""percentage"": 50, ""n_samples"": 15, ""replacement"": false, ""n_folds"": 10, ""selected_folds"": 1, ""replicable"": false, ""stratified"": false}, ""matched"": true}, {""node_id"": ""2984"", ""widget_name"": ""LightGBM"", ""node_name"": ""LightGBM分类器"", ""node_params"": {""boosting_type"": ""gbdt"", ""n_estimators"": 10, ""learning_rate"": 0.1, ""sampling_rate"": 0.1, ""max_depth_check"": false, ""max_depth"": 3, ""num_leaves_check"": false, ""num_leaves"": 31}, ""matched"": true}, {""node_id"": ""2985"", ""widget_name"": ""Predictions"", ""node_name"": ""预测"", ""node_params"": {""output_attrs"": true, ""output_predictions"": true, ""output_probabilities"": false}, ""matched"": true}, {""node_id"": ""2986"", ""widget_name"": ""Save Data"", ""node_name"": ""保存预测结果"", ""node_params"": {}, ""matched"": true}]}","{""dependency_requirements"": [{""edge_id"": ""2480"", ""source_node_id"": ""2982"", ""target_node_id"": ""2983""}, {""edge_id"": ""2481"", ""source_node_id"": ""2983"", ""target_node_id"": ""2984""}, {""edge_id"": ""2482"", ""source_node_id"": ""2983"", ""target_node_id"": ""2985""}, {""edge_id"": ""2483"", ""source_node_id"": ""2984"", ""target_node_id"": ""2985""}, {""edge_id"": ""2484"", ""source_node_id"": ""2985"", ""target_node_id"": ""2986""}], ""step_requirements"": [{""node_id"": ""2982"", ""algorithm_step_name"": ""Tabular Dataset Loading"", ""node_name"": ""鸢尾花示例数据"", ""node_params"": {""type"": ""sample"", ""filename"": ""iris.csv""}, ""contrast_level"": 2, ""node_type"": ""io""}, {""node_id"": ""2983"", ""algorithm_step_name"": ""Dataset Division"", ""node_name"": ""数据划分处理"", ""node_params"": {""sampling_type"": 0, ""percentage"": 50, ""n_samples"": 15, ""replacement"": false, ""n_folds"": 10, ""selected_folds"": 1, ""replicable"": false, ""stratified"": false}, ""contrast_level"": 2, ""node_type"": ""preprocess""}, {""node_id"": ""2984"", ""algorithm_step_name"": ""LightGBM"", ""node_name"": ""LightGBM分类器"", ""node_params"": {""boosting_type"": ""gbdt"", ""n_estimators"": 10, ""learning_rate"": 0.1, ""sampling_rate"": 0.1, ""max_depth_check"": false, ""max_depth"": 3, ""num_leaves_check"": false, ""num_leaves"": 31}, ""contrast_level"": 2, ""node_type"": ""model""}, {""node_id"": ""2985"", ""algorithm_step_name"": ""Test Dataset Predictions"", ""node_name"": ""预测"", ""node_params"": {""output_attrs"": true, ""output_predictions"": true, ""output_probabilities"": false}, ""contrast_level"": 2, ""node_type"": ""predict""}, {""node_id"": ""2986"", ""algorithm_step_name"": ""Save Data"", ""node_name"": ""Save Data"", ""node_params"": {}, ""contrast_level"": 1, ""node_type"": ""io""}]}",1.0
帮我把目标检测使用的模型换成SSD，学习率使用0.02。最后，我还需要查看训练日志。,1.0,3981,480,20.41348624229431,3.588696956634521,14.702184915542604,2.1226043701171875,0,"{""edges"": [{""edge_id"": ""59899"", ""source_node_id"": ""2998"", ""target_node_id"": ""2999""}, {""edge_id"": ""59900"", ""source_node_id"": ""2999"", ""target_node_id"": ""3000""}], ""nodes"": [{""node_id"": ""2998"", ""widget_name"": ""Image"", ""node_name"": ""猫狗图像数据"", ""node_params"": {}, ""matched"": true}, {""node_id"": ""2999"", ""widget_name"": ""Object Detection"", ""node_name"": ""目标检测"", ""node_params"": {""frame"": ""pytorch"", ""select_model"": ""SSD"", ""backbone"": ""DarkNet53"", ""epoch"": 3, ""learning_rate"": 0.02, ""batch_size"": 2}, ""matched"": true}, {""node_id"": ""3000"", ""widget_name"": ""Train Log"", ""node_name"": ""训练日志"", ""node_params"": {}, ""matched"": true}]}","{""dependency_requirements"": [{""edge_id"": ""2495"", ""source_node_id"": ""2998"", ""target_node_id"": ""2999""}, {""edge_id"": ""2496"", ""source_node_id"": ""2999"", ""target_node_id"": ""3000""}], ""step_requirements"": [{""node_id"": ""2998"", ""algorithm_step_name"": ""Image Dataset Loading"", ""node_name"": ""猫狗图像数据"", ""node_params"": {}, ""contrast_level"": 2, ""node_type"": ""io""}, {""node_id"": ""2999"", ""algorithm_step_name"": ""Object Detection Model"", ""node_name"": ""目标检测"", ""node_params"": {""frame"": ""pytorch"", ""select_model"": ""SSD"", ""backbone"": ""DarkNet53"", ""epoch"": 3, ""learning_rate"": 0.02, ""batch_size"": 2}, ""contrast_level"": 2, ""node_type"": ""model""}, {""node_id"": ""3000"", ""algorithm_step_name"": ""Train Log"", ""node_name"": ""训练日志"", ""node_params"": {}, ""contrast_level"": 2, ""node_type"": ""visualize""}]}",1.0
帮我把缺失值处理方式修改为使用平均值填补，然后把多余的KNN模型删除掉。,1.0,5471,428,20.00368881225586,3.426957845687866,14.76672101020813,1.8100099563598635,0,"{""edges"": [{""edge_id"": ""59901"", ""source_node_id"": ""2958"", ""target_node_id"": ""2959""}, {""edge_id"": ""59902"", ""source_node_id"": ""2959"", ""target_node_id"": ""2960""}, {""edge_id"": ""59903"", ""source_node_id"": ""2960"", ""target_node_id"": ""2961""}, {""edge_id"": ""59905"", ""source_node_id"": ""2960"", ""target_node_id"": ""2963""}, {""edge_id"": ""59907"", ""source_node_id"": ""2961"", ""target_node_id"": ""2963""}], ""nodes"": [{""node_id"": ""2958"", ""widget_name"": ""File"", ""node_name"": ""鸢尾花示例数据"", ""node_params"": {""type"": ""sample"", ""filename"": ""iris.csv""}, ""matched"": true}, {""node_id"": ""2959"", ""widget_name"": ""Impute"", ""node_name"": ""缺失值处理"", ""node_params"": {""method"": 2}, ""matched"": true}, {""node_id"": ""2960"", ""widget_name"": ""Data Sampler"", ""node_name"": ""数据划分处理"", ""node_params"": {""sampling_type"": 0, ""percentage"": 10, ""n_samples"": 15, ""replacement"": false, ""n_folds"": 10, ""selected_folds"": 1, ""replicable"": false, ""stratified"": false}, ""matched"": true}, {""node_id"": ""2961"", ""widget_name"": ""LightGBM"", ""node_name"": ""LightGBM分类器"", ""node_params"": {""boosting_type"": ""gbdt"", ""n_estimators"": 10, ""learning_rate"": 0.1, ""sampling_rate"": 0.1, ""max_depth_check"": false, ""max_depth"": 3, ""num_leaves_check"": false, ""num_leaves"": 31}, ""matched"": true}, {""node_id"": ""2963"", ""widget_name"": ""Test & Score"", ""node_name"": ""模型评估"", ""node_params"": {}, ""matched"": true}]}","{""dependency_requirements"": [{""edge_id"": ""2447"", ""source_node_id"": ""2958"", ""target_node_id"": ""2959""}, {""edge_id"": ""2448"", ""source_node_id"": ""2959"", ""target_node_id"": ""2960""}, {""edge_id"": ""2449"", ""source_node_id"": ""2960"", ""target_node_id"": ""2961""}, {""edge_id"": ""2451"", ""source_node_id"": ""2960"", ""target_node_id"": ""2963""}, {""edge_id"": ""2453"", ""source_node_id"": ""2961"", ""target_node_id"": ""2963""}], ""step_requirements"": [{""node_id"": ""2958"", ""algorithm_step_name"": ""Tabular Dataset Loading"", ""node_name"": ""鸢尾花示例数据"", ""node_params"": {""type"": ""sample"", ""filename"": ""iris.csv""}, ""contrast_level"": 2, ""node_type"": ""io""}, {""node_id"": ""2959"", ""algorithm_step_name"": ""Missing Value Handling"", ""node_name"": ""缺失值处理"", ""node_params"": {""method"": 2}, ""contrast_level"": 2, ""node_type"": ""preprocess""}, {""node_id"": ""2960"", ""algorithm_step_name"": ""Dataset Division"", ""node_name"": ""数据划分处理"", ""node_params"": {""sampling_type"": 0, ""percentage"": 10, ""n_samples"": 15, ""replacement"": false, ""n_folds"": 10, ""selected_folds"": 1, ""replicable"": false, ""stratified"": false}, ""contrast_level"": 2, ""node_type"": ""preprocess""}, {""node_id"": ""2961"", ""algorithm_step_name"": ""LightGBM"", ""node_name"": ""LightGBM分类器"", ""node_params"": {""boosting_type"": ""gbdt"", ""n_estimators"": 10, ""learning_rate"": 0.1, ""sampling_rate"": 0.1, ""max_depth_check"": false, ""max_depth"": 3, ""num_leaves_check"": false, ""num_leaves"": 31}, ""contrast_level"": 2, ""node_type"": ""model""}, {""node_id"": ""2963"", ""algorithm_step_name"": ""Model Evaluate"", ""node_name"": ""模型评估"", ""node_params"": {}, ""contrast_level"": 2, ""node_type"": ""evaluate""}]}",1.0
独热编码这个步骤是冗余的，帮我删除掉。在这之后还需要你将随机森林数的数量改为30，缺失值的处理方法改为用随机值填补。,1.0,7617,707,30.21592879295349,4.618988513946533,21.6611385345459,3.93580174446106,0,"{""edges"": [{""edge_id"": ""59909"", ""source_node_id"": ""3002"", ""target_node_id"": ""3003""}, {""edge_id"": ""59912"", ""source_node_id"": ""3005"", ""target_node_id"": ""3006""}, {""edge_id"": ""59913"", ""source_node_id"": ""3005"", ""target_node_id"": ""3007""}, {""edge_id"": ""59915"", ""source_node_id"": ""3006"", ""target_node_id"": ""3007""}, {""edge_id"": ""59916"", ""source_node_id"": ""3003"", ""target_node_id"": ""3005""}], ""nodes"": [{""node_id"": ""3002"", ""widget_name"": ""File"", ""node_name"": ""数据"", ""node_params"": {""type"": ""sample"", ""filename"": ""iris.csv""}, ""matched"": true}, {""node_id"": ""3003"", ""widget_name"": ""Impute"", ""node_name"": ""缺失值处理"", ""node_params"": {""method"": 4}, ""matched"": true}, {""node_id"": ""3005"", ""widget_name"": ""Data Sampler"", ""node_name"": ""数据采样"", ""node_params"": {""sampling_type"": 0, ""percentage"": 10, ""n_samples"": 15, ""replacement"": false, ""n_folds"": 10, ""selected_folds"": 1, ""replicable"": false, ""stratified"": false}, ""matched"": true}, {""node_id"": ""3006"", ""widget_name"": ""Random Forest"", ""node_name"": ""随机森林"", ""node_params"": {""n_estimators"": 30, ""use_max_features"": false, ""max_features"": ""auto"", ""use_random_state"": false, ""use_max_depth"": false, ""max_depth"": 3, ""use_min_samples_split"": true, ""min_samples_split"": 2}, ""matched"": true}, {""node_id"": ""3007"", ""widget_name"": ""Test & Score"", ""node_name"": ""测试得分"", ""node_params"": {}, ""matched"": true}]}","{""dependency_requirements"": [{""edge_id"": ""2497"", ""source_node_id"": ""3002"", ""target_node_id"": ""3003""}, {""edge_id"": ""2500"", ""source_node_id"": ""3005"", ""target_node_id"": ""3006""}, {""edge_id"": ""2501"", ""source_node_id"": ""3005"", ""target_node_id"": ""3007""}, {""edge_id"": ""2503"", ""source_node_id"": ""3006"", ""target_node_id"": ""3007""}, {""edge_id"": ""2504"", ""source_node_id"": ""3003"", ""target_node_id"": ""3005""}], ""step_requirements"": [{""node_id"": ""3002"", ""algorithm_step_name"": ""Tabular Dataset Loading"", ""node_name"": ""数据"", ""node_params"": {""type"": ""sample"", ""filename"": ""iris.csv""}, ""contrast_level"": 2, ""node_type"": ""io""}, {""node_id"": ""3003"", ""algorithm_step_name"": ""Missing Value Handling"", ""node_name"": ""缺失值处理"", ""node_params"": {""method"": 4}, ""contrast_level"": 2, ""node_type"": ""preprocess""}, {""node_id"": ""3005"", ""algorithm_step_name"": ""Dataset Division"", ""node_name"": ""数据采样"", ""node_params"": {""sampling_type"": 0, ""percentage"": 10, ""n_samples"": 15, ""replacement"": false, ""n_folds"": 10, ""selected_folds"": 1, ""replicable"": false, ""stratified"": false}, ""contrast_level"": 2, ""node_type"": ""preprocess""}, {""node_id"": ""3006"", ""algorithm_step_name"": ""Random Forest"", ""node_name"": ""随机森林"", ""node_params"": {""n_estimators"": 30, ""use_max_features"": false, ""max_features"": ""auto"", ""use_random_state"": false, ""use_max_depth"": false, ""max_depth"": 3, ""use_min_samples_split"": true, ""min_samples_split"": 2}, ""contrast_level"": 2, ""node_type"": ""model""}, {""node_id"": ""3007"", ""algorithm_step_name"": ""Model Evaluate"", ""node_name"": ""测试得分"", ""node_params"": {}, ""contrast_level"": 2, ""node_type"": ""evaluate""}]}",1.0
帮我把多余的模型都删除掉，只留下LightGBM，并把LightGBM的学习率改为0.01。,1.0,4257,420,16.605836629867554,5.268770456314087,9.454938173294067,1.8821280002594,0,"{""edges"": [{""edge_id"": ""59917"", ""source_node_id"": ""3032"", ""target_node_id"": ""3033""}, {""edge_id"": ""59919"", ""source_node_id"": ""3033"", ""target_node_id"": ""3035""}, {""edge_id"": ""59922"", ""source_node_id"": ""3033"", ""target_node_id"": ""3038""}, {""edge_id"": ""59925"", ""source_node_id"": ""3035"", ""target_node_id"": ""3038""}], ""nodes"": [{""node_id"": ""3032"", ""widget_name"": ""File"", ""node_name"": ""数据"", ""node_params"": {""type"": ""sample"", ""filename"": ""iris.csv""}, ""matched"": true}, {""node_id"": ""3033"", ""widget_name"": ""Data Sampler"", ""node_name"": ""数据采样"", ""node_params"": {""sampling_type"": 0, ""percentage"": 10, ""n_samples"": 15, ""replacement"": false, ""n_folds"": 10, ""selected_folds"": 1, ""replicable"": false, ""stratified"": false}, ""matched"": true}, {""node_id"": ""3035"", ""widget_name"": ""LightGBM"", ""node_name"": ""LightGBM"", ""node_params"": {""boosting_type"": ""gbdt"", ""n_estimators"": 10, ""learning_rate"": 0.01, ""sampling_rate"": 0.1, ""max_depth_check"": false, ""max_depth"": 3, ""num_leaves_check"": false, ""num_leaves"": 31}, ""matched"": true}, {""node_id"": ""3038"", ""widget_name"": ""Test & Score"", ""node_name"": ""测试得分"", ""node_params"": {}, ""matched"": true}]}","{""dependency_requirements"": [{""edge_id"": ""2536"", ""source_node_id"": ""3032"", ""target_node_id"": ""3033""}, {""edge_id"": ""2538"", ""source_node_id"": ""3033"", ""target_node_id"": ""3035""}, {""edge_id"": ""2541"", ""source_node_id"": ""3033"", ""target_node_id"": ""3038""}, {""edge_id"": ""2544"", ""source_node_id"": ""3035"", ""target_node_id"": ""3038""}], ""step_requirements"": [{""node_id"": ""3032"", ""algorithm_step_name"": ""Tabular Dataset Loading"", ""node_name"": ""数据"", ""node_params"": {""type"": ""sample"", ""filename"": ""iris.csv""}, ""contrast_level"": 2, ""node_type"": ""io""}, {""node_id"": ""3033"", ""algorithm_step_name"": ""Dataset Division"", ""node_name"": ""数据采样"", ""node_params"": {""sampling_type"": 0, ""percentage"": 10, ""n_samples"": 15, ""replacement"": false, ""n_folds"": 10, ""selected_folds"": 1, ""replicable"": false, ""stratified"": false}, ""contrast_level"": 2, ""node_type"": ""preprocess""}, {""node_id"": ""3035"", ""algorithm_step_name"": ""LightGBM"", ""node_name"": ""LightGBM"", ""node_params"": {""boosting_type"": ""gbdt"", ""n_estimators"": 10, ""learning_rate"": 0.01, ""sampling_rate"": 0.1, ""max_depth_check"": false, ""max_depth"": 3, ""num_leaves_check"": false, ""num_leaves"": 31}, ""contrast_level"": 2, ""node_type"": ""model""}, {""node_id"": ""3038"", ""algorithm_step_name"": ""Model Evaluate"", ""node_name"": ""测试得分"", ""node_params"": {}, ""contrast_level"": 2, ""node_type"": ""evaluate""}]}",1.0
帮我把LightGBM模型更换为XGBoost。,0.9,3639,263,12.732742309570312,2.4822371006011963,8.670428276062012,1.5800769329071045,0,"{""edges"": [{""edge_id"": ""59928"", ""source_node_id"": ""2964"", ""target_node_id"": ""2965""}, {""edge_id"": ""59929"", ""source_node_id"": ""2965"", ""target_node_id"": ""2966""}, {""edge_id"": ""59931"", ""source_node_id"": ""2966"", ""target_node_id"": ""2968""}, {""edge_id"": ""59934"", ""source_node_id"": ""2966"", ""target_node_id"": ""2969""}], ""nodes"": [{""node_id"": ""2964"", ""widget_name"": ""File"", ""node_name"": ""鸢尾花示例数据"", ""node_params"": {""type"": ""sample"", ""filename"": ""iris.csv""}, ""matched"": true}, {""node_id"": ""2965"", ""widget_name"": ""Impute"", ""node_name"": ""缺失值处理"", ""node_params"": {""method"": 1}, ""matched"": true}, {""node_id"": ""2966"", ""widget_name"": ""Data Sampler"", ""node_name"": ""数据划分处理"", ""node_params"": {""sampling_type"": 0, ""percentage"": 10, ""n_samples"": 15, ""replacement"": false, ""n_folds"": 10, ""selected_folds"": 1, ""replicable"": false, ""stratified"": false}, ""matched"": true}, {""node_id"": ""2968"", ""widget_name"": ""Test & Score"", ""node_name"": ""模型评估"", ""node_params"": {}, ""matched"": true}, {""node_id"": ""2969"", ""widget_name"": ""XGBoost"", ""node_name"": ""XGBoost分类器"", ""node_params"": {""booster"": ""gbtree"", ""learning_rate"": 0.3, ""gamma"": 0, ""max_depth"": 6, ""min_child_widget"": 1, ""max_delta_step"": 0, ""subsample"": 1, ""sampling_method"": ""uniform"", ""lambda"": 1, ""alpha"": 0, ""tree_method"": ""auto"", ""scale_pos_weight"": 1, ""updater"": ""grow_colmaker"", ""process_type"": ""default"", ""grow_policy"": ""depthwise""}, ""matched"": true}]}","{""dependency_requirements"": [{""edge_id"": ""2455"", ""source_node_id"": ""2964"", ""target_node_id"": ""2965""}, {""edge_id"": ""2456"", ""source_node_id"": ""2965"", ""target_node_id"": ""2966""}, {""edge_id"": ""2458"", ""source_node_id"": ""2966"", ""target_node_id"": ""2968""}, {""edge_id"": ""2461"", ""source_node_id"": ""2966"", ""target_node_id"": ""2969""}, {""edge_id"": ""2462"", ""source_node_id"": ""2969"", ""target_node_id"": ""2968""}], ""step_requirements"": [{""node_id"": ""2964"", ""algorithm_step_name"": ""Tabular Dataset Loading"", ""node_name"": ""鸢尾花示例数据"", ""node_params"": {""type"": ""sample"", ""filename"": ""iris.csv""}, ""contrast_level"": 2, ""node_type"": ""io""}, {""node_id"": ""2965"", ""algorithm_step_name"": ""Missing Value Handling"", ""node_name"": ""缺失值处理"", ""node_params"": {""method"": 1}, ""contrast_level"": 2, ""node_type"": ""preprocess""}, {""node_id"": ""2966"", ""algorithm_step_name"": ""Dataset Division"", ""node_name"": ""数据划分处理"", ""node_params"": {""sampling_type"": 0, ""percentage"": 10, ""n_samples"": 15, ""replacement"": false, ""n_folds"": 10, ""selected_folds"": 1, ""replicable"": false, ""stratified"": false}, ""contrast_level"": 2, ""node_type"": ""preprocess""}, {""node_id"": ""2968"", ""algorithm_step_name"": ""Model Evaluate"", ""node_name"": ""模型评估"", ""node_params"": {}, ""contrast_level"": 2, ""node_type"": ""evaluate""}, {""node_id"": ""2969"", ""algorithm_step_name"": ""XGBoost"", ""node_name"": ""XGBoost分类器"", ""node_params"": {}, ""contrast_level"": 1, ""node_type"": ""model""}]}",0.8
我不需要对模型进行评估了，帮我把模型评估组件换成预测组件。,0.875,7144,1309,33.84754514694214,2.716656446456909,3.759513139724731,27.37137556076049,0,"{""edges"": [{""edge_id"": ""59935"", ""source_node_id"": ""2970"", ""target_node_id"": ""2971""}, {""edge_id"": ""59936"", ""source_node_id"": ""2971"", ""target_node_id"": ""2972""}, {""edge_id"": ""59937"", ""source_node_id"": ""2972"", ""target_node_id"": ""2973""}], ""nodes"": [{""node_id"": ""2970"", ""widget_name"": ""File"", ""node_name"": ""鸢尾花示例数据"", ""node_params"": {""type"": ""sample"", ""filename"": ""iris.csv""}, ""matched"": true}, {""node_id"": ""2971"", ""widget_name"": ""Impute"", ""node_name"": ""缺失值处理"", ""node_params"": {""method"": 1}, ""matched"": true}, {""node_id"": ""2972"", ""widget_name"": ""Data Sampler"", ""node_name"": ""数据划分处理"", ""node_params"": {""sampling_type"": 0, ""percentage"": 10, ""n_samples"": 15, ""replacement"": false, ""n_folds"": 10, ""selected_folds"": 1, ""replicable"": false, ""stratified"": false}, ""matched"": true}, {""node_id"": ""2973"", ""widget_name"": ""LightGBM"", ""node_name"": ""LightGBM分类器"", ""node_params"": {""boosting_type"": ""gbdt"", ""n_estimators"": 10, ""learning_rate"": 0.1, ""sampling_rate"": 0.1, ""max_depth_check"": false, ""max_depth"": 3, ""num_leaves_check"": false, ""num_leaves"": 31}, ""matched"": true}]}","{""dependency_requirements"": [{""edge_id"": ""2463"", ""source_node_id"": ""2970"", ""target_node_id"": ""2971""}, {""edge_id"": ""2464"", ""source_node_id"": ""2971"", ""target_node_id"": ""2972""}, {""edge_id"": ""2465"", ""source_node_id"": ""2972"", ""target_node_id"": ""2973""}, {""edge_id"": ""2469"", ""source_node_id"": ""2972"", ""target_node_id"": ""2975""}, {""edge_id"": ""2470"", ""source_node_id"": ""2973"", ""target_node_id"": ""2975""}], ""step_requirements"": [{""node_id"": ""2970"", ""algorithm_step_name"": ""Tabular Dataset Loading"", ""node_name"": ""鸢尾花示例数据"", ""node_params"": {""type"": ""sample"", ""filename"": ""iris.csv""}, ""contrast_level"": 2, ""node_type"": ""io""}, {""node_id"": ""2971"", ""algorithm_step_name"": ""Missing Value Handling"", ""node_name"": ""缺失值处理"", ""node_params"": {""method"": 1}, ""contrast_level"": 2, ""node_type"": ""preprocess""}, {""node_id"": ""2972"", ""algorithm_step_name"": ""Dataset Division"", ""node_name"": ""数据划分处理"", ""node_params"": {""sampling_type"": 0, ""percentage"": 10, ""n_samples"": 15, ""replacement"": false, ""n_folds"": 10, ""selected_folds"": 1, ""replicable"": false, ""stratified"": false}, ""contrast_level"": 2, ""node_type"": ""preprocess""}, {""node_id"": ""2973"", ""algorithm_step_name"": ""LightGBM"", ""node_name"": ""LightGBM分类器"", ""node_params"": {""boosting_type"": ""gbdt"", ""n_estimators"": 10, ""learning_rate"": 0.1, ""sampling_rate"": 0.1, ""max_depth_check"": false, ""max_depth"": 3, ""num_leaves_check"": false, ""num_leaves"": 31}, ""contrast_level"": 2, ""node_type"": ""model""}, {""node_id"": ""2975"", ""algorithm_step_name"": ""Test Dataset Predictions"", ""node_name"": ""预测"", ""node_params"": {}, ""contrast_level"": 1, ""node_type"": ""predict""}]}",0.8889
帮我把缺失值处理步骤删除掉，并换一个更好的模型。,0.8333,5196,496,21.50000190734864,3.637929916381836,14.881479263305664,2.980592727661133,0,"{""edges"": [{""edge_id"": ""59944"", ""source_node_id"": ""2978"", ""target_node_id"": ""2980""}, {""edge_id"": ""59947"", ""source_node_id"": ""2976"", ""target_node_id"": ""2978""}], ""nodes"": [{""node_id"": ""2976"", ""widget_name"": ""File"", ""node_name"": ""鸢尾花示例数据"", ""node_params"": {""type"": ""sample"", ""filename"": ""iris.csv""}, ""matched"": true}, {""node_id"": ""2978"", ""widget_name"": ""Data Sampler"", ""node_name"": ""数据划分处理"", ""node_params"": {""sampling_type"": 0, ""percentage"": 10, ""n_samples"": 15, ""replacement"": false, ""n_folds"": 10, ""selected_folds"": 1, ""replicable"": false, ""stratified"": false}, ""matched"": true}, {""node_id"": ""2980"", ""widget_name"": ""Test & Score"", ""node_name"": ""模型评估"", ""node_params"": {}, ""matched"": true}, {""node_id"": ""71671"", ""widget_name"": ""Text Classification"", ""node_name"": ""文本分类模型"", ""node_params"": {""frame"": ""pytorch"", ""select_model"": ""BERT"", ""epoch"": 3, ""learning_rate"": 0.01, ""batch_size"": 4}, ""matched"": false}]}","{""dependency_requirements"": [{""edge_id"": ""2474"", ""source_node_id"": ""2978"", ""target_node_id"": ""2980""}, {""edge_id"": ""2477"", ""source_node_id"": ""2976"", ""target_node_id"": ""2978""}, {""edge_id"": ""2478"", ""source_node_id"": ""2978"", ""target_node_id"": ""2981""}, {""edge_id"": ""2479"", ""source_node_id"": ""2981"", ""target_node_id"": ""2980""}], ""step_requirements"": [{""node_id"": ""2976"", ""algorithm_step_name"": ""Tabular Dataset Loading"", ""node_name"": ""鸢尾花示例数据"", ""node_params"": {""type"": ""sample"", ""filename"": ""iris.csv""}, ""contrast_level"": 2, ""node_type"": ""io""}, {""node_id"": ""2978"", ""algorithm_step_name"": ""Dataset Division"", ""node_name"": ""数据划分处理"", ""node_params"": {""sampling_type"": 0, ""percentage"": 10, ""n_samples"": 15, ""replacement"": false, ""n_folds"": 10, ""selected_folds"": 1, ""replicable"": false, ""stratified"": false}, ""contrast_level"": 2, ""node_type"": ""preprocess""}, {""node_id"": ""2980"", ""algorithm_step_name"": ""Model Evaluate"", ""node_name"": ""模型评估"", ""node_params"": {}, ""contrast_level"": 2, ""node_type"": ""evaluate""}, {""node_id"": ""2981"", ""algorithm_step_name"": ""XGBoost"", ""node_name"": ""XGBoost"", ""node_params"": {}, ""contrast_level"": 1, ""node_type"": ""model""}]}",0.75
我的数据集没有缺失值，所以请你帮我删除掉缺失值处理这一步，然后把数据抽样的比例改为7:3，最后帮我添加一个可视化混淆矩阵的步骤。,0.9,5027,541,19.808926105499268,4.637747764587402,12.286816835403442,2.884361505508423,0,"{""edges"": [{""edge_id"": ""59950"", ""source_node_id"": ""3047"", ""target_node_id"": ""3048""}, {""edge_id"": ""59951"", ""source_node_id"": ""3047"", ""target_node_id"": ""3049""}, {""edge_id"": ""59953"", ""source_node_id"": ""3048"", ""target_node_id"": ""3049""}, {""edge_id"": ""59954"", ""source_node_id"": ""3049"", ""target_node_id"": ""3050""}], ""nodes"": [{""node_id"": ""3045"", ""widget_name"": ""File"", ""node_name"": ""数据"", ""node_params"": {""type"": ""sample"", ""filename"": ""iris.csv""}, ""matched"": true}, {""node_id"": ""3047"", ""widget_name"": ""Data Sampler"", ""node_name"": ""数据采样"", ""node_params"": {""sampling_type"": 0, ""percentage"": 30, ""n_samples"": 15, ""replacement"": false, ""n_folds"": 10, ""selected_folds"": 1, ""replicable"": false, ""stratified"": false}, ""matched"": true}, {""node_id"": ""3048"", ""widget_name"": ""LightGBM"", ""node_name"": ""LightGBM"", ""node_params"": {""boosting_type"": ""gbdt"", ""n_estimators"": 10, ""learning_rate"": 0.1, ""sampling_rate"": 0.1, ""max_depth_check"": false, ""max_depth"": 3, ""num_leaves_check"": false, ""num_leaves"": 31}, ""matched"": true}, {""node_id"": ""3049"", ""widget_name"": ""Test & Score"", ""node_name"": ""测试得分"", ""node_params"": {}, ""matched"": true}, {""node_id"": ""3050"", ""widget_name"": ""Confusion Matrix"", ""node_name"": ""混淆矩阵"", ""node_params"": {}, ""matched"": true}]}","{""dependency_requirements"": [{""edge_id"": ""2556"", ""source_node_id"": ""3047"", ""target_node_id"": ""3048""}, {""edge_id"": ""2557"", ""source_node_id"": ""3047"", ""target_node_id"": ""3049""}, {""edge_id"": ""2559"", ""source_node_id"": ""3048"", ""target_node_id"": ""3049""}, {""edge_id"": ""2560"", ""source_node_id"": ""3045"", ""target_node_id"": ""3047""}, {""edge_id"": ""2561"", ""source_node_id"": ""3049"", ""target_node_id"": ""3050""}], ""step_requirements"": [{""node_id"": ""3045"", ""algorithm_step_name"": ""Tabular Dataset Loading"", ""node_name"": ""数据"", ""node_params"": {""type"": ""sample"", ""filename"": ""iris.csv""}, ""contrast_level"": 2, ""node_type"": ""io""}, {""node_id"": ""3047"", ""algorithm_step_name"": ""Dataset Division"", ""node_name"": ""数据采样"", ""node_params"": {""sampling_type"": 0, ""percentage"": 30, ""n_samples"": 15, ""replacement"": false, ""n_folds"": 10, ""selected_folds"": 1, ""replicable"": false, ""stratified"": false}, ""contrast_level"": 2, ""node_type"": ""preprocess""}, {""node_id"": ""3048"", ""algorithm_step_name"": ""LightGBM"", ""node_name"": ""LightGBM"", ""node_params"": {""boosting_type"": ""gbdt"", ""n_estimators"": 10, ""learning_rate"": 0.1, ""sampling_rate"": 0.1, ""max_depth_check"": false, ""max_depth"": 3, ""num_leaves_check"": false, ""num_leaves"": 31}, ""contrast_level"": 2, ""node_type"": ""model""}, {""node_id"": ""3049"", ""algorithm_step_name"": ""Model Evaluate"", ""node_name"": ""测试得分"", ""node_params"": {}, ""contrast_level"": 2, ""node_type"": ""evaluate""}, {""node_id"": ""3050"", ""algorithm_step_name"": ""Confusion Matrix"", ""node_name"": ""混淆矩阵"", ""node_params"": {}, ""contrast_level"": 2, ""node_type"": ""visualize""}]}",0.8
帮我把加载的数据集换成房价示例数据集。然后，把KNN模型给我换成XGBoost模型。,1.0,5039,327,25.19561767578125,3.4635746479034424,8.795522212982178,12.93652081489563,0,"{""edges"": [{""edge_id"": ""59955"", ""source_node_id"": ""3051"", ""target_node_id"": ""3052""}, {""edge_id"": ""59957"", ""source_node_id"": ""3052"", ""target_node_id"": ""3054""}, {""edge_id"": ""59960"", ""source_node_id"": ""3052"", ""target_node_id"": ""3055""}, {""edge_id"": ""59961"", ""source_node_id"": ""3055"", ""target_node_id"": ""3054""}], ""nodes"": [{""node_id"": ""3051"", ""widget_name"": ""File"", ""node_name"": ""数据"", ""node_params"": {""type"": ""sample"", ""filename"": ""housing.csv""}, ""matched"": true}, {""node_id"": ""3052"", ""widget_name"": ""Data Sampler"", ""node_name"": ""数据采样"", ""node_params"": {""sampling_type"": 0, ""percentage"": 10, ""n_samples"": 15, ""replacement"": false, ""n_folds"": 10, ""selected_folds"": 1, ""replicable"": false, ""stratified"": false}, ""matched"": true}, {""node_id"": ""3054"", ""widget_name"": ""Test & Score"", ""node_name"": ""测试得分"", ""node_params"": {}, ""matched"": true}, {""node_id"": ""3055"", ""widget_name"": ""XGBoost"", ""node_name"": ""XGBoost"", ""node_params"": {""booster"": ""gbtree"", ""learning_rate"": 0.3, ""gamma"": 0, ""max_depth"": 6, ""min_child_widget"": 1, ""max_delta_step"": 0, ""subsample"": 1, ""sampling_method"": ""uniform"", ""lambda"": 1, ""alpha"": 0, ""tree_method"": ""auto"", ""scale_pos_weight"": 1, ""updater"": ""grow_colmaker"", ""process_type"": ""default"", ""grow_policy"": ""depthwise""}, ""matched"": true}]}","{""dependency_requirements"": [{""edge_id"": ""2562"", ""source_node_id"": ""3051"", ""target_node_id"": ""3052""}, {""edge_id"": ""2564"", ""source_node_id"": ""3052"", ""target_node_id"": ""3054""}, {""edge_id"": ""2567"", ""source_node_id"": ""3052"", ""target_node_id"": ""3055""}, {""edge_id"": ""2568"", ""source_node_id"": ""3055"", ""target_node_id"": ""3054""}], ""step_requirements"": [{""node_id"": ""3051"", ""algorithm_step_name"": ""Tabular Dataset Loading"", ""node_name"": ""数据"", ""node_params"": {""type"": ""sample"", ""filename"": ""housing.csv""}, ""contrast_level"": 2, ""node_type"": ""io""}, {""node_id"": ""3052"", ""algorithm_step_name"": ""Dataset Division"", ""node_name"": ""数据采样"", ""node_params"": {""sampling_type"": 0, ""percentage"": 10, ""n_samples"": 15, ""replacement"": false, ""n_folds"": 10, ""selected_folds"": 1, ""replicable"": false, ""stratified"": false}, ""contrast_level"": 2, ""node_type"": ""preprocess""}, {""node_id"": ""3054"", ""algorithm_step_name"": ""Model Evaluate"", ""node_name"": ""测试得分"", ""node_params"": {}, ""contrast_level"": 2, ""node_type"": ""evaluate""}, {""node_id"": ""3055"", ""algorithm_step_name"": ""XGBoost"", ""node_name"": ""XGBoost"", ""node_params"": {}, ""contrast_level"": 1, ""node_type"": ""model""}]}",1.0
帮我把连续化处理换成特征选择，KNN的邻节点个数改为7。,1.0,4836,461,18.24256563186645,3.702115058898926,11.886789321899414,2.6536612510681152,0,"{""edges"": [{""edge_id"": ""59964"", ""source_node_id"": ""3067"", ""target_node_id"": ""3068""}, {""edge_id"": ""59965"", ""source_node_id"": ""3067"", ""target_node_id"": ""3069""}, {""edge_id"": ""59967"", ""source_node_id"": ""3068"", ""target_node_id"": ""3069""}, {""edge_id"": ""59968"", ""source_node_id"": ""3065"", ""target_node_id"": ""3070""}, {""edge_id"": ""59969"", ""source_node_id"": ""3070"", ""target_node_id"": ""3067""}], ""nodes"": [{""node_id"": ""3065"", ""widget_name"": ""File"", ""node_name"": ""数据"", ""node_params"": {""type"": ""sample"", ""filename"": ""iris.csv""}, ""matched"": true}, {""node_id"": ""3067"", ""widget_name"": ""Data Sampler"", ""node_name"": ""数据采样"", ""node_params"": {""sampling_type"": 0, ""percentage"": 10, ""n_samples"": 15, ""replacement"": false, ""n_folds"": 10, ""selected_folds"": 1, ""replicable"": false, ""stratified"": false}, ""matched"": true}, {""node_id"": ""3068"", ""widget_name"": ""KNN"", ""node_name"": ""KNN"", ""node_params"": {""n_neighbors"": 7, ""metric"": ""euclidean"", ""weights"": ""uniform""}, ""matched"": true}, {""node_id"": ""3069"", ""widget_name"": ""Test & Score"", ""node_name"": ""测试得分"", ""node_params"": {}, ""matched"": true}, {""node_id"": ""3070"", ""widget_name"": ""Select Best N Attributes"", ""node_name"": ""特征选择"", ""node_params"": {""n"": 3}, ""matched"": true}]}","{""dependency_requirements"": [{""edge_id"": ""2576"", ""source_node_id"": ""3067"", ""target_node_id"": ""3068""}, {""edge_id"": ""2577"", ""source_node_id"": ""3067"", ""target_node_id"": ""3069""}, {""edge_id"": ""2579"", ""source_node_id"": ""3068"", ""target_node_id"": ""3069""}, {""edge_id"": ""2580"", ""source_node_id"": ""3065"", ""target_node_id"": ""3070""}, {""edge_id"": ""2581"", ""source_node_id"": ""3070"", ""target_node_id"": ""3067""}], ""step_requirements"": [{""node_id"": ""3065"", ""algorithm_step_name"": ""Tabular Dataset Loading"", ""node_name"": ""数据"", ""node_params"": {""type"": ""sample"", ""filename"": ""iris.csv""}, ""contrast_level"": 2, ""node_type"": ""io""}, {""node_id"": ""3067"", ""algorithm_step_name"": ""Dataset Division"", ""node_name"": ""数据采样"", ""node_params"": {""sampling_type"": 0, ""percentage"": 10, ""n_samples"": 15, ""replacement"": false, ""n_folds"": 10, ""selected_folds"": 1, ""replicable"": false, ""stratified"": false}, ""contrast_level"": 2, ""node_type"": ""preprocess""}, {""node_id"": ""3068"", ""algorithm_step_name"": ""KNN"", ""node_name"": ""KNN"", ""node_params"": {""n_neighbors"": 7, ""metric"": ""euclidean"", ""weights"": ""uniform""}, ""contrast_level"": 2, ""node_type"": ""model""}, {""node_id"": ""3069"", ""algorithm_step_name"": ""Model Evaluate"", ""node_name"": ""测试得分"", ""node_params"": {}, ""contrast_level"": 2, ""node_type"": ""evaluate""}, {""node_id"": ""3070"", ""algorithm_step_name"": ""Feature Selection"", ""node_name"": ""特征选择"", ""node_params"": {}, ""contrast_level"": 1, ""node_type"": ""feature engineering""}]}",1.0
帮我把加载的鸢尾花示例数据修改为加载房价示例数据集。,1.0,2045,127,13.625108242034912,2.715771198272705,0.0,10.909337043762209,0,"{""edges"": [{""edge_id"": ""59970"", ""source_node_id"": ""2895"", ""target_node_id"": ""2896""}], ""nodes"": [{""node_id"": ""2895"", ""widget_name"": ""File"", ""node_name"": ""鸢尾花示例数据"", ""node_params"": {""type"": ""sample"", ""filename"": ""housing.csv""}, ""matched"": true}, {""node_id"": ""2896"", ""widget_name"": ""LightGBM"", ""node_name"": ""LightGBM分类器"", ""node_params"": {""boosting_type"": ""gbdt"", ""n_estimators"": 10, ""learning_rate"": 0.1, ""sampling_rate"": 0.1, ""max_depth_check"": false, ""max_depth"": 3, ""num_leaves_check"": false, ""num_leaves"": 31}, ""matched"": true}]}","{""dependency_requirements"": [{""edge_id"": ""2376"", ""source_node_id"": ""2895"", ""target_node_id"": ""2896""}], ""step_requirements"": [{""node_id"": ""2895"", ""algorithm_step_name"": ""Tabular Dataset Loading"", ""node_name"": ""鸢尾花示例数据"", ""node_params"": {""type"": ""sample"", ""filename"": ""housing.csv""}, ""contrast_level"": 2, ""node_type"": ""io""}, {""node_id"": ""2896"", ""algorithm_step_name"": ""LightGBM"", ""node_name"": ""LightGBM分类器"", ""node_params"": {""boosting_type"": ""gbdt"", ""n_estimators"": 10, ""learning_rate"": 0.1, ""sampling_rate"": 0.1, ""max_depth_check"": false, ""max_depth"": 3, ""num_leaves_check"": false, ""num_leaves"": 31}, ""contrast_level"": 2, ""node_type"": ""model""}]}",1.0
帮我把LightGBM模型的学习器类型重新设置为rf，学习率修改为0.01。,1.0,2590,254,11.993165016174316,2.8075225353240967,8.022116422653198,1.1635260581970217,0,"{""edges"": [{""edge_id"": ""59971"", ""source_node_id"": ""2895"", ""target_node_id"": ""2896""}], ""nodes"": [{""node_id"": ""2895"", ""widget_name"": ""File"", ""node_name"": ""鸢尾花示例数据"", ""node_params"": {""type"": ""sample"", ""filename"": ""iris.csv""}, ""matched"": true}, {""node_id"": ""2896"", ""widget_name"": ""LightGBM"", ""node_name"": ""LightGBM分类器"", ""node_params"": {""boosting_type"": ""rf"", ""n_estimators"": 10, ""learning_rate"": 0.01, ""sampling_rate"": 0.1, ""max_depth_check"": false, ""max_depth"": 3, ""num_leaves_check"": false, ""num_leaves"": 31}, ""matched"": true}]}","{""dependency_requirements"": [{""edge_id"": ""2376"", ""source_node_id"": ""2895"", ""target_node_id"": ""2896""}], ""step_requirements"": [{""node_id"": ""2895"", ""algorithm_step_name"": ""Tabular Dataset Loading"", ""node_name"": ""鸢尾花示例数据"", ""node_params"": {""type"": ""sample"", ""filename"": ""iris.csv""}, ""contrast_level"": 2, ""node_type"": ""io""}, {""node_id"": ""2896"", ""algorithm_step_name"": ""LightGBM"", ""node_name"": ""LightGBM分类器"", ""node_params"": {""boosting_type"": ""rf"", ""n_estimators"": 10, ""learning_rate"": 0.01, ""sampling_rate"": 0.1, ""max_depth_check"": false, ""max_depth"": 3, ""num_leaves_check"": false, ""num_leaves"": 31}, ""contrast_level"": 2, ""node_type"": ""model""}]}",1.0
帮我添加一个缺失值处理步骤，以便对鸢尾花数据进行缺失值处理,1.0,2686,308,11.438373565673828,2.538661241531372,6.796451807022095,2.1032605171203613,0,"{""edges"": [{""edge_id"": ""59972"", ""source_node_id"": ""5159"", ""target_node_id"": ""5158""}, {""edge_id"": ""59973"", ""source_node_id"": ""5157"", ""target_node_id"": ""5159""}], ""nodes"": [{""node_id"": ""5157"", ""widget_name"": ""File"", ""node_name"": ""鸢尾花示例数据"", ""node_params"": {""type"": ""sample"", ""filename"": ""iris.csv""}, ""matched"": true}, {""node_id"": ""5158"", ""widget_name"": ""LightGBM"", ""node_name"": ""LightGBM分类器"", ""node_params"": {""boosting_type"": ""gbdt"", ""n_estimators"": 10, ""learning_rate"": 0.1, ""sampling_rate"": 0.1, ""max_depth_check"": false, ""max_depth"": 3, ""num_leaves_check"": false, ""num_leaves"": 31}, ""matched"": true}, {""node_id"": ""5159"", ""widget_name"": ""Impute"", ""node_name"": ""缺失值处理"", ""node_params"": {""method"": 1}, ""matched"": true}]}","{""dependency_requirements"": [{""edge_id"": ""4027"", ""source_node_id"": ""5159"", ""target_node_id"": ""5158""}, {""edge_id"": ""4028"", ""source_node_id"": ""5157"", ""target_node_id"": ""5159""}], ""step_requirements"": [{""node_id"": ""5157"", ""algorithm_step_name"": ""Tabular Dataset Loading"", ""node_name"": ""鸢尾花示例数据"", ""node_params"": {""type"": ""sample"", ""filename"": ""iris.csv""}, ""contrast_level"": 2, ""node_type"": ""io""}, {""node_id"": ""5158"", ""algorithm_step_name"": ""LightGBM"", ""node_name"": ""LightGBM分类器"", ""node_params"": {""boosting_type"": ""gbdt"", ""n_estimators"": 10, ""learning_rate"": 0.1, ""sampling_rate"": 0.1, ""max_depth_check"": false, ""max_depth"": 3, ""num_leaves_check"": false, ""num_leaves"": 31}, ""contrast_level"": 2, ""node_type"": ""model""}, {""node_id"": ""5159"", ""algorithm_step_name"": ""Missing Value Handling"", ""node_name"": ""Impute"", ""node_params"": {}, ""contrast_level"": 1, ""node_type"": ""preprocess""}]}",1.0
帮我在模型训练之前添加一个数据划分步骤，以便将处理后的数据进行拆分。,1.0,3005,281,10.737972021102903,2.3572375774383545,5.863156318664551,2.517578125,0,"{""edges"": [{""edge_id"": ""59974"", ""source_node_id"": ""5160"", ""target_node_id"": ""5161""}, {""edge_id"": ""59975"", ""source_node_id"": ""5163"", ""target_node_id"": ""5162""}, {""edge_id"": ""59976"", ""source_node_id"": ""5161"", ""target_node_id"": ""5163""}], ""nodes"": [{""node_id"": ""5160"", ""widget_name"": ""File"", ""node_name"": ""鸢尾花示例数据"", ""node_params"": {""type"": ""sample"", ""filename"": ""iris.csv""}, ""matched"": true}, {""node_id"": ""5161"", ""widget_name"": ""Impute"", ""node_name"": ""缺失值填充"", ""node_params"": {""method"": 1}, ""matched"": true}, {""node_id"": ""5162"", ""widget_name"": ""LightGBM"", ""node_name"": ""LightGBM分类器"", ""node_params"": {""boosting_type"": ""gbdt"", ""n_estimators"": 10, ""learning_rate"": 0.1, ""sampling_rate"": 0.1, ""max_depth_check"": false, ""max_depth"": 3, ""num_leaves_check"": false, ""num_leaves"": 31}, ""matched"": true}, {""node_id"": ""5163"", ""widget_name"": ""Data Sampler"", ""node_name"": ""数据划分"", ""node_params"": {""sampling_type"": 0, ""percentage"": 10, ""n_samples"": 15, ""replacement"": false, ""n_folds"": 10, ""selected_folds"": 1, ""replicable"": false, ""stratified"": false}, ""matched"": true}]}","{""dependency_requirements"": [{""edge_id"": ""4029"", ""source_node_id"": ""5160"", ""target_node_id"": ""5161""}, {""edge_id"": ""4030"", ""source_node_id"": ""5163"", ""target_node_id"": ""5162""}, {""edge_id"": ""4031"", ""source_node_id"": ""5161"", ""target_node_id"": ""5163""}], ""step_requirements"": [{""node_id"": ""5160"", ""algorithm_step_name"": ""Tabular Dataset Loading"", ""node_name"": ""鸢尾花示例数据"", ""node_params"": {""type"": ""sample"", ""filename"": ""iris.csv""}, ""contrast_level"": 2, ""node_type"": ""io""}, {""node_id"": ""5161"", ""algorithm_step_name"": ""Missing Value Handling"", ""node_name"": ""缺失值填充"", ""node_params"": {""method"": 1}, ""contrast_level"": 2, ""node_type"": ""preprocess""}, {""node_id"": ""5162"", ""algorithm_step_name"": ""LightGBM"", ""node_name"": ""LightGBM分类器"", ""node_params"": {""boosting_type"": ""gbdt"", ""n_estimators"": 10, ""learning_rate"": 0.1, ""sampling_rate"": 0.1, ""max_depth_check"": false, ""max_depth"": 3, ""num_leaves_check"": false, ""num_leaves"": 31}, ""contrast_level"": 2, ""node_type"": ""model""}, {""node_id"": ""5163"", ""algorithm_step_name"": ""Dataset Division"", ""node_name"": ""Data Sampler"", ""node_params"": {}, ""contrast_level"": 1, ""node_type"": ""preprocess""}]}",1.0
我需要将数据划分的比例设置为8:2,1.0,2861,219,9.073808193206789,2.396835327148437,5.793628692626953,0.8833441734313965,0,"{""edges"": [{""edge_id"": ""59977"", ""source_node_id"": ""5164"", ""target_node_id"": ""5165""}, {""edge_id"": ""59978"", ""source_node_id"": ""5165"", ""target_node_id"": ""5166""}, {""edge_id"": ""59979"", ""source_node_id"": ""5166"", ""target_node_id"": ""5167""}], ""nodes"": [{""node_id"": ""5164"", ""widget_name"": ""File"", ""node_name"": ""鸢尾花示例数据"", ""node_params"": {""type"": ""sample"", ""filename"": ""iris.csv""}, ""matched"": true}, {""node_id"": ""5165"", ""widget_name"": ""Impute"", ""node_name"": ""缺失值填充"", ""node_params"": {""method"": 1}, ""matched"": true}, {""node_id"": ""5166"", ""widget_name"": ""Data Sampler"", ""node_name"": ""数据采样"", ""node_params"": {""sampling_type"": 0, ""percentage"": 20, ""n_samples"": 15, ""replacement"": false, ""n_folds"": 10, ""selected_folds"": 1, ""replicable"": false, ""stratified"": false}, ""matched"": true}, {""node_id"": ""5167"", ""widget_name"": ""LightGBM"", ""node_name"": ""LightGBM分类器"", ""node_params"": {""boosting_type"": ""gbdt"", ""n_estimators"": 10, ""learning_rate"": 0.1, ""sampling_rate"": 0.1, ""max_depth_check"": false, ""max_depth"": 3, ""num_leaves_check"": false, ""num_leaves"": 31}, ""matched"": true}]}","{""dependency_requirements"": [{""edge_id"": ""4032"", ""source_node_id"": ""5164"", ""target_node_id"": ""5165""}, {""edge_id"": ""4033"", ""source_node_id"": ""5165"", ""target_node_id"": ""5166""}, {""edge_id"": ""4034"", ""source_node_id"": ""5166"", ""target_node_id"": ""5167""}], ""step_requirements"": [{""node_id"": ""5164"", ""algorithm_step_name"": ""Tabular Dataset Loading"", ""node_name"": ""鸢尾花示例数据"", ""node_params"": {""type"": ""sample"", ""filename"": ""iris.csv""}, ""contrast_level"": 2, ""node_type"": ""io""}, {""node_id"": ""5165"", ""algorithm_step_name"": ""Missing Value Handling"", ""node_name"": ""缺失值填充"", ""node_params"": {""method"": 1}, ""contrast_level"": 2, ""node_type"": ""preprocess""}, {""node_id"": ""5166"", ""algorithm_step_name"": ""Dataset Division"", ""node_name"": ""数据采样"", ""node_params"": {""sampling_type"": 0, ""percentage"": 20, ""n_samples"": 15, ""replacement"": false, ""n_folds"": 10, ""selected_folds"": 1, ""replicable"": false, ""stratified"": false}, ""contrast_level"": 2, ""node_type"": ""preprocess""}, {""node_id"": ""5167"", ""algorithm_step_name"": ""LightGBM"", ""node_name"": ""LightGBM分类器"", ""node_params"": {""boosting_type"": ""gbdt"", ""n_estimators"": 10, ""learning_rate"": 0.1, ""sampling_rate"": 0.1, ""max_depth_check"": false, ""max_depth"": 3, ""num_leaves_check"": false, ""num_leaves"": 31}, ""contrast_level"": 2, ""node_type"": ""model""}]}",1.0
帮我添加一个模型评估步骤,1.0,2758,317,8.57240629196167,2.390453338623047,2.874812364578247,3.307140588760376,0,"{""edges"": [{""edge_id"": ""59980"", ""source_node_id"": ""2899"", ""target_node_id"": ""2900""}, {""edge_id"": ""59981"", ""source_node_id"": ""2900"", ""target_node_id"": ""2901""}, {""edge_id"": ""59982"", ""source_node_id"": ""2901"", ""target_node_id"": ""2902""}, {""edge_id"": ""59983"", ""source_node_id"": ""2900"", ""target_node_id"": ""2903""}, {""edge_id"": ""59984"", ""source_node_id"": ""2901"", ""target_node_id"": ""2903""}, {""edge_id"": ""59985"", ""source_node_id"": ""2902"", ""target_node_id"": ""2903""}], ""nodes"": [{""node_id"": ""2899"", ""widget_name"": ""File"", ""node_name"": ""鸢尾花示例数据"", ""node_params"": {""type"": ""sample"", ""filename"": ""iris.csv""}, ""matched"": true}, {""node_id"": ""2900"", ""widget_name"": ""Impute"", ""node_name"": ""缺失值处理"", ""node_params"": {""method"": 1}, ""matched"": true}, {""node_id"": ""2901"", ""widget_name"": ""Data Sampler"", ""node_name"": ""数据划分处理"", ""node_params"": {""sampling_type"": 0, ""percentage"": 10, ""n_samples"": 15, ""replacement"": false, ""n_folds"": 10, ""selected_folds"": 1, ""replicable"": false, ""stratified"": false}, ""matched"": true}, {""node_id"": ""2902"", ""widget_name"": ""LightGBM"", ""node_name"": ""LightGBM分类器"", ""node_params"": {""boosting_type"": ""gbdt"", ""n_estimators"": 10, ""learning_rate"": 0.1, ""sampling_rate"": 0.1, ""max_depth_check"": false, ""max_depth"": 3, ""num_leaves_check"": false, ""num_leaves"": 31}, ""matched"": true}, {""node_id"": ""2903"", ""widget_name"": ""Test & Score"", ""node_name"": ""模型评估"", ""node_params"": {}, ""matched"": true}]}","{""dependency_requirements"": [{""edge_id"": ""2379"", ""source_node_id"": ""2899"", ""target_node_id"": ""2900""}, {""edge_id"": ""2380"", ""source_node_id"": ""2900"", ""target_node_id"": ""2901""}, {""edge_id"": ""2381"", ""source_node_id"": ""2901"", ""target_node_id"": ""2902""}, {""edge_id"": ""2382"", ""source_node_id"": ""2901"", ""target_node_id"": ""2903""}, {""edge_id"": ""2384"", ""source_node_id"": ""2902"", ""target_node_id"": ""2903""}], ""step_requirements"": [{""node_id"": ""2899"", ""algorithm_step_name"": ""Tabular Dataset Loading"", ""node_name"": ""鸢尾花示例数据"", ""node_params"": {""type"": ""sample"", ""filename"": ""iris.csv""}, ""contrast_level"": 2, ""node_type"": ""io""}, {""node_id"": ""2900"", ""algorithm_step_name"": ""Missing Value Handling"", ""node_name"": ""缺失值处理"", ""node_params"": {""method"": 1}, ""contrast_level"": 2, ""node_type"": ""preprocess""}, {""node_id"": ""2901"", ""algorithm_step_name"": ""Dataset Division"", ""node_name"": ""数据划分处理"", ""node_params"": {""sampling_type"": 0, ""percentage"": 10, ""n_samples"": 15, ""replacement"": false, ""n_folds"": 10, ""selected_folds"": 1, ""replicable"": false, ""stratified"": false}, ""contrast_level"": 2, ""node_type"": ""preprocess""}, {""node_id"": ""2902"", ""algorithm_step_name"": ""LightGBM"", ""node_name"": ""LightGBM分类器"", ""node_params"": {""boosting_type"": ""gbdt"", ""n_estimators"": 10, ""learning_rate"": 0.1, ""sampling_rate"": 0.1, ""max_depth_check"": false, ""max_depth"": 3, ""num_leaves_check"": false, ""num_leaves"": 31}, ""contrast_level"": 2, ""node_type"": ""model""}, {""node_id"": ""2903"", ""algorithm_step_name"": ""Model Evaluate"", ""node_name"": ""模型评估"", ""node_params"": {}, ""contrast_level"": 1, ""node_type"": ""evaluate""}]}",1.0
数据集中没有缺失值，所以帮我把缺失值这个步骤删除掉。,1.0,3422,275,10.451465845108032,2.3834228515625,6.463440656661987,1.604602336883545,0,"{""edges"": [{""edge_id"": ""59988"", ""source_node_id"": ""2906"", ""target_node_id"": ""2907""}, {""edge_id"": ""59989"", ""source_node_id"": ""2906"", ""target_node_id"": ""2908""}, {""edge_id"": ""59991"", ""source_node_id"": ""2907"", ""target_node_id"": ""2908""}, {""edge_id"": ""59992"", ""source_node_id"": ""2904"", ""target_node_id"": ""2906""}], ""nodes"": [{""node_id"": ""2904"", ""widget_name"": ""File"", ""node_name"": ""鸢尾花示例数据"", ""node_params"": {""type"": ""sample"", ""filename"": ""iris.csv""}, ""matched"": true}, {""node_id"": ""2906"", ""widget_name"": ""Data Sampler"", ""node_name"": ""数据划分处理"", ""node_params"": {""sampling_type"": 0, ""percentage"": 10, ""n_samples"": 15, ""replacement"": false, ""n_folds"": 10, ""selected_folds"": 1, ""replicable"": false, ""stratified"": false}, ""matched"": true}, {""node_id"": ""2907"", ""widget_name"": ""LightGBM"", ""node_name"": ""LightGBM分类器"", ""node_params"": {""boosting_type"": ""gbdt"", ""n_estimators"": 10, ""learning_rate"": 0.1, ""sampling_rate"": 0.1, ""max_depth_check"": false, ""max_depth"": 3, ""num_leaves_check"": false, ""num_leaves"": 31}, ""matched"": true}, {""node_id"": ""2908"", ""widget_name"": ""Test & Score"", ""node_name"": ""模型评估"", ""node_params"": {}, ""matched"": true}]}","{""dependency_requirements"": [{""edge_id"": ""2387"", ""source_node_id"": ""2906"", ""target_node_id"": ""2907""}, {""edge_id"": ""2388"", ""source_node_id"": ""2906"", ""target_node_id"": ""2908""}, {""edge_id"": ""2390"", ""source_node_id"": ""2907"", ""target_node_id"": ""2908""}, {""edge_id"": ""2391"", ""source_node_id"": ""2904"", ""target_node_id"": ""2906""}], ""step_requirements"": [{""node_id"": ""2904"", ""algorithm_step_name"": ""Tabular Dataset Loading"", ""node_name"": ""鸢尾花示例数据"", ""node_params"": {""type"": ""sample"", ""filename"": ""iris.csv""}, ""contrast_level"": 2, ""node_type"": ""io""}, {""node_id"": ""2906"", ""algorithm_step_name"": ""Dataset Division"", ""node_name"": ""数据划分处理"", ""node_params"": {""sampling_type"": 0, ""percentage"": 10, ""n_samples"": 15, ""replacement"": false, ""n_folds"": 10, ""selected_folds"": 1, ""replicable"": false, ""stratified"": false}, ""contrast_level"": 2, ""node_type"": ""preprocess""}, {""node_id"": ""2907"", ""algorithm_step_name"": ""LightGBM"", ""node_name"": ""LightGBM分类器"", ""node_params"": {""boosting_type"": ""gbdt"", ""n_estimators"": 10, ""learning_rate"": 0.1, ""sampling_rate"": 0.1, ""max_depth_check"": false, ""max_depth"": 3, ""num_leaves_check"": false, ""num_leaves"": 31}, ""contrast_level"": 2, ""node_type"": ""model""}, {""node_id"": ""2908"", ""algorithm_step_name"": ""Model Evaluate"", ""node_name"": ""模型评估"", ""node_params"": {}, ""contrast_level"": 2, ""node_type"": ""evaluate""}]}",1.0
删除工作流中的KNN模型。,1.0,3460,256,12.304720640182495,2.338062047958374,8.357457876205444,1.6092007160186768,0,"{""edges"": [{""edge_id"": ""59993"", ""source_node_id"": ""2914"", ""target_node_id"": ""2915""}, {""edge_id"": ""59994"", ""source_node_id"": ""2915"", ""target_node_id"": ""2916""}, {""edge_id"": ""59996"", ""source_node_id"": ""2915"", ""target_node_id"": ""2918""}, {""edge_id"": ""59998"", ""source_node_id"": ""2916"", ""target_node_id"": ""2918""}], ""nodes"": [{""node_id"": ""2914"", ""widget_name"": ""File"", ""node_name"": ""鸢尾花示例数据"", ""node_params"": {""type"": ""sample"", ""filename"": ""iris.csv""}, ""matched"": true}, {""node_id"": ""2915"", ""widget_name"": ""Data Sampler"", ""node_name"": ""数据划分处理"", ""node_params"": {""sampling_type"": 0, ""percentage"": 10, ""n_samples"": 15, ""replacement"": false, ""n_folds"": 10, ""selected_folds"": 1, ""replicable"": false, ""stratified"": false}, ""matched"": true}, {""node_id"": ""2916"", ""widget_name"": ""LightGBM"", ""node_name"": ""LightGBM分类器"", ""node_params"": {""boosting_type"": ""gbdt"", ""n_estimators"": 10, ""learning_rate"": 0.1, ""sampling_rate"": 0.1, ""max_depth_check"": false, ""max_depth"": 3, ""num_leaves_check"": false, ""num_leaves"": 31}, ""matched"": true}, {""node_id"": ""2918"", ""widget_name"": ""Test & Score"", ""node_name"": ""模型评估"", ""node_params"": {}, ""matched"": true}]}","{""dependency_requirements"": [{""edge_id"": ""2399"", ""source_node_id"": ""2914"", ""target_node_id"": ""2915""}, {""edge_id"": ""2400"", ""source_node_id"": ""2915"", ""target_node_id"": ""2916""}, {""edge_id"": ""2402"", ""source_node_id"": ""2915"", ""target_node_id"": ""2918""}, {""edge_id"": ""2404"", ""source_node_id"": ""2916"", ""target_node_id"": ""2918""}], ""step_requirements"": [{""node_id"": ""2914"", ""algorithm_step_name"": ""Tabular Dataset Loading"", ""node_name"": ""鸢尾花示例数据"", ""node_params"": {""type"": ""sample"", ""filename"": ""iris.csv""}, ""contrast_level"": 2, ""node_type"": ""io""}, {""node_id"": ""2915"", ""algorithm_step_name"": ""Dataset Division"", ""node_name"": ""数据划分处理"", ""node_params"": {""sampling_type"": 0, ""percentage"": 10, ""n_samples"": 15, ""replacement"": false, ""n_folds"": 10, ""selected_folds"": 1, ""replicable"": false, ""stratified"": false}, ""contrast_level"": 2, ""node_type"": ""preprocess""}, {""node_id"": ""2916"", ""algorithm_step_name"": ""LightGBM"", ""node_name"": ""LightGBM分类器"", ""node_params"": {""boosting_type"": ""gbdt"", ""n_estimators"": 10, ""learning_rate"": 0.1, ""sampling_rate"": 0.1, ""max_depth_check"": false, ""max_depth"": 3, ""num_leaves_check"": false, ""num_leaves"": 31}, ""contrast_level"": 2, ""node_type"": ""model""}, {""node_id"": ""2918"", ""algorithm_step_name"": ""Model Evaluate"", ""node_name"": ""模型评估"", ""node_params"": {}, ""contrast_level"": 2, ""node_type"": ""evaluate""}]}",1.0
帮我把工作流中的缺失值处理步骤和多余的KNN模型都删除掉,1.0,5540,450,20.613707780838013,3.456064462661743,14.872448205947876,2.2851951122283936,0,"{""edges"": [{""edge_id"": ""60002"", ""source_node_id"": ""2921"", ""target_node_id"": ""2922""}, {""edge_id"": ""60004"", ""source_node_id"": ""2921"", ""target_node_id"": ""2924""}, {""edge_id"": ""60006"", ""source_node_id"": ""2922"", ""target_node_id"": ""2924""}, {""edge_id"": ""60008"", ""source_node_id"": ""2919"", ""target_node_id"": ""2921""}], ""nodes"": [{""node_id"": ""2919"", ""widget_name"": ""File"", ""node_name"": ""鸢尾花示例数据"", ""node_params"": {""type"": ""sample"", ""filename"": ""iris.csv""}, ""matched"": true}, {""node_id"": ""2921"", ""widget_name"": ""Data Sampler"", ""node_name"": ""数据划分处理"", ""node_params"": {""sampling_type"": 0, ""percentage"": 10, ""n_samples"": 15, ""replacement"": false, ""n_folds"": 10, ""selected_folds"": 1, ""replicable"": false, ""stratified"": false}, ""matched"": true}, {""node_id"": ""2922"", ""widget_name"": ""LightGBM"", ""node_name"": ""LightGBM分类器"", ""node_params"": {""boosting_type"": ""gbdt"", ""n_estimators"": 10, ""learning_rate"": 0.1, ""sampling_rate"": 0.1, ""max_depth_check"": false, ""max_depth"": 3, ""num_leaves_check"": false, ""num_leaves"": 31}, ""matched"": true}, {""node_id"": ""2924"", ""widget_name"": ""Test & Score"", ""node_name"": ""模型评估"", ""node_params"": {}, ""matched"": true}]}","{""dependency_requirements"": [{""edge_id"": ""2408"", ""source_node_id"": ""2921"", ""target_node_id"": ""2922""}, {""edge_id"": ""2410"", ""source_node_id"": ""2921"", ""target_node_id"": ""2924""}, {""edge_id"": ""2412"", ""source_node_id"": ""2922"", ""target_node_id"": ""2924""}, {""edge_id"": ""2414"", ""source_node_id"": ""2919"", ""target_node_id"": ""2921""}], ""step_requirements"": [{""node_id"": ""2919"", ""algorithm_step_name"": ""Tabular Dataset Loading"", ""node_name"": ""鸢尾花示例数据"", ""node_params"": {""type"": ""sample"", ""filename"": ""iris.csv""}, ""contrast_level"": 2, ""node_type"": ""io""}, {""node_id"": ""2921"", ""algorithm_step_name"": ""Dataset Division"", ""node_name"": ""数据划分处理"", ""node_params"": {""sampling_type"": 0, ""percentage"": 10, ""n_samples"": 15, ""replacement"": false, ""n_folds"": 10, ""selected_folds"": 1, ""replicable"": false, ""stratified"": false}, ""contrast_level"": 2, ""node_type"": ""preprocess""}, {""node_id"": ""2922"", ""algorithm_step_name"": ""LightGBM"", ""node_name"": ""LightGBM分类器"", ""node_params"": {""boosting_type"": ""gbdt"", ""n_estimators"": 10, ""learning_rate"": 0.1, ""sampling_rate"": 0.1, ""max_depth_check"": false, ""max_depth"": 3, ""num_leaves_check"": false, ""num_leaves"": 31}, ""contrast_level"": 2, ""node_type"": ""model""}, {""node_id"": ""2924"", ""algorithm_step_name"": ""Model Evaluate"", ""node_name"": ""模型评估"", ""node_params"": {}, ""contrast_level"": 2, ""node_type"": ""evaluate""}]}",1.0
在数据抽样之前添加一个特征选择步骤，然后把数据抽样的抽样比例设置为抽取30%。,1.0,5231,523,16.97531819343567,3.6718692779541016,9.87207841873169,3.431370496749878,0,"{""edges"": [{""edge_id"": ""60009"", ""source_node_id"": ""2991"", ""target_node_id"": ""2988""}, {""edge_id"": ""60010"", ""source_node_id"": ""2988"", ""target_node_id"": ""2989""}, {""edge_id"": ""60011"", ""source_node_id"": ""2988"", ""target_node_id"": ""2990""}, {""edge_id"": ""60012"", ""source_node_id"": ""2989"", ""target_node_id"": ""2990""}, {""edge_id"": ""60013"", ""source_node_id"": ""2987"", ""target_node_id"": ""2991""}], ""nodes"": [{""node_id"": ""2987"", ""widget_name"": ""File"", ""node_name"": ""鸢尾花示例数据"", ""node_params"": {""type"": ""sample"", ""filename"": ""iris.csv""}, ""matched"": true}, {""node_id"": ""2988"", ""widget_name"": ""Data Sampler"", ""node_name"": ""数据划分处理"", ""node_params"": {""sampling_type"": 0, ""percentage"": 30, ""n_samples"": 15, ""replacement"": false, ""n_folds"": 10, ""selected_folds"": 1, ""replicable"": false, ""stratified"": false}, ""matched"": true}, {""node_id"": ""2989"", ""widget_name"": ""LightGBM"", ""node_name"": ""LightGBM分类器"", ""node_params"": {""boosting_type"": ""gbdt"", ""n_estimators"": 10, ""learning_rate"": 0.1, ""sampling_rate"": 0.1, ""max_depth_check"": false, ""max_depth"": 3, ""num_leaves_check"": false, ""num_leaves"": 31}, ""matched"": true}, {""node_id"": ""2990"", ""widget_name"": ""Predictions"", ""node_name"": ""预测"", ""node_params"": {""output_attrs"": true, ""output_predictions"": true, ""output_probabilities"": false}, ""matched"": true}, {""node_id"": ""2991"", ""widget_name"": ""Select Best N Attributes"", ""node_name"": ""特征选择"", ""node_params"": {""n"": 3}, ""matched"": true}]}","{""dependency_requirements"": [{""edge_id"": ""2485"", ""source_node_id"": ""2991"", ""target_node_id"": ""2988""}, {""edge_id"": ""2486"", ""source_node_id"": ""2988"", ""target_node_id"": ""2989""}, {""edge_id"": ""2487"", ""source_node_id"": ""2988"", ""target_node_id"": ""2990""}, {""edge_id"": ""2488"", ""source_node_id"": ""2989"", ""target_node_id"": ""2990""}, {""edge_id"": ""2489"", ""source_node_id"": ""2987"", ""target_node_id"": ""2991""}], ""step_requirements"": [{""node_id"": ""2987"", ""algorithm_step_name"": ""Tabular Dataset Loading"", ""node_name"": ""鸢尾花示例数据"", ""node_params"": {""type"": ""sample"", ""filename"": ""iris.csv""}, ""contrast_level"": 2, ""node_type"": ""io""}, {""node_id"": ""2988"", ""algorithm_step_name"": ""Dataset Division"", ""node_name"": ""数据划分处理"", ""node_params"": {""sampling_type"": 0, ""percentage"": 30, ""n_samples"": 15, ""replacement"": false, ""n_folds"": 10, ""selected_folds"": 1, ""replicable"": false, ""stratified"": false}, ""contrast_level"": 2, ""node_type"": ""preprocess""}, {""node_id"": ""2989"", ""algorithm_step_name"": ""LightGBM"", ""node_name"": ""LightGBM分类器"", ""node_params"": {""boosting_type"": ""gbdt"", ""n_estimators"": 10, ""learning_rate"": 0.1, ""sampling_rate"": 0.1, ""max_depth_check"": false, ""max_depth"": 3, ""num_leaves_check"": false, ""num_leaves"": 31}, ""contrast_level"": 2, ""node_type"": ""model""}, {""node_id"": ""2990"", ""algorithm_step_name"": ""Test Dataset Predictions"", ""node_name"": ""预测"", ""node_params"": {""output_attrs"": true, ""output_predictions"": true, ""output_probabilities"": false}, ""contrast_level"": 2, ""node_type"": ""predict""}, {""node_id"": ""2991"", ""algorithm_step_name"": ""Feature Selection"", ""node_name"": ""自动特征选择"", ""node_params"": {}, ""contrast_level"": 1, ""node_type"": ""feature engineering""}]}",1.0
帮我把数据划分的比例改为5:5，最后还需要你添加一个步骤帮我把预测结果保存。,1.0,5642,384,13.62390661239624,3.3958444595336914,8.08639121055603,2.1416709423065186,0,"{""edges"": [{""edge_id"": ""60014"", ""source_node_id"": ""2982"", ""target_node_id"": ""2983""}, {""edge_id"": ""60015"", ""source_node_id"": ""2983"", ""target_node_id"": ""2984""}, {""edge_id"": ""60016"", ""source_node_id"": ""2983"", ""target_node_id"": ""2985""}, {""edge_id"": ""60017"", ""source_node_id"": ""2984"", ""target_node_id"": ""2985""}, {""edge_id"": ""60018"", ""source_node_id"": ""2985"", ""target_node_id"": ""2986""}], ""nodes"": [{""node_id"": ""2982"", ""widget_name"": ""File"", ""node_name"": ""鸢尾花示例数据"", ""node_params"": {""type"": ""sample"", ""filename"": ""iris.csv""}, ""matched"": true}, {""node_id"": ""2983"", ""widget_name"": ""Data Sampler"", ""node_name"": ""数据划分处理"", ""node_params"": {""sampling_type"": 0, ""percentage"": 50, ""n_samples"": 15, ""replacement"": false, ""n_folds"": 10, ""selected_folds"": 1, ""replicable"": false, ""stratified"": false}, ""matched"": true}, {""node_id"": ""2984"", ""widget_name"": ""LightGBM"", ""node_name"": ""LightGBM分类器"", ""node_params"": {""boosting_type"": ""gbdt"", ""n_estimators"": 10, ""learning_rate"": 0.1, ""sampling_rate"": 0.1, ""max_depth_check"": false, ""max_depth"": 3, ""num_leaves_check"": false, ""num_leaves"": 31}, ""matched"": true}, {""node_id"": ""2985"", ""widget_name"": ""Predictions"", ""node_name"": ""预测"", ""node_params"": {""output_attrs"": true, ""output_predictions"": true, ""output_probabilities"": false}, ""matched"": true}, {""node_id"": ""2986"", ""widget_name"": ""Save Data"", ""node_name"": ""保存预测结果"", ""node_params"": {}, ""matched"": true}]}","{""dependency_requirements"": [{""edge_id"": ""2480"", ""source_node_id"": ""2982"", ""target_node_id"": ""2983""}, {""edge_id"": ""2481"", ""source_node_id"": ""2983"", ""target_node_id"": ""2984""}, {""edge_id"": ""2482"", ""source_node_id"": ""2983"", ""target_node_id"": ""2985""}, {""edge_id"": ""2483"", ""source_node_id"": ""2984"", ""target_node_id"": ""2985""}, {""edge_id"": ""2484"", ""source_node_id"": ""2985"", ""target_node_id"": ""2986""}], ""step_requirements"": [{""node_id"": ""2982"", ""algorithm_step_name"": ""Tabular Dataset Loading"", ""node_name"": ""鸢尾花示例数据"", ""node_params"": {""type"": ""sample"", ""filename"": ""iris.csv""}, ""contrast_level"": 2, ""node_type"": ""io""}, {""node_id"": ""2983"", ""algorithm_step_name"": ""Dataset Division"", ""node_name"": ""数据划分处理"", ""node_params"": {""sampling_type"": 0, ""percentage"": 50, ""n_samples"": 15, ""replacement"": false, ""n_folds"": 10, ""selected_folds"": 1, ""replicable"": false, ""stratified"": false}, ""contrast_level"": 2, ""node_type"": ""preprocess""}, {""node_id"": ""2984"", ""algorithm_step_name"": ""LightGBM"", ""node_name"": ""LightGBM分类器"", ""node_params"": {""boosting_type"": ""gbdt"", ""n_estimators"": 10, ""learning_rate"": 0.1, ""sampling_rate"": 0.1, ""max_depth_check"": false, ""max_depth"": 3, ""num_leaves_check"": false, ""num_leaves"": 31}, ""contrast_level"": 2, ""node_type"": ""model""}, {""node_id"": ""2985"", ""algorithm_step_name"": ""Test Dataset Predictions"", ""node_name"": ""预测"", ""node_params"": {""output_attrs"": true, ""output_predictions"": true, ""output_probabilities"": false}, ""contrast_level"": 2, ""node_type"": ""predict""}, {""node_id"": ""2986"", ""algorithm_step_name"": ""Save Data"", ""node_name"": ""Save Data"", ""node_params"": {}, ""contrast_level"": 1, ""node_type"": ""io""}]}",1.0
帮我把目标检测使用的模型换成SSD，学习率使用0.02。最后，我还需要查看训练日志。,1.0,3981,474,20.20479726791382,3.444181442260742,14.634668588638306,2.1259472370147705,0,"{""edges"": [{""edge_id"": ""60019"", ""source_node_id"": ""2998"", ""target_node_id"": ""2999""}, {""edge_id"": ""60020"", ""source_node_id"": ""2999"", ""target_node_id"": ""3000""}], ""nodes"": [{""node_id"": ""2998"", ""widget_name"": ""Image"", ""node_name"": ""猫狗图像数据"", ""node_params"": {}, ""matched"": true}, {""node_id"": ""2999"", ""widget_name"": ""Object Detection"", ""node_name"": ""目标检测"", ""node_params"": {""frame"": ""pytorch"", ""select_model"": ""SSD"", ""backbone"": ""DarkNet53"", ""epoch"": 3, ""learning_rate"": 0.02, ""batch_size"": 2}, ""matched"": true}, {""node_id"": ""3000"", ""widget_name"": ""Train Log"", ""node_name"": ""训练日志"", ""node_params"": {}, ""matched"": true}]}","{""dependency_requirements"": [{""edge_id"": ""2495"", ""source_node_id"": ""2998"", ""target_node_id"": ""2999""}, {""edge_id"": ""2496"", ""source_node_id"": ""2999"", ""target_node_id"": ""3000""}], ""step_requirements"": [{""node_id"": ""2998"", ""algorithm_step_name"": ""Image Dataset Loading"", ""node_name"": ""猫狗图像数据"", ""node_params"": {}, ""contrast_level"": 2, ""node_type"": ""io""}, {""node_id"": ""2999"", ""algorithm_step_name"": ""Object Detection Model"", ""node_name"": ""目标检测"", ""node_params"": {""frame"": ""pytorch"", ""select_model"": ""SSD"", ""backbone"": ""DarkNet53"", ""epoch"": 3, ""learning_rate"": 0.02, ""batch_size"": 2}, ""contrast_level"": 2, ""node_type"": ""model""}, {""node_id"": ""3000"", ""algorithm_step_name"": ""Train Log"", ""node_name"": ""训练日志"", ""node_params"": {}, ""contrast_level"": 2, ""node_type"": ""visualize""}]}",1.0
帮我把缺失值处理方式修改为使用平均值填补，然后把多余的KNN模型删除掉。,1.0,5471,426,19.948126554489136,3.3821983337402344,14.739685297012327,1.8262429237365725,0,"{""edges"": [{""edge_id"": ""60021"", ""source_node_id"": ""2958"", ""target_node_id"": ""2959""}, {""edge_id"": ""60022"", ""source_node_id"": ""2959"", ""target_node_id"": ""2960""}, {""edge_id"": ""60023"", ""source_node_id"": ""2960"", ""target_node_id"": ""2961""}, {""edge_id"": ""60025"", ""source_node_id"": ""2960"", ""target_node_id"": ""2963""}, {""edge_id"": ""60027"", ""source_node_id"": ""2961"", ""target_node_id"": ""2963""}], ""nodes"": [{""node_id"": ""2958"", ""widget_name"": ""File"", ""node_name"": ""鸢尾花示例数据"", ""node_params"": {""type"": ""sample"", ""filename"": ""iris.csv""}, ""matched"": true}, {""node_id"": ""2959"", ""widget_name"": ""Impute"", ""node_name"": ""缺失值处理"", ""node_params"": {""method"": 2}, ""matched"": true}, {""node_id"": ""2960"", ""widget_name"": ""Data Sampler"", ""node_name"": ""数据划分处理"", ""node_params"": {""sampling_type"": 0, ""percentage"": 10, ""n_samples"": 15, ""replacement"": false, ""n_folds"": 10, ""selected_folds"": 1, ""replicable"": false, ""stratified"": false}, ""matched"": true}, {""node_id"": ""2961"", ""widget_name"": ""LightGBM"", ""node_name"": ""LightGBM分类器"", ""node_params"": {""boosting_type"": ""gbdt"", ""n_estimators"": 10, ""learning_rate"": 0.1, ""sampling_rate"": 0.1, ""max_depth_check"": false, ""max_depth"": 3, ""num_leaves_check"": false, ""num_leaves"": 31}, ""matched"": true}, {""node_id"": ""2963"", ""widget_name"": ""Test & Score"", ""node_name"": ""模型评估"", ""node_params"": {}, ""matched"": true}]}","{""dependency_requirements"": [{""edge_id"": ""2447"", ""source_node_id"": ""2958"", ""target_node_id"": ""2959""}, {""edge_id"": ""2448"", ""source_node_id"": ""2959"", ""target_node_id"": ""2960""}, {""edge_id"": ""2449"", ""source_node_id"": ""2960"", ""target_node_id"": ""2961""}, {""edge_id"": ""2451"", ""source_node_id"": ""2960"", ""target_node_id"": ""2963""}, {""edge_id"": ""2453"", ""source_node_id"": ""2961"", ""target_node_id"": ""2963""}], ""step_requirements"": [{""node_id"": ""2958"", ""algorithm_step_name"": ""Tabular Dataset Loading"", ""node_name"": ""鸢尾花示例数据"", ""node_params"": {""type"": ""sample"", ""filename"": ""iris.csv""}, ""contrast_level"": 2, ""node_type"": ""io""}, {""node_id"": ""2959"", ""algorithm_step_name"": ""Missing Value Handling"", ""node_name"": ""缺失值处理"", ""node_params"": {""method"": 2}, ""contrast_level"": 2, ""node_type"": ""preprocess""}, {""node_id"": ""2960"", ""algorithm_step_name"": ""Dataset Division"", ""node_name"": ""数据划分处理"", ""node_params"": {""sampling_type"": 0, ""percentage"": 10, ""n_samples"": 15, ""replacement"": false, ""n_folds"": 10, ""selected_folds"": 1, ""replicable"": false, ""stratified"": false}, ""contrast_level"": 2, ""node_type"": ""preprocess""}, {""node_id"": ""2961"", ""algorithm_step_name"": ""LightGBM"", ""node_name"": ""LightGBM分类器"", ""node_params"": {""boosting_type"": ""gbdt"", ""n_estimators"": 10, ""learning_rate"": 0.1, ""sampling_rate"": 0.1, ""max_depth_check"": false, ""max_depth"": 3, ""num_leaves_check"": false, ""num_leaves"": 31}, ""contrast_level"": 2, ""node_type"": ""model""}, {""node_id"": ""2963"", ""algorithm_step_name"": ""Model Evaluate"", ""node_name"": ""模型评估"", ""node_params"": {}, ""contrast_level"": 2, ""node_type"": ""evaluate""}]}",1.0
独热编码这个步骤是冗余的，帮我删除掉。在这之后还需要你将随机森林数的数量改为30，缺失值的处理方法改为用随机值填补。,1.0,7617,707,30.594687461853027,4.613666772842407,22.0371482372284,3.9438724517822266,0,"{""edges"": [{""edge_id"": ""60029"", ""source_node_id"": ""3002"", ""target_node_id"": ""3003""}, {""edge_id"": ""60032"", ""source_node_id"": ""3005"", ""target_node_id"": ""3006""}, {""edge_id"": ""60033"", ""source_node_id"": ""3005"", ""target_node_id"": ""3007""}, {""edge_id"": ""60035"", ""source_node_id"": ""3006"", ""target_node_id"": ""3007""}, {""edge_id"": ""60036"", ""source_node_id"": ""3003"", ""target_node_id"": ""3005""}], ""nodes"": [{""node_id"": ""3002"", ""widget_name"": ""File"", ""node_name"": ""数据"", ""node_params"": {""type"": ""sample"", ""filename"": ""iris.csv""}, ""matched"": true}, {""node_id"": ""3003"", ""widget_name"": ""Impute"", ""node_name"": ""缺失值处理"", ""node_params"": {""method"": 4}, ""matched"": true}, {""node_id"": ""3005"", ""widget_name"": ""Data Sampler"", ""node_name"": ""数据采样"", ""node_params"": {""sampling_type"": 0, ""percentage"": 10, ""n_samples"": 15, ""replacement"": false, ""n_folds"": 10, ""selected_folds"": 1, ""replicable"": false, ""stratified"": false}, ""matched"": true}, {""node_id"": ""3006"", ""widget_name"": ""Random Forest"", ""node_name"": ""随机森林"", ""node_params"": {""n_estimators"": 30, ""use_max_features"": false, ""max_features"": ""auto"", ""use_random_state"": false, ""use_max_depth"": false, ""max_depth"": 3, ""use_min_samples_split"": true, ""min_samples_split"": 2}, ""matched"": true}, {""node_id"": ""3007"", ""widget_name"": ""Test & Score"", ""node_name"": ""测试得分"", ""node_params"": {}, ""matched"": true}]}","{""dependency_requirements"": [{""edge_id"": ""2497"", ""source_node_id"": ""3002"", ""target_node_id"": ""3003""}, {""edge_id"": ""2500"", ""source_node_id"": ""3005"", ""target_node_id"": ""3006""}, {""edge_id"": ""2501"", ""source_node_id"": ""3005"", ""target_node_id"": ""3007""}, {""edge_id"": ""2503"", ""source_node_id"": ""3006"", ""target_node_id"": ""3007""}, {""edge_id"": ""2504"", ""source_node_id"": ""3003"", ""target_node_id"": ""3005""}], ""step_requirements"": [{""node_id"": ""3002"", ""algorithm_step_name"": ""Tabular Dataset Loading"", ""node_name"": ""数据"", ""node_params"": {""type"": ""sample"", ""filename"": ""iris.csv""}, ""contrast_level"": 2, ""node_type"": ""io""}, {""node_id"": ""3003"", ""algorithm_step_name"": ""Missing Value Handling"", ""node_name"": ""缺失值处理"", ""node_params"": {""method"": 4}, ""contrast_level"": 2, ""node_type"": ""preprocess""}, {""node_id"": ""3005"", ""algorithm_step_name"": ""Dataset Division"", ""node_name"": ""数据采样"", ""node_params"": {""sampling_type"": 0, ""percentage"": 10, ""n_samples"": 15, ""replacement"": false, ""n_folds"": 10, ""selected_folds"": 1, ""replicable"": false, ""stratified"": false}, ""contrast_level"": 2, ""node_type"": ""preprocess""}, {""node_id"": ""3006"", ""algorithm_step_name"": ""Random Forest"", ""node_name"": ""随机森林"", ""node_params"": {""n_estimators"": 30, ""use_max_features"": false, ""max_features"": ""auto"", ""use_random_state"": false, ""use_max_depth"": false, ""max_depth"": 3, ""use_min_samples_split"": true, ""min_samples_split"": 2}, ""contrast_level"": 2, ""node_type"": ""model""}, {""node_id"": ""3007"", ""algorithm_step_name"": ""Model Evaluate"", ""node_name"": ""测试得分"", ""node_params"": {}, ""contrast_level"": 2, ""node_type"": ""evaluate""}]}",1.0
帮我把多余的模型都删除掉，只留下LightGBM，并把LightGBM的学习率改为0.01。,1.0,4257,420,16.757444620132446,5.269789695739746,9.593636512756348,1.8940184116363523,0,"{""edges"": [{""edge_id"": ""60037"", ""source_node_id"": ""3032"", ""target_node_id"": ""3033""}, {""edge_id"": ""60039"", ""source_node_id"": ""3033"", ""target_node_id"": ""3035""}, {""edge_id"": ""60042"", ""source_node_id"": ""3033"", ""target_node_id"": ""3038""}, {""edge_id"": ""60045"", ""source_node_id"": ""3035"", ""target_node_id"": ""3038""}], ""nodes"": [{""node_id"": ""3032"", ""widget_name"": ""File"", ""node_name"": ""数据"", ""node_params"": {""type"": ""sample"", ""filename"": ""iris.csv""}, ""matched"": true}, {""node_id"": ""3033"", ""widget_name"": ""Data Sampler"", ""node_name"": ""数据采样"", ""node_params"": {""sampling_type"": 0, ""percentage"": 10, ""n_samples"": 15, ""replacement"": false, ""n_folds"": 10, ""selected_folds"": 1, ""replicable"": false, ""stratified"": false}, ""matched"": true}, {""node_id"": ""3035"", ""widget_name"": ""LightGBM"", ""node_name"": ""LightGBM"", ""node_params"": {""boosting_type"": ""gbdt"", ""n_estimators"": 10, ""learning_rate"": 0.01, ""sampling_rate"": 0.1, ""max_depth_check"": false, ""max_depth"": 3, ""num_leaves_check"": false, ""num_leaves"": 31}, ""matched"": true}, {""node_id"": ""3038"", ""widget_name"": ""Test & Score"", ""node_name"": ""测试得分"", ""node_params"": {}, ""matched"": true}]}","{""dependency_requirements"": [{""edge_id"": ""2536"", ""source_node_id"": ""3032"", ""target_node_id"": ""3033""}, {""edge_id"": ""2538"", ""source_node_id"": ""3033"", ""target_node_id"": ""3035""}, {""edge_id"": ""2541"", ""source_node_id"": ""3033"", ""target_node_id"": ""3038""}, {""edge_id"": ""2544"", ""source_node_id"": ""3035"", ""target_node_id"": ""3038""}], ""step_requirements"": [{""node_id"": ""3032"", ""algorithm_step_name"": ""Tabular Dataset Loading"", ""node_name"": ""数据"", ""node_params"": {""type"": ""sample"", ""filename"": ""iris.csv""}, ""contrast_level"": 2, ""node_type"": ""io""}, {""node_id"": ""3033"", ""algorithm_step_name"": ""Dataset Division"", ""node_name"": ""数据采样"", ""node_params"": {""sampling_type"": 0, ""percentage"": 10, ""n_samples"": 15, ""replacement"": false, ""n_folds"": 10, ""selected_folds"": 1, ""replicable"": false, ""stratified"": false}, ""contrast_level"": 2, ""node_type"": ""preprocess""}, {""node_id"": ""3035"", ""algorithm_step_name"": ""LightGBM"", ""node_name"": ""LightGBM"", ""node_params"": {""boosting_type"": ""gbdt"", ""n_estimators"": 10, ""learning_rate"": 0.01, ""sampling_rate"": 0.1, ""max_depth_check"": false, ""max_depth"": 3, ""num_leaves_check"": false, ""num_leaves"": 31}, ""contrast_level"": 2, ""node_type"": ""model""}, {""node_id"": ""3038"", ""algorithm_step_name"": ""Model Evaluate"", ""node_name"": ""测试得分"", ""node_params"": {}, ""contrast_level"": 2, ""node_type"": ""evaluate""}]}",1.0
帮我把LightGBM模型更换为XGBoost。,1.0,3639,276,13.462640285491943,2.4789135456085205,8.996852159500122,1.9868745803833008,0,"{""edges"": [{""edge_id"": ""60048"", ""source_node_id"": ""2964"", ""target_node_id"": ""2965""}, {""edge_id"": ""60049"", ""source_node_id"": ""2965"", ""target_node_id"": ""2966""}, {""edge_id"": ""60051"", ""source_node_id"": ""2966"", ""target_node_id"": ""2968""}, {""edge_id"": ""60054"", ""source_node_id"": ""2966"", ""target_node_id"": ""2969""}, {""edge_id"": ""60055"", ""source_node_id"": ""2969"", ""target_node_id"": ""2968""}], ""nodes"": [{""node_id"": ""2964"", ""widget_name"": ""File"", ""node_name"": ""鸢尾花示例数据"", ""node_params"": {""type"": ""sample"", ""filename"": ""iris.csv""}, ""matched"": true}, {""node_id"": ""2965"", ""widget_name"": ""Impute"", ""node_name"": ""缺失值处理"", ""node_params"": {""method"": 1}, ""matched"": true}, {""node_id"": ""2966"", ""widget_name"": ""Data Sampler"", ""node_name"": ""数据划分处理"", ""node_params"": {""sampling_type"": 0, ""percentage"": 10, ""n_samples"": 15, ""replacement"": false, ""n_folds"": 10, ""selected_folds"": 1, ""replicable"": false, ""stratified"": false}, ""matched"": true}, {""node_id"": ""2968"", ""widget_name"": ""Test & Score"", ""node_name"": ""模型评估"", ""node_params"": {}, ""matched"": true}, {""node_id"": ""2969"", ""widget_name"": ""XGBoost"", ""node_name"": ""XGBoost分类器"", ""node_params"": {""booster"": ""gbtree"", ""learning_rate"": 0.3, ""gamma"": 0, ""max_depth"": 6, ""min_child_widget"": 1, ""max_delta_step"": 0, ""subsample"": 1, ""sampling_method"": ""uniform"", ""lambda"": 1, ""alpha"": 0, ""tree_method"": ""auto"", ""scale_pos_weight"": 1, ""updater"": ""grow_colmaker"", ""process_type"": ""default"", ""grow_policy"": ""depthwise""}, ""matched"": true}]}","{""dependency_requirements"": [{""edge_id"": ""2455"", ""source_node_id"": ""2964"", ""target_node_id"": ""2965""}, {""edge_id"": ""2456"", ""source_node_id"": ""2965"", ""target_node_id"": ""2966""}, {""edge_id"": ""2458"", ""source_node_id"": ""2966"", ""target_node_id"": ""2968""}, {""edge_id"": ""2461"", ""source_node_id"": ""2966"", ""target_node_id"": ""2969""}, {""edge_id"": ""2462"", ""source_node_id"": ""2969"", ""target_node_id"": ""2968""}], ""step_requirements"": [{""node_id"": ""2964"", ""algorithm_step_name"": ""Tabular Dataset Loading"", ""node_name"": ""鸢尾花示例数据"", ""node_params"": {""type"": ""sample"", ""filename"": ""iris.csv""}, ""contrast_level"": 2, ""node_type"": ""io""}, {""node_id"": ""2965"", ""algorithm_step_name"": ""Missing Value Handling"", ""node_name"": ""缺失值处理"", ""node_params"": {""method"": 1}, ""contrast_level"": 2, ""node_type"": ""preprocess""}, {""node_id"": ""2966"", ""algorithm_step_name"": ""Dataset Division"", ""node_name"": ""数据划分处理"", ""node_params"": {""sampling_type"": 0, ""percentage"": 10, ""n_samples"": 15, ""replacement"": false, ""n_folds"": 10, ""selected_folds"": 1, ""replicable"": false, ""stratified"": false}, ""contrast_level"": 2, ""node_type"": ""preprocess""}, {""node_id"": ""2968"", ""algorithm_step_name"": ""Model Evaluate"", ""node_name"": ""模型评估"", ""node_params"": {}, ""contrast_level"": 2, ""node_type"": ""evaluate""}, {""node_id"": ""2969"", ""algorithm_step_name"": ""XGBoost"", ""node_name"": ""XGBoost分类器"", ""node_params"": {}, ""contrast_level"": 1, ""node_type"": ""model""}]}",1.0
我不需要对模型进行评估了，帮我把模型评估组件换成预测组件。,0.875,7144,1309,33.839494943618774,2.716260433197021,3.760977745056152,27.3622567653656,0,"{""edges"": [{""edge_id"": ""60056"", ""source_node_id"": ""2970"", ""target_node_id"": ""2971""}, {""edge_id"": ""60057"", ""source_node_id"": ""2971"", ""target_node_id"": ""2972""}, {""edge_id"": ""60058"", ""source_node_id"": ""2972"", ""target_node_id"": ""2973""}], ""nodes"": [{""node_id"": ""2970"", ""widget_name"": ""File"", ""node_name"": ""鸢尾花示例数据"", ""node_params"": {""type"": ""sample"", ""filename"": ""iris.csv""}, ""matched"": true}, {""node_id"": ""2971"", ""widget_name"": ""Impute"", ""node_name"": ""缺失值处理"", ""node_params"": {""method"": 1}, ""matched"": true}, {""node_id"": ""2972"", ""widget_name"": ""Data Sampler"", ""node_name"": ""数据划分处理"", ""node_params"": {""sampling_type"": 0, ""percentage"": 10, ""n_samples"": 15, ""replacement"": false, ""n_folds"": 10, ""selected_folds"": 1, ""replicable"": false, ""stratified"": false}, ""matched"": true}, {""node_id"": ""2973"", ""widget_name"": ""LightGBM"", ""node_name"": ""LightGBM分类器"", ""node_params"": {""boosting_type"": ""gbdt"", ""n_estimators"": 10, ""learning_rate"": 0.1, ""sampling_rate"": 0.1, ""max_depth_check"": false, ""max_depth"": 3, ""num_leaves_check"": false, ""num_leaves"": 31}, ""matched"": true}]}","{""dependency_requirements"": [{""edge_id"": ""2463"", ""source_node_id"": ""2970"", ""target_node_id"": ""2971""}, {""edge_id"": ""2464"", ""source_node_id"": ""2971"", ""target_node_id"": ""2972""}, {""edge_id"": ""2465"", ""source_node_id"": ""2972"", ""target_node_id"": ""2973""}, {""edge_id"": ""2469"", ""source_node_id"": ""2972"", ""target_node_id"": ""2975""}, {""edge_id"": ""2470"", ""source_node_id"": ""2973"", ""target_node_id"": ""2975""}], ""step_requirements"": [{""node_id"": ""2970"", ""algorithm_step_name"": ""Tabular Dataset Loading"", ""node_name"": ""鸢尾花示例数据"", ""node_params"": {""type"": ""sample"", ""filename"": ""iris.csv""}, ""contrast_level"": 2, ""node_type"": ""io""}, {""node_id"": ""2971"", ""algorithm_step_name"": ""Missing Value Handling"", ""node_name"": ""缺失值处理"", ""node_params"": {""method"": 1}, ""contrast_level"": 2, ""node_type"": ""preprocess""}, {""node_id"": ""2972"", ""algorithm_step_name"": ""Dataset Division"", ""node_name"": ""数据划分处理"", ""node_params"": {""sampling_type"": 0, ""percentage"": 10, ""n_samples"": 15, ""replacement"": false, ""n_folds"": 10, ""selected_folds"": 1, ""replicable"": false, ""stratified"": false}, ""contrast_level"": 2, ""node_type"": ""preprocess""}, {""node_id"": ""2973"", ""algorithm_step_name"": ""LightGBM"", ""node_name"": ""LightGBM分类器"", ""node_params"": {""boosting_type"": ""gbdt"", ""n_estimators"": 10, ""learning_rate"": 0.1, ""sampling_rate"": 0.1, ""max_depth_check"": false, ""max_depth"": 3, ""num_leaves_check"": false, ""num_leaves"": 31}, ""contrast_level"": 2, ""node_type"": ""model""}, {""node_id"": ""2975"", ""algorithm_step_name"": ""Test Dataset Predictions"", ""node_name"": ""预测"", ""node_params"": {}, ""contrast_level"": 1, ""node_type"": ""predict""}]}",0.8889
帮我把缺失值处理步骤删除掉，并换一个更好的模型。,0.8333,5324,495,21.49092125892639,3.653477668762207,14.830072164535522,3.007371425628662,0,"{""edges"": [{""edge_id"": ""60065"", ""source_node_id"": ""2978"", ""target_node_id"": ""2980""}, {""edge_id"": ""60068"", ""source_node_id"": ""2976"", ""target_node_id"": ""2978""}], ""nodes"": [{""node_id"": ""2976"", ""widget_name"": ""File"", ""node_name"": ""鸢尾花示例数据"", ""node_params"": {""type"": ""sample"", ""filename"": ""iris.csv""}, ""matched"": true}, {""node_id"": ""2978"", ""widget_name"": ""Data Sampler"", ""node_name"": ""数据划分处理"", ""node_params"": {""sampling_type"": 0, ""percentage"": 10, ""n_samples"": 15, ""replacement"": false, ""n_folds"": 10, ""selected_folds"": 1, ""replicable"": false, ""stratified"": false}, ""matched"": true}, {""node_id"": ""2980"", ""widget_name"": ""Test & Score"", ""node_name"": ""模型评估"", ""node_params"": {}, ""matched"": true}, {""node_id"": ""71773"", ""widget_name"": ""Image Classification"", ""node_name"": ""图像分类模型"", ""node_params"": {""frame"": ""pytorch"", ""select_model"": ""ResNet50"", ""epoch"": 3, ""learning_rate"": 0.01, ""batch_size"": 2}, ""matched"": false}]}","{""dependency_requirements"": [{""edge_id"": ""2474"", ""source_node_id"": ""2978"", ""target_node_id"": ""2980""}, {""edge_id"": ""2477"", ""source_node_id"": ""2976"", ""target_node_id"": ""2978""}, {""edge_id"": ""2478"", ""source_node_id"": ""2978"", ""target_node_id"": ""2981""}, {""edge_id"": ""2479"", ""source_node_id"": ""2981"", ""target_node_id"": ""2980""}], ""step_requirements"": [{""node_id"": ""2976"", ""algorithm_step_name"": ""Tabular Dataset Loading"", ""node_name"": ""鸢尾花示例数据"", ""node_params"": {""type"": ""sample"", ""filename"": ""iris.csv""}, ""contrast_level"": 2, ""node_type"": ""io""}, {""node_id"": ""2978"", ""algorithm_step_name"": ""Dataset Division"", ""node_name"": ""数据划分处理"", ""node_params"": {""sampling_type"": 0, ""percentage"": 10, ""n_samples"": 15, ""replacement"": false, ""n_folds"": 10, ""selected_folds"": 1, ""replicable"": false, ""stratified"": false}, ""contrast_level"": 2, ""node_type"": ""preprocess""}, {""node_id"": ""2980"", ""algorithm_step_name"": ""Model Evaluate"", ""node_name"": ""模型评估"", ""node_params"": {}, ""contrast_level"": 2, ""node_type"": ""evaluate""}, {""node_id"": ""2981"", ""algorithm_step_name"": ""XGBoost"", ""node_name"": ""XGBoost"", ""node_params"": {}, ""contrast_level"": 1, ""node_type"": ""model""}]}",0.75
我的数据集没有缺失值，所以请你帮我删除掉缺失值处理这一步，然后把数据抽样的比例改为7:3，最后帮我添加一个可视化混淆矩阵的步骤。,0.9,5027,541,19.99989891052246,4.640263557434082,12.480119466781616,2.8795158863067627,0,"{""edges"": [{""edge_id"": ""60071"", ""source_node_id"": ""3047"", ""target_node_id"": ""3048""}, {""edge_id"": ""60072"", ""source_node_id"": ""3047"", ""target_node_id"": ""3049""}, {""edge_id"": ""60074"", ""source_node_id"": ""3048"", ""target_node_id"": ""3049""}, {""edge_id"": ""60075"", ""source_node_id"": ""3049"", ""target_node_id"": ""3050""}], ""nodes"": [{""node_id"": ""3045"", ""widget_name"": ""File"", ""node_name"": ""数据"", ""node_params"": {""type"": ""sample"", ""filename"": ""iris.csv""}, ""matched"": true}, {""node_id"": ""3047"", ""widget_name"": ""Data Sampler"", ""node_name"": ""数据采样"", ""node_params"": {""sampling_type"": 0, ""percentage"": 30, ""n_samples"": 15, ""replacement"": false, ""n_folds"": 10, ""selected_folds"": 1, ""replicable"": false, ""stratified"": false}, ""matched"": true}, {""node_id"": ""3048"", ""widget_name"": ""LightGBM"", ""node_name"": ""LightGBM"", ""node_params"": {""boosting_type"": ""gbdt"", ""n_estimators"": 10, ""learning_rate"": 0.1, ""sampling_rate"": 0.1, ""max_depth_check"": false, ""max_depth"": 3, ""num_leaves_check"": false, ""num_leaves"": 31}, ""matched"": true}, {""node_id"": ""3049"", ""widget_name"": ""Test & Score"", ""node_name"": ""测试得分"", ""node_params"": {}, ""matched"": true}, {""node_id"": ""3050"", ""widget_name"": ""Confusion Matrix"", ""node_name"": ""混淆矩阵"", ""node_params"": {}, ""matched"": true}]}","{""dependency_requirements"": [{""edge_id"": ""2556"", ""source_node_id"": ""3047"", ""target_node_id"": ""3048""}, {""edge_id"": ""2557"", ""source_node_id"": ""3047"", ""target_node_id"": ""3049""}, {""edge_id"": ""2559"", ""source_node_id"": ""3048"", ""target_node_id"": ""3049""}, {""edge_id"": ""2560"", ""source_node_id"": ""3045"", ""target_node_id"": ""3047""}, {""edge_id"": ""2561"", ""source_node_id"": ""3049"", ""target_node_id"": ""3050""}], ""step_requirements"": [{""node_id"": ""3045"", ""algorithm_step_name"": ""Tabular Dataset Loading"", ""node_name"": ""数据"", ""node_params"": {""type"": ""sample"", ""filename"": ""iris.csv""}, ""contrast_level"": 2, ""node_type"": ""io""}, {""node_id"": ""3047"", ""algorithm_step_name"": ""Dataset Division"", ""node_name"": ""数据采样"", ""node_params"": {""sampling_type"": 0, ""percentage"": 30, ""n_samples"": 15, ""replacement"": false, ""n_folds"": 10, ""selected_folds"": 1, ""replicable"": false, ""stratified"": false}, ""contrast_level"": 2, ""node_type"": ""preprocess""}, {""node_id"": ""3048"", ""algorithm_step_name"": ""LightGBM"", ""node_name"": ""LightGBM"", ""node_params"": {""boosting_type"": ""gbdt"", ""n_estimators"": 10, ""learning_rate"": 0.1, ""sampling_rate"": 0.1, ""max_depth_check"": false, ""max_depth"": 3, ""num_leaves_check"": false, ""num_leaves"": 31}, ""contrast_level"": 2, ""node_type"": ""model""}, {""node_id"": ""3049"", ""algorithm_step_name"": ""Model Evaluate"", ""node_name"": ""测试得分"", ""node_params"": {}, ""contrast_level"": 2, ""node_type"": ""evaluate""}, {""node_id"": ""3050"", ""algorithm_step_name"": ""Confusion Matrix"", ""node_name"": ""混淆矩阵"", ""node_params"": {}, ""contrast_level"": 2, ""node_type"": ""visualize""}]}",0.8
帮我把加载的数据集换成房价示例数据集。然后，把KNN模型给我换成XGBoost模型。,1.0,5039,327,24.57344603538513,3.4655921459198,8.159621953964233,12.9482319355011,0,"{""edges"": [{""edge_id"": ""60076"", ""source_node_id"": ""3051"", ""target_node_id"": ""3052""}, {""edge_id"": ""60078"", ""source_node_id"": ""3052"", ""target_node_id"": ""3054""}, {""edge_id"": ""60081"", ""source_node_id"": ""3052"", ""target_node_id"": ""3055""}, {""edge_id"": ""60082"", ""source_node_id"": ""3055"", ""target_node_id"": ""3054""}], ""nodes"": [{""node_id"": ""3051"", ""widget_name"": ""File"", ""node_name"": ""数据"", ""node_params"": {""type"": ""sample"", ""filename"": ""housing.csv""}, ""matched"": true}, {""node_id"": ""3052"", ""widget_name"": ""Data Sampler"", ""node_name"": ""数据采样"", ""node_params"": {""sampling_type"": 0, ""percentage"": 10, ""n_samples"": 15, ""replacement"": false, ""n_folds"": 10, ""selected_folds"": 1, ""replicable"": false, ""stratified"": false}, ""matched"": true}, {""node_id"": ""3054"", ""widget_name"": ""Test & Score"", ""node_name"": ""测试得分"", ""node_params"": {}, ""matched"": true}, {""node_id"": ""3055"", ""widget_name"": ""XGBoost"", ""node_name"": ""XGBoost"", ""node_params"": {""booster"": ""gbtree"", ""learning_rate"": 0.3, ""gamma"": 0, ""max_depth"": 6, ""min_child_widget"": 1, ""max_delta_step"": 0, ""subsample"": 1, ""sampling_method"": ""uniform"", ""lambda"": 1, ""alpha"": 0, ""tree_method"": ""auto"", ""scale_pos_weight"": 1, ""updater"": ""grow_colmaker"", ""process_type"": ""default"", ""grow_policy"": ""depthwise""}, ""matched"": true}]}","{""dependency_requirements"": [{""edge_id"": ""2562"", ""source_node_id"": ""3051"", ""target_node_id"": ""3052""}, {""edge_id"": ""2564"", ""source_node_id"": ""3052"", ""target_node_id"": ""3054""}, {""edge_id"": ""2567"", ""source_node_id"": ""3052"", ""target_node_id"": ""3055""}, {""edge_id"": ""2568"", ""source_node_id"": ""3055"", ""target_node_id"": ""3054""}], ""step_requirements"": [{""node_id"": ""3051"", ""algorithm_step_name"": ""Tabular Dataset Loading"", ""node_name"": ""数据"", ""node_params"": {""type"": ""sample"", ""filename"": ""housing.csv""}, ""contrast_level"": 2, ""node_type"": ""io""}, {""node_id"": ""3052"", ""algorithm_step_name"": ""Dataset Division"", ""node_name"": ""数据采样"", ""node_params"": {""sampling_type"": 0, ""percentage"": 10, ""n_samples"": 15, ""replacement"": false, ""n_folds"": 10, ""selected_folds"": 1, ""replicable"": false, ""stratified"": false}, ""contrast_level"": 2, ""node_type"": ""preprocess""}, {""node_id"": ""3054"", ""algorithm_step_name"": ""Model Evaluate"", ""node_name"": ""测试得分"", ""node_params"": {}, ""contrast_level"": 2, ""node_type"": ""evaluate""}, {""node_id"": ""3055"", ""algorithm_step_name"": ""XGBoost"", ""node_name"": ""XGBoost"", ""node_params"": {}, ""contrast_level"": 1, ""node_type"": ""model""}]}",1.0
帮我把连续化处理换成特征选择，KNN的邻节点个数改为7。,1.0,4836,461,17.72950053215027,3.696001052856445,11.38391661643982,2.649582862854004,0,"{""edges"": [{""edge_id"": ""60085"", ""source_node_id"": ""3067"", ""target_node_id"": ""3068""}, {""edge_id"": ""60086"", ""source_node_id"": ""3067"", ""target_node_id"": ""3069""}, {""edge_id"": ""60088"", ""source_node_id"": ""3068"", ""target_node_id"": ""3069""}, {""edge_id"": ""60089"", ""source_node_id"": ""3065"", ""target_node_id"": ""3070""}, {""edge_id"": ""60090"", ""source_node_id"": ""3070"", ""target_node_id"": ""3067""}], ""nodes"": [{""node_id"": ""3065"", ""widget_name"": ""File"", ""node_name"": ""数据"", ""node_params"": {""type"": ""sample"", ""filename"": ""iris.csv""}, ""matched"": true}, {""node_id"": ""3067"", ""widget_name"": ""Data Sampler"", ""node_name"": ""数据采样"", ""node_params"": {""sampling_type"": 0, ""percentage"": 10, ""n_samples"": 15, ""replacement"": false, ""n_folds"": 10, ""selected_folds"": 1, ""replicable"": false, ""stratified"": false}, ""matched"": true}, {""node_id"": ""3068"", ""widget_name"": ""KNN"", ""node_name"": ""KNN"", ""node_params"": {""n_neighbors"": 7, ""metric"": ""euclidean"", ""weights"": ""uniform""}, ""matched"": true}, {""node_id"": ""3069"", ""widget_name"": ""Test & Score"", ""node_name"": ""测试得分"", ""node_params"": {}, ""matched"": true}, {""node_id"": ""3070"", ""widget_name"": ""Select Best N Attributes"", ""node_name"": ""特征选择"", ""node_params"": {""n"": 3}, ""matched"": true}]}","{""dependency_requirements"": [{""edge_id"": ""2576"", ""source_node_id"": ""3067"", ""target_node_id"": ""3068""}, {""edge_id"": ""2577"", ""source_node_id"": ""3067"", ""target_node_id"": ""3069""}, {""edge_id"": ""2579"", ""source_node_id"": ""3068"", ""target_node_id"": ""3069""}, {""edge_id"": ""2580"", ""source_node_id"": ""3065"", ""target_node_id"": ""3070""}, {""edge_id"": ""2581"", ""source_node_id"": ""3070"", ""target_node_id"": ""3067""}], ""step_requirements"": [{""node_id"": ""3065"", ""algorithm_step_name"": ""Tabular Dataset Loading"", ""node_name"": ""数据"", ""node_params"": {""type"": ""sample"", ""filename"": ""iris.csv""}, ""contrast_level"": 2, ""node_type"": ""io""}, {""node_id"": ""3067"", ""algorithm_step_name"": ""Dataset Division"", ""node_name"": ""数据采样"", ""node_params"": {""sampling_type"": 0, ""percentage"": 10, ""n_samples"": 15, ""replacement"": false, ""n_folds"": 10, ""selected_folds"": 1, ""replicable"": false, ""stratified"": false}, ""contrast_level"": 2, ""node_type"": ""preprocess""}, {""node_id"": ""3068"", ""algorithm_step_name"": ""KNN"", ""node_name"": ""KNN"", ""node_params"": {""n_neighbors"": 7, ""metric"": ""euclidean"", ""weights"": ""uniform""}, ""contrast_level"": 2, ""node_type"": ""model""}, {""node_id"": ""3069"", ""algorithm_step_name"": ""Model Evaluate"", ""node_name"": ""测试得分"", ""node_params"": {}, ""contrast_level"": 2, ""node_type"": ""evaluate""}, {""node_id"": ""3070"", ""algorithm_step_name"": ""Feature Selection"", ""node_name"": ""特征选择"", ""node_params"": {}, ""contrast_level"": 1, ""node_type"": ""feature engineering""}]}",1.0
帮我把加载的鸢尾花示例数据修改为加载房价示例数据集。,1.0,2045,127,13.615705728530884,2.7098822593688965,0.001103401184082,10.904720067977903,0,"{""edges"": [{""edge_id"": ""60091"", ""source_node_id"": ""2895"", ""target_node_id"": ""2896""}], ""nodes"": [{""node_id"": ""2895"", ""widget_name"": ""File"", ""node_name"": ""鸢尾花示例数据"", ""node_params"": {""type"": ""sample"", ""filename"": ""housing.csv""}, ""matched"": true}, {""node_id"": ""2896"", ""widget_name"": ""LightGBM"", ""node_name"": ""LightGBM分类器"", ""node_params"": {""boosting_type"": ""gbdt"", ""n_estimators"": 10, ""learning_rate"": 0.1, ""sampling_rate"": 0.1, ""max_depth_check"": false, ""max_depth"": 3, ""num_leaves_check"": false, ""num_leaves"": 31}, ""matched"": true}]}","{""dependency_requirements"": [{""edge_id"": ""2376"", ""source_node_id"": ""2895"", ""target_node_id"": ""2896""}], ""step_requirements"": [{""node_id"": ""2895"", ""algorithm_step_name"": ""Tabular Dataset Loading"", ""node_name"": ""鸢尾花示例数据"", ""node_params"": {""type"": ""sample"", ""filename"": ""housing.csv""}, ""contrast_level"": 2, ""node_type"": ""io""}, {""node_id"": ""2896"", ""algorithm_step_name"": ""LightGBM"", ""node_name"": ""LightGBM分类器"", ""node_params"": {""boosting_type"": ""gbdt"", ""n_estimators"": 10, ""learning_rate"": 0.1, ""sampling_rate"": 0.1, ""max_depth_check"": false, ""max_depth"": 3, ""num_leaves_check"": false, ""num_leaves"": 31}, ""contrast_level"": 2, ""node_type"": ""model""}]}",1.0
帮我把LightGBM模型的学习器类型重新设置为rf，学习率修改为0.01。,1.0,2590,254,11.99280285835266,2.810330867767334,8.015547037124634,1.1669249534606934,0,"{""edges"": [{""edge_id"": ""60092"", ""source_node_id"": ""2895"", ""target_node_id"": ""2896""}], ""nodes"": [{""node_id"": ""2895"", ""widget_name"": ""File"", ""node_name"": ""鸢尾花示例数据"", ""node_params"": {""type"": ""sample"", ""filename"": ""iris.csv""}, ""matched"": true}, {""node_id"": ""2896"", ""widget_name"": ""LightGBM"", ""node_name"": ""LightGBM分类器"", ""node_params"": {""boosting_type"": ""rf"", ""n_estimators"": 10, ""learning_rate"": 0.01, ""sampling_rate"": 0.1, ""max_depth_check"": false, ""max_depth"": 3, ""num_leaves_check"": false, ""num_leaves"": 31}, ""matched"": true}]}","{""dependency_requirements"": [{""edge_id"": ""2376"", ""source_node_id"": ""2895"", ""target_node_id"": ""2896""}], ""step_requirements"": [{""node_id"": ""2895"", ""algorithm_step_name"": ""Tabular Dataset Loading"", ""node_name"": ""鸢尾花示例数据"", ""node_params"": {""type"": ""sample"", ""filename"": ""iris.csv""}, ""contrast_level"": 2, ""node_type"": ""io""}, {""node_id"": ""2896"", ""algorithm_step_name"": ""LightGBM"", ""node_name"": ""LightGBM分类器"", ""node_params"": {""boosting_type"": ""rf"", ""n_estimators"": 10, ""learning_rate"": 0.01, ""sampling_rate"": 0.1, ""max_depth_check"": false, ""max_depth"": 3, ""num_leaves_check"": false, ""num_leaves"": 31}, ""contrast_level"": 2, ""node_type"": ""model""}]}",1.0
帮我添加一个缺失值处理步骤，以便对鸢尾花数据进行缺失值处理,1.0,2686,308,11.20427131652832,2.5365262031555176,6.545668363571167,2.122076749801636,0,"{""edges"": [{""edge_id"": ""60093"", ""source_node_id"": ""5159"", ""target_node_id"": ""5158""}, {""edge_id"": ""60094"", ""source_node_id"": ""5157"", ""target_node_id"": ""5159""}], ""nodes"": [{""node_id"": ""5157"", ""widget_name"": ""File"", ""node_name"": ""鸢尾花示例数据"", ""node_params"": {""type"": ""sample"", ""filename"": ""iris.csv""}, ""matched"": true}, {""node_id"": ""5158"", ""widget_name"": ""LightGBM"", ""node_name"": ""LightGBM分类器"", ""node_params"": {""boosting_type"": ""gbdt"", ""n_estimators"": 10, ""learning_rate"": 0.1, ""sampling_rate"": 0.1, ""max_depth_check"": false, ""max_depth"": 3, ""num_leaves_check"": false, ""num_leaves"": 31}, ""matched"": true}, {""node_id"": ""5159"", ""widget_name"": ""Impute"", ""node_name"": ""缺失值处理"", ""node_params"": {""method"": 1}, ""matched"": true}]}","{""dependency_requirements"": [{""edge_id"": ""4027"", ""source_node_id"": ""5159"", ""target_node_id"": ""5158""}, {""edge_id"": ""4028"", ""source_node_id"": ""5157"", ""target_node_id"": ""5159""}], ""step_requirements"": [{""node_id"": ""5157"", ""algorithm_step_name"": ""Tabular Dataset Loading"", ""node_name"": ""鸢尾花示例数据"", ""node_params"": {""type"": ""sample"", ""filename"": ""iris.csv""}, ""contrast_level"": 2, ""node_type"": ""io""}, {""node_id"": ""5158"", ""algorithm_step_name"": ""LightGBM"", ""node_name"": ""LightGBM分类器"", ""node_params"": {""boosting_type"": ""gbdt"", ""n_estimators"": 10, ""learning_rate"": 0.1, ""sampling_rate"": 0.1, ""max_depth_check"": false, ""max_depth"": 3, ""num_leaves_check"": false, ""num_leaves"": 31}, ""contrast_level"": 2, ""node_type"": ""model""}, {""node_id"": ""5159"", ""algorithm_step_name"": ""Missing Value Handling"", ""node_name"": ""Impute"", ""node_params"": {}, ""contrast_level"": 1, ""node_type"": ""preprocess""}]}",1.0
帮我在模型训练之前添加一个数据划分步骤，以便将处理后的数据进行拆分。,1.0,3005,281,10.66808819770813,2.349905252456665,5.813816070556641,2.504366874694824,0,"{""edges"": [{""edge_id"": ""60095"", ""source_node_id"": ""5160"", ""target_node_id"": ""5161""}, {""edge_id"": ""60096"", ""source_node_id"": ""5163"", ""target_node_id"": ""5162""}, {""edge_id"": ""60097"", ""source_node_id"": ""5161"", ""target_node_id"": ""5163""}], ""nodes"": [{""node_id"": ""5160"", ""widget_name"": ""File"", ""node_name"": ""鸢尾花示例数据"", ""node_params"": {""type"": ""sample"", ""filename"": ""iris.csv""}, ""matched"": true}, {""node_id"": ""5161"", ""widget_name"": ""Impute"", ""node_name"": ""缺失值填充"", ""node_params"": {""method"": 1}, ""matched"": true}, {""node_id"": ""5162"", ""widget_name"": ""LightGBM"", ""node_name"": ""LightGBM分类器"", ""node_params"": {""boosting_type"": ""gbdt"", ""n_estimators"": 10, ""learning_rate"": 0.1, ""sampling_rate"": 0.1, ""max_depth_check"": false, ""max_depth"": 3, ""num_leaves_check"": false, ""num_leaves"": 31}, ""matched"": true}, {""node_id"": ""5163"", ""widget_name"": ""Data Sampler"", ""node_name"": ""数据划分"", ""node_params"": {""sampling_type"": 0, ""percentage"": 10, ""n_samples"": 15, ""replacement"": false, ""n_folds"": 10, ""selected_folds"": 1, ""replicable"": false, ""stratified"": false}, ""matched"": true}]}","{""dependency_requirements"": [{""edge_id"": ""4029"", ""source_node_id"": ""5160"", ""target_node_id"": ""5161""}, {""edge_id"": ""4030"", ""source_node_id"": ""5163"", ""target_node_id"": ""5162""}, {""edge_id"": ""4031"", ""source_node_id"": ""5161"", ""target_node_id"": ""5163""}], ""step_requirements"": [{""node_id"": ""5160"", ""algorithm_step_name"": ""Tabular Dataset Loading"", ""node_name"": ""鸢尾花示例数据"", ""node_params"": {""type"": ""sample"", ""filename"": ""iris.csv""}, ""contrast_level"": 2, ""node_type"": ""io""}, {""node_id"": ""5161"", ""algorithm_step_name"": ""Missing Value Handling"", ""node_name"": ""缺失值填充"", ""node_params"": {""method"": 1}, ""contrast_level"": 2, ""node_type"": ""preprocess""}, {""node_id"": ""5162"", ""algorithm_step_name"": ""LightGBM"", ""node_name"": ""LightGBM分类器"", ""node_params"": {""boosting_type"": ""gbdt"", ""n_estimators"": 10, ""learning_rate"": 0.1, ""sampling_rate"": 0.1, ""max_depth_check"": false, ""max_depth"": 3, ""num_leaves_check"": false, ""num_leaves"": 31}, ""contrast_level"": 2, ""node_type"": ""model""}, {""node_id"": ""5163"", ""algorithm_step_name"": ""Dataset Division"", ""node_name"": ""Data Sampler"", ""node_params"": {}, ""contrast_level"": 1, ""node_type"": ""preprocess""}]}",1.0
我需要将数据划分的比例设置为8:2,1.0,2861,219,9.02221655845642,2.398766279220581,5.736457586288452,0.8869926929473877,0,"{""edges"": [{""edge_id"": ""60098"", ""source_node_id"": ""5164"", ""target_node_id"": ""5165""}, {""edge_id"": ""60099"", ""source_node_id"": ""5165"", ""target_node_id"": ""5166""}, {""edge_id"": ""60100"", ""source_node_id"": ""5166"", ""target_node_id"": ""5167""}], ""nodes"": [{""node_id"": ""5164"", ""widget_name"": ""File"", ""node_name"": ""鸢尾花示例数据"", ""node_params"": {""type"": ""sample"", ""filename"": ""iris.csv""}, ""matched"": true}, {""node_id"": ""5165"", ""widget_name"": ""Impute"", ""node_name"": ""缺失值填充"", ""node_params"": {""method"": 1}, ""matched"": true}, {""node_id"": ""5166"", ""widget_name"": ""Data Sampler"", ""node_name"": ""数据采样"", ""node_params"": {""sampling_type"": 0, ""percentage"": 20, ""n_samples"": 15, ""replacement"": false, ""n_folds"": 10, ""selected_folds"": 1, ""replicable"": false, ""stratified"": false}, ""matched"": true}, {""node_id"": ""5167"", ""widget_name"": ""LightGBM"", ""node_name"": ""LightGBM分类器"", ""node_params"": {""boosting_type"": ""gbdt"", ""n_estimators"": 10, ""learning_rate"": 0.1, ""sampling_rate"": 0.1, ""max_depth_check"": false, ""max_depth"": 3, ""num_leaves_check"": false, ""num_leaves"": 31}, ""matched"": true}]}","{""dependency_requirements"": [{""edge_id"": ""4032"", ""source_node_id"": ""5164"", ""target_node_id"": ""5165""}, {""edge_id"": ""4033"", ""source_node_id"": ""5165"", ""target_node_id"": ""5166""}, {""edge_id"": ""4034"", ""source_node_id"": ""5166"", ""target_node_id"": ""5167""}], ""step_requirements"": [{""node_id"": ""5164"", ""algorithm_step_name"": ""Tabular Dataset Loading"", ""node_name"": ""鸢尾花示例数据"", ""node_params"": {""type"": ""sample"", ""filename"": ""iris.csv""}, ""contrast_level"": 2, ""node_type"": ""io""}, {""node_id"": ""5165"", ""algorithm_step_name"": ""Missing Value Handling"", ""node_name"": ""缺失值填充"", ""node_params"": {""method"": 1}, ""contrast_level"": 2, ""node_type"": ""preprocess""}, {""node_id"": ""5166"", ""algorithm_step_name"": ""Dataset Division"", ""node_name"": ""数据采样"", ""node_params"": {""sampling_type"": 0, ""percentage"": 20, ""n_samples"": 15, ""replacement"": false, ""n_folds"": 10, ""selected_folds"": 1, ""replicable"": false, ""stratified"": false}, ""contrast_level"": 2, ""node_type"": ""preprocess""}, {""node_id"": ""5167"", ""algorithm_step_name"": ""LightGBM"", ""node_name"": ""LightGBM分类器"", ""node_params"": {""boosting_type"": ""gbdt"", ""n_estimators"": 10, ""learning_rate"": 0.1, ""sampling_rate"": 0.1, ""max_depth_check"": false, ""max_depth"": 3, ""num_leaves_check"": false, ""num_leaves"": 31}, ""contrast_level"": 2, ""node_type"": ""model""}]}",1.0
帮我添加一个模型评估步骤,1.0,2758,317,8.585267305374146,2.391554355621338,2.8723535537719727,3.321359395980835,0,"{""edges"": [{""edge_id"": ""60101"", ""source_node_id"": ""2899"", ""target_node_id"": ""2900""}, {""edge_id"": ""60102"", ""source_node_id"": ""2900"", ""target_node_id"": ""2901""}, {""edge_id"": ""60103"", ""source_node_id"": ""2901"", ""target_node_id"": ""2902""}, {""edge_id"": ""60104"", ""source_node_id"": ""2900"", ""target_node_id"": ""2903""}, {""edge_id"": ""60105"", ""source_node_id"": ""2901"", ""target_node_id"": ""2903""}, {""edge_id"": ""60106"", ""source_node_id"": ""2902"", ""target_node_id"": ""2903""}], ""nodes"": [{""node_id"": ""2899"", ""widget_name"": ""File"", ""node_name"": ""鸢尾花示例数据"", ""node_params"": {""type"": ""sample"", ""filename"": ""iris.csv""}, ""matched"": true}, {""node_id"": ""2900"", ""widget_name"": ""Impute"", ""node_name"": ""缺失值处理"", ""node_params"": {""method"": 1}, ""matched"": true}, {""node_id"": ""2901"", ""widget_name"": ""Data Sampler"", ""node_name"": ""数据划分处理"", ""node_params"": {""sampling_type"": 0, ""percentage"": 10, ""n_samples"": 15, ""replacement"": false, ""n_folds"": 10, ""selected_folds"": 1, ""replicable"": false, ""stratified"": false}, ""matched"": true}, {""node_id"": ""2902"", ""widget_name"": ""LightGBM"", ""node_name"": ""LightGBM分类器"", ""node_params"": {""boosting_type"": ""gbdt"", ""n_estimators"": 10, ""learning_rate"": 0.1, ""sampling_rate"": 0.1, ""max_depth_check"": false, ""max_depth"": 3, ""num_leaves_check"": false, ""num_leaves"": 31}, ""matched"": true}, {""node_id"": ""2903"", ""widget_name"": ""Test & Score"", ""node_name"": ""模型评估"", ""node_params"": {}, ""matched"": true}]}","{""dependency_requirements"": [{""edge_id"": ""2379"", ""source_node_id"": ""2899"", ""target_node_id"": ""2900""}, {""edge_id"": ""2380"", ""source_node_id"": ""2900"", ""target_node_id"": ""2901""}, {""edge_id"": ""2381"", ""source_node_id"": ""2901"", ""target_node_id"": ""2902""}, {""edge_id"": ""2382"", ""source_node_id"": ""2901"", ""target_node_id"": ""2903""}, {""edge_id"": ""2384"", ""source_node_id"": ""2902"", ""target_node_id"": ""2903""}], ""step_requirements"": [{""node_id"": ""2899"", ""algorithm_step_name"": ""Tabular Dataset Loading"", ""node_name"": ""鸢尾花示例数据"", ""node_params"": {""type"": ""sample"", ""filename"": ""iris.csv""}, ""contrast_level"": 2, ""node_type"": ""io""}, {""node_id"": ""2900"", ""algorithm_step_name"": ""Missing Value Handling"", ""node_name"": ""缺失值处理"", ""node_params"": {""method"": 1}, ""contrast_level"": 2, ""node_type"": ""preprocess""}, {""node_id"": ""2901"", ""algorithm_step_name"": ""Dataset Division"", ""node_name"": ""数据划分处理"", ""node_params"": {""sampling_type"": 0, ""percentage"": 10, ""n_samples"": 15, ""replacement"": false, ""n_folds"": 10, ""selected_folds"": 1, ""replicable"": false, ""stratified"": false}, ""contrast_level"": 2, ""node_type"": ""preprocess""}, {""node_id"": ""2902"", ""algorithm_step_name"": ""LightGBM"", ""node_name"": ""LightGBM分类器"", ""node_params"": {""boosting_type"": ""gbdt"", ""n_estimators"": 10, ""learning_rate"": 0.1, ""sampling_rate"": 0.1, ""max_depth_check"": false, ""max_depth"": 3, ""num_leaves_check"": false, ""num_leaves"": 31}, ""contrast_level"": 2, ""node_type"": ""model""}, {""node_id"": ""2903"", ""algorithm_step_name"": ""Model Evaluate"", ""node_name"": ""模型评估"", ""node_params"": {}, ""contrast_level"": 1, ""node_type"": ""evaluate""}]}",1.0
数据集中没有缺失值，所以帮我把缺失值这个步骤删除掉。,1.0,3422,275,10.415995597839355,2.3797366619110107,6.428845167160034,1.6074137687683103,0,"{""edges"": [{""edge_id"": ""60109"", ""source_node_id"": ""2906"", ""target_node_id"": ""2907""}, {""edge_id"": ""60110"", ""source_node_id"": ""2906"", ""target_node_id"": ""2908""}, {""edge_id"": ""60112"", ""source_node_id"": ""2907"", ""target_node_id"": ""2908""}, {""edge_id"": ""60113"", ""source_node_id"": ""2904"", ""target_node_id"": ""2906""}], ""nodes"": [{""node_id"": ""2904"", ""widget_name"": ""File"", ""node_name"": ""鸢尾花示例数据"", ""node_params"": {""type"": ""sample"", ""filename"": ""iris.csv""}, ""matched"": true}, {""node_id"": ""2906"", ""widget_name"": ""Data Sampler"", ""node_name"": ""数据划分处理"", ""node_params"": {""sampling_type"": 0, ""percentage"": 10, ""n_samples"": 15, ""replacement"": false, ""n_folds"": 10, ""selected_folds"": 1, ""replicable"": false, ""stratified"": false}, ""matched"": true}, {""node_id"": ""2907"", ""widget_name"": ""LightGBM"", ""node_name"": ""LightGBM分类器"", ""node_params"": {""boosting_type"": ""gbdt"", ""n_estimators"": 10, ""learning_rate"": 0.1, ""sampling_rate"": 0.1, ""max_depth_check"": false, ""max_depth"": 3, ""num_leaves_check"": false, ""num_leaves"": 31}, ""matched"": true}, {""node_id"": ""2908"", ""widget_name"": ""Test & Score"", ""node_name"": ""模型评估"", ""node_params"": {}, ""matched"": true}]}","{""dependency_requirements"": [{""edge_id"": ""2387"", ""source_node_id"": ""2906"", ""target_node_id"": ""2907""}, {""edge_id"": ""2388"", ""source_node_id"": ""2906"", ""target_node_id"": ""2908""}, {""edge_id"": ""2390"", ""source_node_id"": ""2907"", ""target_node_id"": ""2908""}, {""edge_id"": ""2391"", ""source_node_id"": ""2904"", ""target_node_id"": ""2906""}], ""step_requirements"": [{""node_id"": ""2904"", ""algorithm_step_name"": ""Tabular Dataset Loading"", ""node_name"": ""鸢尾花示例数据"", ""node_params"": {""type"": ""sample"", ""filename"": ""iris.csv""}, ""contrast_level"": 2, ""node_type"": ""io""}, {""node_id"": ""2906"", ""algorithm_step_name"": ""Dataset Division"", ""node_name"": ""数据划分处理"", ""node_params"": {""sampling_type"": 0, ""percentage"": 10, ""n_samples"": 15, ""replacement"": false, ""n_folds"": 10, ""selected_folds"": 1, ""replicable"": false, ""stratified"": false}, ""contrast_level"": 2, ""node_type"": ""preprocess""}, {""node_id"": ""2907"", ""algorithm_step_name"": ""LightGBM"", ""node_name"": ""LightGBM分类器"", ""node_params"": {""boosting_type"": ""gbdt"", ""n_estimators"": 10, ""learning_rate"": 0.1, ""sampling_rate"": 0.1, ""max_depth_check"": false, ""max_depth"": 3, ""num_leaves_check"": false, ""num_leaves"": 31}, ""contrast_level"": 2, ""node_type"": ""model""}, {""node_id"": ""2908"", ""algorithm_step_name"": ""Model Evaluate"", ""node_name"": ""模型评估"", ""node_params"": {}, ""contrast_level"": 2, ""node_type"": ""evaluate""}]}",1.0
删除工作流中的KNN模型。,1.0,3460,256,12.367833852767944,2.3380684852600098,8.423994302749634,1.6057710647583008,0,"{""edges"": [{""edge_id"": ""60114"", ""source_node_id"": ""2914"", ""target_node_id"": ""2915""}, {""edge_id"": ""60115"", ""source_node_id"": ""2915"", ""target_node_id"": ""2916""}, {""edge_id"": ""60117"", ""source_node_id"": ""2915"", ""target_node_id"": ""2918""}, {""edge_id"": ""60119"", ""source_node_id"": ""2916"", ""target_node_id"": ""2918""}], ""nodes"": [{""node_id"": ""2914"", ""widget_name"": ""File"", ""node_name"": ""鸢尾花示例数据"", ""node_params"": {""type"": ""sample"", ""filename"": ""iris.csv""}, ""matched"": true}, {""node_id"": ""2915"", ""widget_name"": ""Data Sampler"", ""node_name"": ""数据划分处理"", ""node_params"": {""sampling_type"": 0, ""percentage"": 10, ""n_samples"": 15, ""replacement"": false, ""n_folds"": 10, ""selected_folds"": 1, ""replicable"": false, ""stratified"": false}, ""matched"": true}, {""node_id"": ""2916"", ""widget_name"": ""LightGBM"", ""node_name"": ""LightGBM分类器"", ""node_params"": {""boosting_type"": ""gbdt"", ""n_estimators"": 10, ""learning_rate"": 0.1, ""sampling_rate"": 0.1, ""max_depth_check"": false, ""max_depth"": 3, ""num_leaves_check"": false, ""num_leaves"": 31}, ""matched"": true}, {""node_id"": ""2918"", ""widget_name"": ""Test & Score"", ""node_name"": ""模型评估"", ""node_params"": {}, ""matched"": true}]}","{""dependency_requirements"": [{""edge_id"": ""2399"", ""source_node_id"": ""2914"", ""target_node_id"": ""2915""}, {""edge_id"": ""2400"", ""source_node_id"": ""2915"", ""target_node_id"": ""2916""}, {""edge_id"": ""2402"", ""source_node_id"": ""2915"", ""target_node_id"": ""2918""}, {""edge_id"": ""2404"", ""source_node_id"": ""2916"", ""target_node_id"": ""2918""}], ""step_requirements"": [{""node_id"": ""2914"", ""algorithm_step_name"": ""Tabular Dataset Loading"", ""node_name"": ""鸢尾花示例数据"", ""node_params"": {""type"": ""sample"", ""filename"": ""iris.csv""}, ""contrast_level"": 2, ""node_type"": ""io""}, {""node_id"": ""2915"", ""algorithm_step_name"": ""Dataset Division"", ""node_name"": ""数据划分处理"", ""node_params"": {""sampling_type"": 0, ""percentage"": 10, ""n_samples"": 15, ""replacement"": false, ""n_folds"": 10, ""selected_folds"": 1, ""replicable"": false, ""stratified"": false}, ""contrast_level"": 2, ""node_type"": ""preprocess""}, {""node_id"": ""2916"", ""algorithm_step_name"": ""LightGBM"", ""node_name"": ""LightGBM分类器"", ""node_params"": {""boosting_type"": ""gbdt"", ""n_estimators"": 10, ""learning_rate"": 0.1, ""sampling_rate"": 0.1, ""max_depth_check"": false, ""max_depth"": 3, ""num_leaves_check"": false, ""num_leaves"": 31}, ""contrast_level"": 2, ""node_type"": ""model""}, {""node_id"": ""2918"", ""algorithm_step_name"": ""Model Evaluate"", ""node_name"": ""模型评估"", ""node_params"": {}, ""contrast_level"": 2, ""node_type"": ""evaluate""}]}",1.0
帮我把工作流中的缺失值处理步骤和多余的KNN模型都删除掉,1.0,5540,450,20.389275312423703,3.450911521911621,14.672785997390749,2.265577793121338,0,"{""edges"": [{""edge_id"": ""60123"", ""source_node_id"": ""2921"", ""target_node_id"": ""2922""}, {""edge_id"": ""60125"", ""source_node_id"": ""2921"", ""target_node_id"": ""2924""}, {""edge_id"": ""60127"", ""source_node_id"": ""2922"", ""target_node_id"": ""2924""}, {""edge_id"": ""60129"", ""source_node_id"": ""2919"", ""target_node_id"": ""2921""}], ""nodes"": [{""node_id"": ""2919"", ""widget_name"": ""File"", ""node_name"": ""鸢尾花示例数据"", ""node_params"": {""type"": ""sample"", ""filename"": ""iris.csv""}, ""matched"": true}, {""node_id"": ""2921"", ""widget_name"": ""Data Sampler"", ""node_name"": ""数据划分处理"", ""node_params"": {""sampling_type"": 0, ""percentage"": 10, ""n_samples"": 15, ""replacement"": false, ""n_folds"": 10, ""selected_folds"": 1, ""replicable"": false, ""stratified"": false}, ""matched"": true}, {""node_id"": ""2922"", ""widget_name"": ""LightGBM"", ""node_name"": ""LightGBM分类器"", ""node_params"": {""boosting_type"": ""gbdt"", ""n_estimators"": 10, ""learning_rate"": 0.1, ""sampling_rate"": 0.1, ""max_depth_check"": false, ""max_depth"": 3, ""num_leaves_check"": false, ""num_leaves"": 31}, ""matched"": true}, {""node_id"": ""2924"", ""widget_name"": ""Test & Score"", ""node_name"": ""模型评估"", ""node_params"": {}, ""matched"": true}]}","{""dependency_requirements"": [{""edge_id"": ""2408"", ""source_node_id"": ""2921"", ""target_node_id"": ""2922""}, {""edge_id"": ""2410"", ""source_node_id"": ""2921"", ""target_node_id"": ""2924""}, {""edge_id"": ""2412"", ""source_node_id"": ""2922"", ""target_node_id"": ""2924""}, {""edge_id"": ""2414"", ""source_node_id"": ""2919"", ""target_node_id"": ""2921""}], ""step_requirements"": [{""node_id"": ""2919"", ""algorithm_step_name"": ""Tabular Dataset Loading"", ""node_name"": ""鸢尾花示例数据"", ""node_params"": {""type"": ""sample"", ""filename"": ""iris.csv""}, ""contrast_level"": 2, ""node_type"": ""io""}, {""node_id"": ""2921"", ""algorithm_step_name"": ""Dataset Division"", ""node_name"": ""数据划分处理"", ""node_params"": {""sampling_type"": 0, ""percentage"": 10, ""n_samples"": 15, ""replacement"": false, ""n_folds"": 10, ""selected_folds"": 1, ""replicable"": false, ""stratified"": false}, ""contrast_level"": 2, ""node_type"": ""preprocess""}, {""node_id"": ""2922"", ""algorithm_step_name"": ""LightGBM"", ""node_name"": ""LightGBM分类器"", ""node_params"": {""boosting_type"": ""gbdt"", ""n_estimators"": 10, ""learning_rate"": 0.1, ""sampling_rate"": 0.1, ""max_depth_check"": false, ""max_depth"": 3, ""num_leaves_check"": false, ""num_leaves"": 31}, ""contrast_level"": 2, ""node_type"": ""model""}, {""node_id"": ""2924"", ""algorithm_step_name"": ""Model Evaluate"", ""node_name"": ""模型评估"", ""node_params"": {}, ""contrast_level"": 2, ""node_type"": ""evaluate""}]}",1.0
在数据抽样之前添加一个特征选择步骤，然后把数据抽样的抽样比例设置为抽取30%。,1.0,5231,523,16.866149425506592,3.6646459102630615,9.781905889511108,3.419597625732422,0,"{""edges"": [{""edge_id"": ""60130"", ""source_node_id"": ""2991"", ""target_node_id"": ""2988""}, {""edge_id"": ""60131"", ""source_node_id"": ""2988"", ""target_node_id"": ""2989""}, {""edge_id"": ""60132"", ""source_node_id"": ""2988"", ""target_node_id"": ""2990""}, {""edge_id"": ""60133"", ""source_node_id"": ""2989"", ""target_node_id"": ""2990""}, {""edge_id"": ""60134"", ""source_node_id"": ""2987"", ""target_node_id"": ""2991""}], ""nodes"": [{""node_id"": ""2987"", ""widget_name"": ""File"", ""node_name"": ""鸢尾花示例数据"", ""node_params"": {""type"": ""sample"", ""filename"": ""iris.csv""}, ""matched"": true}, {""node_id"": ""2988"", ""widget_name"": ""Data Sampler"", ""node_name"": ""数据划分处理"", ""node_params"": {""sampling_type"": 0, ""percentage"": 30, ""n_samples"": 15, ""replacement"": false, ""n_folds"": 10, ""selected_folds"": 1, ""replicable"": false, ""stratified"": false}, ""matched"": true}, {""node_id"": ""2989"", ""widget_name"": ""LightGBM"", ""node_name"": ""LightGBM分类器"", ""node_params"": {""boosting_type"": ""gbdt"", ""n_estimators"": 10, ""learning_rate"": 0.1, ""sampling_rate"": 0.1, ""max_depth_check"": false, ""max_depth"": 3, ""num_leaves_check"": false, ""num_leaves"": 31}, ""matched"": true}, {""node_id"": ""2990"", ""widget_name"": ""Predictions"", ""node_name"": ""预测"", ""node_params"": {""output_attrs"": true, ""output_predictions"": true, ""output_probabilities"": false}, ""matched"": true}, {""node_id"": ""2991"", ""widget_name"": ""Select Best N Attributes"", ""node_name"": ""特征选择"", ""node_params"": {""n"": 3}, ""matched"": true}]}","{""dependency_requirements"": [{""edge_id"": ""2485"", ""source_node_id"": ""2991"", ""target_node_id"": ""2988""}, {""edge_id"": ""2486"", ""source_node_id"": ""2988"", ""target_node_id"": ""2989""}, {""edge_id"": ""2487"", ""source_node_id"": ""2988"", ""target_node_id"": ""2990""}, {""edge_id"": ""2488"", ""source_node_id"": ""2989"", ""target_node_id"": ""2990""}, {""edge_id"": ""2489"", ""source_node_id"": ""2987"", ""target_node_id"": ""2991""}], ""step_requirements"": [{""node_id"": ""2987"", ""algorithm_step_name"": ""Tabular Dataset Loading"", ""node_name"": ""鸢尾花示例数据"", ""node_params"": {""type"": ""sample"", ""filename"": ""iris.csv""}, ""contrast_level"": 2, ""node_type"": ""io""}, {""node_id"": ""2988"", ""algorithm_step_name"": ""Dataset Division"", ""node_name"": ""数据划分处理"", ""node_params"": {""sampling_type"": 0, ""percentage"": 30, ""n_samples"": 15, ""replacement"": false, ""n_folds"": 10, ""selected_folds"": 1, ""replicable"": false, ""stratified"": false}, ""contrast_level"": 2, ""node_type"": ""preprocess""}, {""node_id"": ""2989"", ""algorithm_step_name"": ""LightGBM"", ""node_name"": ""LightGBM分类器"", ""node_params"": {""boosting_type"": ""gbdt"", ""n_estimators"": 10, ""learning_rate"": 0.1, ""sampling_rate"": 0.1, ""max_depth_check"": false, ""max_depth"": 3, ""num_leaves_check"": false, ""num_leaves"": 31}, ""contrast_level"": 2, ""node_type"": ""model""}, {""node_id"": ""2990"", ""algorithm_step_name"": ""Test Dataset Predictions"", ""node_name"": ""预测"", ""node_params"": {""output_attrs"": true, ""output_predictions"": true, ""output_probabilities"": false}, ""contrast_level"": 2, ""node_type"": ""predict""}, {""node_id"": ""2991"", ""algorithm_step_name"": ""Feature Selection"", ""node_name"": ""自动特征选择"", ""node_params"": {}, ""contrast_level"": 1, ""node_type"": ""feature engineering""}]}",1.0
帮我把数据划分的比例改为5:5，最后还需要你添加一个步骤帮我把预测结果保存。,1.0,5642,384,14.080536603927612,3.388686180114746,8.537455797195435,2.154394626617432,0,"{""edges"": [{""edge_id"": ""60135"", ""source_node_id"": ""2982"", ""target_node_id"": ""2983""}, {""edge_id"": ""60136"", ""source_node_id"": ""2983"", ""target_node_id"": ""2984""}, {""edge_id"": ""60137"", ""source_node_id"": ""2983"", ""target_node_id"": ""2985""}, {""edge_id"": ""60138"", ""source_node_id"": ""2984"", ""target_node_id"": ""2985""}, {""edge_id"": ""60139"", ""source_node_id"": ""2985"", ""target_node_id"": ""2986""}], ""nodes"": [{""node_id"": ""2982"", ""widget_name"": ""File"", ""node_name"": ""鸢尾花示例数据"", ""node_params"": {""type"": ""sample"", ""filename"": ""iris.csv""}, ""matched"": true}, {""node_id"": ""2983"", ""widget_name"": ""Data Sampler"", ""node_name"": ""数据划分处理"", ""node_params"": {""sampling_type"": 0, ""percentage"": 50, ""n_samples"": 15, ""replacement"": false, ""n_folds"": 10, ""selected_folds"": 1, ""replicable"": false, ""stratified"": false}, ""matched"": true}, {""node_id"": ""2984"", ""widget_name"": ""LightGBM"", ""node_name"": ""LightGBM分类器"", ""node_params"": {""boosting_type"": ""gbdt"", ""n_estimators"": 10, ""learning_rate"": 0.1, ""sampling_rate"": 0.1, ""max_depth_check"": false, ""max_depth"": 3, ""num_leaves_check"": false, ""num_leaves"": 31}, ""matched"": true}, {""node_id"": ""2985"", ""widget_name"": ""Predictions"", ""node_name"": ""预测"", ""node_params"": {""output_attrs"": true, ""output_predictions"": true, ""output_probabilities"": false}, ""matched"": true}, {""node_id"": ""2986"", ""widget_name"": ""Save Data"", ""node_name"": ""保存预测结果"", ""node_params"": {}, ""matched"": true}]}","{""dependency_requirements"": [{""edge_id"": ""2480"", ""source_node_id"": ""2982"", ""target_node_id"": ""2983""}, {""edge_id"": ""2481"", ""source_node_id"": ""2983"", ""target_node_id"": ""2984""}, {""edge_id"": ""2482"", ""source_node_id"": ""2983"", ""target_node_id"": ""2985""}, {""edge_id"": ""2483"", ""source_node_id"": ""2984"", ""target_node_id"": ""2985""}, {""edge_id"": ""2484"", ""source_node_id"": ""2985"", ""target_node_id"": ""2986""}], ""step_requirements"": [{""node_id"": ""2982"", ""algorithm_step_name"": ""Tabular Dataset Loading"", ""node_name"": ""鸢尾花示例数据"", ""node_params"": {""type"": ""sample"", ""filename"": ""iris.csv""}, ""contrast_level"": 2, ""node_type"": ""io""}, {""node_id"": ""2983"", ""algorithm_step_name"": ""Dataset Division"", ""node_name"": ""数据划分处理"", ""node_params"": {""sampling_type"": 0, ""percentage"": 50, ""n_samples"": 15, ""replacement"": false, ""n_folds"": 10, ""selected_folds"": 1, ""replicable"": false, ""stratified"": false}, ""contrast_level"": 2, ""node_type"": ""preprocess""}, {""node_id"": ""2984"", ""algorithm_step_name"": ""LightGBM"", ""node_name"": ""LightGBM分类器"", ""node_params"": {""boosting_type"": ""gbdt"", ""n_estimators"": 10, ""learning_rate"": 0.1, ""sampling_rate"": 0.1, ""max_depth_check"": false, ""max_depth"": 3, ""num_leaves_check"": false, ""num_leaves"": 31}, ""contrast_level"": 2, ""node_type"": ""model""}, {""node_id"": ""2985"", ""algorithm_step_name"": ""Test Dataset Predictions"", ""node_name"": ""预测"", ""node_params"": {""output_attrs"": true, ""output_predictions"": true, ""output_probabilities"": false}, ""contrast_level"": 2, ""node_type"": ""predict""}, {""node_id"": ""2986"", ""algorithm_step_name"": ""Save Data"", ""node_name"": ""Save Data"", ""node_params"": {}, ""contrast_level"": 1, ""node_type"": ""io""}]}",1.0
帮我把目标检测使用的模型换成SSD，学习率使用0.02。最后，我还需要查看训练日志。,0.75,4713,620,21.79921197891236,3.4166808128356934,13.314669609069824,5.067861557006836,0,"{""edges"": [{""edge_id"": ""60140"", ""source_node_id"": ""2998"", ""target_node_id"": ""2999""}], ""nodes"": [{""node_id"": ""2998"", ""widget_name"": ""Image"", ""node_name"": ""猫狗图像数据"", ""node_params"": {}, ""matched"": true}, {""node_id"": ""2999"", ""widget_name"": ""Object Detection"", ""node_name"": ""目标检测"", ""node_params"": {""frame"": ""pytorch"", ""select_model"": ""SSD"", ""backbone"": ""DarkNet53"", ""epoch"": 3, ""learning_rate"": 0.02, ""batch_size"": 2}, ""matched"": true}]}","{""dependency_requirements"": [{""edge_id"": ""2495"", ""source_node_id"": ""2998"", ""target_node_id"": ""2999""}, {""edge_id"": ""2496"", ""source_node_id"": ""2999"", ""target_node_id"": ""3000""}], ""step_requirements"": [{""node_id"": ""2998"", ""algorithm_step_name"": ""Image Dataset Loading"", ""node_name"": ""猫狗图像数据"", ""node_params"": {}, ""contrast_level"": 2, ""node_type"": ""io""}, {""node_id"": ""2999"", ""algorithm_step_name"": ""Object Detection Model"", ""node_name"": ""目标检测"", ""node_params"": {""frame"": ""pytorch"", ""select_model"": ""SSD"", ""backbone"": ""DarkNet53"", ""epoch"": 3, ""learning_rate"": 0.02, ""batch_size"": 2}, ""contrast_level"": 2, ""node_type"": ""model""}, {""node_id"": ""3000"", ""algorithm_step_name"": ""Train Log"", ""node_name"": ""训练日志"", ""node_params"": {}, ""contrast_level"": 2, ""node_type"": ""visualize""}]}",0.8
帮我把缺失值处理方式修改为使用平均值填补，然后把多余的KNN模型删除掉。,1.0,5471,428,19.88318920135498,3.425473928451538,14.656270503997805,1.80144476890564,0,"{""edges"": [{""edge_id"": ""60141"", ""source_node_id"": ""2958"", ""target_node_id"": ""2959""}, {""edge_id"": ""60142"", ""source_node_id"": ""2959"", ""target_node_id"": ""2960""}, {""edge_id"": ""60143"", ""source_node_id"": ""2960"", ""target_node_id"": ""2961""}, {""edge_id"": ""60145"", ""source_node_id"": ""2960"", ""target_node_id"": ""2963""}, {""edge_id"": ""60147"", ""source_node_id"": ""2961"", ""target_node_id"": ""2963""}], ""nodes"": [{""node_id"": ""2958"", ""widget_name"": ""File"", ""node_name"": ""鸢尾花示例数据"", ""node_params"": {""type"": ""sample"", ""filename"": ""iris.csv""}, ""matched"": true}, {""node_id"": ""2959"", ""widget_name"": ""Impute"", ""node_name"": ""缺失值处理"", ""node_params"": {""method"": 2}, ""matched"": true}, {""node_id"": ""2960"", ""widget_name"": ""Data Sampler"", ""node_name"": ""数据划分处理"", ""node_params"": {""sampling_type"": 0, ""percentage"": 10, ""n_samples"": 15, ""replacement"": false, ""n_folds"": 10, ""selected_folds"": 1, ""replicable"": false, ""stratified"": false}, ""matched"": true}, {""node_id"": ""2961"", ""widget_name"": ""LightGBM"", ""node_name"": ""LightGBM分类器"", ""node_params"": {""boosting_type"": ""gbdt"", ""n_estimators"": 10, ""learning_rate"": 0.1, ""sampling_rate"": 0.1, ""max_depth_check"": false, ""max_depth"": 3, ""num_leaves_check"": false, ""num_leaves"": 31}, ""matched"": true}, {""node_id"": ""2963"", ""widget_name"": ""Test & Score"", ""node_name"": ""模型评估"", ""node_params"": {}, ""matched"": true}]}","{""dependency_requirements"": [{""edge_id"": ""2447"", ""source_node_id"": ""2958"", ""target_node_id"": ""2959""}, {""edge_id"": ""2448"", ""source_node_id"": ""2959"", ""target_node_id"": ""2960""}, {""edge_id"": ""2449"", ""source_node_id"": ""2960"", ""target_node_id"": ""2961""}, {""edge_id"": ""2451"", ""source_node_id"": ""2960"", ""target_node_id"": ""2963""}, {""edge_id"": ""2453"", ""source_node_id"": ""2961"", ""target_node_id"": ""2963""}], ""step_requirements"": [{""node_id"": ""2958"", ""algorithm_step_name"": ""Tabular Dataset Loading"", ""node_name"": ""鸢尾花示例数据"", ""node_params"": {""type"": ""sample"", ""filename"": ""iris.csv""}, ""contrast_level"": 2, ""node_type"": ""io""}, {""node_id"": ""2959"", ""algorithm_step_name"": ""Missing Value Handling"", ""node_name"": ""缺失值处理"", ""node_params"": {""method"": 2}, ""contrast_level"": 2, ""node_type"": ""preprocess""}, {""node_id"": ""2960"", ""algorithm_step_name"": ""Dataset Division"", ""node_name"": ""数据划分处理"", ""node_params"": {""sampling_type"": 0, ""percentage"": 10, ""n_samples"": 15, ""replacement"": false, ""n_folds"": 10, ""selected_folds"": 1, ""replicable"": false, ""stratified"": false}, ""contrast_level"": 2, ""node_type"": ""preprocess""}, {""node_id"": ""2961"", ""algorithm_step_name"": ""LightGBM"", ""node_name"": ""LightGBM分类器"", ""node_params"": {""boosting_type"": ""gbdt"", ""n_estimators"": 10, ""learning_rate"": 0.1, ""sampling_rate"": 0.1, ""max_depth_check"": false, ""max_depth"": 3, ""num_leaves_check"": false, ""num_leaves"": 31}, ""contrast_level"": 2, ""node_type"": ""model""}, {""node_id"": ""2963"", ""algorithm_step_name"": ""Model Evaluate"", ""node_name"": ""模型评估"", ""node_params"": {}, ""contrast_level"": 2, ""node_type"": ""evaluate""}]}",1.0
独热编码这个步骤是冗余的，帮我删除掉。在这之后还需要你将随机森林数的数量改为30，缺失值的处理方法改为用随机值填补。,1.0,7617,707,30.068939685821533,4.613672733306885,21.52066159248352,3.934605360031128,0,"{""edges"": [{""edge_id"": ""60149"", ""source_node_id"": ""3002"", ""target_node_id"": ""3003""}, {""edge_id"": ""60152"", ""source_node_id"": ""3005"", ""target_node_id"": ""3006""}, {""edge_id"": ""60153"", ""source_node_id"": ""3005"", ""target_node_id"": ""3007""}, {""edge_id"": ""60155"", ""source_node_id"": ""3006"", ""target_node_id"": ""3007""}, {""edge_id"": ""60156"", ""source_node_id"": ""3003"", ""target_node_id"": ""3005""}], ""nodes"": [{""node_id"": ""3002"", ""widget_name"": ""File"", ""node_name"": ""数据"", ""node_params"": {""type"": ""sample"", ""filename"": ""iris.csv""}, ""matched"": true}, {""node_id"": ""3003"", ""widget_name"": ""Impute"", ""node_name"": ""缺失值处理"", ""node_params"": {""method"": 4}, ""matched"": true}, {""node_id"": ""3005"", ""widget_name"": ""Data Sampler"", ""node_name"": ""数据采样"", ""node_params"": {""sampling_type"": 0, ""percentage"": 10, ""n_samples"": 15, ""replacement"": false, ""n_folds"": 10, ""selected_folds"": 1, ""replicable"": false, ""stratified"": false}, ""matched"": true}, {""node_id"": ""3006"", ""widget_name"": ""Random Forest"", ""node_name"": ""随机森林"", ""node_params"": {""n_estimators"": 30, ""use_max_features"": false, ""max_features"": ""auto"", ""use_random_state"": false, ""use_max_depth"": false, ""max_depth"": 3, ""use_min_samples_split"": true, ""min_samples_split"": 2}, ""matched"": true}, {""node_id"": ""3007"", ""widget_name"": ""Test & Score"", ""node_name"": ""测试得分"", ""node_params"": {}, ""matched"": true}]}","{""dependency_requirements"": [{""edge_id"": ""2497"", ""source_node_id"": ""3002"", ""target_node_id"": ""3003""}, {""edge_id"": ""2500"", ""source_node_id"": ""3005"", ""target_node_id"": ""3006""}, {""edge_id"": ""2501"", ""source_node_id"": ""3005"", ""target_node_id"": ""3007""}, {""edge_id"": ""2503"", ""source_node_id"": ""3006"", ""target_node_id"": ""3007""}, {""edge_id"": ""2504"", ""source_node_id"": ""3003"", ""target_node_id"": ""3005""}], ""step_requirements"": [{""node_id"": ""3002"", ""algorithm_step_name"": ""Tabular Dataset Loading"", ""node_name"": ""数据"", ""node_params"": {""type"": ""sample"", ""filename"": ""iris.csv""}, ""contrast_level"": 2, ""node_type"": ""io""}, {""node_id"": ""3003"", ""algorithm_step_name"": ""Missing Value Handling"", ""node_name"": ""缺失值处理"", ""node_params"": {""method"": 4}, ""contrast_level"": 2, ""node_type"": ""preprocess""}, {""node_id"": ""3005"", ""algorithm_step_name"": ""Dataset Division"", ""node_name"": ""数据采样"", ""node_params"": {""sampling_type"": 0, ""percentage"": 10, ""n_samples"": 15, ""replacement"": false, ""n_folds"": 10, ""selected_folds"": 1, ""replicable"": false, ""stratified"": false}, ""contrast_level"": 2, ""node_type"": ""preprocess""}, {""node_id"": ""3006"", ""algorithm_step_name"": ""Random Forest"", ""node_name"": ""随机森林"", ""node_params"": {""n_estimators"": 30, ""use_max_features"": false, ""max_features"": ""auto"", ""use_random_state"": false, ""use_max_depth"": false, ""max_depth"": 3, ""use_min_samples_split"": true, ""min_samples_split"": 2}, ""contrast_level"": 2, ""node_type"": ""model""}, {""node_id"": ""3007"", ""algorithm_step_name"": ""Model Evaluate"", ""node_name"": ""测试得分"", ""node_params"": {}, ""contrast_level"": 2, ""node_type"": ""evaluate""}]}",1.0
帮我把多余的模型都删除掉，只留下LightGBM，并把LightGBM的学习率改为0.01。,1.0,4257,414,16.447447061538696,5.117608547210693,9.453747749328612,1.8760907649993896,0,"{""edges"": [{""edge_id"": ""60157"", ""source_node_id"": ""3032"", ""target_node_id"": ""3033""}, {""edge_id"": ""60159"", ""source_node_id"": ""3033"", ""target_node_id"": ""3035""}, {""edge_id"": ""60162"", ""source_node_id"": ""3033"", ""target_node_id"": ""3038""}, {""edge_id"": ""60165"", ""source_node_id"": ""3035"", ""target_node_id"": ""3038""}], ""nodes"": [{""node_id"": ""3032"", ""widget_name"": ""File"", ""node_name"": ""数据"", ""node_params"": {""type"": ""sample"", ""filename"": ""iris.csv""}, ""matched"": true}, {""node_id"": ""3033"", ""widget_name"": ""Data Sampler"", ""node_name"": ""数据采样"", ""node_params"": {""sampling_type"": 0, ""percentage"": 10, ""n_samples"": 15, ""replacement"": false, ""n_folds"": 10, ""selected_folds"": 1, ""replicable"": false, ""stratified"": false}, ""matched"": true}, {""node_id"": ""3035"", ""widget_name"": ""LightGBM"", ""node_name"": ""LightGBM"", ""node_params"": {""boosting_type"": ""gbdt"", ""n_estimators"": 10, ""learning_rate"": 0.01, ""sampling_rate"": 0.1, ""max_depth_check"": false, ""max_depth"": 3, ""num_leaves_check"": false, ""num_leaves"": 31}, ""matched"": true}, {""node_id"": ""3038"", ""widget_name"": ""Test & Score"", ""node_name"": ""测试得分"", ""node_params"": {}, ""matched"": true}]}","{""dependency_requirements"": [{""edge_id"": ""2536"", ""source_node_id"": ""3032"", ""target_node_id"": ""3033""}, {""edge_id"": ""2538"", ""source_node_id"": ""3033"", ""target_node_id"": ""3035""}, {""edge_id"": ""2541"", ""source_node_id"": ""3033"", ""target_node_id"": ""3038""}, {""edge_id"": ""2544"", ""source_node_id"": ""3035"", ""target_node_id"": ""3038""}], ""step_requirements"": [{""node_id"": ""3032"", ""algorithm_step_name"": ""Tabular Dataset Loading"", ""node_name"": ""数据"", ""node_params"": {""type"": ""sample"", ""filename"": ""iris.csv""}, ""contrast_level"": 2, ""node_type"": ""io""}, {""node_id"": ""3033"", ""algorithm_step_name"": ""Dataset Division"", ""node_name"": ""数据采样"", ""node_params"": {""sampling_type"": 0, ""percentage"": 10, ""n_samples"": 15, ""replacement"": false, ""n_folds"": 10, ""selected_folds"": 1, ""replicable"": false, ""stratified"": false}, ""contrast_level"": 2, ""node_type"": ""preprocess""}, {""node_id"": ""3035"", ""algorithm_step_name"": ""LightGBM"", ""node_name"": ""LightGBM"", ""node_params"": {""boosting_type"": ""gbdt"", ""n_estimators"": 10, ""learning_rate"": 0.01, ""sampling_rate"": 0.1, ""max_depth_check"": false, ""max_depth"": 3, ""num_leaves_check"": false, ""num_leaves"": 31}, ""contrast_level"": 2, ""node_type"": ""model""}, {""node_id"": ""3038"", ""algorithm_step_name"": ""Model Evaluate"", ""node_name"": ""测试得分"", ""node_params"": {}, ""contrast_level"": 2, ""node_type"": ""evaluate""}]}",1.0
帮我把LightGBM模型更换为XGBoost。,0.9,3639,263,12.748498678207396,2.484729051589966,8.684531688690186,1.579237937927246,0,"{""edges"": [{""edge_id"": ""60168"", ""source_node_id"": ""2964"", ""target_node_id"": ""2965""}, {""edge_id"": ""60169"", ""source_node_id"": ""2965"", ""target_node_id"": ""2966""}, {""edge_id"": ""60171"", ""source_node_id"": ""2966"", ""target_node_id"": ""2968""}, {""edge_id"": ""60174"", ""source_node_id"": ""2966"", ""target_node_id"": ""2969""}], ""nodes"": [{""node_id"": ""2964"", ""widget_name"": ""File"", ""node_name"": ""鸢尾花示例数据"", ""node_params"": {""type"": ""sample"", ""filename"": ""iris.csv""}, ""matched"": true}, {""node_id"": ""2965"", ""widget_name"": ""Impute"", ""node_name"": ""缺失值处理"", ""node_params"": {""method"": 1}, ""matched"": true}, {""node_id"": ""2966"", ""widget_name"": ""Data Sampler"", ""node_name"": ""数据划分处理"", ""node_params"": {""sampling_type"": 0, ""percentage"": 10, ""n_samples"": 15, ""replacement"": false, ""n_folds"": 10, ""selected_folds"": 1, ""replicable"": false, ""stratified"": false}, ""matched"": true}, {""node_id"": ""2968"", ""widget_name"": ""Test & Score"", ""node_name"": ""模型评估"", ""node_params"": {}, ""matched"": true}, {""node_id"": ""2969"", ""widget_name"": ""XGBoost"", ""node_name"": ""XGBoost分类器"", ""node_params"": {""booster"": ""gbtree"", ""learning_rate"": 0.3, ""gamma"": 0, ""max_depth"": 6, ""min_child_widget"": 1, ""max_delta_step"": 0, ""subsample"": 1, ""sampling_method"": ""uniform"", ""lambda"": 1, ""alpha"": 0, ""tree_method"": ""auto"", ""scale_pos_weight"": 1, ""updater"": ""grow_colmaker"", ""process_type"": ""default"", ""grow_policy"": ""depthwise""}, ""matched"": true}]}","{""dependency_requirements"": [{""edge_id"": ""2455"", ""source_node_id"": ""2964"", ""target_node_id"": ""2965""}, {""edge_id"": ""2456"", ""source_node_id"": ""2965"", ""target_node_id"": ""2966""}, {""edge_id"": ""2458"", ""source_node_id"": ""2966"", ""target_node_id"": ""2968""}, {""edge_id"": ""2461"", ""source_node_id"": ""2966"", ""target_node_id"": ""2969""}, {""edge_id"": ""2462"", ""source_node_id"": ""2969"", ""target_node_id"": ""2968""}], ""step_requirements"": [{""node_id"": ""2964"", ""algorithm_step_name"": ""Tabular Dataset Loading"", ""node_name"": ""鸢尾花示例数据"", ""node_params"": {""type"": ""sample"", ""filename"": ""iris.csv""}, ""contrast_level"": 2, ""node_type"": ""io""}, {""node_id"": ""2965"", ""algorithm_step_name"": ""Missing Value Handling"", ""node_name"": ""缺失值处理"", ""node_params"": {""method"": 1}, ""contrast_level"": 2, ""node_type"": ""preprocess""}, {""node_id"": ""2966"", ""algorithm_step_name"": ""Dataset Division"", ""node_name"": ""数据划分处理"", ""node_params"": {""sampling_type"": 0, ""percentage"": 10, ""n_samples"": 15, ""replacement"": false, ""n_folds"": 10, ""selected_folds"": 1, ""replicable"": false, ""stratified"": false}, ""contrast_level"": 2, ""node_type"": ""preprocess""}, {""node_id"": ""2968"", ""algorithm_step_name"": ""Model Evaluate"", ""node_name"": ""模型评估"", ""node_params"": {}, ""contrast_level"": 2, ""node_type"": ""evaluate""}, {""node_id"": ""2969"", ""algorithm_step_name"": ""XGBoost"", ""node_name"": ""XGBoost分类器"", ""node_params"": {}, ""contrast_level"": 1, ""node_type"": ""model""}]}",0.8
我不需要对模型进行评估了，帮我把模型评估组件换成预测组件。,0.5,6671,631,16.941751718521118,2.696425676345825,3.76999831199646,10.475327730178831,0,"{""edges"": [{""edge_id"": ""60175"", ""source_node_id"": ""2970"", ""target_node_id"": ""2971""}], ""nodes"": [{""node_id"": ""2970"", ""widget_name"": ""File"", ""node_name"": ""鸢尾花示例数据"", ""node_params"": {""type"": ""sample"", ""filename"": ""iris.csv""}, ""matched"": true}, {""node_id"": ""2971"", ""widget_name"": ""Impute"", ""node_name"": ""缺失值处理"", ""node_params"": {""method"": 1}, ""matched"": true}]}","{""dependency_requirements"": [{""edge_id"": ""2463"", ""source_node_id"": ""2970"", ""target_node_id"": ""2971""}, {""edge_id"": ""2464"", ""source_node_id"": ""2971"", ""target_node_id"": ""2972""}, {""edge_id"": ""2465"", ""source_node_id"": ""2972"", ""target_node_id"": ""2973""}, {""edge_id"": ""2469"", ""source_node_id"": ""2972"", ""target_node_id"": ""2975""}, {""edge_id"": ""2470"", ""source_node_id"": ""2973"", ""target_node_id"": ""2975""}], ""step_requirements"": [{""node_id"": ""2970"", ""algorithm_step_name"": ""Tabular Dataset Loading"", ""node_name"": ""鸢尾花示例数据"", ""node_params"": {""type"": ""sample"", ""filename"": ""iris.csv""}, ""contrast_level"": 2, ""node_type"": ""io""}, {""node_id"": ""2971"", ""algorithm_step_name"": ""Missing Value Handling"", ""node_name"": ""缺失值处理"", ""node_params"": {""method"": 1}, ""contrast_level"": 2, ""node_type"": ""preprocess""}, {""node_id"": ""2972"", ""algorithm_step_name"": ""Dataset Division"", ""node_name"": ""数据划分处理"", ""node_params"": {""sampling_type"": 0, ""percentage"": 10, ""n_samples"": 15, ""replacement"": false, ""n_folds"": 10, ""selected_folds"": 1, ""replicable"": false, ""stratified"": false}, ""contrast_level"": 2, ""node_type"": ""preprocess""}, {""node_id"": ""2973"", ""algorithm_step_name"": ""LightGBM"", ""node_name"": ""LightGBM分类器"", ""node_params"": {""boosting_type"": ""gbdt"", ""n_estimators"": 10, ""learning_rate"": 0.1, ""sampling_rate"": 0.1, ""max_depth_check"": false, ""max_depth"": 3, ""num_leaves_check"": false, ""num_leaves"": 31}, ""contrast_level"": 2, ""node_type"": ""model""}, {""node_id"": ""2975"", ""algorithm_step_name"": ""Test Dataset Predictions"", ""node_name"": ""预测"", ""node_params"": {}, ""contrast_level"": 1, ""node_type"": ""predict""}]}",0.5714
帮我把缺失值处理步骤删除掉，并换一个更好的模型。,0.8333,5196,534,22.36441373825073,3.634805679321289,14.737944602966309,3.991663455963135,0,"{""edges"": [{""edge_id"": ""60184"", ""source_node_id"": ""2978"", ""target_node_id"": ""2980""}, {""edge_id"": ""60187"", ""source_node_id"": ""2976"", ""target_node_id"": ""2978""}], ""nodes"": [{""node_id"": ""2976"", ""widget_name"": ""File"", ""node_name"": ""鸢尾花示例数据"", ""node_params"": {""type"": ""sample"", ""filename"": ""iris.csv""}, ""matched"": true}, {""node_id"": ""2978"", ""widget_name"": ""Data Sampler"", ""node_name"": ""数据划分处理"", ""node_params"": {""sampling_type"": 0, ""percentage"": 10, ""n_samples"": 15, ""replacement"": false, ""n_folds"": 10, ""selected_folds"": 1, ""replicable"": false, ""stratified"": false}, ""matched"": true}, {""node_id"": ""2980"", ""widget_name"": ""Test & Score"", ""node_name"": ""模型评估"", ""node_params"": {}, ""matched"": true}, {""node_id"": ""71874"", ""widget_name"": ""Text Classification"", ""node_name"": ""文本分类模型"", ""node_params"": {""frame"": ""pytorch"", ""select_model"": ""BERT"", ""epoch"": 3, ""learning_rate"": 0.01, ""batch_size"": 4}, ""matched"": false}]}","{""dependency_requirements"": [{""edge_id"": ""2474"", ""source_node_id"": ""2978"", ""target_node_id"": ""2980""}, {""edge_id"": ""2477"", ""source_node_id"": ""2976"", ""target_node_id"": ""2978""}, {""edge_id"": ""2478"", ""source_node_id"": ""2978"", ""target_node_id"": ""2981""}, {""edge_id"": ""2479"", ""source_node_id"": ""2981"", ""target_node_id"": ""2980""}], ""step_requirements"": [{""node_id"": ""2976"", ""algorithm_step_name"": ""Tabular Dataset Loading"", ""node_name"": ""鸢尾花示例数据"", ""node_params"": {""type"": ""sample"", ""filename"": ""iris.csv""}, ""contrast_level"": 2, ""node_type"": ""io""}, {""node_id"": ""2978"", ""algorithm_step_name"": ""Dataset Division"", ""node_name"": ""数据划分处理"", ""node_params"": {""sampling_type"": 0, ""percentage"": 10, ""n_samples"": 15, ""replacement"": false, ""n_folds"": 10, ""selected_folds"": 1, ""replicable"": false, ""stratified"": false}, ""contrast_level"": 2, ""node_type"": ""preprocess""}, {""node_id"": ""2980"", ""algorithm_step_name"": ""Model Evaluate"", ""node_name"": ""模型评估"", ""node_params"": {}, ""contrast_level"": 2, ""node_type"": ""evaluate""}, {""node_id"": ""2981"", ""algorithm_step_name"": ""XGBoost"", ""node_name"": ""XGBoost"", ""node_params"": {}, ""contrast_level"": 1, ""node_type"": ""model""}]}",0.75
我的数据集没有缺失值，所以请你帮我删除掉缺失值处理这一步，然后把数据抽样的比例改为7:3，最后帮我添加一个可视化混淆矩阵的步骤。,0.9,5027,541,19.836451530456543,4.631757020950317,12.31954836845398,2.885146141052246,0,"{""edges"": [{""edge_id"": ""60190"", ""source_node_id"": ""3047"", ""target_node_id"": ""3048""}, {""edge_id"": ""60191"", ""source_node_id"": ""3047"", ""target_node_id"": ""3049""}, {""edge_id"": ""60193"", ""source_node_id"": ""3048"", ""target_node_id"": ""3049""}, {""edge_id"": ""60194"", ""source_node_id"": ""3049"", ""target_node_id"": ""3050""}], ""nodes"": [{""node_id"": ""3045"", ""widget_name"": ""File"", ""node_name"": ""数据"", ""node_params"": {""type"": ""sample"", ""filename"": ""iris.csv""}, ""matched"": true}, {""node_id"": ""3047"", ""widget_name"": ""Data Sampler"", ""node_name"": ""数据采样"", ""node_params"": {""sampling_type"": 0, ""percentage"": 30, ""n_samples"": 15, ""replacement"": false, ""n_folds"": 10, ""selected_folds"": 1, ""replicable"": false, ""stratified"": false}, ""matched"": true}, {""node_id"": ""3048"", ""widget_name"": ""LightGBM"", ""node_name"": ""LightGBM"", ""node_params"": {""boosting_type"": ""gbdt"", ""n_estimators"": 10, ""learning_rate"": 0.1, ""sampling_rate"": 0.1, ""max_depth_check"": false, ""max_depth"": 3, ""num_leaves_check"": false, ""num_leaves"": 31}, ""matched"": true}, {""node_id"": ""3049"", ""widget_name"": ""Test & Score"", ""node_name"": ""测试得分"", ""node_params"": {}, ""matched"": true}, {""node_id"": ""3050"", ""widget_name"": ""Confusion Matrix"", ""node_name"": ""混淆矩阵"", ""node_params"": {}, ""matched"": true}]}","{""dependency_requirements"": [{""edge_id"": ""2556"", ""source_node_id"": ""3047"", ""target_node_id"": ""3048""}, {""edge_id"": ""2557"", ""source_node_id"": ""3047"", ""target_node_id"": ""3049""}, {""edge_id"": ""2559"", ""source_node_id"": ""3048"", ""target_node_id"": ""3049""}, {""edge_id"": ""2560"", ""source_node_id"": ""3045"", ""target_node_id"": ""3047""}, {""edge_id"": ""2561"", ""source_node_id"": ""3049"", ""target_node_id"": ""3050""}], ""step_requirements"": [{""node_id"": ""3045"", ""algorithm_step_name"": ""Tabular Dataset Loading"", ""node_name"": ""数据"", ""node_params"": {""type"": ""sample"", ""filename"": ""iris.csv""}, ""contrast_level"": 2, ""node_type"": ""io""}, {""node_id"": ""3047"", ""algorithm_step_name"": ""Dataset Division"", ""node_name"": ""数据采样"", ""node_params"": {""sampling_type"": 0, ""percentage"": 30, ""n_samples"": 15, ""replacement"": false, ""n_folds"": 10, ""selected_folds"": 1, ""replicable"": false, ""stratified"": false}, ""contrast_level"": 2, ""node_type"": ""preprocess""}, {""node_id"": ""3048"", ""algorithm_step_name"": ""LightGBM"", ""node_name"": ""LightGBM"", ""node_params"": {""boosting_type"": ""gbdt"", ""n_estimators"": 10, ""learning_rate"": 0.1, ""sampling_rate"": 0.1, ""max_depth_check"": false, ""max_depth"": 3, ""num_leaves_check"": false, ""num_leaves"": 31}, ""contrast_level"": 2, ""node_type"": ""model""}, {""node_id"": ""3049"", ""algorithm_step_name"": ""Model Evaluate"", ""node_name"": ""测试得分"", ""node_params"": {}, ""contrast_level"": 2, ""node_type"": ""evaluate""}, {""node_id"": ""3050"", ""algorithm_step_name"": ""Confusion Matrix"", ""node_name"": ""混淆矩阵"", ""node_params"": {}, ""contrast_level"": 2, ""node_type"": ""visualize""}]}",0.8
帮我把加载的数据集换成房价示例数据集。然后，把KNN模型给我换成XGBoost模型。,1.0,5039,327,24.72402667999268,3.458869218826294,8.338840246200562,12.92631721496582,0,"{""edges"": [{""edge_id"": ""60195"", ""source_node_id"": ""3051"", ""target_node_id"": ""3052""}, {""edge_id"": ""60197"", ""source_node_id"": ""3052"", ""target_node_id"": ""3054""}, {""edge_id"": ""60200"", ""source_node_id"": ""3052"", ""target_node_id"": ""3055""}, {""edge_id"": ""60201"", ""source_node_id"": ""3055"", ""target_node_id"": ""3054""}], ""nodes"": [{""node_id"": ""3051"", ""widget_name"": ""File"", ""node_name"": ""数据"", ""node_params"": {""type"": ""sample"", ""filename"": ""housing.csv""}, ""matched"": true}, {""node_id"": ""3052"", ""widget_name"": ""Data Sampler"", ""node_name"": ""数据采样"", ""node_params"": {""sampling_type"": 0, ""percentage"": 10, ""n_samples"": 15, ""replacement"": false, ""n_folds"": 10, ""selected_folds"": 1, ""replicable"": false, ""stratified"": false}, ""matched"": true}, {""node_id"": ""3054"", ""widget_name"": ""Test & Score"", ""node_name"": ""测试得分"", ""node_params"": {}, ""matched"": true}, {""node_id"": ""3055"", ""widget_name"": ""XGBoost"", ""node_name"": ""XGBoost"", ""node_params"": {""booster"": ""gbtree"", ""learning_rate"": 0.3, ""gamma"": 0, ""max_depth"": 6, ""min_child_widget"": 1, ""max_delta_step"": 0, ""subsample"": 1, ""sampling_method"": ""uniform"", ""lambda"": 1, ""alpha"": 0, ""tree_method"": ""auto"", ""scale_pos_weight"": 1, ""updater"": ""grow_colmaker"", ""process_type"": ""default"", ""grow_policy"": ""depthwise""}, ""matched"": true}]}","{""dependency_requirements"": [{""edge_id"": ""2562"", ""source_node_id"": ""3051"", ""target_node_id"": ""3052""}, {""edge_id"": ""2564"", ""source_node_id"": ""3052"", ""target_node_id"": ""3054""}, {""edge_id"": ""2567"", ""source_node_id"": ""3052"", ""target_node_id"": ""3055""}, {""edge_id"": ""2568"", ""source_node_id"": ""3055"", ""target_node_id"": ""3054""}], ""step_requirements"": [{""node_id"": ""3051"", ""algorithm_step_name"": ""Tabular Dataset Loading"", ""node_name"": ""数据"", ""node_params"": {""type"": ""sample"", ""filename"": ""housing.csv""}, ""contrast_level"": 2, ""node_type"": ""io""}, {""node_id"": ""3052"", ""algorithm_step_name"": ""Dataset Division"", ""node_name"": ""数据采样"", ""node_params"": {""sampling_type"": 0, ""percentage"": 10, ""n_samples"": 15, ""replacement"": false, ""n_folds"": 10, ""selected_folds"": 1, ""replicable"": false, ""stratified"": false}, ""contrast_level"": 2, ""node_type"": ""preprocess""}, {""node_id"": ""3054"", ""algorithm_step_name"": ""Model Evaluate"", ""node_name"": ""测试得分"", ""node_params"": {}, ""contrast_level"": 2, ""node_type"": ""evaluate""}, {""node_id"": ""3055"", ""algorithm_step_name"": ""XGBoost"", ""node_name"": ""XGBoost"", ""node_params"": {}, ""contrast_level"": 1, ""node_type"": ""model""}]}",1.0
帮我把连续化处理换成特征选择，KNN的邻节点个数改为7。,1.0,4836,457,17.71566867828369,3.604837417602539,11.480718612670898,2.630112648010254,0,"{""edges"": [{""edge_id"": ""60204"", ""source_node_id"": ""3067"", ""target_node_id"": ""3068""}, {""edge_id"": ""60205"", ""source_node_id"": ""3067"", ""target_node_id"": ""3069""}, {""edge_id"": ""60207"", ""source_node_id"": ""3068"", ""target_node_id"": ""3069""}, {""edge_id"": ""60208"", ""source_node_id"": ""3065"", ""target_node_id"": ""3070""}, {""edge_id"": ""60209"", ""source_node_id"": ""3070"", ""target_node_id"": ""3067""}], ""nodes"": [{""node_id"": ""3065"", ""widget_name"": ""File"", ""node_name"": ""数据"", ""node_params"": {""type"": ""sample"", ""filename"": ""iris.csv""}, ""matched"": true}, {""node_id"": ""3067"", ""widget_name"": ""Data Sampler"", ""node_name"": ""数据采样"", ""node_params"": {""sampling_type"": 0, ""percentage"": 10, ""n_samples"": 15, ""replacement"": false, ""n_folds"": 10, ""selected_folds"": 1, ""replicable"": false, ""stratified"": false}, ""matched"": true}, {""node_id"": ""3068"", ""widget_name"": ""KNN"", ""node_name"": ""KNN"", ""node_params"": {""n_neighbors"": 7, ""metric"": ""euclidean"", ""weights"": ""uniform""}, ""matched"": true}, {""node_id"": ""3069"", ""widget_name"": ""Test & Score"", ""node_name"": ""测试得分"", ""node_params"": {}, ""matched"": true}, {""node_id"": ""3070"", ""widget_name"": ""Select Best N Attributes"", ""node_name"": ""特征选择"", ""node_params"": {""n"": 3}, ""matched"": true}]}","{""dependency_requirements"": [{""edge_id"": ""2576"", ""source_node_id"": ""3067"", ""target_node_id"": ""3068""}, {""edge_id"": ""2577"", ""source_node_id"": ""3067"", ""target_node_id"": ""3069""}, {""edge_id"": ""2579"", ""source_node_id"": ""3068"", ""target_node_id"": ""3069""}, {""edge_id"": ""2580"", ""source_node_id"": ""3065"", ""target_node_id"": ""3070""}, {""edge_id"": ""2581"", ""source_node_id"": ""3070"", ""target_node_id"": ""3067""}], ""step_requirements"": [{""node_id"": ""3065"", ""algorithm_step_name"": ""Tabular Dataset Loading"", ""node_name"": ""数据"", ""node_params"": {""type"": ""sample"", ""filename"": ""iris.csv""}, ""contrast_level"": 2, ""node_type"": ""io""}, {""node_id"": ""3067"", ""algorithm_step_name"": ""Dataset Division"", ""node_name"": ""数据采样"", ""node_params"": {""sampling_type"": 0, ""percentage"": 10, ""n_samples"": 15, ""replacement"": false, ""n_folds"": 10, ""selected_folds"": 1, ""replicable"": false, ""stratified"": false}, ""contrast_level"": 2, ""node_type"": ""preprocess""}, {""node_id"": ""3068"", ""algorithm_step_name"": ""KNN"", ""node_name"": ""KNN"", ""node_params"": {""n_neighbors"": 7, ""metric"": ""euclidean"", ""weights"": ""uniform""}, ""contrast_level"": 2, ""node_type"": ""model""}, {""node_id"": ""3069"", ""algorithm_step_name"": ""Model Evaluate"", ""node_name"": ""测试得分"", ""node_params"": {}, ""contrast_level"": 2, ""node_type"": ""evaluate""}, {""node_id"": ""3070"", ""algorithm_step_name"": ""Feature Selection"", ""node_name"": ""特征选择"", ""node_params"": {}, ""contrast_level"": 1, ""node_type"": ""feature engineering""}]}",1.0
帮我把加载的鸢尾花示例数据修改为加载房价示例数据集。,1.0,2045,127,13.61747407913208,2.70823621749878,0.0,10.9092378616333,0,"{""edges"": [{""edge_id"": ""60210"", ""source_node_id"": ""2895"", ""target_node_id"": ""2896""}], ""nodes"": [{""node_id"": ""2895"", ""widget_name"": ""File"", ""node_name"": ""鸢尾花示例数据"", ""node_params"": {""type"": ""sample"", ""filename"": ""housing.csv""}, ""matched"": true}, {""node_id"": ""2896"", ""widget_name"": ""LightGBM"", ""node_name"": ""LightGBM分类器"", ""node_params"": {""boosting_type"": ""gbdt"", ""n_estimators"": 10, ""learning_rate"": 0.1, ""sampling_rate"": 0.1, ""max_depth_check"": false, ""max_depth"": 3, ""num_leaves_check"": false, ""num_leaves"": 31}, ""matched"": true}]}","{""dependency_requirements"": [{""edge_id"": ""2376"", ""source_node_id"": ""2895"", ""target_node_id"": ""2896""}], ""step_requirements"": [{""node_id"": ""2895"", ""algorithm_step_name"": ""Tabular Dataset Loading"", ""node_name"": ""鸢尾花示例数据"", ""node_params"": {""type"": ""sample"", ""filename"": ""housing.csv""}, ""contrast_level"": 2, ""node_type"": ""io""}, {""node_id"": ""2896"", ""algorithm_step_name"": ""LightGBM"", ""node_name"": ""LightGBM分类器"", ""node_params"": {""boosting_type"": ""gbdt"", ""n_estimators"": 10, ""learning_rate"": 0.1, ""sampling_rate"": 0.1, ""max_depth_check"": false, ""max_depth"": 3, ""num_leaves_check"": false, ""num_leaves"": 31}, ""contrast_level"": 2, ""node_type"": ""model""}]}",1.0
帮我把LightGBM模型的学习器类型重新设置为rf，学习率修改为0.01。,1.0,2590,254,11.93661642074585,2.809787511825561,7.9550621509552,1.171766757965088,0,"{""edges"": [{""edge_id"": ""60211"", ""source_node_id"": ""2895"", ""target_node_id"": ""2896""}], ""nodes"": [{""node_id"": ""2895"", ""widget_name"": ""File"", ""node_name"": ""鸢尾花示例数据"", ""node_params"": {""type"": ""sample"", ""filename"": ""iris.csv""}, ""matched"": true}, {""node_id"": ""2896"", ""widget_name"": ""LightGBM"", ""node_name"": ""LightGBM分类器"", ""node_params"": {""boosting_type"": ""rf"", ""n_estimators"": 10, ""learning_rate"": 0.01, ""sampling_rate"": 0.1, ""max_depth_check"": false, ""max_depth"": 3, ""num_leaves_check"": false, ""num_leaves"": 31}, ""matched"": true}]}","{""dependency_requirements"": [{""edge_id"": ""2376"", ""source_node_id"": ""2895"", ""target_node_id"": ""2896""}], ""step_requirements"": [{""node_id"": ""2895"", ""algorithm_step_name"": ""Tabular Dataset Loading"", ""node_name"": ""鸢尾花示例数据"", ""node_params"": {""type"": ""sample"", ""filename"": ""iris.csv""}, ""contrast_level"": 2, ""node_type"": ""io""}, {""node_id"": ""2896"", ""algorithm_step_name"": ""LightGBM"", ""node_name"": ""LightGBM分类器"", ""node_params"": {""boosting_type"": ""rf"", ""n_estimators"": 10, ""learning_rate"": 0.01, ""sampling_rate"": 0.1, ""max_depth_check"": false, ""max_depth"": 3, ""num_leaves_check"": false, ""num_leaves"": 31}, ""contrast_level"": 2, ""node_type"": ""model""}]}",1.0
帮我添加一个缺失值处理步骤，以便对鸢尾花数据进行缺失值处理,0.8,2686,322,11.544971227645874,2.5386595726013184,6.522012710571289,2.4842989444732666,0,"{""edges"": [{""edge_id"": ""60213"", ""source_node_id"": ""5157"", ""target_node_id"": ""5159""}], ""nodes"": [{""node_id"": ""5157"", ""widget_name"": ""File"", ""node_name"": ""鸢尾花示例数据"", ""node_params"": {""type"": ""sample"", ""filename"": ""iris.csv""}, ""matched"": true}, {""node_id"": ""5158"", ""widget_name"": ""LightGBM"", ""node_name"": ""LightGBM分类器"", ""node_params"": {""boosting_type"": ""gbdt"", ""n_estimators"": 10, ""learning_rate"": 0.1, ""sampling_rate"": 0.1, ""max_depth_check"": false, ""max_depth"": 3, ""num_leaves_check"": false, ""num_leaves"": 31}, ""matched"": true}, {""node_id"": ""5159"", ""widget_name"": ""Impute"", ""node_name"": ""缺失值处理"", ""node_params"": {""method"": 1}, ""matched"": true}]}","{""dependency_requirements"": [{""edge_id"": ""4027"", ""source_node_id"": ""5159"", ""target_node_id"": ""5158""}, {""edge_id"": ""4028"", ""source_node_id"": ""5157"", ""target_node_id"": ""5159""}], ""step_requirements"": [{""node_id"": ""5157"", ""algorithm_step_name"": ""Tabular Dataset Loading"", ""node_name"": ""鸢尾花示例数据"", ""node_params"": {""type"": ""sample"", ""filename"": ""iris.csv""}, ""contrast_level"": 2, ""node_type"": ""io""}, {""node_id"": ""5158"", ""algorithm_step_name"": ""LightGBM"", ""node_name"": ""LightGBM分类器"", ""node_params"": {""boosting_type"": ""gbdt"", ""n_estimators"": 10, ""learning_rate"": 0.1, ""sampling_rate"": 0.1, ""max_depth_check"": false, ""max_depth"": 3, ""num_leaves_check"": false, ""num_leaves"": 31}, ""contrast_level"": 2, ""node_type"": ""model""}, {""node_id"": ""5159"", ""algorithm_step_name"": ""Missing Value Handling"", ""node_name"": ""Impute"", ""node_params"": {}, ""contrast_level"": 1, ""node_type"": ""preprocess""}]}",0.6667
帮我在模型训练之前添加一个数据划分步骤，以便将处理后的数据进行拆分。,1.0,3005,281,10.585071802139282,2.3481783866882324,5.737428188323975,2.499465227127075,0,"{""edges"": [{""edge_id"": ""60214"", ""source_node_id"": ""5160"", ""target_node_id"": ""5161""}, {""edge_id"": ""60215"", ""source_node_id"": ""5163"", ""target_node_id"": ""5162""}, {""edge_id"": ""60216"", ""source_node_id"": ""5161"", ""target_node_id"": ""5163""}], ""nodes"": [{""node_id"": ""5160"", ""widget_name"": ""File"", ""node_name"": ""鸢尾花示例数据"", ""node_params"": {""type"": ""sample"", ""filename"": ""iris.csv""}, ""matched"": true}, {""node_id"": ""5161"", ""widget_name"": ""Impute"", ""node_name"": ""缺失值填充"", ""node_params"": {""method"": 1}, ""matched"": true}, {""node_id"": ""5162"", ""widget_name"": ""LightGBM"", ""node_name"": ""LightGBM分类器"", ""node_params"": {""boosting_type"": ""gbdt"", ""n_estimators"": 10, ""learning_rate"": 0.1, ""sampling_rate"": 0.1, ""max_depth_check"": false, ""max_depth"": 3, ""num_leaves_check"": false, ""num_leaves"": 31}, ""matched"": true}, {""node_id"": ""5163"", ""widget_name"": ""Data Sampler"", ""node_name"": ""数据划分"", ""node_params"": {""sampling_type"": 0, ""percentage"": 10, ""n_samples"": 15, ""replacement"": false, ""n_folds"": 10, ""selected_folds"": 1, ""replicable"": false, ""stratified"": false}, ""matched"": true}]}","{""dependency_requirements"": [{""edge_id"": ""4029"", ""source_node_id"": ""5160"", ""target_node_id"": ""5161""}, {""edge_id"": ""4030"", ""source_node_id"": ""5163"", ""target_node_id"": ""5162""}, {""edge_id"": ""4031"", ""source_node_id"": ""5161"", ""target_node_id"": ""5163""}], ""step_requirements"": [{""node_id"": ""5160"", ""algorithm_step_name"": ""Tabular Dataset Loading"", ""node_name"": ""鸢尾花示例数据"", ""node_params"": {""type"": ""sample"", ""filename"": ""iris.csv""}, ""contrast_level"": 2, ""node_type"": ""io""}, {""node_id"": ""5161"", ""algorithm_step_name"": ""Missing Value Handling"", ""node_name"": ""缺失值填充"", ""node_params"": {""method"": 1}, ""contrast_level"": 2, ""node_type"": ""preprocess""}, {""node_id"": ""5162"", ""algorithm_step_name"": ""LightGBM"", ""node_name"": ""LightGBM分类器"", ""node_params"": {""boosting_type"": ""gbdt"", ""n_estimators"": 10, ""learning_rate"": 0.1, ""sampling_rate"": 0.1, ""max_depth_check"": false, ""max_depth"": 3, ""num_leaves_check"": false, ""num_leaves"": 31}, ""contrast_level"": 2, ""node_type"": ""model""}, {""node_id"": ""5163"", ""algorithm_step_name"": ""Dataset Division"", ""node_name"": ""Data Sampler"", ""node_params"": {}, ""contrast_level"": 1, ""node_type"": ""preprocess""}]}",1.0
我需要将数据划分的比例设置为8:2,0.8,2861,219,9.240130186080933,2.398722887039185,5.953824281692505,0.8875830173492432,0,"{""edges"": [{""edge_id"": ""60217"", ""source_node_id"": ""5164"", ""target_node_id"": ""5165""}, {""edge_id"": ""60218"", ""source_node_id"": ""5165"", ""target_node_id"": ""71905""}, {""edge_id"": ""60219"", ""source_node_id"": ""71905"", ""target_node_id"": ""5167""}], ""nodes"": [{""node_id"": ""5164"", ""widget_name"": ""File"", ""node_name"": ""鸢尾花示例数据"", ""node_params"": {""type"": ""sample"", ""filename"": ""iris.csv""}, ""matched"": true}, {""node_id"": ""5165"", ""widget_name"": ""Impute"", ""node_name"": ""缺失值填充"", ""node_params"": {""method"": 1}, ""matched"": true}, {""node_id"": ""71905"", ""widget_name"": ""Data Sampler"", ""node_name"": ""数据采样"", ""node_params"": {""sampling_type"": 0, ""percentage"": 80, ""n_samples"": 15, ""replacement"": false, ""n_folds"": 10, ""selected_folds"": 1, ""replicable"": false, ""stratified"": false}, ""matched"": false}, {""node_id"": ""5167"", ""widget_name"": ""LightGBM"", ""node_name"": ""LightGBM分类器"", ""node_params"": {""boosting_type"": ""gbdt"", ""n_estimators"": 10, ""learning_rate"": 0.1, ""sampling_rate"": 0.1, ""max_depth_check"": false, ""max_depth"": 3, ""num_leaves_check"": false, ""num_leaves"": 31}, ""matched"": true}]}","{""dependency_requirements"": [{""edge_id"": ""4032"", ""source_node_id"": ""5164"", ""target_node_id"": ""5165""}, {""edge_id"": ""4033"", ""source_node_id"": ""5165"", ""target_node_id"": ""5166""}, {""edge_id"": ""4034"", ""source_node_id"": ""5166"", ""target_node_id"": ""5167""}], ""step_requirements"": [{""node_id"": ""5164"", ""algorithm_step_name"": ""Tabular Dataset Loading"", ""node_name"": ""鸢尾花示例数据"", ""node_params"": {""type"": ""sample"", ""filename"": ""iris.csv""}, ""contrast_level"": 2, ""node_type"": ""io""}, {""node_id"": ""5165"", ""algorithm_step_name"": ""Missing Value Handling"", ""node_name"": ""缺失值填充"", ""node_params"": {""method"": 1}, ""contrast_level"": 2, ""node_type"": ""preprocess""}, {""node_id"": ""5166"", ""algorithm_step_name"": ""Dataset Division"", ""node_name"": ""数据采样"", ""node_params"": {""sampling_type"": 0, ""percentage"": 20, ""n_samples"": 15, ""replacement"": false, ""n_folds"": 10, ""selected_folds"": 1, ""replicable"": false, ""stratified"": false}, ""contrast_level"": 2, ""node_type"": ""preprocess""}, {""node_id"": ""5167"", ""algorithm_step_name"": ""LightGBM"", ""node_name"": ""LightGBM分类器"", ""node_params"": {""boosting_type"": ""gbdt"", ""n_estimators"": 10, ""learning_rate"": 0.1, ""sampling_rate"": 0.1, ""max_depth_check"": false, ""max_depth"": 3, ""num_leaves_check"": false, ""num_leaves"": 31}, ""contrast_level"": 2, ""node_type"": ""model""}]}",0.75
帮我添加一个模型评估步骤,1.0,2758,317,8.607822895050049,2.3927135467529297,2.870270252227783,3.344839096069336,0,"{""edges"": [{""edge_id"": ""60220"", ""source_node_id"": ""2899"", ""target_node_id"": ""2900""}, {""edge_id"": ""60221"", ""source_node_id"": ""2900"", ""target_node_id"": ""2901""}, {""edge_id"": ""60222"", ""source_node_id"": ""2901"", ""target_node_id"": ""2902""}, {""edge_id"": ""60223"", ""source_node_id"": ""2900"", ""target_node_id"": ""2903""}, {""edge_id"": ""60224"", ""source_node_id"": ""2901"", ""target_node_id"": ""2903""}, {""edge_id"": ""60225"", ""source_node_id"": ""2902"", ""target_node_id"": ""2903""}], ""nodes"": [{""node_id"": ""2899"", ""widget_name"": ""File"", ""node_name"": ""鸢尾花示例数据"", ""node_params"": {""type"": ""sample"", ""filename"": ""iris.csv""}, ""matched"": true}, {""node_id"": ""2900"", ""widget_name"": ""Impute"", ""node_name"": ""缺失值处理"", ""node_params"": {""method"": 1}, ""matched"": true}, {""node_id"": ""2901"", ""widget_name"": ""Data Sampler"", ""node_name"": ""数据划分处理"", ""node_params"": {""sampling_type"": 0, ""percentage"": 10, ""n_samples"": 15, ""replacement"": false, ""n_folds"": 10, ""selected_folds"": 1, ""replicable"": false, ""stratified"": false}, ""matched"": true}, {""node_id"": ""2902"", ""widget_name"": ""LightGBM"", ""node_name"": ""LightGBM分类器"", ""node_params"": {""boosting_type"": ""gbdt"", ""n_estimators"": 10, ""learning_rate"": 0.1, ""sampling_rate"": 0.1, ""max_depth_check"": false, ""max_depth"": 3, ""num_leaves_check"": false, ""num_leaves"": 31}, ""matched"": true}, {""node_id"": ""2903"", ""widget_name"": ""Test & Score"", ""node_name"": ""模型评估"", ""node_params"": {}, ""matched"": true}]}","{""dependency_requirements"": [{""edge_id"": ""2379"", ""source_node_id"": ""2899"", ""target_node_id"": ""2900""}, {""edge_id"": ""2380"", ""source_node_id"": ""2900"", ""target_node_id"": ""2901""}, {""edge_id"": ""2381"", ""source_node_id"": ""2901"", ""target_node_id"": ""2902""}, {""edge_id"": ""2382"", ""source_node_id"": ""2901"", ""target_node_id"": ""2903""}, {""edge_id"": ""2384"", ""source_node_id"": ""2902"", ""target_node_id"": ""2903""}], ""step_requirements"": [{""node_id"": ""2899"", ""algorithm_step_name"": ""Tabular Dataset Loading"", ""node_name"": ""鸢尾花示例数据"", ""node_params"": {""type"": ""sample"", ""filename"": ""iris.csv""}, ""contrast_level"": 2, ""node_type"": ""io""}, {""node_id"": ""2900"", ""algorithm_step_name"": ""Missing Value Handling"", ""node_name"": ""缺失值处理"", ""node_params"": {""method"": 1}, ""contrast_level"": 2, ""node_type"": ""preprocess""}, {""node_id"": ""2901"", ""algorithm_step_name"": ""Dataset Division"", ""node_name"": ""数据划分处理"", ""node_params"": {""sampling_type"": 0, ""percentage"": 10, ""n_samples"": 15, ""replacement"": false, ""n_folds"": 10, ""selected_folds"": 1, ""replicable"": false, ""stratified"": false}, ""contrast_level"": 2, ""node_type"": ""preprocess""}, {""node_id"": ""2902"", ""algorithm_step_name"": ""LightGBM"", ""node_name"": ""LightGBM分类器"", ""node_params"": {""boosting_type"": ""gbdt"", ""n_estimators"": 10, ""learning_rate"": 0.1, ""sampling_rate"": 0.1, ""max_depth_check"": false, ""max_depth"": 3, ""num_leaves_check"": false, ""num_leaves"": 31}, ""contrast_level"": 2, ""node_type"": ""model""}, {""node_id"": ""2903"", ""algorithm_step_name"": ""Model Evaluate"", ""node_name"": ""模型评估"", ""node_params"": {}, ""contrast_level"": 1, ""node_type"": ""evaluate""}]}",1.0
数据集中没有缺失值，所以帮我把缺失值这个步骤删除掉。,1.0,3422,275,10.906206369400024,2.387319564819336,6.887809991836548,1.6310768127441406,0,"{""edges"": [{""edge_id"": ""60228"", ""source_node_id"": ""2906"", ""target_node_id"": ""2907""}, {""edge_id"": ""60229"", ""source_node_id"": ""2906"", ""target_node_id"": ""2908""}, {""edge_id"": ""60231"", ""source_node_id"": ""2907"", ""target_node_id"": ""2908""}, {""edge_id"": ""60232"", ""source_node_id"": ""2904"", ""target_node_id"": ""2906""}], ""nodes"": [{""node_id"": ""2904"", ""widget_name"": ""File"", ""node_name"": ""鸢尾花示例数据"", ""node_params"": {""type"": ""sample"", ""filename"": ""iris.csv""}, ""matched"": true}, {""node_id"": ""2906"", ""widget_name"": ""Data Sampler"", ""node_name"": ""数据划分处理"", ""node_params"": {""sampling_type"": 0, ""percentage"": 10, ""n_samples"": 15, ""replacement"": false, ""n_folds"": 10, ""selected_folds"": 1, ""replicable"": false, ""stratified"": false}, ""matched"": true}, {""node_id"": ""2907"", ""widget_name"": ""LightGBM"", ""node_name"": ""LightGBM分类器"", ""node_params"": {""boosting_type"": ""gbdt"", ""n_estimators"": 10, ""learning_rate"": 0.1, ""sampling_rate"": 0.1, ""max_depth_check"": false, ""max_depth"": 3, ""num_leaves_check"": false, ""num_leaves"": 31}, ""matched"": true}, {""node_id"": ""2908"", ""widget_name"": ""Test & Score"", ""node_name"": ""模型评估"", ""node_params"": {}, ""matched"": true}]}","{""dependency_requirements"": [{""edge_id"": ""2387"", ""source_node_id"": ""2906"", ""target_node_id"": ""2907""}, {""edge_id"": ""2388"", ""source_node_id"": ""2906"", ""target_node_id"": ""2908""}, {""edge_id"": ""2390"", ""source_node_id"": ""2907"", ""target_node_id"": ""2908""}, {""edge_id"": ""2391"", ""source_node_id"": ""2904"", ""target_node_id"": ""2906""}], ""step_requirements"": [{""node_id"": ""2904"", ""algorithm_step_name"": ""Tabular Dataset Loading"", ""node_name"": ""鸢尾花示例数据"", ""node_params"": {""type"": ""sample"", ""filename"": ""iris.csv""}, ""contrast_level"": 2, ""node_type"": ""io""}, {""node_id"": ""2906"", ""algorithm_step_name"": ""Dataset Division"", ""node_name"": ""数据划分处理"", ""node_params"": {""sampling_type"": 0, ""percentage"": 10, ""n_samples"": 15, ""replacement"": false, ""n_folds"": 10, ""selected_folds"": 1, ""replicable"": false, ""stratified"": false}, ""contrast_level"": 2, ""node_type"": ""preprocess""}, {""node_id"": ""2907"", ""algorithm_step_name"": ""LightGBM"", ""node_name"": ""LightGBM分类器"", ""node_params"": {""boosting_type"": ""gbdt"", ""n_estimators"": 10, ""learning_rate"": 0.1, ""sampling_rate"": 0.1, ""max_depth_check"": false, ""max_depth"": 3, ""num_leaves_check"": false, ""num_leaves"": 31}, ""contrast_level"": 2, ""node_type"": ""model""}, {""node_id"": ""2908"", ""algorithm_step_name"": ""Model Evaluate"", ""node_name"": ""模型评估"", ""node_params"": {}, ""contrast_level"": 2, ""node_type"": ""evaluate""}]}",1.0
删除工作流中的KNN模型。,1.0,3460,272,12.914776802062988,2.346428632736206,8.49238395690918,2.0759642124176025,0,"{""edges"": [{""edge_id"": ""60233"", ""source_node_id"": ""2914"", ""target_node_id"": ""2915""}, {""edge_id"": ""60234"", ""source_node_id"": ""2915"", ""target_node_id"": ""2916""}, {""edge_id"": ""60236"", ""source_node_id"": ""2915"", ""target_node_id"": ""2918""}, {""edge_id"": ""60238"", ""source_node_id"": ""2916"", ""target_node_id"": ""2918""}], ""nodes"": [{""node_id"": ""2914"", ""widget_name"": ""File"", ""node_name"": ""鸢尾花示例数据"", ""node_params"": {""type"": ""sample"", ""filename"": ""iris.csv""}, ""matched"": true}, {""node_id"": ""2915"", ""widget_name"": ""Data Sampler"", ""node_name"": ""数据划分处理"", ""node_params"": {""sampling_type"": 0, ""percentage"": 10, ""n_samples"": 15, ""replacement"": false, ""n_folds"": 10, ""selected_folds"": 1, ""replicable"": false, ""stratified"": false}, ""matched"": true}, {""node_id"": ""2916"", ""widget_name"": ""LightGBM"", ""node_name"": ""LightGBM分类器"", ""node_params"": {""boosting_type"": ""gbdt"", ""n_estimators"": 10, ""learning_rate"": 0.1, ""sampling_rate"": 0.1, ""max_depth_check"": false, ""max_depth"": 3, ""num_leaves_check"": false, ""num_leaves"": 31}, ""matched"": true}, {""node_id"": ""2918"", ""widget_name"": ""Test & Score"", ""node_name"": ""模型评估"", ""node_params"": {}, ""matched"": true}]}","{""dependency_requirements"": [{""edge_id"": ""2399"", ""source_node_id"": ""2914"", ""target_node_id"": ""2915""}, {""edge_id"": ""2400"", ""source_node_id"": ""2915"", ""target_node_id"": ""2916""}, {""edge_id"": ""2402"", ""source_node_id"": ""2915"", ""target_node_id"": ""2918""}, {""edge_id"": ""2404"", ""source_node_id"": ""2916"", ""target_node_id"": ""2918""}], ""step_requirements"": [{""node_id"": ""2914"", ""algorithm_step_name"": ""Tabular Dataset Loading"", ""node_name"": ""鸢尾花示例数据"", ""node_params"": {""type"": ""sample"", ""filename"": ""iris.csv""}, ""contrast_level"": 2, ""node_type"": ""io""}, {""node_id"": ""2915"", ""algorithm_step_name"": ""Dataset Division"", ""node_name"": ""数据划分处理"", ""node_params"": {""sampling_type"": 0, ""percentage"": 10, ""n_samples"": 15, ""replacement"": false, ""n_folds"": 10, ""selected_folds"": 1, ""replicable"": false, ""stratified"": false}, ""contrast_level"": 2, ""node_type"": ""preprocess""}, {""node_id"": ""2916"", ""algorithm_step_name"": ""LightGBM"", ""node_name"": ""LightGBM分类器"", ""node_params"": {""boosting_type"": ""gbdt"", ""n_estimators"": 10, ""learning_rate"": 0.1, ""sampling_rate"": 0.1, ""max_depth_check"": false, ""max_depth"": 3, ""num_leaves_check"": false, ""num_leaves"": 31}, ""contrast_level"": 2, ""node_type"": ""model""}, {""node_id"": ""2918"", ""algorithm_step_name"": ""Model Evaluate"", ""node_name"": ""模型评估"", ""node_params"": {}, ""contrast_level"": 2, ""node_type"": ""evaluate""}]}",1.0
帮我把工作流中的缺失值处理步骤和多余的KNN模型都删除掉,1.0,5540,450,20.93450093269348,3.4563026428222656,15.200905323028564,2.277292966842652,0,"{""edges"": [{""edge_id"": ""60242"", ""source_node_id"": ""2921"", ""target_node_id"": ""2922""}, {""edge_id"": ""60244"", ""source_node_id"": ""2921"", ""target_node_id"": ""2924""}, {""edge_id"": ""60246"", ""source_node_id"": ""2922"", ""target_node_id"": ""2924""}, {""edge_id"": ""60248"", ""source_node_id"": ""2919"", ""target_node_id"": ""2921""}], ""nodes"": [{""node_id"": ""2919"", ""widget_name"": ""File"", ""node_name"": ""鸢尾花示例数据"", ""node_params"": {""type"": ""sample"", ""filename"": ""iris.csv""}, ""matched"": true}, {""node_id"": ""2921"", ""widget_name"": ""Data Sampler"", ""node_name"": ""数据划分处理"", ""node_params"": {""sampling_type"": 0, ""percentage"": 10, ""n_samples"": 15, ""replacement"": false, ""n_folds"": 10, ""selected_folds"": 1, ""replicable"": false, ""stratified"": false}, ""matched"": true}, {""node_id"": ""2922"", ""widget_name"": ""LightGBM"", ""node_name"": ""LightGBM分类器"", ""node_params"": {""boosting_type"": ""gbdt"", ""n_estimators"": 10, ""learning_rate"": 0.1, ""sampling_rate"": 0.1, ""max_depth_check"": false, ""max_depth"": 3, ""num_leaves_check"": false, ""num_leaves"": 31}, ""matched"": true}, {""node_id"": ""2924"", ""widget_name"": ""Test & Score"", ""node_name"": ""模型评估"", ""node_params"": {}, ""matched"": true}]}","{""dependency_requirements"": [{""edge_id"": ""2408"", ""source_node_id"": ""2921"", ""target_node_id"": ""2922""}, {""edge_id"": ""2410"", ""source_node_id"": ""2921"", ""target_node_id"": ""2924""}, {""edge_id"": ""2412"", ""source_node_id"": ""2922"", ""target_node_id"": ""2924""}, {""edge_id"": ""2414"", ""source_node_id"": ""2919"", ""target_node_id"": ""2921""}], ""step_requirements"": [{""node_id"": ""2919"", ""algorithm_step_name"": ""Tabular Dataset Loading"", ""node_name"": ""鸢尾花示例数据"", ""node_params"": {""type"": ""sample"", ""filename"": ""iris.csv""}, ""contrast_level"": 2, ""node_type"": ""io""}, {""node_id"": ""2921"", ""algorithm_step_name"": ""Dataset Division"", ""node_name"": ""数据划分处理"", ""node_params"": {""sampling_type"": 0, ""percentage"": 10, ""n_samples"": 15, ""replacement"": false, ""n_folds"": 10, ""selected_folds"": 1, ""replicable"": false, ""stratified"": false}, ""contrast_level"": 2, ""node_type"": ""preprocess""}, {""node_id"": ""2922"", ""algorithm_step_name"": ""LightGBM"", ""node_name"": ""LightGBM分类器"", ""node_params"": {""boosting_type"": ""gbdt"", ""n_estimators"": 10, ""learning_rate"": 0.1, ""sampling_rate"": 0.1, ""max_depth_check"": false, ""max_depth"": 3, ""num_leaves_check"": false, ""num_leaves"": 31}, ""contrast_level"": 2, ""node_type"": ""model""}, {""node_id"": ""2924"", ""algorithm_step_name"": ""Model Evaluate"", ""node_name"": ""模型评估"", ""node_params"": {}, ""contrast_level"": 2, ""node_type"": ""evaluate""}]}",1.0
在数据抽样之前添加一个特征选择步骤，然后把数据抽样的抽样比例设置为抽取30%。,1.0,5231,523,16.877047777175903,3.657382726669312,9.804329633712769,3.4153354167938232,0,"{""edges"": [{""edge_id"": ""60249"", ""source_node_id"": ""2991"", ""target_node_id"": ""2988""}, {""edge_id"": ""60250"", ""source_node_id"": ""2988"", ""target_node_id"": ""2989""}, {""edge_id"": ""60251"", ""source_node_id"": ""2988"", ""target_node_id"": ""2990""}, {""edge_id"": ""60252"", ""source_node_id"": ""2989"", ""target_node_id"": ""2990""}, {""edge_id"": ""60253"", ""source_node_id"": ""2987"", ""target_node_id"": ""2991""}], ""nodes"": [{""node_id"": ""2987"", ""widget_name"": ""File"", ""node_name"": ""鸢尾花示例数据"", ""node_params"": {""type"": ""sample"", ""filename"": ""iris.csv""}, ""matched"": true}, {""node_id"": ""2988"", ""widget_name"": ""Data Sampler"", ""node_name"": ""数据划分处理"", ""node_params"": {""sampling_type"": 0, ""percentage"": 30, ""n_samples"": 15, ""replacement"": false, ""n_folds"": 10, ""selected_folds"": 1, ""replicable"": false, ""stratified"": false}, ""matched"": true}, {""node_id"": ""2989"", ""widget_name"": ""LightGBM"", ""node_name"": ""LightGBM分类器"", ""node_params"": {""boosting_type"": ""gbdt"", ""n_estimators"": 10, ""learning_rate"": 0.1, ""sampling_rate"": 0.1, ""max_depth_check"": false, ""max_depth"": 3, ""num_leaves_check"": false, ""num_leaves"": 31}, ""matched"": true}, {""node_id"": ""2990"", ""widget_name"": ""Predictions"", ""node_name"": ""预测"", ""node_params"": {""output_attrs"": true, ""output_predictions"": true, ""output_probabilities"": false}, ""matched"": true}, {""node_id"": ""2991"", ""widget_name"": ""Select Best N Attributes"", ""node_name"": ""特征选择"", ""node_params"": {""n"": 3}, ""matched"": true}]}","{""dependency_requirements"": [{""edge_id"": ""2485"", ""source_node_id"": ""2991"", ""target_node_id"": ""2988""}, {""edge_id"": ""2486"", ""source_node_id"": ""2988"", ""target_node_id"": ""2989""}, {""edge_id"": ""2487"", ""source_node_id"": ""2988"", ""target_node_id"": ""2990""}, {""edge_id"": ""2488"", ""source_node_id"": ""2989"", ""target_node_id"": ""2990""}, {""edge_id"": ""2489"", ""source_node_id"": ""2987"", ""target_node_id"": ""2991""}], ""step_requirements"": [{""node_id"": ""2987"", ""algorithm_step_name"": ""Tabular Dataset Loading"", ""node_name"": ""鸢尾花示例数据"", ""node_params"": {""type"": ""sample"", ""filename"": ""iris.csv""}, ""contrast_level"": 2, ""node_type"": ""io""}, {""node_id"": ""2988"", ""algorithm_step_name"": ""Dataset Division"", ""node_name"": ""数据划分处理"", ""node_params"": {""sampling_type"": 0, ""percentage"": 30, ""n_samples"": 15, ""replacement"": false, ""n_folds"": 10, ""selected_folds"": 1, ""replicable"": false, ""stratified"": false}, ""contrast_level"": 2, ""node_type"": ""preprocess""}, {""node_id"": ""2989"", ""algorithm_step_name"": ""LightGBM"", ""node_name"": ""LightGBM分类器"", ""node_params"": {""boosting_type"": ""gbdt"", ""n_estimators"": 10, ""learning_rate"": 0.1, ""sampling_rate"": 0.1, ""max_depth_check"": false, ""max_depth"": 3, ""num_leaves_check"": false, ""num_leaves"": 31}, ""contrast_level"": 2, ""node_type"": ""model""}, {""node_id"": ""2990"", ""algorithm_step_name"": ""Test Dataset Predictions"", ""node_name"": ""预测"", ""node_params"": {""output_attrs"": true, ""output_predictions"": true, ""output_probabilities"": false}, ""contrast_level"": 2, ""node_type"": ""predict""}, {""node_id"": ""2991"", ""algorithm_step_name"": ""Feature Selection"", ""node_name"": ""自动特征选择"", ""node_params"": {}, ""contrast_level"": 1, ""node_type"": ""feature engineering""}]}",1.0
帮我把数据划分的比例改为5:5，最后还需要你添加一个步骤帮我把预测结果保存。,1.0,5642,384,13.495689630508425,3.394334554672241,7.954614877700806,2.146740198135376,0,"{""edges"": [{""edge_id"": ""60254"", ""source_node_id"": ""2982"", ""target_node_id"": ""2983""}, {""edge_id"": ""60255"", ""source_node_id"": ""2983"", ""target_node_id"": ""2984""}, {""edge_id"": ""60256"", ""source_node_id"": ""2983"", ""target_node_id"": ""2985""}, {""edge_id"": ""60257"", ""source_node_id"": ""2984"", ""target_node_id"": ""2985""}, {""edge_id"": ""60258"", ""source_node_id"": ""2985"", ""target_node_id"": ""2986""}], ""nodes"": [{""node_id"": ""2982"", ""widget_name"": ""File"", ""node_name"": ""鸢尾花示例数据"", ""node_params"": {""type"": ""sample"", ""filename"": ""iris.csv""}, ""matched"": true}, {""node_id"": ""2983"", ""widget_name"": ""Data Sampler"", ""node_name"": ""数据划分处理"", ""node_params"": {""sampling_type"": 0, ""percentage"": 50, ""n_samples"": 15, ""replacement"": false, ""n_folds"": 10, ""selected_folds"": 1, ""replicable"": false, ""stratified"": false}, ""matched"": true}, {""node_id"": ""2984"", ""widget_name"": ""LightGBM"", ""node_name"": ""LightGBM分类器"", ""node_params"": {""boosting_type"": ""gbdt"", ""n_estimators"": 10, ""learning_rate"": 0.1, ""sampling_rate"": 0.1, ""max_depth_check"": false, ""max_depth"": 3, ""num_leaves_check"": false, ""num_leaves"": 31}, ""matched"": true}, {""node_id"": ""2985"", ""widget_name"": ""Predictions"", ""node_name"": ""预测"", ""node_params"": {""output_attrs"": true, ""output_predictions"": true, ""output_probabilities"": false}, ""matched"": true}, {""node_id"": ""2986"", ""widget_name"": ""Save Data"", ""node_name"": ""保存预测结果"", ""node_params"": {}, ""matched"": true}]}","{""dependency_requirements"": [{""edge_id"": ""2480"", ""source_node_id"": ""2982"", ""target_node_id"": ""2983""}, {""edge_id"": ""2481"", ""source_node_id"": ""2983"", ""target_node_id"": ""2984""}, {""edge_id"": ""2482"", ""source_node_id"": ""2983"", ""target_node_id"": ""2985""}, {""edge_id"": ""2483"", ""source_node_id"": ""2984"", ""target_node_id"": ""2985""}, {""edge_id"": ""2484"", ""source_node_id"": ""2985"", ""target_node_id"": ""2986""}], ""step_requirements"": [{""node_id"": ""2982"", ""algorithm_step_name"": ""Tabular Dataset Loading"", ""node_name"": ""鸢尾花示例数据"", ""node_params"": {""type"": ""sample"", ""filename"": ""iris.csv""}, ""contrast_level"": 2, ""node_type"": ""io""}, {""node_id"": ""2983"", ""algorithm_step_name"": ""Dataset Division"", ""node_name"": ""数据划分处理"", ""node_params"": {""sampling_type"": 0, ""percentage"": 50, ""n_samples"": 15, ""replacement"": false, ""n_folds"": 10, ""selected_folds"": 1, ""replicable"": false, ""stratified"": false}, ""contrast_level"": 2, ""node_type"": ""preprocess""}, {""node_id"": ""2984"", ""algorithm_step_name"": ""LightGBM"", ""node_name"": ""LightGBM分类器"", ""node_params"": {""boosting_type"": ""gbdt"", ""n_estimators"": 10, ""learning_rate"": 0.1, ""sampling_rate"": 0.1, ""max_depth_check"": false, ""max_depth"": 3, ""num_leaves_check"": false, ""num_leaves"": 31}, ""contrast_level"": 2, ""node_type"": ""model""}, {""node_id"": ""2985"", ""algorithm_step_name"": ""Test Dataset Predictions"", ""node_name"": ""预测"", ""node_params"": {""output_attrs"": true, ""output_predictions"": true, ""output_probabilities"": false}, ""contrast_level"": 2, ""node_type"": ""predict""}, {""node_id"": ""2986"", ""algorithm_step_name"": ""Save Data"", ""node_name"": ""Save Data"", ""node_params"": {}, ""contrast_level"": 1, ""node_type"": ""io""}]}",1.0
帮我把目标检测使用的模型换成SSD，学习率使用0.02。最后，我还需要查看训练日志。,0.75,4713,602,20.952211618423465,3.413961172103882,12.907959938049316,4.630290508270264,0,"{""edges"": [{""edge_id"": ""60259"", ""source_node_id"": ""2998"", ""target_node_id"": ""2999""}], ""nodes"": [{""node_id"": ""2998"", ""widget_name"": ""Image"", ""node_name"": ""猫狗图像数据"", ""node_params"": {}, ""matched"": true}, {""node_id"": ""2999"", ""widget_name"": ""Object Detection"", ""node_name"": ""目标检测"", ""node_params"": {""frame"": ""pytorch"", ""select_model"": ""SSD"", ""backbone"": ""DarkNet53"", ""epoch"": 3, ""learning_rate"": 0.02, ""batch_size"": 2}, ""matched"": true}]}","{""dependency_requirements"": [{""edge_id"": ""2495"", ""source_node_id"": ""2998"", ""target_node_id"": ""2999""}, {""edge_id"": ""2496"", ""source_node_id"": ""2999"", ""target_node_id"": ""3000""}], ""step_requirements"": [{""node_id"": ""2998"", ""algorithm_step_name"": ""Image Dataset Loading"", ""node_name"": ""猫狗图像数据"", ""node_params"": {}, ""contrast_level"": 2, ""node_type"": ""io""}, {""node_id"": ""2999"", ""algorithm_step_name"": ""Object Detection Model"", ""node_name"": ""目标检测"", ""node_params"": {""frame"": ""pytorch"", ""select_model"": ""SSD"", ""backbone"": ""DarkNet53"", ""epoch"": 3, ""learning_rate"": 0.02, ""batch_size"": 2}, ""contrast_level"": 2, ""node_type"": ""model""}, {""node_id"": ""3000"", ""algorithm_step_name"": ""Train Log"", ""node_name"": ""训练日志"", ""node_params"": {}, ""contrast_level"": 2, ""node_type"": ""visualize""}]}",0.8
帮我把缺失值处理方式修改为使用平均值填补，然后把多余的KNN模型删除掉。,1.0,5471,428,20.113338470458984,3.4306857585906982,14.873124599456789,1.809528112411499,0,"{""edges"": [{""edge_id"": ""60260"", ""source_node_id"": ""2958"", ""target_node_id"": ""2959""}, {""edge_id"": ""60261"", ""source_node_id"": ""2959"", ""target_node_id"": ""2960""}, {""edge_id"": ""60262"", ""source_node_id"": ""2960"", ""target_node_id"": ""2961""}, {""edge_id"": ""60264"", ""source_node_id"": ""2960"", ""target_node_id"": ""2963""}, {""edge_id"": ""60266"", ""source_node_id"": ""2961"", ""target_node_id"": ""2963""}], ""nodes"": [{""node_id"": ""2958"", ""widget_name"": ""File"", ""node_name"": ""鸢尾花示例数据"", ""node_params"": {""type"": ""sample"", ""filename"": ""iris.csv""}, ""matched"": true}, {""node_id"": ""2959"", ""widget_name"": ""Impute"", ""node_name"": ""缺失值处理"", ""node_params"": {""method"": 2}, ""matched"": true}, {""node_id"": ""2960"", ""widget_name"": ""Data Sampler"", ""node_name"": ""数据划分处理"", ""node_params"": {""sampling_type"": 0, ""percentage"": 10, ""n_samples"": 15, ""replacement"": false, ""n_folds"": 10, ""selected_folds"": 1, ""replicable"": false, ""stratified"": false}, ""matched"": true}, {""node_id"": ""2961"", ""widget_name"": ""LightGBM"", ""node_name"": ""LightGBM分类器"", ""node_params"": {""boosting_type"": ""gbdt"", ""n_estimators"": 10, ""learning_rate"": 0.1, ""sampling_rate"": 0.1, ""max_depth_check"": false, ""max_depth"": 3, ""num_leaves_check"": false, ""num_leaves"": 31}, ""matched"": true}, {""node_id"": ""2963"", ""widget_name"": ""Test & Score"", ""node_name"": ""模型评估"", ""node_params"": {}, ""matched"": true}]}","{""dependency_requirements"": [{""edge_id"": ""2447"", ""source_node_id"": ""2958"", ""target_node_id"": ""2959""}, {""edge_id"": ""2448"", ""source_node_id"": ""2959"", ""target_node_id"": ""2960""}, {""edge_id"": ""2449"", ""source_node_id"": ""2960"", ""target_node_id"": ""2961""}, {""edge_id"": ""2451"", ""source_node_id"": ""2960"", ""target_node_id"": ""2963""}, {""edge_id"": ""2453"", ""source_node_id"": ""2961"", ""target_node_id"": ""2963""}], ""step_requirements"": [{""node_id"": ""2958"", ""algorithm_step_name"": ""Tabular Dataset Loading"", ""node_name"": ""鸢尾花示例数据"", ""node_params"": {""type"": ""sample"", ""filename"": ""iris.csv""}, ""contrast_level"": 2, ""node_type"": ""io""}, {""node_id"": ""2959"", ""algorithm_step_name"": ""Missing Value Handling"", ""node_name"": ""缺失值处理"", ""node_params"": {""method"": 2}, ""contrast_level"": 2, ""node_type"": ""preprocess""}, {""node_id"": ""2960"", ""algorithm_step_name"": ""Dataset Division"", ""node_name"": ""数据划分处理"", ""node_params"": {""sampling_type"": 0, ""percentage"": 10, ""n_samples"": 15, ""replacement"": false, ""n_folds"": 10, ""selected_folds"": 1, ""replicable"": false, ""stratified"": false}, ""contrast_level"": 2, ""node_type"": ""preprocess""}, {""node_id"": ""2961"", ""algorithm_step_name"": ""LightGBM"", ""node_name"": ""LightGBM分类器"", ""node_params"": {""boosting_type"": ""gbdt"", ""n_estimators"": 10, ""learning_rate"": 0.1, ""sampling_rate"": 0.1, ""max_depth_check"": false, ""max_depth"": 3, ""num_leaves_check"": false, ""num_leaves"": 31}, ""contrast_level"": 2, ""node_type"": ""model""}, {""node_id"": ""2963"", ""algorithm_step_name"": ""Model Evaluate"", ""node_name"": ""模型评估"", ""node_params"": {}, ""contrast_level"": 2, ""node_type"": ""evaluate""}]}",1.0
独热编码这个步骤是冗余的，帮我删除掉。在这之后还需要你将随机森林数的数量改为30，缺失值的处理方法改为用随机值填补。,1.0,7617,707,30.26366877555847,4.61023211479187,21.709322214126587,3.944114446640015,0,"{""edges"": [{""edge_id"": ""60268"", ""source_node_id"": ""3002"", ""target_node_id"": ""3003""}, {""edge_id"": ""60271"", ""source_node_id"": ""3005"", ""target_node_id"": ""3006""}, {""edge_id"": ""60272"", ""source_node_id"": ""3005"", ""target_node_id"": ""3007""}, {""edge_id"": ""60274"", ""source_node_id"": ""3006"", ""target_node_id"": ""3007""}, {""edge_id"": ""60275"", ""source_node_id"": ""3003"", ""target_node_id"": ""3005""}], ""nodes"": [{""node_id"": ""3002"", ""widget_name"": ""File"", ""node_name"": ""数据"", ""node_params"": {""type"": ""sample"", ""filename"": ""iris.csv""}, ""matched"": true}, {""node_id"": ""3003"", ""widget_name"": ""Impute"", ""node_name"": ""缺失值处理"", ""node_params"": {""method"": 4}, ""matched"": true}, {""node_id"": ""3005"", ""widget_name"": ""Data Sampler"", ""node_name"": ""数据采样"", ""node_params"": {""sampling_type"": 0, ""percentage"": 10, ""n_samples"": 15, ""replacement"": false, ""n_folds"": 10, ""selected_folds"": 1, ""replicable"": false, ""stratified"": false}, ""matched"": true}, {""node_id"": ""3006"", ""widget_name"": ""Random Forest"", ""node_name"": ""随机森林"", ""node_params"": {""n_estimators"": 30, ""use_max_features"": false, ""max_features"": ""auto"", ""use_random_state"": false, ""use_max_depth"": false, ""max_depth"": 3, ""use_min_samples_split"": true, ""min_samples_split"": 2}, ""matched"": true}, {""node_id"": ""3007"", ""widget_name"": ""Test & Score"", ""node_name"": ""测试得分"", ""node_params"": {}, ""matched"": true}]}","{""dependency_requirements"": [{""edge_id"": ""2497"", ""source_node_id"": ""3002"", ""target_node_id"": ""3003""}, {""edge_id"": ""2500"", ""source_node_id"": ""3005"", ""target_node_id"": ""3006""}, {""edge_id"": ""2501"", ""source_node_id"": ""3005"", ""target_node_id"": ""3007""}, {""edge_id"": ""2503"", ""source_node_id"": ""3006"", ""target_node_id"": ""3007""}, {""edge_id"": ""2504"", ""source_node_id"": ""3003"", ""target_node_id"": ""3005""}], ""step_requirements"": [{""node_id"": ""3002"", ""algorithm_step_name"": ""Tabular Dataset Loading"", ""node_name"": ""数据"", ""node_params"": {""type"": ""sample"", ""filename"": ""iris.csv""}, ""contrast_level"": 2, ""node_type"": ""io""}, {""node_id"": ""3003"", ""algorithm_step_name"": ""Missing Value Handling"", ""node_name"": ""缺失值处理"", ""node_params"": {""method"": 4}, ""contrast_level"": 2, ""node_type"": ""preprocess""}, {""node_id"": ""3005"", ""algorithm_step_name"": ""Dataset Division"", ""node_name"": ""数据采样"", ""node_params"": {""sampling_type"": 0, ""percentage"": 10, ""n_samples"": 15, ""replacement"": false, ""n_folds"": 10, ""selected_folds"": 1, ""replicable"": false, ""stratified"": false}, ""contrast_level"": 2, ""node_type"": ""preprocess""}, {""node_id"": ""3006"", ""algorithm_step_name"": ""Random Forest"", ""node_name"": ""随机森林"", ""node_params"": {""n_estimators"": 30, ""use_max_features"": false, ""max_features"": ""auto"", ""use_random_state"": false, ""use_max_depth"": false, ""max_depth"": 3, ""use_min_samples_split"": true, ""min_samples_split"": 2}, ""contrast_level"": 2, ""node_type"": ""model""}, {""node_id"": ""3007"", ""algorithm_step_name"": ""Model Evaluate"", ""node_name"": ""测试得分"", ""node_params"": {}, ""contrast_level"": 2, ""node_type"": ""evaluate""}]}",1.0
帮我把多余的模型都删除掉，只留下LightGBM，并把LightGBM的学习率改为0.01。,1.0,4257,414,16.55998682975769,5.117476940155029,9.555249214172363,1.8872606754302976,0,"{""edges"": [{""edge_id"": ""60276"", ""source_node_id"": ""3032"", ""target_node_id"": ""3033""}, {""edge_id"": ""60278"", ""source_node_id"": ""3033"", ""target_node_id"": ""3035""}, {""edge_id"": ""60281"", ""source_node_id"": ""3033"", ""target_node_id"": ""3038""}, {""edge_id"": ""60284"", ""source_node_id"": ""3035"", ""target_node_id"": ""3038""}], ""nodes"": [{""node_id"": ""3032"", ""widget_name"": ""File"", ""node_name"": ""数据"", ""node_params"": {""type"": ""sample"", ""filename"": ""iris.csv""}, ""matched"": true}, {""node_id"": ""3033"", ""widget_name"": ""Data Sampler"", ""node_name"": ""数据采样"", ""node_params"": {""sampling_type"": 0, ""percentage"": 10, ""n_samples"": 15, ""replacement"": false, ""n_folds"": 10, ""selected_folds"": 1, ""replicable"": false, ""stratified"": false}, ""matched"": true}, {""node_id"": ""3035"", ""widget_name"": ""LightGBM"", ""node_name"": ""LightGBM"", ""node_params"": {""boosting_type"": ""gbdt"", ""n_estimators"": 10, ""learning_rate"": 0.01, ""sampling_rate"": 0.1, ""max_depth_check"": false, ""max_depth"": 3, ""num_leaves_check"": false, ""num_leaves"": 31}, ""matched"": true}, {""node_id"": ""3038"", ""widget_name"": ""Test & Score"", ""node_name"": ""测试得分"", ""node_params"": {}, ""matched"": true}]}","{""dependency_requirements"": [{""edge_id"": ""2536"", ""source_node_id"": ""3032"", ""target_node_id"": ""3033""}, {""edge_id"": ""2538"", ""source_node_id"": ""3033"", ""target_node_id"": ""3035""}, {""edge_id"": ""2541"", ""source_node_id"": ""3033"", ""target_node_id"": ""3038""}, {""edge_id"": ""2544"", ""source_node_id"": ""3035"", ""target_node_id"": ""3038""}], ""step_requirements"": [{""node_id"": ""3032"", ""algorithm_step_name"": ""Tabular Dataset Loading"", ""node_name"": ""数据"", ""node_params"": {""type"": ""sample"", ""filename"": ""iris.csv""}, ""contrast_level"": 2, ""node_type"": ""io""}, {""node_id"": ""3033"", ""algorithm_step_name"": ""Dataset Division"", ""node_name"": ""数据采样"", ""node_params"": {""sampling_type"": 0, ""percentage"": 10, ""n_samples"": 15, ""replacement"": false, ""n_folds"": 10, ""selected_folds"": 1, ""replicable"": false, ""stratified"": false}, ""contrast_level"": 2, ""node_type"": ""preprocess""}, {""node_id"": ""3035"", ""algorithm_step_name"": ""LightGBM"", ""node_name"": ""LightGBM"", ""node_params"": {""boosting_type"": ""gbdt"", ""n_estimators"": 10, ""learning_rate"": 0.01, ""sampling_rate"": 0.1, ""max_depth_check"": false, ""max_depth"": 3, ""num_leaves_check"": false, ""num_leaves"": 31}, ""contrast_level"": 2, ""node_type"": ""model""}, {""node_id"": ""3038"", ""algorithm_step_name"": ""Model Evaluate"", ""node_name"": ""测试得分"", ""node_params"": {}, ""contrast_level"": 2, ""node_type"": ""evaluate""}]}",1.0
帮我把LightGBM模型更换为XGBoost。,1.0,3639,276,12.954179048538208,2.4779176712036133,8.50264310836792,1.9736182689666748,0,"{""edges"": [{""edge_id"": ""60287"", ""source_node_id"": ""2964"", ""target_node_id"": ""2965""}, {""edge_id"": ""60288"", ""source_node_id"": ""2965"", ""target_node_id"": ""2966""}, {""edge_id"": ""60290"", ""source_node_id"": ""2966"", ""target_node_id"": ""2968""}, {""edge_id"": ""60293"", ""source_node_id"": ""2966"", ""target_node_id"": ""2969""}, {""edge_id"": ""60294"", ""source_node_id"": ""2969"", ""target_node_id"": ""2968""}], ""nodes"": [{""node_id"": ""2964"", ""widget_name"": ""File"", ""node_name"": ""鸢尾花示例数据"", ""node_params"": {""type"": ""sample"", ""filename"": ""iris.csv""}, ""matched"": true}, {""node_id"": ""2965"", ""widget_name"": ""Impute"", ""node_name"": ""缺失值处理"", ""node_params"": {""method"": 1}, ""matched"": true}, {""node_id"": ""2966"", ""widget_name"": ""Data Sampler"", ""node_name"": ""数据划分处理"", ""node_params"": {""sampling_type"": 0, ""percentage"": 10, ""n_samples"": 15, ""replacement"": false, ""n_folds"": 10, ""selected_folds"": 1, ""replicable"": false, ""stratified"": false}, ""matched"": true}, {""node_id"": ""2968"", ""widget_name"": ""Test & Score"", ""node_name"": ""模型评估"", ""node_params"": {}, ""matched"": true}, {""node_id"": ""2969"", ""widget_name"": ""XGBoost"", ""node_name"": ""XGBoost分类器"", ""node_params"": {""booster"": ""gbtree"", ""learning_rate"": 0.3, ""gamma"": 0, ""max_depth"": 6, ""min_child_widget"": 1, ""max_delta_step"": 0, ""subsample"": 1, ""sampling_method"": ""uniform"", ""lambda"": 1, ""alpha"": 0, ""tree_method"": ""auto"", ""scale_pos_weight"": 1, ""updater"": ""grow_colmaker"", ""process_type"": ""default"", ""grow_policy"": ""depthwise""}, ""matched"": true}]}","{""dependency_requirements"": [{""edge_id"": ""2455"", ""source_node_id"": ""2964"", ""target_node_id"": ""2965""}, {""edge_id"": ""2456"", ""source_node_id"": ""2965"", ""target_node_id"": ""2966""}, {""edge_id"": ""2458"", ""source_node_id"": ""2966"", ""target_node_id"": ""2968""}, {""edge_id"": ""2461"", ""source_node_id"": ""2966"", ""target_node_id"": ""2969""}, {""edge_id"": ""2462"", ""source_node_id"": ""2969"", ""target_node_id"": ""2968""}], ""step_requirements"": [{""node_id"": ""2964"", ""algorithm_step_name"": ""Tabular Dataset Loading"", ""node_name"": ""鸢尾花示例数据"", ""node_params"": {""type"": ""sample"", ""filename"": ""iris.csv""}, ""contrast_level"": 2, ""node_type"": ""io""}, {""node_id"": ""2965"", ""algorithm_step_name"": ""Missing Value Handling"", ""node_name"": ""缺失值处理"", ""node_params"": {""method"": 1}, ""contrast_level"": 2, ""node_type"": ""preprocess""}, {""node_id"": ""2966"", ""algorithm_step_name"": ""Dataset Division"", ""node_name"": ""数据划分处理"", ""node_params"": {""sampling_type"": 0, ""percentage"": 10, ""n_samples"": 15, ""replacement"": false, ""n_folds"": 10, ""selected_folds"": 1, ""replicable"": false, ""stratified"": false}, ""contrast_level"": 2, ""node_type"": ""preprocess""}, {""node_id"": ""2968"", ""algorithm_step_name"": ""Model Evaluate"", ""node_name"": ""模型评估"", ""node_params"": {}, ""contrast_level"": 2, ""node_type"": ""evaluate""}, {""node_id"": ""2969"", ""algorithm_step_name"": ""XGBoost"", ""node_name"": ""XGBoost分类器"", ""node_params"": {}, ""contrast_level"": 1, ""node_type"": ""model""}]}",1.0
我不需要对模型进行评估了，帮我把模型评估组件换成预测组件。,0.875,7169,1313,33.92493748664856,2.531095504760742,3.7612264156341553,27.632615566253666,0,"{""edges"": [{""edge_id"": ""60295"", ""source_node_id"": ""2970"", ""target_node_id"": ""2971""}, {""edge_id"": ""60296"", ""source_node_id"": ""2971"", ""target_node_id"": ""2972""}, {""edge_id"": ""60297"", ""source_node_id"": ""2972"", ""target_node_id"": ""2973""}], ""nodes"": [{""node_id"": ""2970"", ""widget_name"": ""File"", ""node_name"": ""鸢尾花示例数据"", ""node_params"": {""type"": ""sample"", ""filename"": ""iris.csv""}, ""matched"": true}, {""node_id"": ""2971"", ""widget_name"": ""Impute"", ""node_name"": ""缺失值处理"", ""node_params"": {""method"": 1}, ""matched"": true}, {""node_id"": ""2972"", ""widget_name"": ""Data Sampler"", ""node_name"": ""数据划分处理"", ""node_params"": {""sampling_type"": 0, ""percentage"": 10, ""n_samples"": 15, ""replacement"": false, ""n_folds"": 10, ""selected_folds"": 1, ""replicable"": false, ""stratified"": false}, ""matched"": true}, {""node_id"": ""2973"", ""widget_name"": ""LightGBM"", ""node_name"": ""LightGBM分类器"", ""node_params"": {""boosting_type"": ""gbdt"", ""n_estimators"": 10, ""learning_rate"": 0.1, ""sampling_rate"": 0.1, ""max_depth_check"": false, ""max_depth"": 3, ""num_leaves_check"": false, ""num_leaves"": 31}, ""matched"": true}]}","{""dependency_requirements"": [{""edge_id"": ""2463"", ""source_node_id"": ""2970"", ""target_node_id"": ""2971""}, {""edge_id"": ""2464"", ""source_node_id"": ""2971"", ""target_node_id"": ""2972""}, {""edge_id"": ""2465"", ""source_node_id"": ""2972"", ""target_node_id"": ""2973""}, {""edge_id"": ""2469"", ""source_node_id"": ""2972"", ""target_node_id"": ""2975""}, {""edge_id"": ""2470"", ""source_node_id"": ""2973"", ""target_node_id"": ""2975""}], ""step_requirements"": [{""node_id"": ""2970"", ""algorithm_step_name"": ""Tabular Dataset Loading"", ""node_name"": ""鸢尾花示例数据"", ""node_params"": {""type"": ""sample"", ""filename"": ""iris.csv""}, ""contrast_level"": 2, ""node_type"": ""io""}, {""node_id"": ""2971"", ""algorithm_step_name"": ""Missing Value Handling"", ""node_name"": ""缺失值处理"", ""node_params"": {""method"": 1}, ""contrast_level"": 2, ""node_type"": ""preprocess""}, {""node_id"": ""2972"", ""algorithm_step_name"": ""Dataset Division"", ""node_name"": ""数据划分处理"", ""node_params"": {""sampling_type"": 0, ""percentage"": 10, ""n_samples"": 15, ""replacement"": false, ""n_folds"": 10, ""selected_folds"": 1, ""replicable"": false, ""stratified"": false}, ""contrast_level"": 2, ""node_type"": ""preprocess""}, {""node_id"": ""2973"", ""algorithm_step_name"": ""LightGBM"", ""node_name"": ""LightGBM分类器"", ""node_params"": {""boosting_type"": ""gbdt"", ""n_estimators"": 10, ""learning_rate"": 0.1, ""sampling_rate"": 0.1, ""max_depth_check"": false, ""max_depth"": 3, ""num_leaves_check"": false, ""num_leaves"": 31}, ""contrast_level"": 2, ""node_type"": ""model""}, {""node_id"": ""2975"", ""algorithm_step_name"": ""Test Dataset Predictions"", ""node_name"": ""预测"", ""node_params"": {}, ""contrast_level"": 1, ""node_type"": ""predict""}]}",0.8889
帮我把缺失值处理步骤删除掉，并换一个更好的模型。,0.8333,5324,520,22.57716488838196,3.635085105895996,15.286729574203491,3.655350208282471,0,"{""edges"": [{""edge_id"": ""60304"", ""source_node_id"": ""2978"", ""target_node_id"": ""2980""}, {""edge_id"": ""60307"", ""source_node_id"": ""2976"", ""target_node_id"": ""2978""}], ""nodes"": [{""node_id"": ""2976"", ""widget_name"": ""File"", ""node_name"": ""鸢尾花示例数据"", ""node_params"": {""type"": ""sample"", ""filename"": ""iris.csv""}, ""matched"": true}, {""node_id"": ""2978"", ""widget_name"": ""Data Sampler"", ""node_name"": ""数据划分处理"", ""node_params"": {""sampling_type"": 0, ""percentage"": 10, ""n_samples"": 15, ""replacement"": false, ""n_folds"": 10, ""selected_folds"": 1, ""replicable"": false, ""stratified"": false}, ""matched"": true}, {""node_id"": ""2980"", ""widget_name"": ""Test & Score"", ""node_name"": ""模型评估"", ""node_params"": {}, ""matched"": true}, {""node_id"": ""71975"", ""widget_name"": ""Image Classification"", ""node_name"": ""图像分类模型"", ""node_params"": {""frame"": ""pytorch"", ""select_model"": ""ResNet50"", ""epoch"": 3, ""learning_rate"": 0.01, ""batch_size"": 2}, ""matched"": false}]}","{""dependency_requirements"": [{""edge_id"": ""2474"", ""source_node_id"": ""2978"", ""target_node_id"": ""2980""}, {""edge_id"": ""2477"", ""source_node_id"": ""2976"", ""target_node_id"": ""2978""}, {""edge_id"": ""2478"", ""source_node_id"": ""2978"", ""target_node_id"": ""2981""}, {""edge_id"": ""2479"", ""source_node_id"": ""2981"", ""target_node_id"": ""2980""}], ""step_requirements"": [{""node_id"": ""2976"", ""algorithm_step_name"": ""Tabular Dataset Loading"", ""node_name"": ""鸢尾花示例数据"", ""node_params"": {""type"": ""sample"", ""filename"": ""iris.csv""}, ""contrast_level"": 2, ""node_type"": ""io""}, {""node_id"": ""2978"", ""algorithm_step_name"": ""Dataset Division"", ""node_name"": ""数据划分处理"", ""node_params"": {""sampling_type"": 0, ""percentage"": 10, ""n_samples"": 15, ""replacement"": false, ""n_folds"": 10, ""selected_folds"": 1, ""replicable"": false, ""stratified"": false}, ""contrast_level"": 2, ""node_type"": ""preprocess""}, {""node_id"": ""2980"", ""algorithm_step_name"": ""Model Evaluate"", ""node_name"": ""模型评估"", ""node_params"": {}, ""contrast_level"": 2, ""node_type"": ""evaluate""}, {""node_id"": ""2981"", ""algorithm_step_name"": ""XGBoost"", ""node_name"": ""XGBoost"", ""node_params"": {}, ""contrast_level"": 1, ""node_type"": ""model""}]}",0.75
我的数据集没有缺失值，所以请你帮我删除掉缺失值处理这一步，然后把数据抽样的比例改为7:3，最后帮我添加一个可视化混淆矩阵的步骤。,0.9,5027,541,20.39185333251953,4.642916917800903,12.86690878868103,2.8820276260375977,0,"{""edges"": [{""edge_id"": ""60310"", ""source_node_id"": ""3047"", ""target_node_id"": ""3048""}, {""edge_id"": ""60311"", ""source_node_id"": ""3047"", ""target_node_id"": ""3049""}, {""edge_id"": ""60313"", ""source_node_id"": ""3048"", ""target_node_id"": ""3049""}, {""edge_id"": ""60314"", ""source_node_id"": ""3049"", ""target_node_id"": ""3050""}], ""nodes"": [{""node_id"": ""3045"", ""widget_name"": ""File"", ""node_name"": ""数据"", ""node_params"": {""type"": ""sample"", ""filename"": ""iris.csv""}, ""matched"": true}, {""node_id"": ""3047"", ""widget_name"": ""Data Sampler"", ""node_name"": ""数据采样"", ""node_params"": {""sampling_type"": 0, ""percentage"": 30, ""n_samples"": 15, ""replacement"": false, ""n_folds"": 10, ""selected_folds"": 1, ""replicable"": false, ""stratified"": false}, ""matched"": true}, {""node_id"": ""3048"", ""widget_name"": ""LightGBM"", ""node_name"": ""LightGBM"", ""node_params"": {""boosting_type"": ""gbdt"", ""n_estimators"": 10, ""learning_rate"": 0.1, ""sampling_rate"": 0.1, ""max_depth_check"": false, ""max_depth"": 3, ""num_leaves_check"": false, ""num_leaves"": 31}, ""matched"": true}, {""node_id"": ""3049"", ""widget_name"": ""Test & Score"", ""node_name"": ""测试得分"", ""node_params"": {}, ""matched"": true}, {""node_id"": ""3050"", ""widget_name"": ""Confusion Matrix"", ""node_name"": ""混淆矩阵"", ""node_params"": {}, ""matched"": true}]}","{""dependency_requirements"": [{""edge_id"": ""2556"", ""source_node_id"": ""3047"", ""target_node_id"": ""3048""}, {""edge_id"": ""2557"", ""source_node_id"": ""3047"", ""target_node_id"": ""3049""}, {""edge_id"": ""2559"", ""source_node_id"": ""3048"", ""target_node_id"": ""3049""}, {""edge_id"": ""2560"", ""source_node_id"": ""3045"", ""target_node_id"": ""3047""}, {""edge_id"": ""2561"", ""source_node_id"": ""3049"", ""target_node_id"": ""3050""}], ""step_requirements"": [{""node_id"": ""3045"", ""algorithm_step_name"": ""Tabular Dataset Loading"", ""node_name"": ""数据"", ""node_params"": {""type"": ""sample"", ""filename"": ""iris.csv""}, ""contrast_level"": 2, ""node_type"": ""io""}, {""node_id"": ""3047"", ""algorithm_step_name"": ""Dataset Division"", ""node_name"": ""数据采样"", ""node_params"": {""sampling_type"": 0, ""percentage"": 30, ""n_samples"": 15, ""replacement"": false, ""n_folds"": 10, ""selected_folds"": 1, ""replicable"": false, ""stratified"": false}, ""contrast_level"": 2, ""node_type"": ""preprocess""}, {""node_id"": ""3048"", ""algorithm_step_name"": ""LightGBM"", ""node_name"": ""LightGBM"", ""node_params"": {""boosting_type"": ""gbdt"", ""n_estimators"": 10, ""learning_rate"": 0.1, ""sampling_rate"": 0.1, ""max_depth_check"": false, ""max_depth"": 3, ""num_leaves_check"": false, ""num_leaves"": 31}, ""contrast_level"": 2, ""node_type"": ""model""}, {""node_id"": ""3049"", ""algorithm_step_name"": ""Model Evaluate"", ""node_name"": ""测试得分"", ""node_params"": {}, ""contrast_level"": 2, ""node_type"": ""evaluate""}, {""node_id"": ""3050"", ""algorithm_step_name"": ""Confusion Matrix"", ""node_name"": ""混淆矩阵"", ""node_params"": {}, ""contrast_level"": 2, ""node_type"": ""visualize""}]}",0.8
帮我把加载的数据集换成房价示例数据集。然后，把KNN模型给我换成XGBoost模型。,1.0,5039,327,25.64345574378968,3.462651252746582,9.251203298568726,12.929601192474363,0,"{""edges"": [{""edge_id"": ""60315"", ""source_node_id"": ""3051"", ""target_node_id"": ""3052""}, {""edge_id"": ""60317"", ""source_node_id"": ""3052"", ""target_node_id"": ""3054""}, {""edge_id"": ""60320"", ""source_node_id"": ""3052"", ""target_node_id"": ""3055""}, {""edge_id"": ""60321"", ""source_node_id"": ""3055"", ""target_node_id"": ""3054""}], ""nodes"": [{""node_id"": ""3051"", ""widget_name"": ""File"", ""node_name"": ""数据"", ""node_params"": {""type"": ""sample"", ""filename"": ""housing.csv""}, ""matched"": true}, {""node_id"": ""3052"", ""widget_name"": ""Data Sampler"", ""node_name"": ""数据采样"", ""node_params"": {""sampling_type"": 0, ""percentage"": 10, ""n_samples"": 15, ""replacement"": false, ""n_folds"": 10, ""selected_folds"": 1, ""replicable"": false, ""stratified"": false}, ""matched"": true}, {""node_id"": ""3054"", ""widget_name"": ""Test & Score"", ""node_name"": ""测试得分"", ""node_params"": {}, ""matched"": true}, {""node_id"": ""3055"", ""widget_name"": ""XGBoost"", ""node_name"": ""XGBoost"", ""node_params"": {""booster"": ""gbtree"", ""learning_rate"": 0.3, ""gamma"": 0, ""max_depth"": 6, ""min_child_widget"": 1, ""max_delta_step"": 0, ""subsample"": 1, ""sampling_method"": ""uniform"", ""lambda"": 1, ""alpha"": 0, ""tree_method"": ""auto"", ""scale_pos_weight"": 1, ""updater"": ""grow_colmaker"", ""process_type"": ""default"", ""grow_policy"": ""depthwise""}, ""matched"": true}]}","{""dependency_requirements"": [{""edge_id"": ""2562"", ""source_node_id"": ""3051"", ""target_node_id"": ""3052""}, {""edge_id"": ""2564"", ""source_node_id"": ""3052"", ""target_node_id"": ""3054""}, {""edge_id"": ""2567"", ""source_node_id"": ""3052"", ""target_node_id"": ""3055""}, {""edge_id"": ""2568"", ""source_node_id"": ""3055"", ""target_node_id"": ""3054""}], ""step_requirements"": [{""node_id"": ""3051"", ""algorithm_step_name"": ""Tabular Dataset Loading"", ""node_name"": ""数据"", ""node_params"": {""type"": ""sample"", ""filename"": ""housing.csv""}, ""contrast_level"": 2, ""node_type"": ""io""}, {""node_id"": ""3052"", ""algorithm_step_name"": ""Dataset Division"", ""node_name"": ""数据采样"", ""node_params"": {""sampling_type"": 0, ""percentage"": 10, ""n_samples"": 15, ""replacement"": false, ""n_folds"": 10, ""selected_folds"": 1, ""replicable"": false, ""stratified"": false}, ""contrast_level"": 2, ""node_type"": ""preprocess""}, {""node_id"": ""3054"", ""algorithm_step_name"": ""Model Evaluate"", ""node_name"": ""测试得分"", ""node_params"": {}, ""contrast_level"": 2, ""node_type"": ""evaluate""}, {""node_id"": ""3055"", ""algorithm_step_name"": ""XGBoost"", ""node_name"": ""XGBoost"", ""node_params"": {}, ""contrast_level"": 1, ""node_type"": ""model""}]}",1.0
帮我把连续化处理换成特征选择，KNN的邻节点个数改为7。,1.0,4836,461,18.31394624710083,3.778284072875977,11.88798999786377,2.647672176361084,0,"{""edges"": [{""edge_id"": ""60324"", ""source_node_id"": ""3067"", ""target_node_id"": ""3068""}, {""edge_id"": ""60325"", ""source_node_id"": ""3067"", ""target_node_id"": ""3069""}, {""edge_id"": ""60327"", ""source_node_id"": ""3068"", ""target_node_id"": ""3069""}, {""edge_id"": ""60328"", ""source_node_id"": ""3065"", ""target_node_id"": ""3070""}, {""edge_id"": ""60329"", ""source_node_id"": ""3070"", ""target_node_id"": ""3067""}], ""nodes"": [{""node_id"": ""3065"", ""widget_name"": ""File"", ""node_name"": ""数据"", ""node_params"": {""type"": ""sample"", ""filename"": ""iris.csv""}, ""matched"": true}, {""node_id"": ""3067"", ""widget_name"": ""Data Sampler"", ""node_name"": ""数据采样"", ""node_params"": {""sampling_type"": 0, ""percentage"": 10, ""n_samples"": 15, ""replacement"": false, ""n_folds"": 10, ""selected_folds"": 1, ""replicable"": false, ""stratified"": false}, ""matched"": true}, {""node_id"": ""3068"", ""widget_name"": ""KNN"", ""node_name"": ""KNN"", ""node_params"": {""n_neighbors"": 7, ""metric"": ""euclidean"", ""weights"": ""uniform""}, ""matched"": true}, {""node_id"": ""3069"", ""widget_name"": ""Test & Score"", ""node_name"": ""测试得分"", ""node_params"": {}, ""matched"": true}, {""node_id"": ""3070"", ""widget_name"": ""Select Best N Attributes"", ""node_name"": ""特征选择"", ""node_params"": {""n"": 3}, ""matched"": true}]}","{""dependency_requirements"": [{""edge_id"": ""2576"", ""source_node_id"": ""3067"", ""target_node_id"": ""3068""}, {""edge_id"": ""2577"", ""source_node_id"": ""3067"", ""target_node_id"": ""3069""}, {""edge_id"": ""2579"", ""source_node_id"": ""3068"", ""target_node_id"": ""3069""}, {""edge_id"": ""2580"", ""source_node_id"": ""3065"", ""target_node_id"": ""3070""}, {""edge_id"": ""2581"", ""source_node_id"": ""3070"", ""target_node_id"": ""3067""}], ""step_requirements"": [{""node_id"": ""3065"", ""algorithm_step_name"": ""Tabular Dataset Loading"", ""node_name"": ""数据"", ""node_params"": {""type"": ""sample"", ""filename"": ""iris.csv""}, ""contrast_level"": 2, ""node_type"": ""io""}, {""node_id"": ""3067"", ""algorithm_step_name"": ""Dataset Division"", ""node_name"": ""数据采样"", ""node_params"": {""sampling_type"": 0, ""percentage"": 10, ""n_samples"": 15, ""replacement"": false, ""n_folds"": 10, ""selected_folds"": 1, ""replicable"": false, ""stratified"": false}, ""contrast_level"": 2, ""node_type"": ""preprocess""}, {""node_id"": ""3068"", ""algorithm_step_name"": ""KNN"", ""node_name"": ""KNN"", ""node_params"": {""n_neighbors"": 7, ""metric"": ""euclidean"", ""weights"": ""uniform""}, ""contrast_level"": 2, ""node_type"": ""model""}, {""node_id"": ""3069"", ""algorithm_step_name"": ""Model Evaluate"", ""node_name"": ""测试得分"", ""node_params"": {}, ""contrast_level"": 2, ""node_type"": ""evaluate""}, {""node_id"": ""3070"", ""algorithm_step_name"": ""Feature Selection"", ""node_name"": ""特征选择"", ""node_params"": {}, ""contrast_level"": 1, ""node_type"": ""feature engineering""}]}",1.0
