instruction,rcr,input_tokens,output_tokens,times,time_task_decomposition,time_widget_retrieval,time_operation_sequence_generation,time_data_retrieval,workflow,requirements,wgf1
"Run data analysis on Iris example dataset, include a plot",1.0,13436,1229,54.396716356277466,7.413645267486572,28.510745763778687,18.472325325012207,0.0,"{""edges"": [{""edge_id"": ""55641"", ""source_node_id"": ""353"", ""target_node_id"": ""66657""}, {""edge_id"": ""55642"", ""source_node_id"": ""66657"", ""target_node_id"": ""66658""}, {""edge_id"": ""55643"", ""source_node_id"": ""66658"", ""target_node_id"": ""355""}], ""nodes"": [{""node_id"": ""353"", ""widget_name"": ""File"", ""node_name"": ""Iris数据集"", ""node_params"": {""type"": ""sample"", ""filename"": ""iris.csv""}, ""matched"": true}, {""node_id"": ""66657"", ""widget_name"": ""Random Forest"", ""node_name"": ""随机森林分类器"", ""node_params"": {""n_estimators"": 10, ""use_max_features"": false, ""max_features"": ""auto"", ""use_random_state"": false, ""use_max_depth"": false, ""max_depth"": 3, ""use_min_samples_split"": true, ""min_samples_split"": 2}, ""matched"": false}, {""node_id"": ""66658"", ""widget_name"": ""Predictions"", ""node_name"": ""预测"", ""node_params"": {""output_attrs"": true, ""output_predictions"": true, ""output_probabilities"": true}, ""matched"": false}, {""node_id"": ""355"", ""widget_name"": ""Confusion Matrix"", ""node_name"": ""混淆矩阵"", ""node_params"": {}, ""matched"": true}]}","{""dependency_requirements"": [{""edge_id"": ""257"", ""source_node_id"": ""353"", ""target_node_id"": ""355""}], ""step_requirements"": [{""node_id"": ""353"", ""algorithm_step_name"": ""Tabular Dataset Loading"", ""node_name"": ""文件加载节点"", ""node_params"": {""type"": ""sample"", ""filename"": ""iris.csv""}, ""contrast_level"": 2, ""node_type"": ""io""}, {""node_id"": ""355"", ""algorithm_step_name"": ""Scatter Plot"", ""node_name"": ""散点图"", ""node_params"": {}, ""contrast_level"": 0, ""node_type"": ""visualize""}]}",0.6667
"Run data analysis on Wine recognition example dataset, include a plot, and train a model to predict wine class with 20% as test set, and save predictions.",0.5,45136,4267,194.86973404884336,8.809857845306396,37.72432088851929,93.46540808677672,54.87014722824097,"{""edges"": [{""edge_id"": ""55644"", ""source_node_id"": ""66660"", ""target_node_id"": ""66661""}, {""edge_id"": ""55645"", ""source_node_id"": ""66661"", ""target_node_id"": ""66662""}, {""edge_id"": ""55646"", ""source_node_id"": ""66662"", ""target_node_id"": ""377""}, {""edge_id"": ""55647"", ""source_node_id"": ""66662"", ""target_node_id"": ""66664""}, {""edge_id"": ""55648"", ""source_node_id"": ""377"", ""target_node_id"": ""66664""}, {""edge_id"": ""55649"", ""source_node_id"": ""66664"", ""target_node_id"": ""379""}, {""edge_id"": ""55650"", ""source_node_id"": ""66660"", ""target_node_id"": ""382""}, {""edge_id"": ""55651"", ""source_node_id"": ""66660"", ""target_node_id"": ""66667""}, {""edge_id"": ""55652"", ""source_node_id"": ""66660"", ""target_node_id"": ""66668""}], ""nodes"": [{""node_id"": ""66660"", ""widget_name"": ""SQL Table"", ""node_name"": ""Wine recognition example训练数据"", ""node_params"": {""table_name"": ""house_prices_advanced_regression_techniques_train"", ""target_column"": ""SalePrice""}, ""matched"": false}, {""node_id"": ""66661"", ""widget_name"": ""Impute"", ""node_name"": ""缺失值处理"", ""node_params"": {""method"": 1}, ""matched"": false}, {""node_id"": ""66662"", ""widget_name"": ""One Hot Encoder"", ""node_name"": ""特征工程处理"", ""node_params"": {""encode_vars"": [""MSZoning"", ""Street"", ""LotShape"", ""LandContour"", ""Utilities"", ""LotConfig"", ""LandSlope"", ""Neighborhood"", ""Condition1"", ""Condition2"", ""BldgType"", ""HouseStyle"", ""RoofStyle"", ""RoofMatl"", ""Exterior1st"", ""Exterior2nd"", ""MasVnrType"", ""ExterQual"", ""ExterCond"", ""Foundation"", ""BsmtQual"", ""BsmtCond"", ""BsmtExposure"", ""BsmtFinType1"", ""BsmtFinType2"", ""Heating"", ""HeatingQC"", ""CentralAir"", ""Electrical"", ""KitchenQual"", ""Functional"", ""FireplaceQu"", ""GarageType"", ""GarageFinish"", ""GarageQual"", ""GarageCond"", ""PavedDrive"", ""Fence"", ""SaleType"", ""SaleCondition""]}, ""matched"": false}, {""node_id"": ""377"", ""widget_name"": ""Random Forest"", ""node_name"": ""随机森林模型"", ""node_params"": {""n_estimators"": 10, ""use_max_features"": false, ""max_features"": ""auto"", ""use_random_state"": false, ""use_max_depth"": false, ""max_depth"": 3, ""use_min_samples_split"": true, ""min_samples_split"": 2}, ""matched"": true}, {""node_id"": ""66664"", ""widget_name"": ""Predictions"", ""node_name"": ""预测"", ""node_params"": {""output_attrs"": true, ""output_predictions"": true, ""output_probabilities"": false}, ""matched"": false}, {""node_id"": ""379"", ""widget_name"": ""Save Data"", ""node_name"": ""保存预测结果"", ""node_params"": {}, ""matched"": true}, {""node_id"": ""382"", ""widget_name"": ""Distributions"", ""node_name"": ""特征分布可视化"", ""node_params"": {}, ""matched"": true}, {""node_id"": ""66667"", ""widget_name"": ""Correlogram"", ""node_name"": ""相关性可视化"", ""node_params"": {}, ""matched"": false}, {""node_id"": ""66668"", ""widget_name"": ""Scatter Plot"", ""node_name"": ""散点图可视化"", ""node_params"": {}, ""matched"": false}]}","{""dependency_requirements"": [{""edge_id"": ""277"", ""source_node_id"": ""373"", ""target_node_id"": ""374""}, {""edge_id"": ""282"", ""source_node_id"": ""377"", ""target_node_id"": ""378""}, {""edge_id"": ""283"", ""source_node_id"": ""378"", ""target_node_id"": ""379""}, {""edge_id"": ""286"", ""source_node_id"": ""373"", ""target_node_id"": ""382""}, {""edge_id"": ""287"", ""source_node_id"": ""374"", ""target_node_id"": ""378""}, {""edge_id"": ""288"", ""source_node_id"": ""374"", ""target_node_id"": ""377""}], ""step_requirements"": [{""node_id"": ""373"", ""algorithm_step_name"": ""Tabular Dataset Loading"", ""node_name"": ""文件加载节点"", ""node_params"": {""type"": ""sample"", ""filename"": ""wine.csv""}, ""contrast_level"": 2, ""node_type"": ""io""}, {""node_id"": ""374"", ""algorithm_step_name"": ""Dataset Division"", ""node_name"": ""数据划分"", ""node_params"": {""sampling_type"": 0, ""percentage"": 20}, ""contrast_level"": 2, ""node_type"": ""preprocess""}, {""node_id"": ""377"", ""algorithm_step_name"": ""XGBoost"", ""node_name"": ""XGBoost分类器"", ""node_params"": {}, ""contrast_level"": 0, ""node_type"": ""model""}, {""node_id"": ""378"", ""algorithm_step_name"": ""Test Dataset Predictions"", ""node_name"": ""预测"", ""node_params"": {""output_probabilities"": true}, ""contrast_level"": 2, ""node_type"": ""predict""}, {""node_id"": ""379"", ""algorithm_step_name"": ""Save Data"", ""node_name"": ""保存预测结果"", ""node_params"": {}, ""contrast_level"": 1, ""node_type"": ""io""}, {""node_id"": ""382"", ""algorithm_step_name"": ""Line Chart"", ""node_name"": ""折线图"", ""node_params"": {}, ""contrast_level"": 0, ""node_type"": ""visualize""}]}",0.4
"Run data analysis on sklearn Wisconsin Breast Cancer example dataset, include a plot, train a model to predict targets (20% as validation), and save predictions.",0.8889,22325,1613,64.8939950466156,8.321451187133789,32.13130760192871,24.4412362575531,0.0,"{""edges"": [{""edge_id"": ""55653"", ""source_node_id"": ""390"", ""target_node_id"": ""393""}, {""edge_id"": ""55654"", ""source_node_id"": ""393"", ""target_node_id"": ""394""}, {""edge_id"": ""55655"", ""source_node_id"": ""390"", ""target_node_id"": ""394""}, {""edge_id"": ""55656"", ""source_node_id"": ""394"", ""target_node_id"": ""395""}, {""edge_id"": ""55657"", ""source_node_id"": ""390"", ""target_node_id"": ""396""}, {""edge_id"": ""55658"", ""source_node_id"": ""390"", ""target_node_id"": ""66674""}, {""edge_id"": ""55659"", ""source_node_id"": ""390"", ""target_node_id"": ""66675""}], ""nodes"": [{""node_id"": ""390"", ""widget_name"": ""File"", ""node_name"": ""乳腺癌数据集"", ""node_params"": {""type"": ""sample"", ""filename"": ""breast_cancer.csv""}, ""matched"": true}, {""node_id"": ""393"", ""widget_name"": ""Logistic Regression"", ""node_name"": ""逻辑回归模型"", ""node_params"": {""C"": 1, ""penalty"": ""l2""}, ""matched"": true}, {""node_id"": ""394"", ""widget_name"": ""Predictions"", ""node_name"": ""预测"", ""node_params"": {""output_attrs"": true, ""output_predictions"": true, ""output_probabilities"": true}, ""matched"": true}, {""node_id"": ""395"", ""widget_name"": ""Save Data"", ""node_name"": ""保存预测结果"", ""node_params"": {}, ""matched"": true}, {""node_id"": ""396"", ""widget_name"": ""Distributions"", ""node_name"": ""特征分布可视化"", ""node_params"": {}, ""matched"": true}, {""node_id"": ""66674"", ""widget_name"": ""Correlogram"", ""node_name"": ""特征相关性可视化"", ""node_params"": {}, ""matched"": false}, {""node_id"": ""66675"", ""widget_name"": ""Scatter Plot"", ""node_name"": ""特征散点图可视化"", ""node_params"": {}, ""matched"": false}]}","{""dependency_requirements"": [{""edge_id"": ""298"", ""source_node_id"": ""392"", ""target_node_id"": ""393""}, {""edge_id"": ""299"", ""source_node_id"": ""392"", ""target_node_id"": ""394""}, {""edge_id"": ""300"", ""source_node_id"": ""393"", ""target_node_id"": ""394""}, {""edge_id"": ""301"", ""source_node_id"": ""394"", ""target_node_id"": ""395""}, {""edge_id"": ""304"", ""source_node_id"": ""390"", ""target_node_id"": ""396""}, {""edge_id"": ""305"", ""source_node_id"": ""390"", ""target_node_id"": ""392""}], ""step_requirements"": [{""node_id"": ""390"", ""algorithm_step_name"": ""Tabular Dataset Loading"", ""node_name"": ""威斯康星乳腺癌数据集"", ""node_params"": {""type"": ""sample"", ""filename"": ""breast_cancer.csv""}, ""contrast_level"": 2, ""node_type"": ""io""}, {""node_id"": ""392"", ""algorithm_step_name"": ""Dataset Division"", ""node_name"": ""数据划分"", ""node_params"": {""percentage"": 20}, ""contrast_level"": 2, ""node_type"": ""preprocess""}, {""node_id"": ""393"", ""algorithm_step_name"": ""LightGBM"", ""node_name"": ""LightGBM分类器"", ""node_params"": {}, ""contrast_level"": 0, ""node_type"": ""model""}, {""node_id"": ""394"", ""algorithm_step_name"": ""Test Dataset Predictions"", ""node_name"": ""预测"", ""node_params"": {""output_probabilities"": true}, ""contrast_level"": 2, ""node_type"": ""predict""}, {""node_id"": ""395"", ""algorithm_step_name"": ""Save Data"", ""node_name"": ""保存预测结果"", ""node_params"": {}, ""contrast_level"": 1, ""node_type"": ""io""}, {""node_id"": ""396"", ""algorithm_step_name"": ""Correlogram"", ""node_name"": ""相关性热图"", ""node_params"": {}, ""contrast_level"": 0, ""node_type"": ""visualize""}]}",0.7692
"This is a titanic passenger survival dataset, your goal is to predict passenger survival outcome. The target column is Survived. Perform data analysis, data preprocessing, feature engineering, and modeling to predict the target. save predictions. Train data: titanic_train, Eval data: titanic_test.",0.9333,35124,3344,156.12502765655518,10.635131120681764,40.93866419792175,78.2646963596344,26.28653597831726,"{""edges"": [{""edge_id"": ""55660"", ""source_node_id"": ""397"", ""target_node_id"": ""399""}, {""edge_id"": ""55661"", ""source_node_id"": ""399"", ""target_node_id"": ""401""}, {""edge_id"": ""55662"", ""source_node_id"": ""401"", ""target_node_id"": ""66679""}, {""edge_id"": ""55663"", ""source_node_id"": ""398"", ""target_node_id"": ""400""}, {""edge_id"": ""55664"", ""source_node_id"": ""398"", ""target_node_id"": ""66682""}, {""edge_id"": ""55665"", ""source_node_id"": ""400"", ""target_node_id"": ""402""}, {""edge_id"": ""55666"", ""source_node_id"": ""402"", ""target_node_id"": ""404""}, {""edge_id"": ""55667"", ""source_node_id"": ""66679"", ""target_node_id"": ""404""}, {""edge_id"": ""55668"", ""source_node_id"": ""404"", ""target_node_id"": ""405""}], ""nodes"": [{""node_id"": ""397"", ""widget_name"": ""SQL Table"", ""node_name"": ""泰坦尼克号训练数据"", ""node_params"": {""table_name"": ""titanic_train"", ""target_column"": ""Survived""}, ""matched"": true}, {""node_id"": ""399"", ""widget_name"": ""Impute"", ""node_name"": ""缺失值处理"", ""node_params"": {""method"": 1}, ""matched"": true}, {""node_id"": ""401"", ""widget_name"": ""One Hot Encoder"", ""node_name"": ""独热编码处理"", ""node_params"": {""encode_vars"": [""Sex"", ""Embarked""]}, ""matched"": true}, {""node_id"": ""66679"", ""widget_name"": ""LightGBM"", ""node_name"": ""LightGBM分类器"", ""node_params"": {""boosting_type"": ""gbdt"", ""n_estimators"": 10, ""learning_rate"": 0.1, ""sampling_rate"": 0.1, ""max_depth_check"": false, ""max_depth"": 3, ""num_leaves_check"": false, ""num_leaves"": 31}, ""matched"": false}, {""node_id"": ""398"", ""widget_name"": ""SQL Table"", ""node_name"": ""泰坦尼克号测试数据"", ""node_params"": {""table_name"": ""titanic_test"", ""target_column"": ""Survived""}, ""matched"": true}, {""node_id"": ""400"", ""widget_name"": ""Impute"", ""node_name"": ""测试数据缺失值处理"", ""node_params"": {""method"": 1}, ""matched"": true}, {""node_id"": ""66682"", ""widget_name"": ""Impute"", ""node_name"": ""测试数据缺失值处理"", ""node_params"": {""method"": 1}, ""matched"": false}, {""node_id"": ""402"", ""widget_name"": ""One Hot Encoder"", ""node_name"": ""测试数据独热编码"", ""node_params"": {""encode_vars"": [""Sex"", ""Embarked""]}, ""matched"": true}, {""node_id"": ""404"", ""widget_name"": ""Predictions"", ""node_name"": ""预测"", ""node_params"": {""output_attrs"": true, ""output_predictions"": true, ""output_probabilities"": true}, ""matched"": true}, {""node_id"": ""405"", ""widget_name"": ""Save Data"", ""node_name"": ""保存预测结果"", ""node_params"": {}, ""matched"": true}]}","{""dependency_requirements"": [{""edge_id"": ""306"", ""source_node_id"": ""397"", ""target_node_id"": ""399""}, {""edge_id"": ""307"", ""source_node_id"": ""398"", ""target_node_id"": ""400""}, {""edge_id"": ""308"", ""source_node_id"": ""399"", ""target_node_id"": ""401""}, {""edge_id"": ""309"", ""source_node_id"": ""400"", ""target_node_id"": ""402""}, {""edge_id"": ""310"", ""source_node_id"": ""401"", ""target_node_id"": ""403""}, {""edge_id"": ""311"", ""source_node_id"": ""402"", ""target_node_id"": ""404""}, {""edge_id"": ""312"", ""source_node_id"": ""403"", ""target_node_id"": ""404""}, {""edge_id"": ""313"", ""source_node_id"": ""404"", ""target_node_id"": ""405""}], ""step_requirements"": [{""node_id"": ""397"", ""algorithm_step_name"": ""Tabular Dataset Loading"", ""node_name"": ""泰坦尼克号训练数据"", ""node_params"": {""table_name"": ""titanic_train"", ""target_column"": ""Survived""}, ""contrast_level"": 2, ""node_type"": ""io""}, {""node_id"": ""398"", ""algorithm_step_name"": ""Tabular Dataset Loading"", ""node_name"": ""泰坦尼克号测试数据"", ""node_params"": {""table_name"": ""titanic_test"", ""target_column"": ""Survived""}, ""contrast_level"": 2, ""node_type"": ""io""}, {""node_id"": ""399"", ""algorithm_step_name"": ""Missing Value Handling"", ""node_name"": ""训练数据缺失值处理"", ""node_params"": {}, ""contrast_level"": 0, ""node_type"": ""preprocess""}, {""node_id"": ""400"", ""algorithm_step_name"": ""Missing Value Handling"", ""node_name"": ""测试数据缺失值处理"", ""node_params"": {}, ""contrast_level"": 0, ""node_type"": ""preprocess""}, {""node_id"": ""401"", ""algorithm_step_name"": ""One Hot Encoding"", ""node_name"": ""训练数据独热编码"", ""node_params"": {}, ""contrast_level"": 0, ""node_type"": ""feature engineering""}, {""node_id"": ""402"", ""algorithm_step_name"": ""One Hot Encoding"", ""node_name"": ""测试数据独热编码"", ""node_params"": {}, ""contrast_level"": 0, ""node_type"": ""feature engineering""}, {""node_id"": ""403"", ""algorithm_step_name"": ""XGBoost"", ""node_name"": ""XGBoost分类器"", ""node_params"": {}, ""contrast_level"": 2, ""node_type"": ""model""}, {""node_id"": ""404"", ""algorithm_step_name"": ""Test Dataset Predictions"", ""node_name"": ""预测"", ""node_params"": {""output_probabilities"": true}, ""contrast_level"": 2, ""node_type"": ""predict""}, {""node_id"": ""405"", ""algorithm_step_name"": ""Save Data"", ""node_name"": ""保存预测结果"", ""node_params"": {}, ""contrast_level"": 1, ""node_type"": ""io""}]}",0.8421
"This is a house price dataset, your goal is to predict the sale price of a property based on its features. The target column is SalePrice. Perform data analysis, data preprocessing, feature engineering, and modeling to predict the target. save predictions. Train data: house_prices_advanced_regression_techniques_train, Eval data: house_prices_advanced_regression_techniques_test.",1.0,44912,6326,313.8460829257965,8.483818531036377,33.170320987701416,163.915682554245,108.27626085281372,"{""edges"": [{""edge_id"": ""55669"", ""source_node_id"": ""406"", ""target_node_id"": ""408""}, {""edge_id"": ""55670"", ""source_node_id"": ""407"", ""target_node_id"": ""409""}, {""edge_id"": ""55671"", ""source_node_id"": ""408"", ""target_node_id"": ""410""}, {""edge_id"": ""55672"", ""source_node_id"": ""409"", ""target_node_id"": ""411""}, {""edge_id"": ""55673"", ""source_node_id"": ""410"", ""target_node_id"": ""412""}, {""edge_id"": ""55674"", ""source_node_id"": ""411"", ""target_node_id"": ""413""}, {""edge_id"": ""55675"", ""source_node_id"": ""412"", ""target_node_id"": ""413""}, {""edge_id"": ""55676"", ""source_node_id"": ""413"", ""target_node_id"": ""414""}], ""nodes"": [{""node_id"": ""406"", ""widget_name"": ""SQL Table"", ""node_name"": ""训练数据集"", ""node_params"": {""table_name"": ""house_prices_advanced_regression_techniques_train"", ""target_column"": ""SalePrice""}, ""matched"": true}, {""node_id"": ""407"", ""widget_name"": ""SQL Table"", ""node_name"": ""测试数据集"", ""node_params"": {""table_name"": ""house_prices_advanced_regression_techniques_test"", ""target_column"": ""SalePrice""}, ""matched"": true}, {""node_id"": ""408"", ""widget_name"": ""Impute"", ""node_name"": ""训练数据缺失值处理"", ""node_params"": {""method"": 1}, ""matched"": true}, {""node_id"": ""409"", ""widget_name"": ""Impute"", ""node_name"": ""测试数据缺失值处理"", ""node_params"": {""method"": 1}, ""matched"": true}, {""node_id"": ""410"", ""widget_name"": ""One Hot Encoder"", ""node_name"": ""训练数据独热编码"", ""node_params"": {""encode_vars"": [""MSZoning"", ""LotShape"", ""LandContour"", ""LotConfig"", ""LandSlope"", ""Neighborhood"", ""Condition1"", ""Condition2"", ""BldgType"", ""HouseStyle"", ""RoofStyle"", ""RoofMatl"", ""Exterior1st"", ""Exterior2nd"", ""MasVnrType"", ""ExterQual"", ""ExterCond"", ""Foundation"", ""BsmtQual"", ""BsmtCond"", ""BsmtExposure"", ""BsmtFinType1"", ""BsmtFinType2"", ""Heating"", ""HeatingQC"", ""CentralAir"", ""Electrical"", ""KitchenQual"", ""Functional"", ""FireplaceQu"", ""GarageType"", ""GarageFinish"", ""PavedDrive"", ""SaleType"", ""SaleCondition""]}, ""matched"": true}, {""node_id"": ""411"", ""widget_name"": ""One Hot Encoder"", ""node_name"": ""测试数据独热编码"", ""node_params"": {""encode_vars"": [""MSZoning"", ""LotShape"", ""LandContour"", ""LotConfig"", ""LandSlope"", ""Neighborhood"", ""Condition1"", ""Condition2"", ""BldgType"", ""HouseStyle"", ""RoofStyle"", ""RoofMatl"", ""Exterior1st"", ""Exterior2nd"", ""MasVnrType"", ""ExterQual"", ""ExterCond"", ""Foundation"", ""BsmtQual"", ""BsmtCond"", ""BsmtExposure"", ""BsmtFinType1"", ""BsmtFinType2"", ""Heating"", ""HeatingQC"", ""CentralAir"", ""Electrical"", ""KitchenQual"", ""Functional"", ""FireplaceQu"", ""GarageType"", ""GarageFinish"", ""PavedDrive"", ""SaleType"", ""SaleCondition""]}, ""matched"": true}, {""node_id"": ""412"", ""widget_name"": ""Linear Regression"", ""node_name"": ""线性回归模型"", ""node_params"": {""regression_type"": ""0""}, ""matched"": true}, {""node_id"": ""413"", ""widget_name"": ""Predictions"", ""node_name"": ""预测"", ""node_params"": {""output_attrs"": true, ""output_predictions"": true, ""output_probabilities"": false}, ""matched"": true}, {""node_id"": ""414"", ""widget_name"": ""Save Data"", ""node_name"": ""保存预测结果"", ""node_params"": {}, ""matched"": true}]}","{""dependency_requirements"": [{""edge_id"": ""314"", ""source_node_id"": ""406"", ""target_node_id"": ""408""}, {""edge_id"": ""315"", ""source_node_id"": ""407"", ""target_node_id"": ""409""}, {""edge_id"": ""316"", ""source_node_id"": ""408"", ""target_node_id"": ""410""}, {""edge_id"": ""317"", ""source_node_id"": ""409"", ""target_node_id"": ""411""}, {""edge_id"": ""318"", ""source_node_id"": ""410"", ""target_node_id"": ""412""}, {""edge_id"": ""319"", ""source_node_id"": ""411"", ""target_node_id"": ""413""}, {""edge_id"": ""320"", ""source_node_id"": ""412"", ""target_node_id"": ""413""}, {""edge_id"": ""321"", ""source_node_id"": ""413"", ""target_node_id"": ""414""}], ""step_requirements"": [{""node_id"": ""406"", ""algorithm_step_name"": ""Tabular Dataset Loading"", ""node_name"": ""房屋价格训练数据"", ""node_params"": {""table_name"": ""house_prices_advanced_regression_techniques_train"", ""target_column"": ""SalePrice""}, ""contrast_level"": 2, ""node_type"": ""io""}, {""node_id"": ""407"", ""algorithm_step_name"": ""Tabular Dataset Loading"", ""node_name"": ""房屋价格测试数据"", ""node_params"": {""table_name"": ""house_prices_advanced_regression_techniques_test"", ""target_column"": ""SalePrice""}, ""contrast_level"": 2, ""node_type"": ""io""}, {""node_id"": ""408"", ""algorithm_step_name"": ""Missing Value Handling"", ""node_name"": ""训练数据缺失值处理"", ""node_params"": {}, ""contrast_level"": 0, ""node_type"": ""preprocess""}, {""node_id"": ""409"", ""algorithm_step_name"": ""Missing Value Handling"", ""node_name"": ""测试数据缺失值处理"", ""node_params"": {}, ""contrast_level"": 0, ""node_type"": ""preprocess""}, {""node_id"": ""410"", ""algorithm_step_name"": ""One Hot Encoding"", ""node_name"": ""训练数据独热编码"", ""node_params"": {}, ""contrast_level"": 0, ""node_type"": ""feature engineering""}, {""node_id"": ""411"", ""algorithm_step_name"": ""One Hot Encoding"", ""node_name"": ""测试数据独热编码"", ""node_params"": {}, ""contrast_level"": 0, ""node_type"": ""feature engineering""}, {""node_id"": ""412"", ""algorithm_step_name"": ""XGBoost"", ""node_name"": ""XGBoost回归器"", ""node_params"": {}, ""contrast_level"": 0, ""node_type"": ""model""}, {""node_id"": ""413"", ""algorithm_step_name"": ""Test Dataset Predictions"", ""node_name"": ""预测"", ""node_params"": {""output_probabilities"": false}, ""contrast_level"": 2, ""node_type"": ""predict""}, {""node_id"": ""414"", ""algorithm_step_name"": ""Save Data"", ""node_name"": ""保存预测结果"", ""node_params"": {}, ""contrast_level"": 1, ""node_type"": ""io""}]}",1.0
"This is a customers financial dataset. Your goal is to predict which customers will make a specific transaction in the future. The target column is target. Perform data analysis and modeling to predict the target. save predictions. Train data: santander_customer_transaction_prediction_train, Eval data: santander_customer_transaction_prediction_test.",1.0,21317,2686,150.84389424324036,9.07016897201538,32.14405870437622,71.2141604423523,38.41550612449646,"{""edges"": [{""edge_id"": ""55677"", ""source_node_id"": ""415"", ""target_node_id"": ""417""}, {""edge_id"": ""55678"", ""source_node_id"": ""416"", ""target_node_id"": ""418""}, {""edge_id"": ""55679"", ""source_node_id"": ""417"", ""target_node_id"": ""418""}, {""edge_id"": ""55680"", ""source_node_id"": ""418"", ""target_node_id"": ""419""}], ""nodes"": [{""node_id"": ""415"", ""widget_name"": ""SQL Table"", ""node_name"": ""santander_customer_transaction_prediction_train"", ""node_params"": {""table_name"": ""santander_customer_transaction_prediction_train"", ""target_column"": ""target""}, ""matched"": true}, {""node_id"": ""416"", ""widget_name"": ""SQL Table"", ""node_name"": ""santander_customer_transaction_prediction_test"", ""node_params"": {""table_name"": ""santander_customer_transaction_prediction_test"", ""target_column"": ""target""}, ""matched"": true}, {""node_id"": ""417"", ""widget_name"": ""Random Forest"", ""node_name"": ""随机森林模型"", ""node_params"": {""n_estimators"": 10, ""use_max_features"": false, ""max_features"": ""auto"", ""use_random_state"": false, ""use_max_depth"": false, ""max_depth"": 3, ""use_min_samples_split"": true, ""min_samples_split"": 2}, ""matched"": true}, {""node_id"": ""418"", ""widget_name"": ""Predictions"", ""node_name"": ""预测"", ""node_params"": {""output_attrs"": true, ""output_predictions"": true, ""output_probabilities"": true}, ""matched"": true}, {""node_id"": ""419"", ""widget_name"": ""Save Data"", ""node_name"": ""保存预测结果"", ""node_params"": {}, ""matched"": true}]}","{""dependency_requirements"": [{""edge_id"": ""322"", ""source_node_id"": ""415"", ""target_node_id"": ""417""}, {""edge_id"": ""323"", ""source_node_id"": ""416"", ""target_node_id"": ""418""}, {""edge_id"": ""324"", ""source_node_id"": ""417"", ""target_node_id"": ""418""}, {""edge_id"": ""325"", ""source_node_id"": ""418"", ""target_node_id"": ""419""}], ""step_requirements"": [{""node_id"": ""415"", ""algorithm_step_name"": ""Tabular Dataset Loading"", ""node_name"": ""桑坦德客户交易预测训练数据"", ""node_params"": {""table_name"": ""santander_customer_transaction_prediction_train"", ""target_column"": ""target""}, ""contrast_level"": 2, ""node_type"": ""io""}, {""node_id"": ""416"", ""algorithm_step_name"": ""Tabular Dataset Loading"", ""node_name"": ""桑坦德客户交易预测测试数据"", ""node_params"": {""table_name"": ""santander_customer_transaction_prediction_test"", ""target_column"": ""target""}, ""contrast_level"": 2, ""node_type"": ""io""}, {""node_id"": ""417"", ""algorithm_step_name"": ""XGBoost"", ""node_name"": ""XGBoost分类器"", ""node_params"": {}, ""contrast_level"": 0, ""node_type"": ""model""}, {""node_id"": ""418"", ""algorithm_step_name"": ""Test Dataset Predictions"", ""node_name"": ""预测"", ""node_params"": {""output_probabilities"": true}, ""contrast_level"": 2, ""node_type"": ""predict""}, {""node_id"": ""419"", ""algorithm_step_name"": ""Save Data"", ""node_name"": ""保存预测结果"", ""node_params"": {}, ""contrast_level"": 1, ""node_type"": ""io""}]}",1.0
"This is a medical dataset with over fifty anonymized health characteristics linked to three age-related conditions. Your goal is to predict whether a subject has or has not been diagnosed with one of these conditions. The target column is Class. Perform data analysis, data preprocessing, and modeling to predict the target. save predictions. Train data: icr_identify_age_related_conditions_train, Eval data: icr_identify_age_related_conditions_test",1.0,38873,4248,224.1929349899292,8.805334568023682,30.631144046783447,111.36114358901978,73.3953127861023,"{""edges"": [{""edge_id"": ""55681"", ""source_node_id"": ""659"", ""target_node_id"": ""661""}, {""edge_id"": ""55682"", ""source_node_id"": ""660"", ""target_node_id"": ""662""}, {""edge_id"": ""55683"", ""source_node_id"": ""661"", ""target_node_id"": ""663""}, {""edge_id"": ""55684"", ""source_node_id"": ""662"", ""target_node_id"": ""664""}, {""edge_id"": ""55685"", ""source_node_id"": ""663"", ""target_node_id"": ""664""}, {""edge_id"": ""55686"", ""source_node_id"": ""664"", ""target_node_id"": ""665""}], ""nodes"": [{""node_id"": ""659"", ""widget_name"": ""SQL Table"", ""node_name"": ""ICR 训练数据"", ""node_params"": {""table_name"": ""icr_identify_age_related_conditions_train"", ""target_column"": ""Class""}, ""matched"": true}, {""node_id"": ""660"", ""widget_name"": ""SQL Table"", ""node_name"": ""ICR 测试数据"", ""node_params"": {""table_name"": ""icr_identify_age_related_conditions_test"", ""target_column"": ""Class""}, ""matched"": true}, {""node_id"": ""661"", ""widget_name"": ""Impute"", ""node_name"": ""训练数据缺失值处理"", ""node_params"": {""method"": 1}, ""matched"": true}, {""node_id"": ""662"", ""widget_name"": ""Impute"", ""node_name"": ""测试数据缺失值处理"", ""node_params"": {""method"": 1}, ""matched"": true}, {""node_id"": ""663"", ""widget_name"": ""Logistic Regression"", ""node_name"": ""逻辑回归模型"", ""node_params"": {""C"": 1, ""penalty"": ""l2""}, ""matched"": true}, {""node_id"": ""664"", ""widget_name"": ""Predictions"", ""node_name"": ""预测"", ""node_params"": {""output_attrs"": true, ""output_predictions"": true, ""output_probabilities"": true}, ""matched"": true}, {""node_id"": ""665"", ""widget_name"": ""Save Data"", ""node_name"": ""保存预测结果"", ""node_params"": {}, ""matched"": true}]}","{""dependency_requirements"": [{""edge_id"": ""484"", ""source_node_id"": ""659"", ""target_node_id"": ""661""}, {""edge_id"": ""485"", ""source_node_id"": ""660"", ""target_node_id"": ""662""}, {""edge_id"": ""486"", ""source_node_id"": ""661"", ""target_node_id"": ""663""}, {""edge_id"": ""487"", ""source_node_id"": ""662"", ""target_node_id"": ""664""}, {""edge_id"": ""488"", ""source_node_id"": ""663"", ""target_node_id"": ""664""}, {""edge_id"": ""489"", ""source_node_id"": ""664"", ""target_node_id"": ""665""}], ""step_requirements"": [{""node_id"": ""659"", ""algorithm_step_name"": ""Tabular Dataset Loading"", ""node_name"": ""icr_identify_age_related_conditions_train"", ""node_params"": {""table_name"": ""icr_identify_age_related_conditions_train"", ""target_column"": ""Class""}, ""contrast_level"": 2, ""node_type"": ""io""}, {""node_id"": ""660"", ""algorithm_step_name"": ""Tabular Dataset Loading"", ""node_name"": ""icr_identify_age_related_conditions_test"", ""node_params"": {""table_name"": ""icr_identify_age_related_conditions_test"", ""target_column"": ""Class""}, ""contrast_level"": 2, ""node_type"": ""io""}, {""node_id"": ""661"", ""algorithm_step_name"": ""Missing Value Handling"", ""node_name"": ""训练数据缺失值处理"", ""node_params"": {}, ""contrast_level"": 0, ""node_type"": ""preprocess""}, {""node_id"": ""662"", ""algorithm_step_name"": ""Missing Value Handling"", ""node_name"": ""测试数据缺失值处理"", ""node_params"": {}, ""contrast_level"": 0, ""node_type"": ""preprocess""}, {""node_id"": ""663"", ""algorithm_step_name"": ""XGBoost"", ""node_name"": ""XGBoost分类器"", ""node_params"": {}, ""contrast_level"": 0, ""node_type"": ""model""}, {""node_id"": ""664"", ""algorithm_step_name"": ""Test Dataset Predictions"", ""node_name"": ""预测"", ""node_params"": {""output_probabilities"": true}, ""contrast_level"": 2, ""node_type"": ""predict""}, {""node_id"": ""665"", ""algorithm_step_name"": ""Save Data"", ""node_name"": ""保存预测结果"", ""node_params"": {}, ""contrast_level"": 1, ""node_type"": ""io""}]}",1.0
"This is a customers financial dataset. Your goal is to predict the value of transactions for each potential customer. The target column is target. Perform data analysis and modeling to predict the target. save predictions. Train data: santander_value_prediction_challenge_train, Eval data: santander_value_prediction_challenge_test",1.0,21398,2875,152.72740936279297,8.966939449310303,33.57902121543884,71.32278156280518,38.85866713523865,"{""edges"": [{""edge_id"": ""55687"", ""source_node_id"": ""666"", ""target_node_id"": ""668""}, {""edge_id"": ""55688"", ""source_node_id"": ""667"", ""target_node_id"": ""669""}, {""edge_id"": ""55689"", ""source_node_id"": ""668"", ""target_node_id"": ""669""}, {""edge_id"": ""55690"", ""source_node_id"": ""669"", ""target_node_id"": ""670""}], ""nodes"": [{""node_id"": ""666"", ""widget_name"": ""SQL Table"", ""node_name"": ""santander_value_prediction_challenge_train"", ""node_params"": {""table_name"": ""santander_value_prediction_challenge_train"", ""target_column"": ""target""}, ""matched"": true}, {""node_id"": ""667"", ""widget_name"": ""SQL Table"", ""node_name"": ""santander_value_prediction_challenge_test"", ""node_params"": {""table_name"": ""santander_value_prediction_challenge_test"", ""target_column"": ""target""}, ""matched"": true}, {""node_id"": ""668"", ""widget_name"": ""Linear Regression"", ""node_name"": ""线性回归模型"", ""node_params"": {""regression_type"": ""0""}, ""matched"": true}, {""node_id"": ""669"", ""widget_name"": ""Predictions"", ""node_name"": ""预测"", ""node_params"": {""output_attrs"": true, ""output_predictions"": true, ""output_probabilities"": false}, ""matched"": true}, {""node_id"": ""670"", ""widget_name"": ""Save Data"", ""node_name"": ""保存预测结果"", ""node_params"": {}, ""matched"": true}]}","{""dependency_requirements"": [{""edge_id"": ""490"", ""source_node_id"": ""666"", ""target_node_id"": ""668""}, {""edge_id"": ""491"", ""source_node_id"": ""667"", ""target_node_id"": ""669""}, {""edge_id"": ""492"", ""source_node_id"": ""668"", ""target_node_id"": ""669""}, {""edge_id"": ""493"", ""source_node_id"": ""669"", ""target_node_id"": ""670""}], ""step_requirements"": [{""node_id"": ""666"", ""algorithm_step_name"": ""Tabular Dataset Loading"", ""node_name"": ""桑坦德价值预测挑战训练数据"", ""node_params"": {""table_name"": ""santander_value_prediction_challenge_train"", ""target_column"": ""target""}, ""contrast_level"": 2, ""node_type"": ""io""}, {""node_id"": ""667"", ""algorithm_step_name"": ""Tabular Dataset Loading"", ""node_name"": ""桑坦德价值预测挑战测试数据"", ""node_params"": {""table_name"": ""santander_value_prediction_challenge_test"", ""target_column"": ""target""}, ""contrast_level"": 2, ""node_type"": ""io""}, {""node_id"": ""668"", ""algorithm_step_name"": ""XGBoost"", ""node_name"": ""XGBoost回归器"", ""node_params"": {}, ""contrast_level"": 0, ""node_type"": ""model""}, {""node_id"": ""669"", ""algorithm_step_name"": ""Test Dataset Predictions"", ""node_name"": ""预测"", ""node_params"": {""output_probabilities"": false}, ""contrast_level"": 2, ""node_type"": ""predict""}, {""node_id"": ""670"", ""algorithm_step_name"": ""Save Data"", ""node_name"": ""保存预测结果"", ""node_params"": {}, ""contrast_level"": 1, ""node_type"": ""io""}]}",1.0
"Run data analysis on Iris example dataset, include a plot",1.0,13436,1229,54.41379714012146,7.409122705459595,28.52667188644409,18.478002548217773,0.0,"{""edges"": [{""edge_id"": ""55691"", ""source_node_id"": ""353"", ""target_node_id"": ""66713""}, {""edge_id"": ""55692"", ""source_node_id"": ""66713"", ""target_node_id"": ""66714""}, {""edge_id"": ""55693"", ""source_node_id"": ""66714"", ""target_node_id"": ""355""}], ""nodes"": [{""node_id"": ""353"", ""widget_name"": ""File"", ""node_name"": ""Iris数据集"", ""node_params"": {""type"": ""sample"", ""filename"": ""iris.csv""}, ""matched"": true}, {""node_id"": ""66713"", ""widget_name"": ""Random Forest"", ""node_name"": ""随机森林分类器"", ""node_params"": {""n_estimators"": 10, ""use_max_features"": false, ""max_features"": ""auto"", ""use_random_state"": false, ""use_max_depth"": false, ""max_depth"": 3, ""use_min_samples_split"": true, ""min_samples_split"": 2}, ""matched"": false}, {""node_id"": ""66714"", ""widget_name"": ""Predictions"", ""node_name"": ""预测"", ""node_params"": {""output_attrs"": true, ""output_predictions"": true, ""output_probabilities"": true}, ""matched"": false}, {""node_id"": ""355"", ""widget_name"": ""Confusion Matrix"", ""node_name"": ""混淆矩阵"", ""node_params"": {}, ""matched"": true}]}","{""dependency_requirements"": [{""edge_id"": ""257"", ""source_node_id"": ""353"", ""target_node_id"": ""355""}], ""step_requirements"": [{""node_id"": ""353"", ""algorithm_step_name"": ""Tabular Dataset Loading"", ""node_name"": ""文件加载节点"", ""node_params"": {""type"": ""sample"", ""filename"": ""iris.csv""}, ""contrast_level"": 2, ""node_type"": ""io""}, {""node_id"": ""355"", ""algorithm_step_name"": ""Scatter Plot"", ""node_name"": ""散点图"", ""node_params"": {}, ""contrast_level"": 0, ""node_type"": ""visualize""}]}",0.6667
"Run data analysis on Wine recognition example dataset, include a plot, and train a model to predict wine class with 20% as test set, and save predictions.",0.5,45006,4278,196.9762463569641,8.823582172393799,38.41742134094238,94.60653448104858,55.12870836257935,"{""edges"": [{""edge_id"": ""55694"", ""source_node_id"": ""66716"", ""target_node_id"": ""66717""}, {""edge_id"": ""55695"", ""source_node_id"": ""66717"", ""target_node_id"": ""66718""}, {""edge_id"": ""55696"", ""source_node_id"": ""66718"", ""target_node_id"": ""377""}, {""edge_id"": ""55697"", ""source_node_id"": ""66718"", ""target_node_id"": ""66720""}, {""edge_id"": ""55698"", ""source_node_id"": ""377"", ""target_node_id"": ""66720""}, {""edge_id"": ""55699"", ""source_node_id"": ""66720"", ""target_node_id"": ""379""}, {""edge_id"": ""55700"", ""source_node_id"": ""66720"", ""target_node_id"": ""382""}, {""edge_id"": ""55701"", ""source_node_id"": ""66720"", ""target_node_id"": ""66723""}, {""edge_id"": ""55702"", ""source_node_id"": ""66720"", ""target_node_id"": ""66724""}, {""edge_id"": ""55703"", ""source_node_id"": ""66720"", ""target_node_id"": ""66725""}], ""nodes"": [{""node_id"": ""66716"", ""widget_name"": ""SQL Table"", ""node_name"": ""Wine recognition example训练数据"", ""node_params"": {""table_name"": ""house_prices_advanced_regression_techniques_train"", ""target_column"": ""SalePrice""}, ""matched"": false}, {""node_id"": ""66717"", ""widget_name"": ""Impute"", ""node_name"": ""缺失值处理"", ""node_params"": {""method"": 1}, ""matched"": false}, {""node_id"": ""66718"", ""widget_name"": ""One Hot Encoder"", ""node_name"": ""特征工程处理"", ""node_params"": {""encode_vars"": [""MSZoning"", ""Street"", ""LotShape"", ""LandContour"", ""Utilities"", ""LotConfig"", ""LandSlope"", ""Neighborhood"", ""Condition1"", ""Condition2"", ""BldgType"", ""HouseStyle"", ""RoofStyle"", ""RoofMatl"", ""Exterior1st"", ""Exterior2nd"", ""ExterQual"", ""ExterCond"", ""Foundation"", ""BsmtQual"", ""BsmtCond"", ""BsmtExposure"", ""BsmtFinType1"", ""BsmtFinType2"", ""Heating"", ""HeatingQC"", ""CentralAir"", ""Electrical"", ""KitchenQual"", ""Functional"", ""FireplaceQu"", ""GarageType"", ""GarageFinish"", ""GarageQual"", ""GarageCond"", ""PavedDrive"", ""SaleType"", ""SaleCondition""]}, ""matched"": false}, {""node_id"": ""377"", ""widget_name"": ""Random Forest"", ""node_name"": ""随机森林模型"", ""node_params"": {""n_estimators"": 10, ""use_max_features"": false, ""max_features"": ""auto"", ""use_random_state"": false, ""use_max_depth"": false, ""max_depth"": 3, ""use_min_samples_split"": true, ""min_samples_split"": 2}, ""matched"": true}, {""node_id"": ""66720"", ""widget_name"": ""Predictions"", ""node_name"": ""预测"", ""node_params"": {""output_attrs"": true, ""output_predictions"": true, ""output_probabilities"": false}, ""matched"": false}, {""node_id"": ""379"", ""widget_name"": ""Save Data"", ""node_name"": ""保存预测结果"", ""node_params"": {}, ""matched"": true}, {""node_id"": ""382"", ""widget_name"": ""Distributions"", ""node_name"": ""特征分布可视化"", ""node_params"": {}, ""matched"": true}, {""node_id"": ""66723"", ""widget_name"": ""Correlogram"", ""node_name"": ""相关性可视化"", ""node_params"": {}, ""matched"": false}, {""node_id"": ""66724"", ""widget_name"": ""Scatter Plot"", ""node_name"": ""散点图可视化"", ""node_params"": {}, ""matched"": false}, {""node_id"": ""66725"", ""widget_name"": ""Confusion Matrix"", ""node_name"": ""混淆矩阵可视化"", ""node_params"": {}, ""matched"": false}]}","{""dependency_requirements"": [{""edge_id"": ""277"", ""source_node_id"": ""373"", ""target_node_id"": ""374""}, {""edge_id"": ""282"", ""source_node_id"": ""377"", ""target_node_id"": ""378""}, {""edge_id"": ""283"", ""source_node_id"": ""378"", ""target_node_id"": ""379""}, {""edge_id"": ""286"", ""source_node_id"": ""373"", ""target_node_id"": ""382""}, {""edge_id"": ""287"", ""source_node_id"": ""374"", ""target_node_id"": ""378""}, {""edge_id"": ""288"", ""source_node_id"": ""374"", ""target_node_id"": ""377""}], ""step_requirements"": [{""node_id"": ""373"", ""algorithm_step_name"": ""Tabular Dataset Loading"", ""node_name"": ""文件加载节点"", ""node_params"": {""type"": ""sample"", ""filename"": ""wine.csv""}, ""contrast_level"": 2, ""node_type"": ""io""}, {""node_id"": ""374"", ""algorithm_step_name"": ""Dataset Division"", ""node_name"": ""数据划分"", ""node_params"": {""sampling_type"": 0, ""percentage"": 20}, ""contrast_level"": 2, ""node_type"": ""preprocess""}, {""node_id"": ""377"", ""algorithm_step_name"": ""XGBoost"", ""node_name"": ""XGBoost分类器"", ""node_params"": {}, ""contrast_level"": 0, ""node_type"": ""model""}, {""node_id"": ""378"", ""algorithm_step_name"": ""Test Dataset Predictions"", ""node_name"": ""预测"", ""node_params"": {""output_probabilities"": true}, ""contrast_level"": 2, ""node_type"": ""predict""}, {""node_id"": ""379"", ""algorithm_step_name"": ""Save Data"", ""node_name"": ""保存预测结果"", ""node_params"": {}, ""contrast_level"": 1, ""node_type"": ""io""}, {""node_id"": ""382"", ""algorithm_step_name"": ""Line Chart"", ""node_name"": ""折线图"", ""node_params"": {}, ""contrast_level"": 0, ""node_type"": ""visualize""}]}",0.25
"Run data analysis on sklearn Wisconsin Breast Cancer example dataset, include a plot, train a model to predict targets (20% as validation), and save predictions.",0.8889,22255,1589,65.30142641067505,8.339919805526733,33.107263803482056,23.85424280166626,0.0,"{""edges"": [{""edge_id"": ""55704"", ""source_node_id"": ""390"", ""target_node_id"": ""393""}, {""edge_id"": ""55705"", ""source_node_id"": ""393"", ""target_node_id"": ""394""}, {""edge_id"": ""55706"", ""source_node_id"": ""394"", ""target_node_id"": ""395""}, {""edge_id"": ""55707"", ""source_node_id"": ""390"", ""target_node_id"": ""396""}, {""edge_id"": ""55708"", ""source_node_id"": ""390"", ""target_node_id"": ""66731""}, {""edge_id"": ""55709"", ""source_node_id"": ""390"", ""target_node_id"": ""66732""}], ""nodes"": [{""node_id"": ""390"", ""widget_name"": ""File"", ""node_name"": ""乳腺癌数据集"", ""node_params"": {""type"": ""sample"", ""filename"": ""breast_cancer.csv""}, ""matched"": true}, {""node_id"": ""393"", ""widget_name"": ""Logistic Regression"", ""node_name"": ""逻辑回归模型"", ""node_params"": {""C"": 1, ""penalty"": ""l2""}, ""matched"": true}, {""node_id"": ""394"", ""widget_name"": ""Predictions"", ""node_name"": ""预测"", ""node_params"": {""output_attrs"": true, ""output_predictions"": true, ""output_probabilities"": true}, ""matched"": true}, {""node_id"": ""395"", ""widget_name"": ""Save Data"", ""node_name"": ""保存预测结果"", ""node_params"": {}, ""matched"": true}, {""node_id"": ""396"", ""widget_name"": ""Distributions"", ""node_name"": ""特征分布可视化"", ""node_params"": {}, ""matched"": true}, {""node_id"": ""66731"", ""widget_name"": ""Correlogram"", ""node_name"": ""特征相关性可视化"", ""node_params"": {}, ""matched"": false}, {""node_id"": ""66732"", ""widget_name"": ""Scatter Plot"", ""node_name"": ""特征散点图可视化"", ""node_params"": {}, ""matched"": false}]}","{""dependency_requirements"": [{""edge_id"": ""298"", ""source_node_id"": ""392"", ""target_node_id"": ""393""}, {""edge_id"": ""299"", ""source_node_id"": ""392"", ""target_node_id"": ""394""}, {""edge_id"": ""300"", ""source_node_id"": ""393"", ""target_node_id"": ""394""}, {""edge_id"": ""301"", ""source_node_id"": ""394"", ""target_node_id"": ""395""}, {""edge_id"": ""304"", ""source_node_id"": ""390"", ""target_node_id"": ""396""}, {""edge_id"": ""305"", ""source_node_id"": ""390"", ""target_node_id"": ""392""}], ""step_requirements"": [{""node_id"": ""390"", ""algorithm_step_name"": ""Tabular Dataset Loading"", ""node_name"": ""威斯康星乳腺癌数据集"", ""node_params"": {""type"": ""sample"", ""filename"": ""breast_cancer.csv""}, ""contrast_level"": 2, ""node_type"": ""io""}, {""node_id"": ""392"", ""algorithm_step_name"": ""Dataset Division"", ""node_name"": ""数据划分"", ""node_params"": {""percentage"": 20}, ""contrast_level"": 2, ""node_type"": ""preprocess""}, {""node_id"": ""393"", ""algorithm_step_name"": ""LightGBM"", ""node_name"": ""LightGBM分类器"", ""node_params"": {}, ""contrast_level"": 0, ""node_type"": ""model""}, {""node_id"": ""394"", ""algorithm_step_name"": ""Test Dataset Predictions"", ""node_name"": ""预测"", ""node_params"": {""output_probabilities"": true}, ""contrast_level"": 2, ""node_type"": ""predict""}, {""node_id"": ""395"", ""algorithm_step_name"": ""Save Data"", ""node_name"": ""保存预测结果"", ""node_params"": {}, ""contrast_level"": 1, ""node_type"": ""io""}, {""node_id"": ""396"", ""algorithm_step_name"": ""Correlogram"", ""node_name"": ""相关性热图"", ""node_params"": {}, ""contrast_level"": 0, ""node_type"": ""visualize""}]}",0.7692
"This is a titanic passenger survival dataset, your goal is to predict passenger survival outcome. The target column is Survived. Perform data analysis, data preprocessing, feature engineering, and modeling to predict the target. save predictions. Train data: titanic_train, Eval data: titanic_test.",0.9333,35051,3408,161.23550653457642,10.633988857269289,43.963529109954834,79.2244439125061,27.41354465484619,"{""edges"": [{""edge_id"": ""55710"", ""source_node_id"": ""397"", ""target_node_id"": ""399""}, {""edge_id"": ""55711"", ""source_node_id"": ""399"", ""target_node_id"": ""401""}, {""edge_id"": ""55712"", ""source_node_id"": ""401"", ""target_node_id"": ""66736""}, {""edge_id"": ""55713"", ""source_node_id"": ""398"", ""target_node_id"": ""400""}, {""edge_id"": ""55714"", ""source_node_id"": ""398"", ""target_node_id"": ""66739""}, {""edge_id"": ""55715"", ""source_node_id"": ""400"", ""target_node_id"": ""402""}, {""edge_id"": ""55716"", ""source_node_id"": ""402"", ""target_node_id"": ""404""}, {""edge_id"": ""55717"", ""source_node_id"": ""66736"", ""target_node_id"": ""404""}, {""edge_id"": ""55718"", ""source_node_id"": ""404"", ""target_node_id"": ""405""}], ""nodes"": [{""node_id"": ""397"", ""widget_name"": ""SQL Table"", ""node_name"": ""泰坦尼克号训练数据"", ""node_params"": {""table_name"": ""titanic_train"", ""target_column"": ""Survived""}, ""matched"": true}, {""node_id"": ""399"", ""widget_name"": ""Impute"", ""node_name"": ""缺失值处理"", ""node_params"": {""method"": 1}, ""matched"": true}, {""node_id"": ""401"", ""widget_name"": ""One Hot Encoder"", ""node_name"": ""独热编码处理"", ""node_params"": {""encode_vars"": [""Sex"", ""Embarked""]}, ""matched"": true}, {""node_id"": ""66736"", ""widget_name"": ""Random Forest"", ""node_name"": ""随机森林分类器"", ""node_params"": {""n_estimators"": 10, ""use_max_features"": false, ""max_features"": ""auto"", ""use_random_state"": false, ""use_max_depth"": false, ""max_depth"": 3, ""use_min_samples_split"": true, ""min_samples_split"": 2}, ""matched"": false}, {""node_id"": ""398"", ""widget_name"": ""SQL Table"", ""node_name"": ""泰坦尼克号测试数据"", ""node_params"": {""table_name"": ""titanic_test"", ""target_column"": ""Survived""}, ""matched"": true}, {""node_id"": ""400"", ""widget_name"": ""Impute"", ""node_name"": ""测试数据缺失值处理"", ""node_params"": {""method"": 1}, ""matched"": true}, {""node_id"": ""66739"", ""widget_name"": ""Impute"", ""node_name"": ""测试数据缺失值处理"", ""node_params"": {""method"": 1}, ""matched"": false}, {""node_id"": ""402"", ""widget_name"": ""One Hot Encoder"", ""node_name"": ""测试数据独热编码"", ""node_params"": {""encode_vars"": [""Sex"", ""Embarked""]}, ""matched"": true}, {""node_id"": ""404"", ""widget_name"": ""Predictions"", ""node_name"": ""预测"", ""node_params"": {""output_attrs"": true, ""output_predictions"": true, ""output_probabilities"": true}, ""matched"": true}, {""node_id"": ""405"", ""widget_name"": ""Save Data"", ""node_name"": ""保存预测结果"", ""node_params"": {}, ""matched"": true}]}","{""dependency_requirements"": [{""edge_id"": ""306"", ""source_node_id"": ""397"", ""target_node_id"": ""399""}, {""edge_id"": ""307"", ""source_node_id"": ""398"", ""target_node_id"": ""400""}, {""edge_id"": ""308"", ""source_node_id"": ""399"", ""target_node_id"": ""401""}, {""edge_id"": ""309"", ""source_node_id"": ""400"", ""target_node_id"": ""402""}, {""edge_id"": ""310"", ""source_node_id"": ""401"", ""target_node_id"": ""403""}, {""edge_id"": ""311"", ""source_node_id"": ""402"", ""target_node_id"": ""404""}, {""edge_id"": ""312"", ""source_node_id"": ""403"", ""target_node_id"": ""404""}, {""edge_id"": ""313"", ""source_node_id"": ""404"", ""target_node_id"": ""405""}], ""step_requirements"": [{""node_id"": ""397"", ""algorithm_step_name"": ""Tabular Dataset Loading"", ""node_name"": ""泰坦尼克号训练数据"", ""node_params"": {""table_name"": ""titanic_train"", ""target_column"": ""Survived""}, ""contrast_level"": 2, ""node_type"": ""io""}, {""node_id"": ""398"", ""algorithm_step_name"": ""Tabular Dataset Loading"", ""node_name"": ""泰坦尼克号测试数据"", ""node_params"": {""table_name"": ""titanic_test"", ""target_column"": ""Survived""}, ""contrast_level"": 2, ""node_type"": ""io""}, {""node_id"": ""399"", ""algorithm_step_name"": ""Missing Value Handling"", ""node_name"": ""训练数据缺失值处理"", ""node_params"": {}, ""contrast_level"": 0, ""node_type"": ""preprocess""}, {""node_id"": ""400"", ""algorithm_step_name"": ""Missing Value Handling"", ""node_name"": ""测试数据缺失值处理"", ""node_params"": {}, ""contrast_level"": 0, ""node_type"": ""preprocess""}, {""node_id"": ""401"", ""algorithm_step_name"": ""One Hot Encoding"", ""node_name"": ""训练数据独热编码"", ""node_params"": {}, ""contrast_level"": 0, ""node_type"": ""feature engineering""}, {""node_id"": ""402"", ""algorithm_step_name"": ""One Hot Encoding"", ""node_name"": ""测试数据独热编码"", ""node_params"": {}, ""contrast_level"": 0, ""node_type"": ""feature engineering""}, {""node_id"": ""403"", ""algorithm_step_name"": ""XGBoost"", ""node_name"": ""XGBoost分类器"", ""node_params"": {}, ""contrast_level"": 2, ""node_type"": ""model""}, {""node_id"": ""404"", ""algorithm_step_name"": ""Test Dataset Predictions"", ""node_name"": ""预测"", ""node_params"": {""output_probabilities"": true}, ""contrast_level"": 2, ""node_type"": ""predict""}, {""node_id"": ""405"", ""algorithm_step_name"": ""Save Data"", ""node_name"": ""保存预测结果"", ""node_params"": {}, ""contrast_level"": 1, ""node_type"": ""io""}]}",0.8421
"This is a house price dataset, your goal is to predict the sale price of a property based on its features. The target column is SalePrice. Perform data analysis, data preprocessing, feature engineering, and modeling to predict the target. save predictions. Train data: house_prices_advanced_regression_techniques_train, Eval data: house_prices_advanced_regression_techniques_test.",1.0,44321,6176,309.66460704803467,8.485383033752441,32.38015151023865,160.42232203483582,108.37675046920776,"{""edges"": [{""edge_id"": ""55719"", ""source_node_id"": ""406"", ""target_node_id"": ""408""}, {""edge_id"": ""55720"", ""source_node_id"": ""407"", ""target_node_id"": ""409""}, {""edge_id"": ""55721"", ""source_node_id"": ""408"", ""target_node_id"": ""410""}, {""edge_id"": ""55722"", ""source_node_id"": ""409"", ""target_node_id"": ""411""}, {""edge_id"": ""55723"", ""source_node_id"": ""410"", ""target_node_id"": ""412""}, {""edge_id"": ""55724"", ""source_node_id"": ""411"", ""target_node_id"": ""413""}, {""edge_id"": ""55725"", ""source_node_id"": ""412"", ""target_node_id"": ""413""}, {""edge_id"": ""55726"", ""source_node_id"": ""413"", ""target_node_id"": ""414""}], ""nodes"": [{""node_id"": ""406"", ""widget_name"": ""SQL Table"", ""node_name"": ""训练数据集"", ""node_params"": {""table_name"": ""house_prices_advanced_regression_techniques_train"", ""target_column"": ""SalePrice""}, ""matched"": true}, {""node_id"": ""407"", ""widget_name"": ""SQL Table"", ""node_name"": ""测试数据集"", ""node_params"": {""table_name"": ""house_prices_advanced_regression_techniques_test"", ""target_column"": ""SalePrice""}, ""matched"": true}, {""node_id"": ""408"", ""widget_name"": ""Impute"", ""node_name"": ""训练数据缺失值处理"", ""node_params"": {""method"": 1}, ""matched"": true}, {""node_id"": ""409"", ""widget_name"": ""Impute"", ""node_name"": ""测试数据缺失值处理"", ""node_params"": {""method"": 1}, ""matched"": true}, {""node_id"": ""410"", ""widget_name"": ""One Hot Encoder"", ""node_name"": ""训练数据独热编码"", ""node_params"": {""encode_vars"": [""MSZoning"", ""Street"", ""LotShape"", ""LandContour"", ""Utilities"", ""LotConfig"", ""LandSlope"", ""Neighborhood"", ""Condition1"", ""Condition2"", ""BldgType"", ""HouseStyle"", ""RoofStyle"", ""RoofMatl"", ""Exterior1st"", ""Exterior2nd"", ""Foundation"", ""Heating"", ""CentralAir"", ""KitchenQual"", ""Functional"", ""FireplaceQu"", ""GarageType"", ""GarageFinish"", ""PavedDrive"", ""SaleType"", ""SaleCondition""]}, ""matched"": true}, {""node_id"": ""411"", ""widget_name"": ""One Hot Encoder"", ""node_name"": ""测试数据独热编码"", ""node_params"": {""encode_vars"": [""MSZoning"", ""Street"", ""LotShape"", ""LandContour"", ""Utilities"", ""LotConfig"", ""LandSlope"", ""Neighborhood"", ""Condition1"", ""Condition2"", ""BldgType"", ""HouseStyle"", ""RoofStyle"", ""RoofMatl"", ""Exterior1st"", ""Exterior2nd"", ""Foundation"", ""Heating"", ""CentralAir"", ""KitchenQual"", ""Functional"", ""FireplaceQu"", ""GarageType"", ""GarageFinish"", ""PavedDrive"", ""SaleType"", ""SaleCondition""]}, ""matched"": true}, {""node_id"": ""412"", ""widget_name"": ""Linear Regression"", ""node_name"": ""线性回归模型"", ""node_params"": {""regression_type"": ""0""}, ""matched"": true}, {""node_id"": ""413"", ""widget_name"": ""Predictions"", ""node_name"": ""预测"", ""node_params"": {""output_attrs"": true, ""output_predictions"": true, ""output_probabilities"": false}, ""matched"": true}, {""node_id"": ""414"", ""widget_name"": ""Save Data"", ""node_name"": ""保存预测结果"", ""node_params"": {}, ""matched"": true}]}","{""dependency_requirements"": [{""edge_id"": ""314"", ""source_node_id"": ""406"", ""target_node_id"": ""408""}, {""edge_id"": ""315"", ""source_node_id"": ""407"", ""target_node_id"": ""409""}, {""edge_id"": ""316"", ""source_node_id"": ""408"", ""target_node_id"": ""410""}, {""edge_id"": ""317"", ""source_node_id"": ""409"", ""target_node_id"": ""411""}, {""edge_id"": ""318"", ""source_node_id"": ""410"", ""target_node_id"": ""412""}, {""edge_id"": ""319"", ""source_node_id"": ""411"", ""target_node_id"": ""413""}, {""edge_id"": ""320"", ""source_node_id"": ""412"", ""target_node_id"": ""413""}, {""edge_id"": ""321"", ""source_node_id"": ""413"", ""target_node_id"": ""414""}], ""step_requirements"": [{""node_id"": ""406"", ""algorithm_step_name"": ""Tabular Dataset Loading"", ""node_name"": ""房屋价格训练数据"", ""node_params"": {""table_name"": ""house_prices_advanced_regression_techniques_train"", ""target_column"": ""SalePrice""}, ""contrast_level"": 2, ""node_type"": ""io""}, {""node_id"": ""407"", ""algorithm_step_name"": ""Tabular Dataset Loading"", ""node_name"": ""房屋价格测试数据"", ""node_params"": {""table_name"": ""house_prices_advanced_regression_techniques_test"", ""target_column"": ""SalePrice""}, ""contrast_level"": 2, ""node_type"": ""io""}, {""node_id"": ""408"", ""algorithm_step_name"": ""Missing Value Handling"", ""node_name"": ""训练数据缺失值处理"", ""node_params"": {}, ""contrast_level"": 0, ""node_type"": ""preprocess""}, {""node_id"": ""409"", ""algorithm_step_name"": ""Missing Value Handling"", ""node_name"": ""测试数据缺失值处理"", ""node_params"": {}, ""contrast_level"": 0, ""node_type"": ""preprocess""}, {""node_id"": ""410"", ""algorithm_step_name"": ""One Hot Encoding"", ""node_name"": ""训练数据独热编码"", ""node_params"": {}, ""contrast_level"": 0, ""node_type"": ""feature engineering""}, {""node_id"": ""411"", ""algorithm_step_name"": ""One Hot Encoding"", ""node_name"": ""测试数据独热编码"", ""node_params"": {}, ""contrast_level"": 0, ""node_type"": ""feature engineering""}, {""node_id"": ""412"", ""algorithm_step_name"": ""XGBoost"", ""node_name"": ""XGBoost回归器"", ""node_params"": {}, ""contrast_level"": 0, ""node_type"": ""model""}, {""node_id"": ""413"", ""algorithm_step_name"": ""Test Dataset Predictions"", ""node_name"": ""预测"", ""node_params"": {""output_probabilities"": false}, ""contrast_level"": 2, ""node_type"": ""predict""}, {""node_id"": ""414"", ""algorithm_step_name"": ""Save Data"", ""node_name"": ""保存预测结果"", ""node_params"": {}, ""contrast_level"": 1, ""node_type"": ""io""}]}",1.0
"This is a customers financial dataset. Your goal is to predict which customers will make a specific transaction in the future. The target column is target. Perform data analysis and modeling to predict the target. save predictions. Train data: santander_customer_transaction_prediction_train, Eval data: santander_customer_transaction_prediction_test.",1.0,21345,2669,150.55977654457092,9.06307578086853,31.9139084815979,71.1890926361084,38.393699645996094,"{""edges"": [{""edge_id"": ""55727"", ""source_node_id"": ""415"", ""target_node_id"": ""417""}, {""edge_id"": ""55728"", ""source_node_id"": ""416"", ""target_node_id"": ""418""}, {""edge_id"": ""55729"", ""source_node_id"": ""417"", ""target_node_id"": ""418""}, {""edge_id"": ""55730"", ""source_node_id"": ""418"", ""target_node_id"": ""419""}], ""nodes"": [{""node_id"": ""415"", ""widget_name"": ""SQL Table"", ""node_name"": ""santander_customer_transaction_prediction_train"", ""node_params"": {""table_name"": ""santander_customer_transaction_prediction_train"", ""target_column"": ""target""}, ""matched"": true}, {""node_id"": ""416"", ""widget_name"": ""SQL Table"", ""node_name"": ""santander_customer_transaction_prediction_test"", ""node_params"": {""table_name"": ""santander_customer_transaction_prediction_test"", ""target_column"": ""target""}, ""matched"": true}, {""node_id"": ""417"", ""widget_name"": ""Random Forest"", ""node_name"": ""随机森林模型"", ""node_params"": {""n_estimators"": 10, ""use_max_features"": false, ""max_features"": ""auto"", ""use_random_state"": false, ""use_max_depth"": false, ""max_depth"": 3, ""use_min_samples_split"": true, ""min_samples_split"": 2}, ""matched"": true}, {""node_id"": ""418"", ""widget_name"": ""Predictions"", ""node_name"": ""预测"", ""node_params"": {""output_attrs"": true, ""output_predictions"": true, ""output_probabilities"": true}, ""matched"": true}, {""node_id"": ""419"", ""widget_name"": ""Save Data"", ""node_name"": ""保存预测结果"", ""node_params"": {}, ""matched"": true}]}","{""dependency_requirements"": [{""edge_id"": ""322"", ""source_node_id"": ""415"", ""target_node_id"": ""417""}, {""edge_id"": ""323"", ""source_node_id"": ""416"", ""target_node_id"": ""418""}, {""edge_id"": ""324"", ""source_node_id"": ""417"", ""target_node_id"": ""418""}, {""edge_id"": ""325"", ""source_node_id"": ""418"", ""target_node_id"": ""419""}], ""step_requirements"": [{""node_id"": ""415"", ""algorithm_step_name"": ""Tabular Dataset Loading"", ""node_name"": ""桑坦德客户交易预测训练数据"", ""node_params"": {""table_name"": ""santander_customer_transaction_prediction_train"", ""target_column"": ""target""}, ""contrast_level"": 2, ""node_type"": ""io""}, {""node_id"": ""416"", ""algorithm_step_name"": ""Tabular Dataset Loading"", ""node_name"": ""桑坦德客户交易预测测试数据"", ""node_params"": {""table_name"": ""santander_customer_transaction_prediction_test"", ""target_column"": ""target""}, ""contrast_level"": 2, ""node_type"": ""io""}, {""node_id"": ""417"", ""algorithm_step_name"": ""XGBoost"", ""node_name"": ""XGBoost分类器"", ""node_params"": {}, ""contrast_level"": 0, ""node_type"": ""model""}, {""node_id"": ""418"", ""algorithm_step_name"": ""Test Dataset Predictions"", ""node_name"": ""预测"", ""node_params"": {""output_probabilities"": true}, ""contrast_level"": 2, ""node_type"": ""predict""}, {""node_id"": ""419"", ""algorithm_step_name"": ""Save Data"", ""node_name"": ""保存预测结果"", ""node_params"": {}, ""contrast_level"": 1, ""node_type"": ""io""}]}",1.0
"This is a medical dataset with over fifty anonymized health characteristics linked to three age-related conditions. Your goal is to predict whether a subject has or has not been diagnosed with one of these conditions. The target column is Class. Perform data analysis, data preprocessing, and modeling to predict the target. save predictions. Train data: icr_identify_age_related_conditions_train, Eval data: icr_identify_age_related_conditions_test",1.0,38721,4346,228.3046624660492,8.795776605606079,33.95870804786682,111.74431657791138,73.80586123466492,"{""edges"": [{""edge_id"": ""55731"", ""source_node_id"": ""659"", ""target_node_id"": ""661""}, {""edge_id"": ""55732"", ""source_node_id"": ""660"", ""target_node_id"": ""662""}, {""edge_id"": ""55733"", ""source_node_id"": ""661"", ""target_node_id"": ""663""}, {""edge_id"": ""55734"", ""source_node_id"": ""662"", ""target_node_id"": ""664""}, {""edge_id"": ""55735"", ""source_node_id"": ""663"", ""target_node_id"": ""664""}, {""edge_id"": ""55736"", ""source_node_id"": ""664"", ""target_node_id"": ""665""}], ""nodes"": [{""node_id"": ""659"", ""widget_name"": ""SQL Table"", ""node_name"": ""ICR 训练数据"", ""node_params"": {""table_name"": ""icr_identify_age_related_conditions_train"", ""target_column"": ""Class""}, ""matched"": true}, {""node_id"": ""660"", ""widget_name"": ""SQL Table"", ""node_name"": ""ICR 测试数据"", ""node_params"": {""table_name"": ""icr_identify_age_related_conditions_test"", ""target_column"": ""Class""}, ""matched"": true}, {""node_id"": ""661"", ""widget_name"": ""Impute"", ""node_name"": ""训练数据缺失值处理"", ""node_params"": {""method"": 1}, ""matched"": true}, {""node_id"": ""662"", ""widget_name"": ""Impute"", ""node_name"": ""测试数据缺失值处理"", ""node_params"": {""method"": 1}, ""matched"": true}, {""node_id"": ""663"", ""widget_name"": ""Logistic Regression"", ""node_name"": ""逻辑回归模型"", ""node_params"": {""C"": 1, ""penalty"": ""l2""}, ""matched"": true}, {""node_id"": ""664"", ""widget_name"": ""Predictions"", ""node_name"": ""预测"", ""node_params"": {""output_attrs"": true, ""output_predictions"": true, ""output_probabilities"": true}, ""matched"": true}, {""node_id"": ""665"", ""widget_name"": ""Save Data"", ""node_name"": ""保存预测结果"", ""node_params"": {}, ""matched"": true}]}","{""dependency_requirements"": [{""edge_id"": ""484"", ""source_node_id"": ""659"", ""target_node_id"": ""661""}, {""edge_id"": ""485"", ""source_node_id"": ""660"", ""target_node_id"": ""662""}, {""edge_id"": ""486"", ""source_node_id"": ""661"", ""target_node_id"": ""663""}, {""edge_id"": ""487"", ""source_node_id"": ""662"", ""target_node_id"": ""664""}, {""edge_id"": ""488"", ""source_node_id"": ""663"", ""target_node_id"": ""664""}, {""edge_id"": ""489"", ""source_node_id"": ""664"", ""target_node_id"": ""665""}], ""step_requirements"": [{""node_id"": ""659"", ""algorithm_step_name"": ""Tabular Dataset Loading"", ""node_name"": ""icr_identify_age_related_conditions_train"", ""node_params"": {""table_name"": ""icr_identify_age_related_conditions_train"", ""target_column"": ""Class""}, ""contrast_level"": 2, ""node_type"": ""io""}, {""node_id"": ""660"", ""algorithm_step_name"": ""Tabular Dataset Loading"", ""node_name"": ""icr_identify_age_related_conditions_test"", ""node_params"": {""table_name"": ""icr_identify_age_related_conditions_test"", ""target_column"": ""Class""}, ""contrast_level"": 2, ""node_type"": ""io""}, {""node_id"": ""661"", ""algorithm_step_name"": ""Missing Value Handling"", ""node_name"": ""训练数据缺失值处理"", ""node_params"": {}, ""contrast_level"": 0, ""node_type"": ""preprocess""}, {""node_id"": ""662"", ""algorithm_step_name"": ""Missing Value Handling"", ""node_name"": ""测试数据缺失值处理"", ""node_params"": {}, ""contrast_level"": 0, ""node_type"": ""preprocess""}, {""node_id"": ""663"", ""algorithm_step_name"": ""XGBoost"", ""node_name"": ""XGBoost分类器"", ""node_params"": {}, ""contrast_level"": 0, ""node_type"": ""model""}, {""node_id"": ""664"", ""algorithm_step_name"": ""Test Dataset Predictions"", ""node_name"": ""预测"", ""node_params"": {""output_probabilities"": true}, ""contrast_level"": 2, ""node_type"": ""predict""}, {""node_id"": ""665"", ""algorithm_step_name"": ""Save Data"", ""node_name"": ""保存预测结果"", ""node_params"": {}, ""contrast_level"": 1, ""node_type"": ""io""}]}",1.0
"This is a customers financial dataset. Your goal is to predict the value of transactions for each potential customer. The target column is target. Perform data analysis and modeling to predict the target. save predictions. Train data: santander_value_prediction_challenge_train, Eval data: santander_value_prediction_challenge_test",1.0,21447,2891,151.35644721984863,8.978888750076294,33.195624113082886,70.8061695098877,38.37576484680176,"{""edges"": [{""edge_id"": ""55737"", ""source_node_id"": ""666"", ""target_node_id"": ""668""}, {""edge_id"": ""55738"", ""source_node_id"": ""667"", ""target_node_id"": ""669""}, {""edge_id"": ""55739"", ""source_node_id"": ""668"", ""target_node_id"": ""669""}, {""edge_id"": ""55740"", ""source_node_id"": ""669"", ""target_node_id"": ""670""}], ""nodes"": [{""node_id"": ""666"", ""widget_name"": ""SQL Table"", ""node_name"": ""santander_value_prediction_challenge_train"", ""node_params"": {""table_name"": ""santander_value_prediction_challenge_train"", ""target_column"": ""target""}, ""matched"": true}, {""node_id"": ""667"", ""widget_name"": ""SQL Table"", ""node_name"": ""santander_value_prediction_challenge_test"", ""node_params"": {""table_name"": ""santander_value_prediction_challenge_test"", ""target_column"": ""target""}, ""matched"": true}, {""node_id"": ""668"", ""widget_name"": ""Linear Regression"", ""node_name"": ""线性回归模型"", ""node_params"": {""regression_type"": ""0""}, ""matched"": true}, {""node_id"": ""669"", ""widget_name"": ""Predictions"", ""node_name"": ""预测"", ""node_params"": {""output_attrs"": true, ""output_predictions"": true, ""output_probabilities"": false}, ""matched"": true}, {""node_id"": ""670"", ""widget_name"": ""Save Data"", ""node_name"": ""保存预测结果"", ""node_params"": {}, ""matched"": true}]}","{""dependency_requirements"": [{""edge_id"": ""490"", ""source_node_id"": ""666"", ""target_node_id"": ""668""}, {""edge_id"": ""491"", ""source_node_id"": ""667"", ""target_node_id"": ""669""}, {""edge_id"": ""492"", ""source_node_id"": ""668"", ""target_node_id"": ""669""}, {""edge_id"": ""493"", ""source_node_id"": ""669"", ""target_node_id"": ""670""}], ""step_requirements"": [{""node_id"": ""666"", ""algorithm_step_name"": ""Tabular Dataset Loading"", ""node_name"": ""桑坦德价值预测挑战训练数据"", ""node_params"": {""table_name"": ""santander_value_prediction_challenge_train"", ""target_column"": ""target""}, ""contrast_level"": 2, ""node_type"": ""io""}, {""node_id"": ""667"", ""algorithm_step_name"": ""Tabular Dataset Loading"", ""node_name"": ""桑坦德价值预测挑战测试数据"", ""node_params"": {""table_name"": ""santander_value_prediction_challenge_test"", ""target_column"": ""target""}, ""contrast_level"": 2, ""node_type"": ""io""}, {""node_id"": ""668"", ""algorithm_step_name"": ""XGBoost"", ""node_name"": ""XGBoost回归器"", ""node_params"": {}, ""contrast_level"": 0, ""node_type"": ""model""}, {""node_id"": ""669"", ""algorithm_step_name"": ""Test Dataset Predictions"", ""node_name"": ""预测"", ""node_params"": {""output_probabilities"": false}, ""contrast_level"": 2, ""node_type"": ""predict""}, {""node_id"": ""670"", ""algorithm_step_name"": ""Save Data"", ""node_name"": ""保存预测结果"", ""node_params"": {}, ""contrast_level"": 1, ""node_type"": ""io""}]}",1.0
"Run data analysis on Iris example dataset, include a plot",1.0,13436,1229,53.307724714279175,7.390938997268677,27.4731993675232,18.443586349487305,0.0,"{""edges"": [{""edge_id"": ""55741"", ""source_node_id"": ""353"", ""target_node_id"": ""66770""}, {""edge_id"": ""55742"", ""source_node_id"": ""66770"", ""target_node_id"": ""66771""}, {""edge_id"": ""55743"", ""source_node_id"": ""66771"", ""target_node_id"": ""355""}], ""nodes"": [{""node_id"": ""353"", ""widget_name"": ""File"", ""node_name"": ""Iris数据集"", ""node_params"": {""type"": ""sample"", ""filename"": ""iris.csv""}, ""matched"": true}, {""node_id"": ""66770"", ""widget_name"": ""Random Forest"", ""node_name"": ""随机森林分类器"", ""node_params"": {""n_estimators"": 10, ""use_max_features"": false, ""max_features"": ""auto"", ""use_random_state"": false, ""use_max_depth"": false, ""max_depth"": 3, ""use_min_samples_split"": true, ""min_samples_split"": 2}, ""matched"": false}, {""node_id"": ""66771"", ""widget_name"": ""Predictions"", ""node_name"": ""预测"", ""node_params"": {""output_attrs"": true, ""output_predictions"": true, ""output_probabilities"": true}, ""matched"": false}, {""node_id"": ""355"", ""widget_name"": ""Confusion Matrix"", ""node_name"": ""混淆矩阵"", ""node_params"": {}, ""matched"": true}]}","{""dependency_requirements"": [{""edge_id"": ""257"", ""source_node_id"": ""353"", ""target_node_id"": ""355""}], ""step_requirements"": [{""node_id"": ""353"", ""algorithm_step_name"": ""Tabular Dataset Loading"", ""node_name"": ""文件加载节点"", ""node_params"": {""type"": ""sample"", ""filename"": ""iris.csv""}, ""contrast_level"": 2, ""node_type"": ""io""}, {""node_id"": ""355"", ""algorithm_step_name"": ""Scatter Plot"", ""node_name"": ""散点图"", ""node_params"": {}, ""contrast_level"": 0, ""node_type"": ""visualize""}]}",0.6667
"Run data analysis on Wine recognition example dataset, include a plot, and train a model to predict wine class with 20% as test set, and save predictions.",0.75,44900,4277,194.53480219841003,8.824244260787964,38.15987396240234,92.92786145210266,54.622822523117065,"{""edges"": [{""edge_id"": ""55744"", ""source_node_id"": ""66773"", ""target_node_id"": ""66774""}, {""edge_id"": ""55745"", ""source_node_id"": ""66774"", ""target_node_id"": ""66775""}, {""edge_id"": ""55746"", ""source_node_id"": ""66775"", ""target_node_id"": ""377""}, {""edge_id"": ""55747"", ""source_node_id"": ""66775"", ""target_node_id"": ""378""}, {""edge_id"": ""55748"", ""source_node_id"": ""377"", ""target_node_id"": ""378""}, {""edge_id"": ""55749"", ""source_node_id"": ""378"", ""target_node_id"": ""379""}, {""edge_id"": ""55750"", ""source_node_id"": ""66773"", ""target_node_id"": ""382""}, {""edge_id"": ""55751"", ""source_node_id"": ""66773"", ""target_node_id"": ""66780""}, {""edge_id"": ""55752"", ""source_node_id"": ""66773"", ""target_node_id"": ""66781""}], ""nodes"": [{""node_id"": ""66773"", ""widget_name"": ""SQL Table"", ""node_name"": ""Wine recognition example训练数据"", ""node_params"": {""table_name"": ""house_prices_advanced_regression_techniques_train"", ""target_column"": ""SalePrice""}, ""matched"": false}, {""node_id"": ""66774"", ""widget_name"": ""Impute"", ""node_name"": ""缺失值处理"", ""node_params"": {""method"": 1}, ""matched"": false}, {""node_id"": ""66775"", ""widget_name"": ""One Hot Encoder"", ""node_name"": ""特征工程处理"", ""node_params"": {""encode_vars"": [""MSZoning"", ""Street"", ""LotShape"", ""LandContour"", ""Utilities"", ""LotConfig"", ""LandSlope"", ""Neighborhood"", ""Condition1"", ""Condition2"", ""BldgType"", ""HouseStyle"", ""RoofStyle"", ""RoofMatl"", ""Exterior1st"", ""Exterior2nd"", ""MasVnrType"", ""ExterQual"", ""ExterCond"", ""Foundation"", ""BsmtQual"", ""BsmtCond"", ""BsmtExposure"", ""BsmtFinType1"", ""BsmtFinType2"", ""Heating"", ""HeatingQC"", ""CentralAir"", ""Electrical"", ""KitchenQual"", ""Functional"", ""GarageType"", ""GarageFinish"", ""GarageQual"", ""GarageCond"", ""PavedDrive"", ""SaleType"", ""SaleCondition""]}, ""matched"": false}, {""node_id"": ""377"", ""widget_name"": ""Random Forest"", ""node_name"": ""随机森林模型"", ""node_params"": {""n_estimators"": 10, ""use_max_features"": false, ""max_features"": ""auto"", ""use_random_state"": false, ""use_max_depth"": false, ""max_depth"": 3, ""use_min_samples_split"": true, ""min_samples_split"": 2}, ""matched"": true}, {""node_id"": ""378"", ""widget_name"": ""Predictions"", ""node_name"": ""预测"", ""node_params"": {""output_attrs"": true, ""output_predictions"": true, ""output_probabilities"": true}, ""matched"": true}, {""node_id"": ""379"", ""widget_name"": ""Save Data"", ""node_name"": ""保存预测结果"", ""node_params"": {}, ""matched"": true}, {""node_id"": ""382"", ""widget_name"": ""Distributions"", ""node_name"": ""特征分布可视化"", ""node_params"": {}, ""matched"": true}, {""node_id"": ""66780"", ""widget_name"": ""Correlogram"", ""node_name"": ""相关性可视化"", ""node_params"": {}, ""matched"": false}, {""node_id"": ""66781"", ""widget_name"": ""Scatter Plot"", ""node_name"": ""散点图可视化"", ""node_params"": {}, ""matched"": false}]}","{""dependency_requirements"": [{""edge_id"": ""277"", ""source_node_id"": ""373"", ""target_node_id"": ""374""}, {""edge_id"": ""282"", ""source_node_id"": ""377"", ""target_node_id"": ""378""}, {""edge_id"": ""283"", ""source_node_id"": ""378"", ""target_node_id"": ""379""}, {""edge_id"": ""286"", ""source_node_id"": ""373"", ""target_node_id"": ""382""}, {""edge_id"": ""287"", ""source_node_id"": ""374"", ""target_node_id"": ""378""}, {""edge_id"": ""288"", ""source_node_id"": ""374"", ""target_node_id"": ""377""}], ""step_requirements"": [{""node_id"": ""373"", ""algorithm_step_name"": ""Tabular Dataset Loading"", ""node_name"": ""文件加载节点"", ""node_params"": {""type"": ""sample"", ""filename"": ""wine.csv""}, ""contrast_level"": 2, ""node_type"": ""io""}, {""node_id"": ""374"", ""algorithm_step_name"": ""Dataset Division"", ""node_name"": ""数据划分"", ""node_params"": {""sampling_type"": 0, ""percentage"": 20}, ""contrast_level"": 2, ""node_type"": ""preprocess""}, {""node_id"": ""377"", ""algorithm_step_name"": ""XGBoost"", ""node_name"": ""XGBoost分类器"", ""node_params"": {}, ""contrast_level"": 0, ""node_type"": ""model""}, {""node_id"": ""378"", ""algorithm_step_name"": ""Test Dataset Predictions"", ""node_name"": ""预测"", ""node_params"": {""output_probabilities"": true}, ""contrast_level"": 2, ""node_type"": ""predict""}, {""node_id"": ""379"", ""algorithm_step_name"": ""Save Data"", ""node_name"": ""保存预测结果"", ""node_params"": {}, ""contrast_level"": 1, ""node_type"": ""io""}, {""node_id"": ""382"", ""algorithm_step_name"": ""Line Chart"", ""node_name"": ""折线图"", ""node_params"": {}, ""contrast_level"": 0, ""node_type"": ""visualize""}]}",0.5333
"Run data analysis on sklearn Wisconsin Breast Cancer example dataset, include a plot, train a model to predict targets (20% as validation), and save predictions.",0.8889,22255,1589,64.1771171092987,8.32412838935852,32.03378224372864,23.819206476211548,0.0,"{""edges"": [{""edge_id"": ""55753"", ""source_node_id"": ""390"", ""target_node_id"": ""393""}, {""edge_id"": ""55754"", ""source_node_id"": ""393"", ""target_node_id"": ""394""}, {""edge_id"": ""55755"", ""source_node_id"": ""394"", ""target_node_id"": ""395""}, {""edge_id"": ""55756"", ""source_node_id"": ""390"", ""target_node_id"": ""396""}, {""edge_id"": ""55757"", ""source_node_id"": ""390"", ""target_node_id"": ""66787""}, {""edge_id"": ""55758"", ""source_node_id"": ""390"", ""target_node_id"": ""66788""}], ""nodes"": [{""node_id"": ""390"", ""widget_name"": ""File"", ""node_name"": ""乳腺癌数据集"", ""node_params"": {""type"": ""sample"", ""filename"": ""breast_cancer.csv""}, ""matched"": true}, {""node_id"": ""393"", ""widget_name"": ""Logistic Regression"", ""node_name"": ""逻辑回归模型"", ""node_params"": {""C"": 1, ""penalty"": ""l2""}, ""matched"": true}, {""node_id"": ""394"", ""widget_name"": ""Predictions"", ""node_name"": ""预测"", ""node_params"": {""output_attrs"": true, ""output_predictions"": true, ""output_probabilities"": true}, ""matched"": true}, {""node_id"": ""395"", ""widget_name"": ""Save Data"", ""node_name"": ""保存预测结果"", ""node_params"": {}, ""matched"": true}, {""node_id"": ""396"", ""widget_name"": ""Distributions"", ""node_name"": ""特征分布可视化"", ""node_params"": {}, ""matched"": true}, {""node_id"": ""66787"", ""widget_name"": ""Correlogram"", ""node_name"": ""特征相关性可视化"", ""node_params"": {}, ""matched"": false}, {""node_id"": ""66788"", ""widget_name"": ""Scatter Plot"", ""node_name"": ""特征散点图可视化"", ""node_params"": {}, ""matched"": false}]}","{""dependency_requirements"": [{""edge_id"": ""298"", ""source_node_id"": ""392"", ""target_node_id"": ""393""}, {""edge_id"": ""299"", ""source_node_id"": ""392"", ""target_node_id"": ""394""}, {""edge_id"": ""300"", ""source_node_id"": ""393"", ""target_node_id"": ""394""}, {""edge_id"": ""301"", ""source_node_id"": ""394"", ""target_node_id"": ""395""}, {""edge_id"": ""304"", ""source_node_id"": ""390"", ""target_node_id"": ""396""}, {""edge_id"": ""305"", ""source_node_id"": ""390"", ""target_node_id"": ""392""}], ""step_requirements"": [{""node_id"": ""390"", ""algorithm_step_name"": ""Tabular Dataset Loading"", ""node_name"": ""威斯康星乳腺癌数据集"", ""node_params"": {""type"": ""sample"", ""filename"": ""breast_cancer.csv""}, ""contrast_level"": 2, ""node_type"": ""io""}, {""node_id"": ""392"", ""algorithm_step_name"": ""Dataset Division"", ""node_name"": ""数据划分"", ""node_params"": {""percentage"": 20}, ""contrast_level"": 2, ""node_type"": ""preprocess""}, {""node_id"": ""393"", ""algorithm_step_name"": ""LightGBM"", ""node_name"": ""LightGBM分类器"", ""node_params"": {}, ""contrast_level"": 0, ""node_type"": ""model""}, {""node_id"": ""394"", ""algorithm_step_name"": ""Test Dataset Predictions"", ""node_name"": ""预测"", ""node_params"": {""output_probabilities"": true}, ""contrast_level"": 2, ""node_type"": ""predict""}, {""node_id"": ""395"", ""algorithm_step_name"": ""Save Data"", ""node_name"": ""保存预测结果"", ""node_params"": {}, ""contrast_level"": 1, ""node_type"": ""io""}, {""node_id"": ""396"", ""algorithm_step_name"": ""Correlogram"", ""node_name"": ""相关性热图"", ""node_params"": {}, ""contrast_level"": 0, ""node_type"": ""visualize""}]}",0.7692
"This is a titanic passenger survival dataset, your goal is to predict passenger survival outcome. The target column is Survived. Perform data analysis, data preprocessing, feature engineering, and modeling to predict the target. save predictions. Train data: titanic_train, Eval data: titanic_test.",0.9333,34548,3235,153.30046844482422,10.618377923965454,40.16179013252258,76.24173212051392,26.278568267822266,"{""edges"": [{""edge_id"": ""55759"", ""source_node_id"": ""397"", ""target_node_id"": ""399""}, {""edge_id"": ""55760"", ""source_node_id"": ""399"", ""target_node_id"": ""401""}, {""edge_id"": ""55761"", ""source_node_id"": ""401"", ""target_node_id"": ""66792""}, {""edge_id"": ""55762"", ""source_node_id"": ""398"", ""target_node_id"": ""400""}, {""edge_id"": ""55763"", ""source_node_id"": ""398"", ""target_node_id"": ""66795""}, {""edge_id"": ""55764"", ""source_node_id"": ""400"", ""target_node_id"": ""402""}, {""edge_id"": ""55765"", ""source_node_id"": ""402"", ""target_node_id"": ""404""}, {""edge_id"": ""55766"", ""source_node_id"": ""66792"", ""target_node_id"": ""404""}, {""edge_id"": ""55767"", ""source_node_id"": ""404"", ""target_node_id"": ""405""}], ""nodes"": [{""node_id"": ""397"", ""widget_name"": ""SQL Table"", ""node_name"": ""泰坦尼克号训练数据"", ""node_params"": {""table_name"": ""titanic_train"", ""target_column"": ""Survived""}, ""matched"": true}, {""node_id"": ""399"", ""widget_name"": ""Impute"", ""node_name"": ""缺失值处理"", ""node_params"": {""method"": 1}, ""matched"": true}, {""node_id"": ""401"", ""widget_name"": ""One Hot Encoder"", ""node_name"": ""独热编码处理"", ""node_params"": {""encode_vars"": [""Sex"", ""Embarked""]}, ""matched"": true}, {""node_id"": ""66792"", ""widget_name"": ""Logistic Regression"", ""node_name"": ""逻辑回归模型"", ""node_params"": {""C"": 1, ""penalty"": ""l2""}, ""matched"": false}, {""node_id"": ""398"", ""widget_name"": ""SQL Table"", ""node_name"": ""泰坦尼克号测试数据"", ""node_params"": {""table_name"": ""titanic_test"", ""target_column"": ""Survived""}, ""matched"": true}, {""node_id"": ""400"", ""widget_name"": ""Impute"", ""node_name"": ""测试数据缺失值处理"", ""node_params"": {""method"": 1}, ""matched"": true}, {""node_id"": ""66795"", ""widget_name"": ""Impute"", ""node_name"": ""测试数据缺失值处理"", ""node_params"": {""method"": 1}, ""matched"": false}, {""node_id"": ""402"", ""widget_name"": ""One Hot Encoder"", ""node_name"": ""测试数据独热编码"", ""node_params"": {""encode_vars"": [""Sex"", ""Embarked""]}, ""matched"": true}, {""node_id"": ""404"", ""widget_name"": ""Predictions"", ""node_name"": ""预测"", ""node_params"": {""output_attrs"": true, ""output_predictions"": true, ""output_probabilities"": true}, ""matched"": true}, {""node_id"": ""405"", ""widget_name"": ""Save Data"", ""node_name"": ""保存预测结果"", ""node_params"": {}, ""matched"": true}]}","{""dependency_requirements"": [{""edge_id"": ""306"", ""source_node_id"": ""397"", ""target_node_id"": ""399""}, {""edge_id"": ""307"", ""source_node_id"": ""398"", ""target_node_id"": ""400""}, {""edge_id"": ""308"", ""source_node_id"": ""399"", ""target_node_id"": ""401""}, {""edge_id"": ""309"", ""source_node_id"": ""400"", ""target_node_id"": ""402""}, {""edge_id"": ""310"", ""source_node_id"": ""401"", ""target_node_id"": ""403""}, {""edge_id"": ""311"", ""source_node_id"": ""402"", ""target_node_id"": ""404""}, {""edge_id"": ""312"", ""source_node_id"": ""403"", ""target_node_id"": ""404""}, {""edge_id"": ""313"", ""source_node_id"": ""404"", ""target_node_id"": ""405""}], ""step_requirements"": [{""node_id"": ""397"", ""algorithm_step_name"": ""Tabular Dataset Loading"", ""node_name"": ""泰坦尼克号训练数据"", ""node_params"": {""table_name"": ""titanic_train"", ""target_column"": ""Survived""}, ""contrast_level"": 2, ""node_type"": ""io""}, {""node_id"": ""398"", ""algorithm_step_name"": ""Tabular Dataset Loading"", ""node_name"": ""泰坦尼克号测试数据"", ""node_params"": {""table_name"": ""titanic_test"", ""target_column"": ""Survived""}, ""contrast_level"": 2, ""node_type"": ""io""}, {""node_id"": ""399"", ""algorithm_step_name"": ""Missing Value Handling"", ""node_name"": ""训练数据缺失值处理"", ""node_params"": {}, ""contrast_level"": 0, ""node_type"": ""preprocess""}, {""node_id"": ""400"", ""algorithm_step_name"": ""Missing Value Handling"", ""node_name"": ""测试数据缺失值处理"", ""node_params"": {}, ""contrast_level"": 0, ""node_type"": ""preprocess""}, {""node_id"": ""401"", ""algorithm_step_name"": ""One Hot Encoding"", ""node_name"": ""训练数据独热编码"", ""node_params"": {}, ""contrast_level"": 0, ""node_type"": ""feature engineering""}, {""node_id"": ""402"", ""algorithm_step_name"": ""One Hot Encoding"", ""node_name"": ""测试数据独热编码"", ""node_params"": {}, ""contrast_level"": 0, ""node_type"": ""feature engineering""}, {""node_id"": ""403"", ""algorithm_step_name"": ""XGBoost"", ""node_name"": ""XGBoost分类器"", ""node_params"": {}, ""contrast_level"": 2, ""node_type"": ""model""}, {""node_id"": ""404"", ""algorithm_step_name"": ""Test Dataset Predictions"", ""node_name"": ""预测"", ""node_params"": {""output_probabilities"": true}, ""contrast_level"": 2, ""node_type"": ""predict""}, {""node_id"": ""405"", ""algorithm_step_name"": ""Save Data"", ""node_name"": ""保存预测结果"", ""node_params"": {}, ""contrast_level"": 1, ""node_type"": ""io""}]}",0.8421
"This is a house price dataset, your goal is to predict the sale price of a property based on its features. The target column is SalePrice. Perform data analysis, data preprocessing, feature engineering, and modeling to predict the target. save predictions. Train data: house_prices_advanced_regression_techniques_train, Eval data: house_prices_advanced_regression_techniques_test.",1.0,44465,6164,306.07499408721924,8.489148139953613,31.13837027549744,159.19879031181335,107.24868535995483,"{""edges"": [{""edge_id"": ""55768"", ""source_node_id"": ""406"", ""target_node_id"": ""408""}, {""edge_id"": ""55769"", ""source_node_id"": ""407"", ""target_node_id"": ""409""}, {""edge_id"": ""55770"", ""source_node_id"": ""408"", ""target_node_id"": ""410""}, {""edge_id"": ""55771"", ""source_node_id"": ""409"", ""target_node_id"": ""411""}, {""edge_id"": ""55772"", ""source_node_id"": ""410"", ""target_node_id"": ""412""}, {""edge_id"": ""55773"", ""source_node_id"": ""411"", ""target_node_id"": ""413""}, {""edge_id"": ""55774"", ""source_node_id"": ""412"", ""target_node_id"": ""413""}, {""edge_id"": ""55775"", ""source_node_id"": ""413"", ""target_node_id"": ""414""}], ""nodes"": [{""node_id"": ""406"", ""widget_name"": ""SQL Table"", ""node_name"": ""训练数据集"", ""node_params"": {""table_name"": ""house_prices_advanced_regression_techniques_train"", ""target_column"": ""SalePrice""}, ""matched"": true}, {""node_id"": ""407"", ""widget_name"": ""SQL Table"", ""node_name"": ""测试数据集"", ""node_params"": {""table_name"": ""house_prices_advanced_regression_techniques_test"", ""target_column"": ""SalePrice""}, ""matched"": true}, {""node_id"": ""408"", ""widget_name"": ""Impute"", ""node_name"": ""训练数据缺失值处理"", ""node_params"": {""method"": 1}, ""matched"": true}, {""node_id"": ""409"", ""widget_name"": ""Impute"", ""node_name"": ""测试数据缺失值处理"", ""node_params"": {""method"": 1}, ""matched"": true}, {""node_id"": ""410"", ""widget_name"": ""One Hot Encoder"", ""node_name"": ""训练数据独热编码"", ""node_params"": {""encode_vars"": [""MSZoning"", ""Street"", ""LotShape"", ""LandContour"", ""Utilities"", ""LotConfig"", ""LandSlope"", ""Neighborhood"", ""Condition1"", ""Condition2"", ""BldgType"", ""HouseStyle"", ""RoofStyle"", ""RoofMatl"", ""Exterior1st"", ""Exterior2nd"", ""Foundation"", ""Heating"", ""CentralAir"", ""KitchenQual"", ""Functional"", ""FireplaceQu"", ""GarageType"", ""GarageFinish"", ""PavedDrive"", ""SaleType"", ""SaleCondition""]}, ""matched"": true}, {""node_id"": ""411"", ""widget_name"": ""One Hot Encoder"", ""node_name"": ""测试数据独热编码"", ""node_params"": {""encode_vars"": [""MSZoning"", ""Street"", ""LotShape"", ""LandContour"", ""Utilities"", ""LotConfig"", ""LandSlope"", ""Neighborhood"", ""Condition1"", ""Condition2"", ""BldgType"", ""HouseStyle"", ""RoofStyle"", ""RoofMatl"", ""Exterior1st"", ""Exterior2nd"", ""Foundation"", ""Heating"", ""CentralAir"", ""KitchenQual"", ""Functional"", ""FireplaceQu"", ""GarageType"", ""GarageFinish"", ""PavedDrive"", ""SaleType"", ""SaleCondition""]}, ""matched"": true}, {""node_id"": ""412"", ""widget_name"": ""Linear Regression"", ""node_name"": ""线性回归模型"", ""node_params"": {""regression_type"": ""0""}, ""matched"": true}, {""node_id"": ""413"", ""widget_name"": ""Predictions"", ""node_name"": ""预测"", ""node_params"": {""output_attrs"": true, ""output_predictions"": true, ""output_probabilities"": false}, ""matched"": true}, {""node_id"": ""414"", ""widget_name"": ""Save Data"", ""node_name"": ""保存预测结果"", ""node_params"": {}, ""matched"": true}]}","{""dependency_requirements"": [{""edge_id"": ""314"", ""source_node_id"": ""406"", ""target_node_id"": ""408""}, {""edge_id"": ""315"", ""source_node_id"": ""407"", ""target_node_id"": ""409""}, {""edge_id"": ""316"", ""source_node_id"": ""408"", ""target_node_id"": ""410""}, {""edge_id"": ""317"", ""source_node_id"": ""409"", ""target_node_id"": ""411""}, {""edge_id"": ""318"", ""source_node_id"": ""410"", ""target_node_id"": ""412""}, {""edge_id"": ""319"", ""source_node_id"": ""411"", ""target_node_id"": ""413""}, {""edge_id"": ""320"", ""source_node_id"": ""412"", ""target_node_id"": ""413""}, {""edge_id"": ""321"", ""source_node_id"": ""413"", ""target_node_id"": ""414""}], ""step_requirements"": [{""node_id"": ""406"", ""algorithm_step_name"": ""Tabular Dataset Loading"", ""node_name"": ""房屋价格训练数据"", ""node_params"": {""table_name"": ""house_prices_advanced_regression_techniques_train"", ""target_column"": ""SalePrice""}, ""contrast_level"": 2, ""node_type"": ""io""}, {""node_id"": ""407"", ""algorithm_step_name"": ""Tabular Dataset Loading"", ""node_name"": ""房屋价格测试数据"", ""node_params"": {""table_name"": ""house_prices_advanced_regression_techniques_test"", ""target_column"": ""SalePrice""}, ""contrast_level"": 2, ""node_type"": ""io""}, {""node_id"": ""408"", ""algorithm_step_name"": ""Missing Value Handling"", ""node_name"": ""训练数据缺失值处理"", ""node_params"": {}, ""contrast_level"": 0, ""node_type"": ""preprocess""}, {""node_id"": ""409"", ""algorithm_step_name"": ""Missing Value Handling"", ""node_name"": ""测试数据缺失值处理"", ""node_params"": {}, ""contrast_level"": 0, ""node_type"": ""preprocess""}, {""node_id"": ""410"", ""algorithm_step_name"": ""One Hot Encoding"", ""node_name"": ""训练数据独热编码"", ""node_params"": {}, ""contrast_level"": 0, ""node_type"": ""feature engineering""}, {""node_id"": ""411"", ""algorithm_step_name"": ""One Hot Encoding"", ""node_name"": ""测试数据独热编码"", ""node_params"": {}, ""contrast_level"": 0, ""node_type"": ""feature engineering""}, {""node_id"": ""412"", ""algorithm_step_name"": ""XGBoost"", ""node_name"": ""XGBoost回归器"", ""node_params"": {}, ""contrast_level"": 0, ""node_type"": ""model""}, {""node_id"": ""413"", ""algorithm_step_name"": ""Test Dataset Predictions"", ""node_name"": ""预测"", ""node_params"": {""output_probabilities"": false}, ""contrast_level"": 2, ""node_type"": ""predict""}, {""node_id"": ""414"", ""algorithm_step_name"": ""Save Data"", ""node_name"": ""保存预测结果"", ""node_params"": {}, ""contrast_level"": 1, ""node_type"": ""io""}]}",1.0
"This is a customers financial dataset. Your goal is to predict which customers will make a specific transaction in the future. The target column is target. Perform data analysis and modeling to predict the target. save predictions. Train data: santander_customer_transaction_prediction_train, Eval data: santander_customer_transaction_prediction_test.",1.0,21366,2669,147.238126039505,9.062528610229492,30.90216708183289,70.11851644515991,37.15491390228272,"{""edges"": [{""edge_id"": ""55776"", ""source_node_id"": ""415"", ""target_node_id"": ""417""}, {""edge_id"": ""55777"", ""source_node_id"": ""416"", ""target_node_id"": ""418""}, {""edge_id"": ""55778"", ""source_node_id"": ""417"", ""target_node_id"": ""418""}, {""edge_id"": ""55779"", ""source_node_id"": ""418"", ""target_node_id"": ""419""}], ""nodes"": [{""node_id"": ""415"", ""widget_name"": ""SQL Table"", ""node_name"": ""santander_customer_transaction_prediction_train"", ""node_params"": {""table_name"": ""santander_customer_transaction_prediction_train"", ""target_column"": ""target""}, ""matched"": true}, {""node_id"": ""416"", ""widget_name"": ""SQL Table"", ""node_name"": ""santander_customer_transaction_prediction_test"", ""node_params"": {""table_name"": ""santander_customer_transaction_prediction_test"", ""target_column"": ""target""}, ""matched"": true}, {""node_id"": ""417"", ""widget_name"": ""Random Forest"", ""node_name"": ""随机森林模型"", ""node_params"": {""n_estimators"": 10, ""use_max_features"": false, ""max_features"": ""auto"", ""use_random_state"": false, ""use_max_depth"": false, ""max_depth"": 3, ""use_min_samples_split"": true, ""min_samples_split"": 2}, ""matched"": true}, {""node_id"": ""418"", ""widget_name"": ""Predictions"", ""node_name"": ""预测"", ""node_params"": {""output_attrs"": true, ""output_predictions"": true, ""output_probabilities"": true}, ""matched"": true}, {""node_id"": ""419"", ""widget_name"": ""Save Data"", ""node_name"": ""保存预测结果"", ""node_params"": {}, ""matched"": true}]}","{""dependency_requirements"": [{""edge_id"": ""322"", ""source_node_id"": ""415"", ""target_node_id"": ""417""}, {""edge_id"": ""323"", ""source_node_id"": ""416"", ""target_node_id"": ""418""}, {""edge_id"": ""324"", ""source_node_id"": ""417"", ""target_node_id"": ""418""}, {""edge_id"": ""325"", ""source_node_id"": ""418"", ""target_node_id"": ""419""}], ""step_requirements"": [{""node_id"": ""415"", ""algorithm_step_name"": ""Tabular Dataset Loading"", ""node_name"": ""桑坦德客户交易预测训练数据"", ""node_params"": {""table_name"": ""santander_customer_transaction_prediction_train"", ""target_column"": ""target""}, ""contrast_level"": 2, ""node_type"": ""io""}, {""node_id"": ""416"", ""algorithm_step_name"": ""Tabular Dataset Loading"", ""node_name"": ""桑坦德客户交易预测测试数据"", ""node_params"": {""table_name"": ""santander_customer_transaction_prediction_test"", ""target_column"": ""target""}, ""contrast_level"": 2, ""node_type"": ""io""}, {""node_id"": ""417"", ""algorithm_step_name"": ""XGBoost"", ""node_name"": ""XGBoost分类器"", ""node_params"": {}, ""contrast_level"": 0, ""node_type"": ""model""}, {""node_id"": ""418"", ""algorithm_step_name"": ""Test Dataset Predictions"", ""node_name"": ""预测"", ""node_params"": {""output_probabilities"": true}, ""contrast_level"": 2, ""node_type"": ""predict""}, {""node_id"": ""419"", ""algorithm_step_name"": ""Save Data"", ""node_name"": ""保存预测结果"", ""node_params"": {}, ""contrast_level"": 1, ""node_type"": ""io""}]}",1.0
"This is a medical dataset with over fifty anonymized health characteristics linked to three age-related conditions. Your goal is to predict whether a subject has or has not been diagnosed with one of these conditions. The target column is Class. Perform data analysis, data preprocessing, and modeling to predict the target. save predictions. Train data: icr_identify_age_related_conditions_train, Eval data: icr_identify_age_related_conditions_test",1.0,39303,4378,226.2248494625092,8.796064853668213,33.94513916969299,110.7151710987091,72.76847434043884,"{""edges"": [{""edge_id"": ""55780"", ""source_node_id"": ""659"", ""target_node_id"": ""661""}, {""edge_id"": ""55781"", ""source_node_id"": ""660"", ""target_node_id"": ""662""}, {""edge_id"": ""55782"", ""source_node_id"": ""661"", ""target_node_id"": ""663""}, {""edge_id"": ""55783"", ""source_node_id"": ""662"", ""target_node_id"": ""664""}, {""edge_id"": ""55784"", ""source_node_id"": ""663"", ""target_node_id"": ""664""}, {""edge_id"": ""55785"", ""source_node_id"": ""664"", ""target_node_id"": ""665""}], ""nodes"": [{""node_id"": ""659"", ""widget_name"": ""SQL Table"", ""node_name"": ""ICR 训练数据"", ""node_params"": {""table_name"": ""icr_identify_age_related_conditions_train"", ""target_column"": ""Class""}, ""matched"": true}, {""node_id"": ""660"", ""widget_name"": ""SQL Table"", ""node_name"": ""ICR 测试数据"", ""node_params"": {""table_name"": ""icr_identify_age_related_conditions_test"", ""target_column"": ""Class""}, ""matched"": true}, {""node_id"": ""661"", ""widget_name"": ""Impute"", ""node_name"": ""训练数据缺失值处理"", ""node_params"": {""method"": 1}, ""matched"": true}, {""node_id"": ""662"", ""widget_name"": ""Impute"", ""node_name"": ""测试数据缺失值处理"", ""node_params"": {""method"": 1}, ""matched"": true}, {""node_id"": ""663"", ""widget_name"": ""Random Forest"", ""node_name"": ""随机森林模型"", ""node_params"": {""n_estimators"": 10, ""use_max_features"": false, ""max_features"": ""auto"", ""use_random_state"": false, ""use_max_depth"": false, ""max_depth"": 3, ""use_min_samples_split"": true, ""min_samples_split"": 2}, ""matched"": true}, {""node_id"": ""664"", ""widget_name"": ""Predictions"", ""node_name"": ""预测"", ""node_params"": {""output_attrs"": true, ""output_predictions"": true, ""output_probabilities"": true}, ""matched"": true}, {""node_id"": ""665"", ""widget_name"": ""Save Data"", ""node_name"": ""保存预测结果"", ""node_params"": {}, ""matched"": true}]}","{""dependency_requirements"": [{""edge_id"": ""484"", ""source_node_id"": ""659"", ""target_node_id"": ""661""}, {""edge_id"": ""485"", ""source_node_id"": ""660"", ""target_node_id"": ""662""}, {""edge_id"": ""486"", ""source_node_id"": ""661"", ""target_node_id"": ""663""}, {""edge_id"": ""487"", ""source_node_id"": ""662"", ""target_node_id"": ""664""}, {""edge_id"": ""488"", ""source_node_id"": ""663"", ""target_node_id"": ""664""}, {""edge_id"": ""489"", ""source_node_id"": ""664"", ""target_node_id"": ""665""}], ""step_requirements"": [{""node_id"": ""659"", ""algorithm_step_name"": ""Tabular Dataset Loading"", ""node_name"": ""icr_identify_age_related_conditions_train"", ""node_params"": {""table_name"": ""icr_identify_age_related_conditions_train"", ""target_column"": ""Class""}, ""contrast_level"": 2, ""node_type"": ""io""}, {""node_id"": ""660"", ""algorithm_step_name"": ""Tabular Dataset Loading"", ""node_name"": ""icr_identify_age_related_conditions_test"", ""node_params"": {""table_name"": ""icr_identify_age_related_conditions_test"", ""target_column"": ""Class""}, ""contrast_level"": 2, ""node_type"": ""io""}, {""node_id"": ""661"", ""algorithm_step_name"": ""Missing Value Handling"", ""node_name"": ""训练数据缺失值处理"", ""node_params"": {}, ""contrast_level"": 0, ""node_type"": ""preprocess""}, {""node_id"": ""662"", ""algorithm_step_name"": ""Missing Value Handling"", ""node_name"": ""测试数据缺失值处理"", ""node_params"": {}, ""contrast_level"": 0, ""node_type"": ""preprocess""}, {""node_id"": ""663"", ""algorithm_step_name"": ""XGBoost"", ""node_name"": ""XGBoost分类器"", ""node_params"": {}, ""contrast_level"": 0, ""node_type"": ""model""}, {""node_id"": ""664"", ""algorithm_step_name"": ""Test Dataset Predictions"", ""node_name"": ""预测"", ""node_params"": {""output_probabilities"": true}, ""contrast_level"": 2, ""node_type"": ""predict""}, {""node_id"": ""665"", ""algorithm_step_name"": ""Save Data"", ""node_name"": ""保存预测结果"", ""node_params"": {}, ""contrast_level"": 1, ""node_type"": ""io""}]}",1.0
"This is a customers financial dataset. Your goal is to predict the value of transactions for each potential customer. The target column is target. Perform data analysis and modeling to predict the target. save predictions. Train data: santander_value_prediction_challenge_train, Eval data: santander_value_prediction_challenge_test",1.0,21737,2812,149.74112582206726,8.985533714294434,31.23938536643982,71.02051854133606,38.49568819999695,"{""edges"": [{""edge_id"": ""55786"", ""source_node_id"": ""666"", ""target_node_id"": ""668""}, {""edge_id"": ""55787"", ""source_node_id"": ""667"", ""target_node_id"": ""669""}, {""edge_id"": ""55788"", ""source_node_id"": ""668"", ""target_node_id"": ""669""}, {""edge_id"": ""55789"", ""source_node_id"": ""669"", ""target_node_id"": ""670""}], ""nodes"": [{""node_id"": ""666"", ""widget_name"": ""SQL Table"", ""node_name"": ""santander_value_prediction_challenge_train"", ""node_params"": {""table_name"": ""santander_value_prediction_challenge_train"", ""target_column"": ""target""}, ""matched"": true}, {""node_id"": ""667"", ""widget_name"": ""SQL Table"", ""node_name"": ""santander_value_prediction_challenge_test"", ""node_params"": {""table_name"": ""santander_value_prediction_challenge_test"", ""target_column"": ""target""}, ""matched"": true}, {""node_id"": ""668"", ""widget_name"": ""Random Forest"", ""node_name"": ""随机森林回归模型"", ""node_params"": {""n_estimators"": 10, ""use_max_features"": false, ""max_features"": ""auto"", ""use_random_state"": false, ""use_max_depth"": false, ""max_depth"": 3, ""use_min_samples_split"": true, ""min_samples_split"": 2}, ""matched"": true}, {""node_id"": ""669"", ""widget_name"": ""Predictions"", ""node_name"": ""预测"", ""node_params"": {""output_attrs"": true, ""output_predictions"": true, ""output_probabilities"": false}, ""matched"": true}, {""node_id"": ""670"", ""widget_name"": ""Save Data"", ""node_name"": ""保存预测结果"", ""node_params"": {}, ""matched"": true}]}","{""dependency_requirements"": [{""edge_id"": ""490"", ""source_node_id"": ""666"", ""target_node_id"": ""668""}, {""edge_id"": ""491"", ""source_node_id"": ""667"", ""target_node_id"": ""669""}, {""edge_id"": ""492"", ""source_node_id"": ""668"", ""target_node_id"": ""669""}, {""edge_id"": ""493"", ""source_node_id"": ""669"", ""target_node_id"": ""670""}], ""step_requirements"": [{""node_id"": ""666"", ""algorithm_step_name"": ""Tabular Dataset Loading"", ""node_name"": ""桑坦德价值预测挑战训练数据"", ""node_params"": {""table_name"": ""santander_value_prediction_challenge_train"", ""target_column"": ""target""}, ""contrast_level"": 2, ""node_type"": ""io""}, {""node_id"": ""667"", ""algorithm_step_name"": ""Tabular Dataset Loading"", ""node_name"": ""桑坦德价值预测挑战测试数据"", ""node_params"": {""table_name"": ""santander_value_prediction_challenge_test"", ""target_column"": ""target""}, ""contrast_level"": 2, ""node_type"": ""io""}, {""node_id"": ""668"", ""algorithm_step_name"": ""XGBoost"", ""node_name"": ""XGBoost回归器"", ""node_params"": {}, ""contrast_level"": 0, ""node_type"": ""model""}, {""node_id"": ""669"", ""algorithm_step_name"": ""Test Dataset Predictions"", ""node_name"": ""预测"", ""node_params"": {""output_probabilities"": false}, ""contrast_level"": 2, ""node_type"": ""predict""}, {""node_id"": ""670"", ""algorithm_step_name"": ""Save Data"", ""node_name"": ""保存预测结果"", ""node_params"": {}, ""contrast_level"": 1, ""node_type"": ""io""}]}",1.0
"Run data analysis on Iris example dataset, include a plot",1.0,13436,1229,53.29840636253357,7.393484830856323,27.453295946121216,18.45162558555603,0.0,"{""edges"": [{""edge_id"": ""55790"", ""source_node_id"": ""353"", ""target_node_id"": ""66826""}, {""edge_id"": ""55791"", ""source_node_id"": ""66826"", ""target_node_id"": ""66827""}, {""edge_id"": ""55792"", ""source_node_id"": ""66827"", ""target_node_id"": ""355""}], ""nodes"": [{""node_id"": ""353"", ""widget_name"": ""File"", ""node_name"": ""Iris数据集"", ""node_params"": {""type"": ""sample"", ""filename"": ""iris.csv""}, ""matched"": true}, {""node_id"": ""66826"", ""widget_name"": ""Random Forest"", ""node_name"": ""随机森林分类器"", ""node_params"": {""n_estimators"": 10, ""use_max_features"": false, ""max_features"": ""auto"", ""use_random_state"": false, ""use_max_depth"": false, ""max_depth"": 3, ""use_min_samples_split"": true, ""min_samples_split"": 2}, ""matched"": false}, {""node_id"": ""66827"", ""widget_name"": ""Predictions"", ""node_name"": ""预测"", ""node_params"": {""output_attrs"": true, ""output_predictions"": true, ""output_probabilities"": true}, ""matched"": false}, {""node_id"": ""355"", ""widget_name"": ""Confusion Matrix"", ""node_name"": ""混淆矩阵"", ""node_params"": {}, ""matched"": true}]}","{""dependency_requirements"": [{""edge_id"": ""257"", ""source_node_id"": ""353"", ""target_node_id"": ""355""}], ""step_requirements"": [{""node_id"": ""353"", ""algorithm_step_name"": ""Tabular Dataset Loading"", ""node_name"": ""文件加载节点"", ""node_params"": {""type"": ""sample"", ""filename"": ""iris.csv""}, ""contrast_level"": 2, ""node_type"": ""io""}, {""node_id"": ""355"", ""algorithm_step_name"": ""Scatter Plot"", ""node_name"": ""散点图"", ""node_params"": {}, ""contrast_level"": 0, ""node_type"": ""visualize""}]}",0.6667
"Run data analysis on Wine recognition example dataset, include a plot, and train a model to predict wine class with 20% as test set, and save predictions.",0.5,45190,4322,196.0873799324036,8.837339162826538,38.41092228889465,94.18850755691528,54.65061092376709,"{""edges"": [{""edge_id"": ""55793"", ""source_node_id"": ""66829"", ""target_node_id"": ""66830""}, {""edge_id"": ""55794"", ""source_node_id"": ""66830"", ""target_node_id"": ""66831""}, {""edge_id"": ""55795"", ""source_node_id"": ""66831"", ""target_node_id"": ""377""}, {""edge_id"": ""55796"", ""source_node_id"": ""66831"", ""target_node_id"": ""66833""}, {""edge_id"": ""55797"", ""source_node_id"": ""377"", ""target_node_id"": ""66833""}, {""edge_id"": ""55798"", ""source_node_id"": ""66833"", ""target_node_id"": ""379""}, {""edge_id"": ""55799"", ""source_node_id"": ""66833"", ""target_node_id"": ""382""}, {""edge_id"": ""55800"", ""source_node_id"": ""66833"", ""target_node_id"": ""66836""}, {""edge_id"": ""55801"", ""source_node_id"": ""66833"", ""target_node_id"": ""66837""}, {""edge_id"": ""55802"", ""source_node_id"": ""66833"", ""target_node_id"": ""66838""}], ""nodes"": [{""node_id"": ""66829"", ""widget_name"": ""SQL Table"", ""node_name"": ""Wine recognition example训练数据"", ""node_params"": {""table_name"": ""house_prices_advanced_regression_techniques_train"", ""target_column"": ""SalePrice""}, ""matched"": false}, {""node_id"": ""66830"", ""widget_name"": ""Impute"", ""node_name"": ""缺失值处理"", ""node_params"": {""method"": 1}, ""matched"": false}, {""node_id"": ""66831"", ""widget_name"": ""One Hot Encoder"", ""node_name"": ""特征工程处理"", ""node_params"": {""encode_vars"": [""MSZoning"", ""Street"", ""LotShape"", ""LandContour"", ""Utilities"", ""LotConfig"", ""LandSlope"", ""Neighborhood"", ""Condition1"", ""Condition2"", ""BldgType"", ""HouseStyle"", ""RoofStyle"", ""RoofMatl"", ""Exterior1st"", ""Exterior2nd"", ""MasVnrType"", ""ExterQual"", ""ExterCond"", ""Foundation"", ""BsmtQual"", ""BsmtCond"", ""BsmtExposure"", ""BsmtFinType1"", ""BsmtFinType2"", ""Heating"", ""HeatingQC"", ""CentralAir"", ""Electrical"", ""KitchenQual"", ""Functional"", ""FireplaceQu"", ""GarageType"", ""GarageFinish"", ""GarageQual"", ""GarageCond"", ""PavedDrive"", ""SaleType"", ""SaleCondition""]}, ""matched"": false}, {""node_id"": ""377"", ""widget_name"": ""Random Forest"", ""node_name"": ""随机森林模型"", ""node_params"": {""n_estimators"": 10, ""use_max_features"": false, ""max_features"": ""auto"", ""use_random_state"": false, ""use_max_depth"": false, ""max_depth"": 3, ""use_min_samples_split"": true, ""min_samples_split"": 2}, ""matched"": true}, {""node_id"": ""66833"", ""widget_name"": ""Predictions"", ""node_name"": ""预测"", ""node_params"": {""output_attrs"": true, ""output_predictions"": true, ""output_probabilities"": false}, ""matched"": false}, {""node_id"": ""379"", ""widget_name"": ""Save Data"", ""node_name"": ""保存预测结果"", ""node_params"": {}, ""matched"": true}, {""node_id"": ""382"", ""widget_name"": ""Distributions"", ""node_name"": ""特征分布可视化"", ""node_params"": {}, ""matched"": true}, {""node_id"": ""66836"", ""widget_name"": ""Correlogram"", ""node_name"": ""相关性可视化"", ""node_params"": {}, ""matched"": false}, {""node_id"": ""66837"", ""widget_name"": ""Scatter Plot"", ""node_name"": ""散点图可视化"", ""node_params"": {}, ""matched"": false}, {""node_id"": ""66838"", ""widget_name"": ""Confusion Matrix"", ""node_name"": ""混淆矩阵可视化"", ""node_params"": {}, ""matched"": false}]}","{""dependency_requirements"": [{""edge_id"": ""277"", ""source_node_id"": ""373"", ""target_node_id"": ""374""}, {""edge_id"": ""282"", ""source_node_id"": ""377"", ""target_node_id"": ""378""}, {""edge_id"": ""283"", ""source_node_id"": ""378"", ""target_node_id"": ""379""}, {""edge_id"": ""286"", ""source_node_id"": ""373"", ""target_node_id"": ""382""}, {""edge_id"": ""287"", ""source_node_id"": ""374"", ""target_node_id"": ""378""}, {""edge_id"": ""288"", ""source_node_id"": ""374"", ""target_node_id"": ""377""}], ""step_requirements"": [{""node_id"": ""373"", ""algorithm_step_name"": ""Tabular Dataset Loading"", ""node_name"": ""文件加载节点"", ""node_params"": {""type"": ""sample"", ""filename"": ""wine.csv""}, ""contrast_level"": 2, ""node_type"": ""io""}, {""node_id"": ""374"", ""algorithm_step_name"": ""Dataset Division"", ""node_name"": ""数据划分"", ""node_params"": {""sampling_type"": 0, ""percentage"": 20}, ""contrast_level"": 2, ""node_type"": ""preprocess""}, {""node_id"": ""377"", ""algorithm_step_name"": ""XGBoost"", ""node_name"": ""XGBoost分类器"", ""node_params"": {}, ""contrast_level"": 0, ""node_type"": ""model""}, {""node_id"": ""378"", ""algorithm_step_name"": ""Test Dataset Predictions"", ""node_name"": ""预测"", ""node_params"": {""output_probabilities"": true}, ""contrast_level"": 2, ""node_type"": ""predict""}, {""node_id"": ""379"", ""algorithm_step_name"": ""Save Data"", ""node_name"": ""保存预测结果"", ""node_params"": {}, ""contrast_level"": 1, ""node_type"": ""io""}, {""node_id"": ""382"", ""algorithm_step_name"": ""Line Chart"", ""node_name"": ""折线图"", ""node_params"": {}, ""contrast_level"": 0, ""node_type"": ""visualize""}]}",0.25
"Run data analysis on sklearn Wisconsin Breast Cancer example dataset, include a plot, train a model to predict targets (20% as validation), and save predictions.",0.8889,22325,1613,64.75651168823242,8.324449300765991,31.95165419578552,24.480408191680908,0.0,"{""edges"": [{""edge_id"": ""55803"", ""source_node_id"": ""390"", ""target_node_id"": ""393""}, {""edge_id"": ""55804"", ""source_node_id"": ""393"", ""target_node_id"": ""394""}, {""edge_id"": ""55805"", ""source_node_id"": ""390"", ""target_node_id"": ""394""}, {""edge_id"": ""55806"", ""source_node_id"": ""394"", ""target_node_id"": ""395""}, {""edge_id"": ""55807"", ""source_node_id"": ""390"", ""target_node_id"": ""396""}, {""edge_id"": ""55808"", ""source_node_id"": ""390"", ""target_node_id"": ""66844""}, {""edge_id"": ""55809"", ""source_node_id"": ""390"", ""target_node_id"": ""66845""}], ""nodes"": [{""node_id"": ""390"", ""widget_name"": ""File"", ""node_name"": ""乳腺癌数据集"", ""node_params"": {""type"": ""sample"", ""filename"": ""breast_cancer.csv""}, ""matched"": true}, {""node_id"": ""393"", ""widget_name"": ""Logistic Regression"", ""node_name"": ""逻辑回归模型"", ""node_params"": {""C"": 1, ""penalty"": ""l2""}, ""matched"": true}, {""node_id"": ""394"", ""widget_name"": ""Predictions"", ""node_name"": ""预测"", ""node_params"": {""output_attrs"": true, ""output_predictions"": true, ""output_probabilities"": true}, ""matched"": true}, {""node_id"": ""395"", ""widget_name"": ""Save Data"", ""node_name"": ""保存预测结果"", ""node_params"": {}, ""matched"": true}, {""node_id"": ""396"", ""widget_name"": ""Distributions"", ""node_name"": ""特征分布可视化"", ""node_params"": {}, ""matched"": true}, {""node_id"": ""66844"", ""widget_name"": ""Correlogram"", ""node_name"": ""特征相关性可视化"", ""node_params"": {}, ""matched"": false}, {""node_id"": ""66845"", ""widget_name"": ""Scatter Plot"", ""node_name"": ""特征散点图可视化"", ""node_params"": {}, ""matched"": false}]}","{""dependency_requirements"": [{""edge_id"": ""298"", ""source_node_id"": ""392"", ""target_node_id"": ""393""}, {""edge_id"": ""299"", ""source_node_id"": ""392"", ""target_node_id"": ""394""}, {""edge_id"": ""300"", ""source_node_id"": ""393"", ""target_node_id"": ""394""}, {""edge_id"": ""301"", ""source_node_id"": ""394"", ""target_node_id"": ""395""}, {""edge_id"": ""304"", ""source_node_id"": ""390"", ""target_node_id"": ""396""}, {""edge_id"": ""305"", ""source_node_id"": ""390"", ""target_node_id"": ""392""}], ""step_requirements"": [{""node_id"": ""390"", ""algorithm_step_name"": ""Tabular Dataset Loading"", ""node_name"": ""威斯康星乳腺癌数据集"", ""node_params"": {""type"": ""sample"", ""filename"": ""breast_cancer.csv""}, ""contrast_level"": 2, ""node_type"": ""io""}, {""node_id"": ""392"", ""algorithm_step_name"": ""Dataset Division"", ""node_name"": ""数据划分"", ""node_params"": {""percentage"": 20}, ""contrast_level"": 2, ""node_type"": ""preprocess""}, {""node_id"": ""393"", ""algorithm_step_name"": ""LightGBM"", ""node_name"": ""LightGBM分类器"", ""node_params"": {}, ""contrast_level"": 0, ""node_type"": ""model""}, {""node_id"": ""394"", ""algorithm_step_name"": ""Test Dataset Predictions"", ""node_name"": ""预测"", ""node_params"": {""output_probabilities"": true}, ""contrast_level"": 2, ""node_type"": ""predict""}, {""node_id"": ""395"", ""algorithm_step_name"": ""Save Data"", ""node_name"": ""保存预测结果"", ""node_params"": {}, ""contrast_level"": 1, ""node_type"": ""io""}, {""node_id"": ""396"", ""algorithm_step_name"": ""Correlogram"", ""node_name"": ""相关性热图"", ""node_params"": {}, ""contrast_level"": 0, ""node_type"": ""visualize""}]}",0.7692
"This is a titanic passenger survival dataset, your goal is to predict passenger survival outcome. The target column is Survived. Perform data analysis, data preprocessing, feature engineering, and modeling to predict the target. save predictions. Train data: titanic_train, Eval data: titanic_test.",0.9333,35032,3378,159.36497521400452,10.628701448440552,42.72430276870728,78.9818708896637,27.030100107193,"{""edges"": [{""edge_id"": ""55810"", ""source_node_id"": ""397"", ""target_node_id"": ""399""}, {""edge_id"": ""55811"", ""source_node_id"": ""399"", ""target_node_id"": ""401""}, {""edge_id"": ""55812"", ""source_node_id"": ""401"", ""target_node_id"": ""66849""}, {""edge_id"": ""55813"", ""source_node_id"": ""398"", ""target_node_id"": ""400""}, {""edge_id"": ""55814"", ""source_node_id"": ""398"", ""target_node_id"": ""66852""}, {""edge_id"": ""55815"", ""source_node_id"": ""400"", ""target_node_id"": ""402""}, {""edge_id"": ""55816"", ""source_node_id"": ""402"", ""target_node_id"": ""404""}, {""edge_id"": ""55817"", ""source_node_id"": ""66849"", ""target_node_id"": ""404""}, {""edge_id"": ""55818"", ""source_node_id"": ""404"", ""target_node_id"": ""405""}], ""nodes"": [{""node_id"": ""397"", ""widget_name"": ""SQL Table"", ""node_name"": ""泰坦尼克号训练数据"", ""node_params"": {""table_name"": ""titanic_train"", ""target_column"": ""Survived""}, ""matched"": true}, {""node_id"": ""399"", ""widget_name"": ""Impute"", ""node_name"": ""缺失值处理"", ""node_params"": {""method"": 1}, ""matched"": true}, {""node_id"": ""401"", ""widget_name"": ""One Hot Encoder"", ""node_name"": ""独热编码处理"", ""node_params"": {""encode_vars"": [""Sex"", ""Embarked""]}, ""matched"": true}, {""node_id"": ""66849"", ""widget_name"": ""Random Forest"", ""node_name"": ""随机森林分类器"", ""node_params"": {""n_estimators"": 10, ""use_max_features"": false, ""max_features"": ""auto"", ""use_random_state"": false, ""use_max_depth"": false, ""max_depth"": 3, ""use_min_samples_split"": true, ""min_samples_split"": 2}, ""matched"": false}, {""node_id"": ""398"", ""widget_name"": ""SQL Table"", ""node_name"": ""泰坦尼克号测试数据"", ""node_params"": {""table_name"": ""titanic_test"", ""target_column"": ""Survived""}, ""matched"": true}, {""node_id"": ""400"", ""widget_name"": ""Impute"", ""node_name"": ""测试数据缺失值处理"", ""node_params"": {""method"": 1}, ""matched"": true}, {""node_id"": ""66852"", ""widget_name"": ""Impute"", ""node_name"": ""测试数据缺失值处理"", ""node_params"": {""method"": 1}, ""matched"": false}, {""node_id"": ""402"", ""widget_name"": ""One Hot Encoder"", ""node_name"": ""测试数据独热编码"", ""node_params"": {""encode_vars"": [""Sex"", ""Embarked""]}, ""matched"": true}, {""node_id"": ""404"", ""widget_name"": ""Predictions"", ""node_name"": ""预测"", ""node_params"": {""output_attrs"": true, ""output_predictions"": true, ""output_probabilities"": true}, ""matched"": true}, {""node_id"": ""405"", ""widget_name"": ""Save Data"", ""node_name"": ""保存预测结果"", ""node_params"": {}, ""matched"": true}]}","{""dependency_requirements"": [{""edge_id"": ""306"", ""source_node_id"": ""397"", ""target_node_id"": ""399""}, {""edge_id"": ""307"", ""source_node_id"": ""398"", ""target_node_id"": ""400""}, {""edge_id"": ""308"", ""source_node_id"": ""399"", ""target_node_id"": ""401""}, {""edge_id"": ""309"", ""source_node_id"": ""400"", ""target_node_id"": ""402""}, {""edge_id"": ""310"", ""source_node_id"": ""401"", ""target_node_id"": ""403""}, {""edge_id"": ""311"", ""source_node_id"": ""402"", ""target_node_id"": ""404""}, {""edge_id"": ""312"", ""source_node_id"": ""403"", ""target_node_id"": ""404""}, {""edge_id"": ""313"", ""source_node_id"": ""404"", ""target_node_id"": ""405""}], ""step_requirements"": [{""node_id"": ""397"", ""algorithm_step_name"": ""Tabular Dataset Loading"", ""node_name"": ""泰坦尼克号训练数据"", ""node_params"": {""table_name"": ""titanic_train"", ""target_column"": ""Survived""}, ""contrast_level"": 2, ""node_type"": ""io""}, {""node_id"": ""398"", ""algorithm_step_name"": ""Tabular Dataset Loading"", ""node_name"": ""泰坦尼克号测试数据"", ""node_params"": {""table_name"": ""titanic_test"", ""target_column"": ""Survived""}, ""contrast_level"": 2, ""node_type"": ""io""}, {""node_id"": ""399"", ""algorithm_step_name"": ""Missing Value Handling"", ""node_name"": ""训练数据缺失值处理"", ""node_params"": {}, ""contrast_level"": 0, ""node_type"": ""preprocess""}, {""node_id"": ""400"", ""algorithm_step_name"": ""Missing Value Handling"", ""node_name"": ""测试数据缺失值处理"", ""node_params"": {}, ""contrast_level"": 0, ""node_type"": ""preprocess""}, {""node_id"": ""401"", ""algorithm_step_name"": ""One Hot Encoding"", ""node_name"": ""训练数据独热编码"", ""node_params"": {}, ""contrast_level"": 0, ""node_type"": ""feature engineering""}, {""node_id"": ""402"", ""algorithm_step_name"": ""One Hot Encoding"", ""node_name"": ""测试数据独热编码"", ""node_params"": {}, ""contrast_level"": 0, ""node_type"": ""feature engineering""}, {""node_id"": ""403"", ""algorithm_step_name"": ""XGBoost"", ""node_name"": ""XGBoost分类器"", ""node_params"": {}, ""contrast_level"": 2, ""node_type"": ""model""}, {""node_id"": ""404"", ""algorithm_step_name"": ""Test Dataset Predictions"", ""node_name"": ""预测"", ""node_params"": {""output_probabilities"": true}, ""contrast_level"": 2, ""node_type"": ""predict""}, {""node_id"": ""405"", ""algorithm_step_name"": ""Save Data"", ""node_name"": ""保存预测结果"", ""node_params"": {}, ""contrast_level"": 1, ""node_type"": ""io""}]}",0.8421
"This is a house price dataset, your goal is to predict the sale price of a property based on its features. The target column is SalePrice. Perform data analysis, data preprocessing, feature engineering, and modeling to predict the target. save predictions. Train data: house_prices_advanced_regression_techniques_train, Eval data: house_prices_advanced_regression_techniques_test.",1.0,44318,6170,309.2287120819092,8.534608840942383,31.107345819473267,161.05166053771973,108.5350968837738,"{""edges"": [{""edge_id"": ""55819"", ""source_node_id"": ""406"", ""target_node_id"": ""408""}, {""edge_id"": ""55820"", ""source_node_id"": ""407"", ""target_node_id"": ""409""}, {""edge_id"": ""55821"", ""source_node_id"": ""408"", ""target_node_id"": ""410""}, {""edge_id"": ""55822"", ""source_node_id"": ""409"", ""target_node_id"": ""411""}, {""edge_id"": ""55823"", ""source_node_id"": ""410"", ""target_node_id"": ""412""}, {""edge_id"": ""55824"", ""source_node_id"": ""411"", ""target_node_id"": ""413""}, {""edge_id"": ""55825"", ""source_node_id"": ""412"", ""target_node_id"": ""413""}, {""edge_id"": ""55826"", ""source_node_id"": ""413"", ""target_node_id"": ""414""}], ""nodes"": [{""node_id"": ""406"", ""widget_name"": ""SQL Table"", ""node_name"": ""训练数据集"", ""node_params"": {""table_name"": ""house_prices_advanced_regression_techniques_train"", ""target_column"": ""SalePrice""}, ""matched"": true}, {""node_id"": ""407"", ""widget_name"": ""SQL Table"", ""node_name"": ""测试数据集"", ""node_params"": {""table_name"": ""house_prices_advanced_regression_techniques_test"", ""target_column"": ""SalePrice""}, ""matched"": true}, {""node_id"": ""408"", ""widget_name"": ""Impute"", ""node_name"": ""训练数据缺失值处理"", ""node_params"": {""method"": 1}, ""matched"": true}, {""node_id"": ""409"", ""widget_name"": ""Impute"", ""node_name"": ""测试数据缺失值处理"", ""node_params"": {""method"": 1}, ""matched"": true}, {""node_id"": ""410"", ""widget_name"": ""One Hot Encoder"", ""node_name"": ""训练数据独热编码"", ""node_params"": {""encode_vars"": [""MSZoning"", ""Street"", ""LotShape"", ""LandContour"", ""Utilities"", ""LotConfig"", ""LandSlope"", ""Neighborhood"", ""Condition1"", ""Condition2"", ""BldgType"", ""HouseStyle"", ""RoofStyle"", ""RoofMatl"", ""Exterior1st"", ""Exterior2nd"", ""Foundation"", ""Heating"", ""CentralAir"", ""Electrical"", ""KitchenQual"", ""Functional"", ""FireplaceQu"", ""GarageType"", ""GarageFinish"", ""PavedDrive"", ""SaleType"", ""SaleCondition""]}, ""matched"": true}, {""node_id"": ""411"", ""widget_name"": ""One Hot Encoder"", ""node_name"": ""测试数据独热编码"", ""node_params"": {""encode_vars"": [""MSZoning"", ""Street"", ""LotShape"", ""LandContour"", ""Utilities"", ""LotConfig"", ""LandSlope"", ""Neighborhood"", ""Condition1"", ""Condition2"", ""BldgType"", ""HouseStyle"", ""RoofStyle"", ""RoofMatl"", ""Exterior1st"", ""Exterior2nd"", ""Foundation"", ""Heating"", ""CentralAir"", ""Electrical"", ""KitchenQual"", ""Functional"", ""FireplaceQu"", ""GarageType"", ""GarageFinish"", ""PavedDrive"", ""SaleType"", ""SaleCondition""]}, ""matched"": true}, {""node_id"": ""412"", ""widget_name"": ""Linear Regression"", ""node_name"": ""线性回归模型"", ""node_params"": {""regression_type"": ""0""}, ""matched"": true}, {""node_id"": ""413"", ""widget_name"": ""Predictions"", ""node_name"": ""预测"", ""node_params"": {""output_attrs"": true, ""output_predictions"": true, ""output_probabilities"": false}, ""matched"": true}, {""node_id"": ""414"", ""widget_name"": ""Save Data"", ""node_name"": ""保存预测结果"", ""node_params"": {}, ""matched"": true}]}","{""dependency_requirements"": [{""edge_id"": ""314"", ""source_node_id"": ""406"", ""target_node_id"": ""408""}, {""edge_id"": ""315"", ""source_node_id"": ""407"", ""target_node_id"": ""409""}, {""edge_id"": ""316"", ""source_node_id"": ""408"", ""target_node_id"": ""410""}, {""edge_id"": ""317"", ""source_node_id"": ""409"", ""target_node_id"": ""411""}, {""edge_id"": ""318"", ""source_node_id"": ""410"", ""target_node_id"": ""412""}, {""edge_id"": ""319"", ""source_node_id"": ""411"", ""target_node_id"": ""413""}, {""edge_id"": ""320"", ""source_node_id"": ""412"", ""target_node_id"": ""413""}, {""edge_id"": ""321"", ""source_node_id"": ""413"", ""target_node_id"": ""414""}], ""step_requirements"": [{""node_id"": ""406"", ""algorithm_step_name"": ""Tabular Dataset Loading"", ""node_name"": ""房屋价格训练数据"", ""node_params"": {""table_name"": ""house_prices_advanced_regression_techniques_train"", ""target_column"": ""SalePrice""}, ""contrast_level"": 2, ""node_type"": ""io""}, {""node_id"": ""407"", ""algorithm_step_name"": ""Tabular Dataset Loading"", ""node_name"": ""房屋价格测试数据"", ""node_params"": {""table_name"": ""house_prices_advanced_regression_techniques_test"", ""target_column"": ""SalePrice""}, ""contrast_level"": 2, ""node_type"": ""io""}, {""node_id"": ""408"", ""algorithm_step_name"": ""Missing Value Handling"", ""node_name"": ""训练数据缺失值处理"", ""node_params"": {}, ""contrast_level"": 0, ""node_type"": ""preprocess""}, {""node_id"": ""409"", ""algorithm_step_name"": ""Missing Value Handling"", ""node_name"": ""测试数据缺失值处理"", ""node_params"": {}, ""contrast_level"": 0, ""node_type"": ""preprocess""}, {""node_id"": ""410"", ""algorithm_step_name"": ""One Hot Encoding"", ""node_name"": ""训练数据独热编码"", ""node_params"": {}, ""contrast_level"": 0, ""node_type"": ""feature engineering""}, {""node_id"": ""411"", ""algorithm_step_name"": ""One Hot Encoding"", ""node_name"": ""测试数据独热编码"", ""node_params"": {}, ""contrast_level"": 0, ""node_type"": ""feature engineering""}, {""node_id"": ""412"", ""algorithm_step_name"": ""XGBoost"", ""node_name"": ""XGBoost回归器"", ""node_params"": {}, ""contrast_level"": 0, ""node_type"": ""model""}, {""node_id"": ""413"", ""algorithm_step_name"": ""Test Dataset Predictions"", ""node_name"": ""预测"", ""node_params"": {""output_probabilities"": false}, ""contrast_level"": 2, ""node_type"": ""predict""}, {""node_id"": ""414"", ""algorithm_step_name"": ""Save Data"", ""node_name"": ""保存预测结果"", ""node_params"": {}, ""contrast_level"": 1, ""node_type"": ""io""}]}",1.0
"This is a customers financial dataset. Your goal is to predict which customers will make a specific transaction in the future. The target column is target. Perform data analysis and modeling to predict the target. save predictions. Train data: santander_customer_transaction_prediction_train, Eval data: santander_customer_transaction_prediction_test.",1.0,21324,2626,146.79379653930664,9.07435941696167,30.21928262710572,70.10904312133789,37.39111137390137,"{""edges"": [{""edge_id"": ""55827"", ""source_node_id"": ""415"", ""target_node_id"": ""417""}, {""edge_id"": ""55828"", ""source_node_id"": ""416"", ""target_node_id"": ""418""}, {""edge_id"": ""55829"", ""source_node_id"": ""417"", ""target_node_id"": ""418""}, {""edge_id"": ""55830"", ""source_node_id"": ""418"", ""target_node_id"": ""419""}], ""nodes"": [{""node_id"": ""415"", ""widget_name"": ""SQL Table"", ""node_name"": ""santander_customer_transaction_prediction_train"", ""node_params"": {""table_name"": ""santander_customer_transaction_prediction_train"", ""target_column"": ""target""}, ""matched"": true}, {""node_id"": ""416"", ""widget_name"": ""SQL Table"", ""node_name"": ""santander_customer_transaction_prediction_test"", ""node_params"": {""table_name"": ""santander_customer_transaction_prediction_test"", ""target_column"": ""target""}, ""matched"": true}, {""node_id"": ""417"", ""widget_name"": ""Random Forest"", ""node_name"": ""随机森林模型"", ""node_params"": {""n_estimators"": 10, ""use_max_features"": false, ""max_features"": ""auto"", ""use_random_state"": false, ""use_max_depth"": false, ""max_depth"": 3, ""use_min_samples_split"": true, ""min_samples_split"": 2}, ""matched"": true}, {""node_id"": ""418"", ""widget_name"": ""Predictions"", ""node_name"": ""预测"", ""node_params"": {""output_attrs"": true, ""output_predictions"": true, ""output_probabilities"": true}, ""matched"": true}, {""node_id"": ""419"", ""widget_name"": ""Save Data"", ""node_name"": ""保存预测结果"", ""node_params"": {}, ""matched"": true}]}","{""dependency_requirements"": [{""edge_id"": ""322"", ""source_node_id"": ""415"", ""target_node_id"": ""417""}, {""edge_id"": ""323"", ""source_node_id"": ""416"", ""target_node_id"": ""418""}, {""edge_id"": ""324"", ""source_node_id"": ""417"", ""target_node_id"": ""418""}, {""edge_id"": ""325"", ""source_node_id"": ""418"", ""target_node_id"": ""419""}], ""step_requirements"": [{""node_id"": ""415"", ""algorithm_step_name"": ""Tabular Dataset Loading"", ""node_name"": ""桑坦德客户交易预测训练数据"", ""node_params"": {""table_name"": ""santander_customer_transaction_prediction_train"", ""target_column"": ""target""}, ""contrast_level"": 2, ""node_type"": ""io""}, {""node_id"": ""416"", ""algorithm_step_name"": ""Tabular Dataset Loading"", ""node_name"": ""桑坦德客户交易预测测试数据"", ""node_params"": {""table_name"": ""santander_customer_transaction_prediction_test"", ""target_column"": ""target""}, ""contrast_level"": 2, ""node_type"": ""io""}, {""node_id"": ""417"", ""algorithm_step_name"": ""XGBoost"", ""node_name"": ""XGBoost分类器"", ""node_params"": {}, ""contrast_level"": 0, ""node_type"": ""model""}, {""node_id"": ""418"", ""algorithm_step_name"": ""Test Dataset Predictions"", ""node_name"": ""预测"", ""node_params"": {""output_probabilities"": true}, ""contrast_level"": 2, ""node_type"": ""predict""}, {""node_id"": ""419"", ""algorithm_step_name"": ""Save Data"", ""node_name"": ""保存预测结果"", ""node_params"": {}, ""contrast_level"": 1, ""node_type"": ""io""}]}",1.0
"This is a medical dataset with over fifty anonymized health characteristics linked to three age-related conditions. Your goal is to predict whether a subject has or has not been diagnosed with one of these conditions. The target column is Class. Perform data analysis, data preprocessing, and modeling to predict the target. save predictions. Train data: icr_identify_age_related_conditions_train, Eval data: icr_identify_age_related_conditions_test",1.0,39223,4341,225.19338965415955,8.796571731567383,33.00223731994629,110.68810081481934,72.70647978782654,"{""edges"": [{""edge_id"": ""55831"", ""source_node_id"": ""659"", ""target_node_id"": ""661""}, {""edge_id"": ""55832"", ""source_node_id"": ""660"", ""target_node_id"": ""662""}, {""edge_id"": ""55833"", ""source_node_id"": ""661"", ""target_node_id"": ""663""}, {""edge_id"": ""55834"", ""source_node_id"": ""662"", ""target_node_id"": ""664""}, {""edge_id"": ""55835"", ""source_node_id"": ""663"", ""target_node_id"": ""664""}, {""edge_id"": ""55836"", ""source_node_id"": ""664"", ""target_node_id"": ""665""}], ""nodes"": [{""node_id"": ""659"", ""widget_name"": ""SQL Table"", ""node_name"": ""ICR 训练数据"", ""node_params"": {""table_name"": ""icr_identify_age_related_conditions_train"", ""target_column"": ""Class""}, ""matched"": true}, {""node_id"": ""660"", ""widget_name"": ""SQL Table"", ""node_name"": ""ICR 测试数据"", ""node_params"": {""table_name"": ""icr_identify_age_related_conditions_test"", ""target_column"": ""Class""}, ""matched"": true}, {""node_id"": ""661"", ""widget_name"": ""Impute"", ""node_name"": ""训练数据缺失值处理"", ""node_params"": {""method"": 1}, ""matched"": true}, {""node_id"": ""662"", ""widget_name"": ""Impute"", ""node_name"": ""测试数据缺失值处理"", ""node_params"": {""method"": 1}, ""matched"": true}, {""node_id"": ""663"", ""widget_name"": ""Random Forest"", ""node_name"": ""随机森林模型"", ""node_params"": {""n_estimators"": 10, ""use_max_features"": false, ""max_features"": ""auto"", ""use_random_state"": false, ""use_max_depth"": false, ""max_depth"": 3, ""use_min_samples_split"": true, ""min_samples_split"": 2}, ""matched"": true}, {""node_id"": ""664"", ""widget_name"": ""Predictions"", ""node_name"": ""预测"", ""node_params"": {""output_attrs"": true, ""output_predictions"": true, ""output_probabilities"": true}, ""matched"": true}, {""node_id"": ""665"", ""widget_name"": ""Save Data"", ""node_name"": ""保存预测结果"", ""node_params"": {}, ""matched"": true}]}","{""dependency_requirements"": [{""edge_id"": ""484"", ""source_node_id"": ""659"", ""target_node_id"": ""661""}, {""edge_id"": ""485"", ""source_node_id"": ""660"", ""target_node_id"": ""662""}, {""edge_id"": ""486"", ""source_node_id"": ""661"", ""target_node_id"": ""663""}, {""edge_id"": ""487"", ""source_node_id"": ""662"", ""target_node_id"": ""664""}, {""edge_id"": ""488"", ""source_node_id"": ""663"", ""target_node_id"": ""664""}, {""edge_id"": ""489"", ""source_node_id"": ""664"", ""target_node_id"": ""665""}], ""step_requirements"": [{""node_id"": ""659"", ""algorithm_step_name"": ""Tabular Dataset Loading"", ""node_name"": ""icr_identify_age_related_conditions_train"", ""node_params"": {""table_name"": ""icr_identify_age_related_conditions_train"", ""target_column"": ""Class""}, ""contrast_level"": 2, ""node_type"": ""io""}, {""node_id"": ""660"", ""algorithm_step_name"": ""Tabular Dataset Loading"", ""node_name"": ""icr_identify_age_related_conditions_test"", ""node_params"": {""table_name"": ""icr_identify_age_related_conditions_test"", ""target_column"": ""Class""}, ""contrast_level"": 2, ""node_type"": ""io""}, {""node_id"": ""661"", ""algorithm_step_name"": ""Missing Value Handling"", ""node_name"": ""训练数据缺失值处理"", ""node_params"": {}, ""contrast_level"": 0, ""node_type"": ""preprocess""}, {""node_id"": ""662"", ""algorithm_step_name"": ""Missing Value Handling"", ""node_name"": ""测试数据缺失值处理"", ""node_params"": {}, ""contrast_level"": 0, ""node_type"": ""preprocess""}, {""node_id"": ""663"", ""algorithm_step_name"": ""XGBoost"", ""node_name"": ""XGBoost分类器"", ""node_params"": {}, ""contrast_level"": 0, ""node_type"": ""model""}, {""node_id"": ""664"", ""algorithm_step_name"": ""Test Dataset Predictions"", ""node_name"": ""预测"", ""node_params"": {""output_probabilities"": true}, ""contrast_level"": 2, ""node_type"": ""predict""}, {""node_id"": ""665"", ""algorithm_step_name"": ""Save Data"", ""node_name"": ""保存预测结果"", ""node_params"": {}, ""contrast_level"": 1, ""node_type"": ""io""}]}",1.0
"This is a customers financial dataset. Your goal is to predict the value of transactions for each potential customer. The target column is target. Perform data analysis and modeling to predict the target. save predictions. Train data: santander_value_prediction_challenge_train, Eval data: santander_value_prediction_challenge_test",1.0,21405,2738,147.7377450466156,8.97444486618042,29.647934436798096,70.78298616409302,38.33237957954407,"{""edges"": [{""edge_id"": ""55837"", ""source_node_id"": ""666"", ""target_node_id"": ""668""}, {""edge_id"": ""55838"", ""source_node_id"": ""667"", ""target_node_id"": ""669""}, {""edge_id"": ""55839"", ""source_node_id"": ""668"", ""target_node_id"": ""669""}, {""edge_id"": ""55840"", ""source_node_id"": ""669"", ""target_node_id"": ""670""}], ""nodes"": [{""node_id"": ""666"", ""widget_name"": ""SQL Table"", ""node_name"": ""santander_value_prediction_challenge_train"", ""node_params"": {""table_name"": ""santander_value_prediction_challenge_train"", ""target_column"": ""target""}, ""matched"": true}, {""node_id"": ""667"", ""widget_name"": ""SQL Table"", ""node_name"": ""santander_value_prediction_challenge_test"", ""node_params"": {""table_name"": ""santander_value_prediction_challenge_test"", ""target_column"": ""target""}, ""matched"": true}, {""node_id"": ""668"", ""widget_name"": ""Linear Regression"", ""node_name"": ""线性回归模型"", ""node_params"": {""regression_type"": ""0""}, ""matched"": true}, {""node_id"": ""669"", ""widget_name"": ""Predictions"", ""node_name"": ""预测"", ""node_params"": {""output_attrs"": true, ""output_predictions"": true, ""output_probabilities"": false}, ""matched"": true}, {""node_id"": ""670"", ""widget_name"": ""Save Data"", ""node_name"": ""保存预测结果"", ""node_params"": {}, ""matched"": true}]}","{""dependency_requirements"": [{""edge_id"": ""490"", ""source_node_id"": ""666"", ""target_node_id"": ""668""}, {""edge_id"": ""491"", ""source_node_id"": ""667"", ""target_node_id"": ""669""}, {""edge_id"": ""492"", ""source_node_id"": ""668"", ""target_node_id"": ""669""}, {""edge_id"": ""493"", ""source_node_id"": ""669"", ""target_node_id"": ""670""}], ""step_requirements"": [{""node_id"": ""666"", ""algorithm_step_name"": ""Tabular Dataset Loading"", ""node_name"": ""桑坦德价值预测挑战训练数据"", ""node_params"": {""table_name"": ""santander_value_prediction_challenge_train"", ""target_column"": ""target""}, ""contrast_level"": 2, ""node_type"": ""io""}, {""node_id"": ""667"", ""algorithm_step_name"": ""Tabular Dataset Loading"", ""node_name"": ""桑坦德价值预测挑战测试数据"", ""node_params"": {""table_name"": ""santander_value_prediction_challenge_test"", ""target_column"": ""target""}, ""contrast_level"": 2, ""node_type"": ""io""}, {""node_id"": ""668"", ""algorithm_step_name"": ""XGBoost"", ""node_name"": ""XGBoost回归器"", ""node_params"": {}, ""contrast_level"": 0, ""node_type"": ""model""}, {""node_id"": ""669"", ""algorithm_step_name"": ""Test Dataset Predictions"", ""node_name"": ""预测"", ""node_params"": {""output_probabilities"": false}, ""contrast_level"": 2, ""node_type"": ""predict""}, {""node_id"": ""670"", ""algorithm_step_name"": ""Save Data"", ""node_name"": ""保存预测结果"", ""node_params"": {}, ""contrast_level"": 1, ""node_type"": ""io""}]}",1.0
"Run data analysis on Iris example dataset, include a plot",1.0,13436,1229,53.38413214683533,7.398202896118164,27.521461248397827,18.464468002319336,0.0,"{""edges"": [{""edge_id"": ""55841"", ""source_node_id"": ""353"", ""target_node_id"": ""66883""}, {""edge_id"": ""55842"", ""source_node_id"": ""66883"", ""target_node_id"": ""66884""}, {""edge_id"": ""55843"", ""source_node_id"": ""66884"", ""target_node_id"": ""355""}], ""nodes"": [{""node_id"": ""353"", ""widget_name"": ""File"", ""node_name"": ""Iris数据集"", ""node_params"": {""type"": ""sample"", ""filename"": ""iris.csv""}, ""matched"": true}, {""node_id"": ""66883"", ""widget_name"": ""Random Forest"", ""node_name"": ""随机森林分类器"", ""node_params"": {""n_estimators"": 10, ""use_max_features"": false, ""max_features"": ""auto"", ""use_random_state"": false, ""use_max_depth"": false, ""max_depth"": 3, ""use_min_samples_split"": true, ""min_samples_split"": 2}, ""matched"": false}, {""node_id"": ""66884"", ""widget_name"": ""Predictions"", ""node_name"": ""预测"", ""node_params"": {""output_attrs"": true, ""output_predictions"": true, ""output_probabilities"": true}, ""matched"": false}, {""node_id"": ""355"", ""widget_name"": ""Confusion Matrix"", ""node_name"": ""混淆矩阵"", ""node_params"": {}, ""matched"": true}]}","{""dependency_requirements"": [{""edge_id"": ""257"", ""source_node_id"": ""353"", ""target_node_id"": ""355""}], ""step_requirements"": [{""node_id"": ""353"", ""algorithm_step_name"": ""Tabular Dataset Loading"", ""node_name"": ""文件加载节点"", ""node_params"": {""type"": ""sample"", ""filename"": ""iris.csv""}, ""contrast_level"": 2, ""node_type"": ""io""}, {""node_id"": ""355"", ""algorithm_step_name"": ""Scatter Plot"", ""node_name"": ""散点图"", ""node_params"": {}, ""contrast_level"": 0, ""node_type"": ""visualize""}]}",0.6667
"Run data analysis on Wine recognition example dataset, include a plot, and train a model to predict wine class with 20% as test set, and save predictions.",0.5,45140,4238,193.92983269691467,8.834490537643433,37.62615132331848,92.78741788864136,54.6817729473114,"{""edges"": [{""edge_id"": ""55844"", ""source_node_id"": ""66886"", ""target_node_id"": ""66887""}, {""edge_id"": ""55845"", ""source_node_id"": ""66887"", ""target_node_id"": ""66888""}, {""edge_id"": ""55846"", ""source_node_id"": ""66888"", ""target_node_id"": ""377""}, {""edge_id"": ""55847"", ""source_node_id"": ""66888"", ""target_node_id"": ""66890""}, {""edge_id"": ""55848"", ""source_node_id"": ""377"", ""target_node_id"": ""66890""}, {""edge_id"": ""55849"", ""source_node_id"": ""66890"", ""target_node_id"": ""379""}, {""edge_id"": ""55850"", ""source_node_id"": ""66890"", ""target_node_id"": ""382""}, {""edge_id"": ""55851"", ""source_node_id"": ""66890"", ""target_node_id"": ""66893""}, {""edge_id"": ""55852"", ""source_node_id"": ""66890"", ""target_node_id"": ""66894""}], ""nodes"": [{""node_id"": ""66886"", ""widget_name"": ""SQL Table"", ""node_name"": ""Wine recognition example训练数据"", ""node_params"": {""table_name"": ""house_prices_advanced_regression_techniques_train"", ""target_column"": ""SalePrice""}, ""matched"": false}, {""node_id"": ""66887"", ""widget_name"": ""Impute"", ""node_name"": ""缺失值处理"", ""node_params"": {""method"": 1}, ""matched"": false}, {""node_id"": ""66888"", ""widget_name"": ""One Hot Encoder"", ""node_name"": ""特征工程处理"", ""node_params"": {""encode_vars"": [""MSZoning"", ""Street"", ""LotShape"", ""LandContour"", ""Utilities"", ""LotConfig"", ""LandSlope"", ""Neighborhood"", ""Condition1"", ""Condition2"", ""BldgType"", ""HouseStyle"", ""RoofStyle"", ""RoofMatl"", ""Exterior1st"", ""Exterior2nd"", ""MasVnrType"", ""ExterQual"", ""ExterCond"", ""Foundation"", ""BsmtQual"", ""BsmtCond"", ""BsmtExposure"", ""BsmtFinType1"", ""BsmtFinType2"", ""Heating"", ""HeatingQC"", ""CentralAir"", ""Electrical"", ""KitchenQual"", ""Functional"", ""FireplaceQu"", ""GarageType"", ""GarageFinish"", ""GarageQual"", ""GarageCond"", ""PavedDrive"", ""SaleType"", ""SaleCondition""]}, ""matched"": false}, {""node_id"": ""377"", ""widget_name"": ""Random Forest"", ""node_name"": ""随机森林模型"", ""node_params"": {""n_estimators"": 10, ""use_max_features"": false, ""max_features"": ""auto"", ""use_random_state"": false, ""use_max_depth"": false, ""max_depth"": 3, ""use_min_samples_split"": true, ""min_samples_split"": 2}, ""matched"": true}, {""node_id"": ""66890"", ""widget_name"": ""Predictions"", ""node_name"": ""预测"", ""node_params"": {""output_attrs"": true, ""output_predictions"": true, ""output_probabilities"": false}, ""matched"": false}, {""node_id"": ""379"", ""widget_name"": ""Save Data"", ""node_name"": ""保存预测结果"", ""node_params"": {}, ""matched"": true}, {""node_id"": ""382"", ""widget_name"": ""Distributions"", ""node_name"": ""特征分布可视化"", ""node_params"": {}, ""matched"": true}, {""node_id"": ""66893"", ""widget_name"": ""Correlogram"", ""node_name"": ""相关性可视化"", ""node_params"": {}, ""matched"": false}, {""node_id"": ""66894"", ""widget_name"": ""Scatter Plot"", ""node_name"": ""散点图可视化"", ""node_params"": {}, ""matched"": false}]}","{""dependency_requirements"": [{""edge_id"": ""277"", ""source_node_id"": ""373"", ""target_node_id"": ""374""}, {""edge_id"": ""282"", ""source_node_id"": ""377"", ""target_node_id"": ""378""}, {""edge_id"": ""283"", ""source_node_id"": ""378"", ""target_node_id"": ""379""}, {""edge_id"": ""286"", ""source_node_id"": ""373"", ""target_node_id"": ""382""}, {""edge_id"": ""287"", ""source_node_id"": ""374"", ""target_node_id"": ""378""}, {""edge_id"": ""288"", ""source_node_id"": ""374"", ""target_node_id"": ""377""}], ""step_requirements"": [{""node_id"": ""373"", ""algorithm_step_name"": ""Tabular Dataset Loading"", ""node_name"": ""文件加载节点"", ""node_params"": {""type"": ""sample"", ""filename"": ""wine.csv""}, ""contrast_level"": 2, ""node_type"": ""io""}, {""node_id"": ""374"", ""algorithm_step_name"": ""Dataset Division"", ""node_name"": ""数据划分"", ""node_params"": {""sampling_type"": 0, ""percentage"": 20}, ""contrast_level"": 2, ""node_type"": ""preprocess""}, {""node_id"": ""377"", ""algorithm_step_name"": ""XGBoost"", ""node_name"": ""XGBoost分类器"", ""node_params"": {}, ""contrast_level"": 0, ""node_type"": ""model""}, {""node_id"": ""378"", ""algorithm_step_name"": ""Test Dataset Predictions"", ""node_name"": ""预测"", ""node_params"": {""output_probabilities"": true}, ""contrast_level"": 2, ""node_type"": ""predict""}, {""node_id"": ""379"", ""algorithm_step_name"": ""Save Data"", ""node_name"": ""保存预测结果"", ""node_params"": {}, ""contrast_level"": 1, ""node_type"": ""io""}, {""node_id"": ""382"", ""algorithm_step_name"": ""Line Chart"", ""node_name"": ""折线图"", ""node_params"": {}, ""contrast_level"": 0, ""node_type"": ""visualize""}]}",0.2667
"Run data analysis on sklearn Wisconsin Breast Cancer example dataset, include a plot, train a model to predict targets (20% as validation), and save predictions.",0.8889,22255,1589,64.27437663078308,8.314799070358276,32.111470460891724,23.84810709953308,0.0,"{""edges"": [{""edge_id"": ""55853"", ""source_node_id"": ""390"", ""target_node_id"": ""393""}, {""edge_id"": ""55854"", ""source_node_id"": ""393"", ""target_node_id"": ""394""}, {""edge_id"": ""55855"", ""source_node_id"": ""394"", ""target_node_id"": ""395""}, {""edge_id"": ""55856"", ""source_node_id"": ""390"", ""target_node_id"": ""396""}, {""edge_id"": ""55857"", ""source_node_id"": ""390"", ""target_node_id"": ""66900""}, {""edge_id"": ""55858"", ""source_node_id"": ""390"", ""target_node_id"": ""66901""}], ""nodes"": [{""node_id"": ""390"", ""widget_name"": ""File"", ""node_name"": ""乳腺癌数据集"", ""node_params"": {""type"": ""sample"", ""filename"": ""breast_cancer.csv""}, ""matched"": true}, {""node_id"": ""393"", ""widget_name"": ""Logistic Regression"", ""node_name"": ""逻辑回归模型"", ""node_params"": {""C"": 1, ""penalty"": ""l2""}, ""matched"": true}, {""node_id"": ""394"", ""widget_name"": ""Predictions"", ""node_name"": ""预测"", ""node_params"": {""output_attrs"": true, ""output_predictions"": true, ""output_probabilities"": true}, ""matched"": true}, {""node_id"": ""395"", ""widget_name"": ""Save Data"", ""node_name"": ""保存预测结果"", ""node_params"": {}, ""matched"": true}, {""node_id"": ""396"", ""widget_name"": ""Distributions"", ""node_name"": ""特征分布可视化"", ""node_params"": {}, ""matched"": true}, {""node_id"": ""66900"", ""widget_name"": ""Correlogram"", ""node_name"": ""特征相关性可视化"", ""node_params"": {}, ""matched"": false}, {""node_id"": ""66901"", ""widget_name"": ""Scatter Plot"", ""node_name"": ""特征散点图可视化"", ""node_params"": {}, ""matched"": false}]}","{""dependency_requirements"": [{""edge_id"": ""298"", ""source_node_id"": ""392"", ""target_node_id"": ""393""}, {""edge_id"": ""299"", ""source_node_id"": ""392"", ""target_node_id"": ""394""}, {""edge_id"": ""300"", ""source_node_id"": ""393"", ""target_node_id"": ""394""}, {""edge_id"": ""301"", ""source_node_id"": ""394"", ""target_node_id"": ""395""}, {""edge_id"": ""304"", ""source_node_id"": ""390"", ""target_node_id"": ""396""}, {""edge_id"": ""305"", ""source_node_id"": ""390"", ""target_node_id"": ""392""}], ""step_requirements"": [{""node_id"": ""390"", ""algorithm_step_name"": ""Tabular Dataset Loading"", ""node_name"": ""威斯康星乳腺癌数据集"", ""node_params"": {""type"": ""sample"", ""filename"": ""breast_cancer.csv""}, ""contrast_level"": 2, ""node_type"": ""io""}, {""node_id"": ""392"", ""algorithm_step_name"": ""Dataset Division"", ""node_name"": ""数据划分"", ""node_params"": {""percentage"": 20}, ""contrast_level"": 2, ""node_type"": ""preprocess""}, {""node_id"": ""393"", ""algorithm_step_name"": ""LightGBM"", ""node_name"": ""LightGBM分类器"", ""node_params"": {}, ""contrast_level"": 0, ""node_type"": ""model""}, {""node_id"": ""394"", ""algorithm_step_name"": ""Test Dataset Predictions"", ""node_name"": ""预测"", ""node_params"": {""output_probabilities"": true}, ""contrast_level"": 2, ""node_type"": ""predict""}, {""node_id"": ""395"", ""algorithm_step_name"": ""Save Data"", ""node_name"": ""保存预测结果"", ""node_params"": {}, ""contrast_level"": 1, ""node_type"": ""io""}, {""node_id"": ""396"", ""algorithm_step_name"": ""Correlogram"", ""node_name"": ""相关性热图"", ""node_params"": {}, ""contrast_level"": 0, ""node_type"": ""visualize""}]}",0.7692
"This is a titanic passenger survival dataset, your goal is to predict passenger survival outcome. The target column is Survived. Perform data analysis, data preprocessing, feature engineering, and modeling to predict the target. save predictions. Train data: titanic_train, Eval data: titanic_test.",0.9333,35438,3323,156.15256023406982,10.632847547531128,41.315181255340576,77.96383213996887,26.240699291229248,"{""edges"": [{""edge_id"": ""55859"", ""source_node_id"": ""397"", ""target_node_id"": ""399""}, {""edge_id"": ""55860"", ""source_node_id"": ""399"", ""target_node_id"": ""401""}, {""edge_id"": ""55861"", ""source_node_id"": ""401"", ""target_node_id"": ""66905""}, {""edge_id"": ""55862"", ""source_node_id"": ""398"", ""target_node_id"": ""400""}, {""edge_id"": ""55863"", ""source_node_id"": ""398"", ""target_node_id"": ""66908""}, {""edge_id"": ""55864"", ""source_node_id"": ""400"", ""target_node_id"": ""402""}, {""edge_id"": ""55865"", ""source_node_id"": ""402"", ""target_node_id"": ""404""}, {""edge_id"": ""55866"", ""source_node_id"": ""66905"", ""target_node_id"": ""404""}, {""edge_id"": ""55867"", ""source_node_id"": ""404"", ""target_node_id"": ""405""}], ""nodes"": [{""node_id"": ""397"", ""widget_name"": ""SQL Table"", ""node_name"": ""泰坦尼克号训练数据"", ""node_params"": {""table_name"": ""titanic_train"", ""target_column"": ""Survived""}, ""matched"": true}, {""node_id"": ""399"", ""widget_name"": ""Impute"", ""node_name"": ""缺失值处理"", ""node_params"": {""method"": 1}, ""matched"": true}, {""node_id"": ""401"", ""widget_name"": ""One Hot Encoder"", ""node_name"": ""独热编码处理"", ""node_params"": {""encode_vars"": [""Sex"", ""Embarked""]}, ""matched"": true}, {""node_id"": ""66905"", ""widget_name"": ""Logistic Regression"", ""node_name"": ""逻辑回归模型"", ""node_params"": {""C"": 1, ""penalty"": ""l2""}, ""matched"": false}, {""node_id"": ""398"", ""widget_name"": ""SQL Table"", ""node_name"": ""泰坦尼克号测试数据"", ""node_params"": {""table_name"": ""titanic_test"", ""target_column"": ""Survived""}, ""matched"": true}, {""node_id"": ""400"", ""widget_name"": ""Impute"", ""node_name"": ""测试数据缺失值处理"", ""node_params"": {""method"": 1}, ""matched"": true}, {""node_id"": ""66908"", ""widget_name"": ""Impute"", ""node_name"": ""测试数据缺失值处理"", ""node_params"": {""method"": 1}, ""matched"": false}, {""node_id"": ""402"", ""widget_name"": ""One Hot Encoder"", ""node_name"": ""测试数据独热编码"", ""node_params"": {""encode_vars"": [""Sex"", ""Embarked""]}, ""matched"": true}, {""node_id"": ""404"", ""widget_name"": ""Predictions"", ""node_name"": ""预测"", ""node_params"": {""output_attrs"": true, ""output_predictions"": true, ""output_probabilities"": true}, ""matched"": true}, {""node_id"": ""405"", ""widget_name"": ""Save Data"", ""node_name"": ""保存预测结果"", ""node_params"": {}, ""matched"": true}]}","{""dependency_requirements"": [{""edge_id"": ""306"", ""source_node_id"": ""397"", ""target_node_id"": ""399""}, {""edge_id"": ""307"", ""source_node_id"": ""398"", ""target_node_id"": ""400""}, {""edge_id"": ""308"", ""source_node_id"": ""399"", ""target_node_id"": ""401""}, {""edge_id"": ""309"", ""source_node_id"": ""400"", ""target_node_id"": ""402""}, {""edge_id"": ""310"", ""source_node_id"": ""401"", ""target_node_id"": ""403""}, {""edge_id"": ""311"", ""source_node_id"": ""402"", ""target_node_id"": ""404""}, {""edge_id"": ""312"", ""source_node_id"": ""403"", ""target_node_id"": ""404""}, {""edge_id"": ""313"", ""source_node_id"": ""404"", ""target_node_id"": ""405""}], ""step_requirements"": [{""node_id"": ""397"", ""algorithm_step_name"": ""Tabular Dataset Loading"", ""node_name"": ""泰坦尼克号训练数据"", ""node_params"": {""table_name"": ""titanic_train"", ""target_column"": ""Survived""}, ""contrast_level"": 2, ""node_type"": ""io""}, {""node_id"": ""398"", ""algorithm_step_name"": ""Tabular Dataset Loading"", ""node_name"": ""泰坦尼克号测试数据"", ""node_params"": {""table_name"": ""titanic_test"", ""target_column"": ""Survived""}, ""contrast_level"": 2, ""node_type"": ""io""}, {""node_id"": ""399"", ""algorithm_step_name"": ""Missing Value Handling"", ""node_name"": ""训练数据缺失值处理"", ""node_params"": {}, ""contrast_level"": 0, ""node_type"": ""preprocess""}, {""node_id"": ""400"", ""algorithm_step_name"": ""Missing Value Handling"", ""node_name"": ""测试数据缺失值处理"", ""node_params"": {}, ""contrast_level"": 0, ""node_type"": ""preprocess""}, {""node_id"": ""401"", ""algorithm_step_name"": ""One Hot Encoding"", ""node_name"": ""训练数据独热编码"", ""node_params"": {}, ""contrast_level"": 0, ""node_type"": ""feature engineering""}, {""node_id"": ""402"", ""algorithm_step_name"": ""One Hot Encoding"", ""node_name"": ""测试数据独热编码"", ""node_params"": {}, ""contrast_level"": 0, ""node_type"": ""feature engineering""}, {""node_id"": ""403"", ""algorithm_step_name"": ""XGBoost"", ""node_name"": ""XGBoost分类器"", ""node_params"": {}, ""contrast_level"": 2, ""node_type"": ""model""}, {""node_id"": ""404"", ""algorithm_step_name"": ""Test Dataset Predictions"", ""node_name"": ""预测"", ""node_params"": {""output_probabilities"": true}, ""contrast_level"": 2, ""node_type"": ""predict""}, {""node_id"": ""405"", ""algorithm_step_name"": ""Save Data"", ""node_name"": ""保存预测结果"", ""node_params"": {}, ""contrast_level"": 1, ""node_type"": ""io""}]}",0.8421
"This is a house price dataset, your goal is to predict the sale price of a property based on its features. The target column is SalePrice. Perform data analysis, data preprocessing, feature engineering, and modeling to predict the target. save predictions. Train data: house_prices_advanced_regression_techniques_train, Eval data: house_prices_advanced_regression_techniques_test.",1.0,44246,6123,305.4567861557007,8.476869106292725,30.60895586013794,159.01869988441467,107.35226130485536,"{""edges"": [{""edge_id"": ""55868"", ""source_node_id"": ""406"", ""target_node_id"": ""408""}, {""edge_id"": ""55869"", ""source_node_id"": ""407"", ""target_node_id"": ""409""}, {""edge_id"": ""55870"", ""source_node_id"": ""408"", ""target_node_id"": ""410""}, {""edge_id"": ""55871"", ""source_node_id"": ""409"", ""target_node_id"": ""411""}, {""edge_id"": ""55872"", ""source_node_id"": ""410"", ""target_node_id"": ""412""}, {""edge_id"": ""55873"", ""source_node_id"": ""411"", ""target_node_id"": ""413""}, {""edge_id"": ""55874"", ""source_node_id"": ""412"", ""target_node_id"": ""413""}, {""edge_id"": ""55875"", ""source_node_id"": ""413"", ""target_node_id"": ""414""}], ""nodes"": [{""node_id"": ""406"", ""widget_name"": ""SQL Table"", ""node_name"": ""训练数据集"", ""node_params"": {""table_name"": ""house_prices_advanced_regression_techniques_train"", ""target_column"": ""SalePrice""}, ""matched"": true}, {""node_id"": ""407"", ""widget_name"": ""SQL Table"", ""node_name"": ""测试数据集"", ""node_params"": {""table_name"": ""house_prices_advanced_regression_techniques_test"", ""target_column"": ""SalePrice""}, ""matched"": true}, {""node_id"": ""408"", ""widget_name"": ""Impute"", ""node_name"": ""训练数据缺失值处理"", ""node_params"": {""method"": 1}, ""matched"": true}, {""node_id"": ""409"", ""widget_name"": ""Impute"", ""node_name"": ""测试数据缺失值处理"", ""node_params"": {""method"": 1}, ""matched"": true}, {""node_id"": ""410"", ""widget_name"": ""One Hot Encoder"", ""node_name"": ""训练数据独热编码"", ""node_params"": {""encode_vars"": [""MSZoning"", ""Street"", ""LotShape"", ""LandContour"", ""Utilities"", ""LotConfig"", ""LandSlope"", ""Neighborhood"", ""Condition1"", ""Condition2"", ""BldgType"", ""HouseStyle"", ""RoofStyle"", ""RoofMatl"", ""Exterior1st"", ""Exterior2nd"", ""Foundation"", ""Heating"", ""CentralAir"", ""KitchenQual"", ""Functional"", ""GarageType"", ""GarageFinish"", ""PavedDrive"", ""SaleType"", ""SaleCondition""]}, ""matched"": true}, {""node_id"": ""411"", ""widget_name"": ""One Hot Encoder"", ""node_name"": ""测试数据独热编码"", ""node_params"": {""encode_vars"": [""MSZoning"", ""Street"", ""LotShape"", ""LandContour"", ""Utilities"", ""LotConfig"", ""LandSlope"", ""Neighborhood"", ""Condition1"", ""Condition2"", ""BldgType"", ""HouseStyle"", ""RoofStyle"", ""RoofMatl"", ""Exterior1st"", ""Exterior2nd"", ""Foundation"", ""Heating"", ""CentralAir"", ""KitchenQual"", ""Functional"", ""GarageType"", ""GarageFinish"", ""PavedDrive"", ""SaleType"", ""SaleCondition""]}, ""matched"": true}, {""node_id"": ""412"", ""widget_name"": ""Linear Regression"", ""node_name"": ""线性回归模型"", ""node_params"": {""regression_type"": ""0""}, ""matched"": true}, {""node_id"": ""413"", ""widget_name"": ""Predictions"", ""node_name"": ""预测"", ""node_params"": {""output_attrs"": true, ""output_predictions"": true, ""output_probabilities"": false}, ""matched"": true}, {""node_id"": ""414"", ""widget_name"": ""Save Data"", ""node_name"": ""保存预测结果"", ""node_params"": {}, ""matched"": true}]}","{""dependency_requirements"": [{""edge_id"": ""314"", ""source_node_id"": ""406"", ""target_node_id"": ""408""}, {""edge_id"": ""315"", ""source_node_id"": ""407"", ""target_node_id"": ""409""}, {""edge_id"": ""316"", ""source_node_id"": ""408"", ""target_node_id"": ""410""}, {""edge_id"": ""317"", ""source_node_id"": ""409"", ""target_node_id"": ""411""}, {""edge_id"": ""318"", ""source_node_id"": ""410"", ""target_node_id"": ""412""}, {""edge_id"": ""319"", ""source_node_id"": ""411"", ""target_node_id"": ""413""}, {""edge_id"": ""320"", ""source_node_id"": ""412"", ""target_node_id"": ""413""}, {""edge_id"": ""321"", ""source_node_id"": ""413"", ""target_node_id"": ""414""}], ""step_requirements"": [{""node_id"": ""406"", ""algorithm_step_name"": ""Tabular Dataset Loading"", ""node_name"": ""房屋价格训练数据"", ""node_params"": {""table_name"": ""house_prices_advanced_regression_techniques_train"", ""target_column"": ""SalePrice""}, ""contrast_level"": 2, ""node_type"": ""io""}, {""node_id"": ""407"", ""algorithm_step_name"": ""Tabular Dataset Loading"", ""node_name"": ""房屋价格测试数据"", ""node_params"": {""table_name"": ""house_prices_advanced_regression_techniques_test"", ""target_column"": ""SalePrice""}, ""contrast_level"": 2, ""node_type"": ""io""}, {""node_id"": ""408"", ""algorithm_step_name"": ""Missing Value Handling"", ""node_name"": ""训练数据缺失值处理"", ""node_params"": {}, ""contrast_level"": 0, ""node_type"": ""preprocess""}, {""node_id"": ""409"", ""algorithm_step_name"": ""Missing Value Handling"", ""node_name"": ""测试数据缺失值处理"", ""node_params"": {}, ""contrast_level"": 0, ""node_type"": ""preprocess""}, {""node_id"": ""410"", ""algorithm_step_name"": ""One Hot Encoding"", ""node_name"": ""训练数据独热编码"", ""node_params"": {}, ""contrast_level"": 0, ""node_type"": ""feature engineering""}, {""node_id"": ""411"", ""algorithm_step_name"": ""One Hot Encoding"", ""node_name"": ""测试数据独热编码"", ""node_params"": {}, ""contrast_level"": 0, ""node_type"": ""feature engineering""}, {""node_id"": ""412"", ""algorithm_step_name"": ""XGBoost"", ""node_name"": ""XGBoost回归器"", ""node_params"": {}, ""contrast_level"": 0, ""node_type"": ""model""}, {""node_id"": ""413"", ""algorithm_step_name"": ""Test Dataset Predictions"", ""node_name"": ""预测"", ""node_params"": {""output_probabilities"": false}, ""contrast_level"": 2, ""node_type"": ""predict""}, {""node_id"": ""414"", ""algorithm_step_name"": ""Save Data"", ""node_name"": ""保存预测结果"", ""node_params"": {}, ""contrast_level"": 1, ""node_type"": ""io""}]}",1.0
"This is a customers financial dataset. Your goal is to predict which customers will make a specific transaction in the future. The target column is target. Perform data analysis and modeling to predict the target. save predictions. Train data: santander_customer_transaction_prediction_train, Eval data: santander_customer_transaction_prediction_test.",1.0,21352,2673,148.0766441822052,9.06200885772705,31.470325231552124,70.1857533454895,37.35855674743652,"{""edges"": [{""edge_id"": ""55876"", ""source_node_id"": ""415"", ""target_node_id"": ""417""}, {""edge_id"": ""55877"", ""source_node_id"": ""416"", ""target_node_id"": ""418""}, {""edge_id"": ""55878"", ""source_node_id"": ""417"", ""target_node_id"": ""418""}, {""edge_id"": ""55879"", ""source_node_id"": ""418"", ""target_node_id"": ""419""}], ""nodes"": [{""node_id"": ""415"", ""widget_name"": ""SQL Table"", ""node_name"": ""santander_customer_transaction_prediction_train"", ""node_params"": {""table_name"": ""santander_customer_transaction_prediction_train"", ""target_column"": ""target""}, ""matched"": true}, {""node_id"": ""416"", ""widget_name"": ""SQL Table"", ""node_name"": ""santander_customer_transaction_prediction_test"", ""node_params"": {""table_name"": ""santander_customer_transaction_prediction_test"", ""target_column"": ""target""}, ""matched"": true}, {""node_id"": ""417"", ""widget_name"": ""Random Forest"", ""node_name"": ""随机森林模型"", ""node_params"": {""n_estimators"": 10, ""use_max_features"": false, ""max_features"": ""auto"", ""use_random_state"": false, ""use_max_depth"": false, ""max_depth"": 3, ""use_min_samples_split"": true, ""min_samples_split"": 2}, ""matched"": true}, {""node_id"": ""418"", ""widget_name"": ""Predictions"", ""node_name"": ""预测"", ""node_params"": {""output_attrs"": true, ""output_predictions"": true, ""output_probabilities"": true}, ""matched"": true}, {""node_id"": ""419"", ""widget_name"": ""Save Data"", ""node_name"": ""保存预测结果"", ""node_params"": {}, ""matched"": true}]}","{""dependency_requirements"": [{""edge_id"": ""322"", ""source_node_id"": ""415"", ""target_node_id"": ""417""}, {""edge_id"": ""323"", ""source_node_id"": ""416"", ""target_node_id"": ""418""}, {""edge_id"": ""324"", ""source_node_id"": ""417"", ""target_node_id"": ""418""}, {""edge_id"": ""325"", ""source_node_id"": ""418"", ""target_node_id"": ""419""}], ""step_requirements"": [{""node_id"": ""415"", ""algorithm_step_name"": ""Tabular Dataset Loading"", ""node_name"": ""桑坦德客户交易预测训练数据"", ""node_params"": {""table_name"": ""santander_customer_transaction_prediction_train"", ""target_column"": ""target""}, ""contrast_level"": 2, ""node_type"": ""io""}, {""node_id"": ""416"", ""algorithm_step_name"": ""Tabular Dataset Loading"", ""node_name"": ""桑坦德客户交易预测测试数据"", ""node_params"": {""table_name"": ""santander_customer_transaction_prediction_test"", ""target_column"": ""target""}, ""contrast_level"": 2, ""node_type"": ""io""}, {""node_id"": ""417"", ""algorithm_step_name"": ""XGBoost"", ""node_name"": ""XGBoost分类器"", ""node_params"": {}, ""contrast_level"": 0, ""node_type"": ""model""}, {""node_id"": ""418"", ""algorithm_step_name"": ""Test Dataset Predictions"", ""node_name"": ""预测"", ""node_params"": {""output_probabilities"": true}, ""contrast_level"": 2, ""node_type"": ""predict""}, {""node_id"": ""419"", ""algorithm_step_name"": ""Save Data"", ""node_name"": ""保存预测结果"", ""node_params"": {}, ""contrast_level"": 1, ""node_type"": ""io""}]}",1.0
"This is a medical dataset with over fifty anonymized health characteristics linked to three age-related conditions. Your goal is to predict whether a subject has or has not been diagnosed with one of these conditions. The target column is Class. Perform data analysis, data preprocessing, and modeling to predict the target. save predictions. Train data: icr_identify_age_related_conditions_train, Eval data: icr_identify_age_related_conditions_test",1.0,38969,4348,225.3564646244049,8.802325963973999,33.279905796051025,110.59841537475586,72.67581748962402,"{""edges"": [{""edge_id"": ""55880"", ""source_node_id"": ""659"", ""target_node_id"": ""661""}, {""edge_id"": ""55881"", ""source_node_id"": ""660"", ""target_node_id"": ""662""}, {""edge_id"": ""55882"", ""source_node_id"": ""661"", ""target_node_id"": ""663""}, {""edge_id"": ""55883"", ""source_node_id"": ""662"", ""target_node_id"": ""664""}, {""edge_id"": ""55884"", ""source_node_id"": ""663"", ""target_node_id"": ""664""}, {""edge_id"": ""55885"", ""source_node_id"": ""664"", ""target_node_id"": ""665""}], ""nodes"": [{""node_id"": ""659"", ""widget_name"": ""SQL Table"", ""node_name"": ""ICR 训练数据"", ""node_params"": {""table_name"": ""icr_identify_age_related_conditions_train"", ""target_column"": ""Class""}, ""matched"": true}, {""node_id"": ""660"", ""widget_name"": ""SQL Table"", ""node_name"": ""ICR 测试数据"", ""node_params"": {""table_name"": ""icr_identify_age_related_conditions_test"", ""target_column"": ""Class""}, ""matched"": true}, {""node_id"": ""661"", ""widget_name"": ""Impute"", ""node_name"": ""训练数据缺失值处理"", ""node_params"": {""method"": 1}, ""matched"": true}, {""node_id"": ""662"", ""widget_name"": ""Impute"", ""node_name"": ""测试数据缺失值处理"", ""node_params"": {""method"": 1}, ""matched"": true}, {""node_id"": ""663"", ""widget_name"": ""Logistic Regression"", ""node_name"": ""逻辑回归模型"", ""node_params"": {""C"": 1, ""penalty"": ""l2""}, ""matched"": true}, {""node_id"": ""664"", ""widget_name"": ""Predictions"", ""node_name"": ""预测"", ""node_params"": {""output_attrs"": true, ""output_predictions"": true, ""output_probabilities"": true}, ""matched"": true}, {""node_id"": ""665"", ""widget_name"": ""Save Data"", ""node_name"": ""保存预测结果"", ""node_params"": {}, ""matched"": true}]}","{""dependency_requirements"": [{""edge_id"": ""484"", ""source_node_id"": ""659"", ""target_node_id"": ""661""}, {""edge_id"": ""485"", ""source_node_id"": ""660"", ""target_node_id"": ""662""}, {""edge_id"": ""486"", ""source_node_id"": ""661"", ""target_node_id"": ""663""}, {""edge_id"": ""487"", ""source_node_id"": ""662"", ""target_node_id"": ""664""}, {""edge_id"": ""488"", ""source_node_id"": ""663"", ""target_node_id"": ""664""}, {""edge_id"": ""489"", ""source_node_id"": ""664"", ""target_node_id"": ""665""}], ""step_requirements"": [{""node_id"": ""659"", ""algorithm_step_name"": ""Tabular Dataset Loading"", ""node_name"": ""icr_identify_age_related_conditions_train"", ""node_params"": {""table_name"": ""icr_identify_age_related_conditions_train"", ""target_column"": ""Class""}, ""contrast_level"": 2, ""node_type"": ""io""}, {""node_id"": ""660"", ""algorithm_step_name"": ""Tabular Dataset Loading"", ""node_name"": ""icr_identify_age_related_conditions_test"", ""node_params"": {""table_name"": ""icr_identify_age_related_conditions_test"", ""target_column"": ""Class""}, ""contrast_level"": 2, ""node_type"": ""io""}, {""node_id"": ""661"", ""algorithm_step_name"": ""Missing Value Handling"", ""node_name"": ""训练数据缺失值处理"", ""node_params"": {}, ""contrast_level"": 0, ""node_type"": ""preprocess""}, {""node_id"": ""662"", ""algorithm_step_name"": ""Missing Value Handling"", ""node_name"": ""测试数据缺失值处理"", ""node_params"": {}, ""contrast_level"": 0, ""node_type"": ""preprocess""}, {""node_id"": ""663"", ""algorithm_step_name"": ""XGBoost"", ""node_name"": ""XGBoost分类器"", ""node_params"": {}, ""contrast_level"": 0, ""node_type"": ""model""}, {""node_id"": ""664"", ""algorithm_step_name"": ""Test Dataset Predictions"", ""node_name"": ""预测"", ""node_params"": {""output_probabilities"": true}, ""contrast_level"": 2, ""node_type"": ""predict""}, {""node_id"": ""665"", ""algorithm_step_name"": ""Save Data"", ""node_name"": ""保存预测结果"", ""node_params"": {}, ""contrast_level"": 1, ""node_type"": ""io""}]}",1.0
"This is a customers financial dataset. Your goal is to predict the value of transactions for each potential customer. The target column is target. Perform data analysis and modeling to predict the target. save predictions. Train data: santander_value_prediction_challenge_train, Eval data: santander_value_prediction_challenge_test",1.0,21454,2866,151.58926439285278,9.005146503448486,32.79514122009277,71.12301230430603,38.66596436500549,"{""edges"": [{""edge_id"": ""55886"", ""source_node_id"": ""666"", ""target_node_id"": ""668""}, {""edge_id"": ""55887"", ""source_node_id"": ""667"", ""target_node_id"": ""669""}, {""edge_id"": ""55888"", ""source_node_id"": ""668"", ""target_node_id"": ""669""}, {""edge_id"": ""55889"", ""source_node_id"": ""669"", ""target_node_id"": ""670""}], ""nodes"": [{""node_id"": ""666"", ""widget_name"": ""SQL Table"", ""node_name"": ""santander_value_prediction_challenge_train"", ""node_params"": {""table_name"": ""santander_value_prediction_challenge_train"", ""target_column"": ""target""}, ""matched"": true}, {""node_id"": ""667"", ""widget_name"": ""SQL Table"", ""node_name"": ""santander_value_prediction_challenge_test"", ""node_params"": {""table_name"": ""santander_value_prediction_challenge_test"", ""target_column"": ""target""}, ""matched"": true}, {""node_id"": ""668"", ""widget_name"": ""Linear Regression"", ""node_name"": ""线性回归模型"", ""node_params"": {""regression_type"": ""0""}, ""matched"": true}, {""node_id"": ""669"", ""widget_name"": ""Predictions"", ""node_name"": ""预测"", ""node_params"": {""output_attrs"": true, ""output_predictions"": true, ""output_probabilities"": false}, ""matched"": true}, {""node_id"": ""670"", ""widget_name"": ""Save Data"", ""node_name"": ""保存预测结果"", ""node_params"": {}, ""matched"": true}]}","{""dependency_requirements"": [{""edge_id"": ""490"", ""source_node_id"": ""666"", ""target_node_id"": ""668""}, {""edge_id"": ""491"", ""source_node_id"": ""667"", ""target_node_id"": ""669""}, {""edge_id"": ""492"", ""source_node_id"": ""668"", ""target_node_id"": ""669""}, {""edge_id"": ""493"", ""source_node_id"": ""669"", ""target_node_id"": ""670""}], ""step_requirements"": [{""node_id"": ""666"", ""algorithm_step_name"": ""Tabular Dataset Loading"", ""node_name"": ""桑坦德价值预测挑战训练数据"", ""node_params"": {""table_name"": ""santander_value_prediction_challenge_train"", ""target_column"": ""target""}, ""contrast_level"": 2, ""node_type"": ""io""}, {""node_id"": ""667"", ""algorithm_step_name"": ""Tabular Dataset Loading"", ""node_name"": ""桑坦德价值预测挑战测试数据"", ""node_params"": {""table_name"": ""santander_value_prediction_challenge_test"", ""target_column"": ""target""}, ""contrast_level"": 2, ""node_type"": ""io""}, {""node_id"": ""668"", ""algorithm_step_name"": ""XGBoost"", ""node_name"": ""XGBoost回归器"", ""node_params"": {}, ""contrast_level"": 0, ""node_type"": ""model""}, {""node_id"": ""669"", ""algorithm_step_name"": ""Test Dataset Predictions"", ""node_name"": ""预测"", ""node_params"": {""output_probabilities"": false}, ""contrast_level"": 2, ""node_type"": ""predict""}, {""node_id"": ""670"", ""algorithm_step_name"": ""Save Data"", ""node_name"": ""保存预测结果"", ""node_params"": {}, ""contrast_level"": 1, ""node_type"": ""io""}]}",1.0
