instruction,rcr,input_tokens,output_tokens,times,time_task_decomposition,time_widget_retrieval,time_operation_sequence_generation,time_data_retrieval,workflow,requirements,wgf1
你的任务是根据银行客户的各种信息，如账户活动、服务使用情况等，构建一个能够预测客户是否会流失的机器学习模型。,1.0,13955,1294,69.9235246181488,4.4746809005737305,20.46525406837464,31.58336114883423,13.400228500366213,"{""edges"": [{""edge_id"": ""62441"", ""source_node_id"": ""2416"", ""target_node_id"": ""74143""}, {""edge_id"": ""62442"", ""source_node_id"": ""74143"", ""target_node_id"": ""2418""}], ""nodes"": [{""node_id"": ""2416"", ""widget_name"": ""SQL Table"", ""node_name"": ""银行客户训练数据"", ""node_params"": {""table_name"": ""bank_customer_churn_train"", ""target_column"": ""Exited""}, ""matched"": true}, {""node_id"": ""74143"", ""widget_name"": ""One Hot Encoder"", ""node_name"": ""独热编码处理"", ""node_params"": {""encode_vars"": [""Geography"", ""Gender""]}, ""matched"": false}, {""node_id"": ""2418"", ""widget_name"": ""Random Forest"", ""node_name"": ""随机森林模型"", ""node_params"": {""n_estimators"": 10, ""use_max_features"": false, ""max_features"": ""auto"", ""use_random_state"": false, ""use_max_depth"": false, ""max_depth"": 3, ""use_min_samples_split"": true, ""min_samples_split"": 2}, ""matched"": true}]}","{""dependency_requirements"": [{""edge_id"": ""2013"", ""source_node_id"": ""2416"", ""target_node_id"": ""2418""}], ""step_requirements"": [{""node_id"": ""2416"", ""algorithm_step_name"": ""Tabular Dataset Loading"", ""node_name"": ""银行客户训练数据"", ""node_params"": {""table_name"": ""bank_customer_churn_train"", ""target_column"": ""Exited""}, ""contrast_level"": 2, ""node_type"": ""io""}, {""node_id"": ""2418"", ""algorithm_step_name"": ""LightGBM"", ""node_name"": ""LightGBM分类器"", ""node_params"": {}, ""contrast_level"": 0, ""node_type"": ""model""}]}",0.8
请你使用生物信号相关检测数据来训练一个机器学习模型用于预测一个人是否为吸烟者。,1.0,10805,1485,80.22461080551147,5.233758211135864,21.56214737892151,33.94379281997681,19.48491239547729,"{""edges"": [{""edge_id"": ""62443"", ""source_node_id"": ""2424"", ""target_node_id"": ""2426""}], ""nodes"": [{""node_id"": ""2424"", ""widget_name"": ""SQL Table"", ""node_name"": ""生物信号相关检测训练数据"", ""node_params"": {""table_name"": ""smoker_status_bio_signals_train"", ""target_column"": ""smoking""}, ""matched"": true}, {""node_id"": ""2426"", ""widget_name"": ""Random Forest"", ""node_name"": ""随机森林模型"", ""node_params"": {""n_estimators"": 10, ""use_max_features"": false, ""max_features"": ""auto"", ""use_random_state"": false, ""use_max_depth"": false, ""max_depth"": 3, ""use_min_samples_split"": true, ""min_samples_split"": 2}, ""matched"": true}]}","{""dependency_requirements"": [{""edge_id"": ""2025"", ""source_node_id"": ""2424"", ""target_node_id"": ""2426""}], ""step_requirements"": [{""node_id"": ""2424"", ""algorithm_step_name"": ""Tabular Dataset Loading"", ""node_name"": ""生物信号训练数据"", ""node_params"": {""table_name"": ""smoker_status_bio_signals_train"", ""target_column"": ""smoking""}, ""contrast_level"": 2, ""node_type"": ""io""}, {""node_id"": ""2426"", ""algorithm_step_name"": ""Decision Tree Model"", ""node_name"": ""决策树分类器"", ""node_params"": {}, ""contrast_level"": 0, ""node_type"": ""model""}]}",1.0
你需要使用人类的肾结石相关指标数据，开发一个机器学习模型预测一个人是否患有肾结石。,0.5,9453,1178,62.50399899482727,5.262147903442383,23.717803478240967,24.08310580253601,9.44094181060791,"{""edges"": [{""edge_id"": ""62444"", ""source_node_id"": ""74147"", ""target_node_id"": ""2446""}], ""nodes"": [{""node_id"": ""74147"", ""widget_name"": ""SQL Table"", ""node_name"": ""肾结石相关指标训练数据"", ""node_params"": {""table_name"": ""kidney_stone_test"", ""target_column"": ""target""}, ""matched"": false}, {""node_id"": ""2446"", ""widget_name"": ""Random Forest"", ""node_name"": ""随机森林模型"", ""node_params"": {""n_estimators"": 10, ""use_max_features"": false, ""max_features"": ""auto"", ""use_random_state"": false, ""use_max_depth"": false, ""max_depth"": 3, ""use_min_samples_split"": true, ""min_samples_split"": 2}, ""matched"": true}]}","{""dependency_requirements"": [{""edge_id"": ""2032"", ""source_node_id"": ""2444"", ""target_node_id"": ""2446""}], ""step_requirements"": [{""node_id"": ""2444"", ""algorithm_step_name"": ""Tabular Dataset Loading"", ""node_name"": ""肾结石检查训练数据"", ""node_params"": {""table_name"": ""kidney_stone_train"", ""target_column"": ""target""}, ""contrast_level"": 2, ""node_type"": ""io""}, {""node_id"": ""2446"", ""algorithm_step_name"": ""LightGBM"", ""node_name"": ""LightGBM分类器"", ""node_params"": {}, ""contrast_level"": 0, ""node_type"": ""model""}]}",0.5
您的工作是建立一个机器学习模型，根据客户以往的酒店预定相关数据，预测客户是否会取消预订。,1.0,10661,1526,78.24440622329712,5.269916296005249,21.701411485672,34.31218481063843,16.960893630981445,"{""edges"": [{""edge_id"": ""62445"", ""source_node_id"": ""2455"", ""target_node_id"": ""2461""}], ""nodes"": [{""node_id"": ""2455"", ""widget_name"": ""SQL Table"", ""node_name"": ""客户酒店预定训练数据"", ""node_params"": {""table_name"": ""reservation_cancellation_train"", ""target_column"": ""booking_status""}, ""matched"": true}, {""node_id"": ""2461"", ""widget_name"": ""Random Forest"", ""node_name"": ""随机森林模型"", ""node_params"": {""n_estimators"": 10, ""use_max_features"": false, ""max_features"": ""auto"", ""use_random_state"": false, ""use_max_depth"": false, ""max_depth"": 3, ""use_min_samples_split"": true, ""min_samples_split"": 2}, ""matched"": true}]}","{""dependency_requirements"": [{""edge_id"": ""2044"", ""source_node_id"": ""2455"", ""target_node_id"": ""2461""}], ""step_requirements"": [{""node_id"": ""2455"", ""algorithm_step_name"": ""Tabular Dataset Loading"", ""node_name"": ""酒店预订训练数据"", ""node_params"": {""table_name"": ""reservation_cancellation_train"", ""target_column"": ""booking_status""}, ""contrast_level"": 2, ""node_type"": ""io""}, {""node_id"": ""2461"", ""algorithm_step_name"": ""Decision Tree Model"", ""node_name"": ""Tree"", ""node_params"": {}, ""contrast_level"": 0, ""node_type"": ""model""}]}",1.0
你的目标是通过与肥胖相关的各种因素，如饮食、生活方式等数据，训练一个模型来预测个体的肥胖风险等级。,1.0,14341,1533,77.3948860168457,5.266409873962402,22.34342885017395,34.56338405609131,15.221663236618042,"{""edges"": [{""edge_id"": ""62446"", ""source_node_id"": ""2467"", ""target_node_id"": ""74152""}, {""edge_id"": ""62447"", ""source_node_id"": ""74152"", ""target_node_id"": ""2469""}], ""nodes"": [{""node_id"": ""2467"", ""widget_name"": ""SQL Table"", ""node_name"": ""肥胖相关训练数据"", ""node_params"": {""table_name"": ""obesity_cvd_risk_train"", ""target_column"": ""NObeyesdad""}, ""matched"": true}, {""node_id"": ""74152"", ""widget_name"": ""One Hot Encoder"", ""node_name"": ""独热编码处理"", ""node_params"": {""encode_vars"": [""Gender"", ""family_history_with_overweight"", ""FAVC"", ""CAEC"", ""SMOKE"", ""SCC"", ""CALC"", ""MTRANS""]}, ""matched"": false}, {""node_id"": ""2469"", ""widget_name"": ""Random Forest"", ""node_name"": ""随机森林模型"", ""node_params"": {""n_estimators"": 10, ""use_max_features"": false, ""max_features"": ""auto"", ""use_random_state"": false, ""use_max_depth"": false, ""max_depth"": 3, ""use_min_samples_split"": true, ""min_samples_split"": 2}, ""matched"": true}]}","{""dependency_requirements"": [{""edge_id"": ""2049"", ""source_node_id"": ""2467"", ""target_node_id"": ""2469""}], ""step_requirements"": [{""node_id"": ""2467"", ""algorithm_step_name"": ""Tabular Dataset Loading"", ""node_name"": ""肥胖风险训练数据"", ""node_params"": {""table_name"": ""obesity_cvd_risk_train"", ""target_column"": ""NObeyesdad""}, ""contrast_level"": 2, ""node_type"": ""io""}, {""node_id"": ""2469"", ""algorithm_step_name"": ""Gradient Boosting Decision Tree"", ""node_name"": ""梯度提升决策树"", ""node_params"": {}, ""contrast_level"": 0, ""node_type"": ""model""}]}",0.8
肝硬化是由于肝脏长期受损，导致广泛的瘢痕形成，通常是由于肝炎或长期饮酒等疾病引起的。我们正在进行一项关于原发性胆汁性肝硬化的研究。希望你能构建一个模型，利用 17 种临床特征预测肝硬化患者的生存状态。,1.0,16001,1697,82.93905377388,5.731438875198364,23.96371340751648,36.83202528953552,16.41187620162964,"{""edges"": [{""edge_id"": ""62448"", ""source_node_id"": ""2470"", ""target_node_id"": ""74155""}, {""edge_id"": ""62449"", ""source_node_id"": ""74155"", ""target_node_id"": ""2472""}], ""nodes"": [{""node_id"": ""2470"", ""widget_name"": ""SQL Table"", ""node_name"": ""原发性胆汁性肝硬化训练数据"", ""node_params"": {""table_name"": ""cirrhosis_patient_train"", ""target_column"": ""Status""}, ""matched"": true}, {""node_id"": ""74155"", ""widget_name"": ""One Hot Encoder"", ""node_name"": ""独热编码处理"", ""node_params"": {""encode_vars"": [""Drug"", ""Ascites"", ""Hepatomegaly"", ""Spiders"", ""Edema"", ""Stage""]}, ""matched"": false}, {""node_id"": ""2472"", ""widget_name"": ""LightGBM"", ""node_name"": ""LightGBM分类器"", ""node_params"": {""boosting_type"": ""gbdt"", ""n_estimators"": 10, ""learning_rate"": 0.1, ""sampling_rate"": 0.1, ""max_depth_check"": false, ""max_depth"": 3, ""num_leaves_check"": false, ""num_leaves"": 31}, ""matched"": true}]}","{""dependency_requirements"": [{""edge_id"": ""2051"", ""source_node_id"": ""2470"", ""target_node_id"": ""2472""}], ""step_requirements"": [{""node_id"": ""2470"", ""algorithm_step_name"": ""Tabular Dataset Loading"", ""node_name"": ""原发性胆汁性肝硬化训练数据"", ""node_params"": {""table_name"": ""cirrhosis_patient_train"", ""target_column"": ""Status""}, ""contrast_level"": 2, ""node_type"": ""io""}, {""node_id"": ""2472"", ""algorithm_step_name"": ""XGBoost"", ""node_name"": ""XGBoost"", ""node_params"": {}, ""contrast_level"": 0, ""node_type"": ""model""}]}",0.8
你的目标是训练一个机器学习模型，根据马匹健康状况的各项指标检测数据，预测马匹的健康状况。,1.0,17694,1395,70.64393782615662,5.402397155761719,22.20830202102661,32.050862550735474,10.982376098632812,"{""edges"": [{""edge_id"": ""62450"", ""source_node_id"": ""2477"", ""target_node_id"": ""74158""}, {""edge_id"": ""62451"", ""source_node_id"": ""74158"", ""target_node_id"": ""74159""}, {""edge_id"": ""62452"", ""source_node_id"": ""74159"", ""target_node_id"": ""2480""}], ""nodes"": [{""node_id"": ""2477"", ""widget_name"": ""SQL Table"", ""node_name"": ""马匹健康状况训练数据"", ""node_params"": {""table_name"": ""horse_health_outcomes_train"", ""target_column"": ""outcome""}, ""matched"": true}, {""node_id"": ""74158"", ""widget_name"": ""Impute"", ""node_name"": ""缺失值处理"", ""node_params"": {""method"": 1}, ""matched"": false}, {""node_id"": ""74159"", ""widget_name"": ""One Hot Encoder"", ""node_name"": ""独热编码处理"", ""node_params"": {""encode_vars"": [""peripheral_pulse"", ""mucous_membrane"", ""capillary_refill_time""]}, ""matched"": false}, {""node_id"": ""2480"", ""widget_name"": ""Random Forest"", ""node_name"": ""随机森林模型"", ""node_params"": {""n_estimators"": 10, ""use_max_features"": false, ""max_features"": ""auto"", ""use_random_state"": false, ""use_max_depth"": false, ""max_depth"": 3, ""use_min_samples_split"": true, ""min_samples_split"": 2}, ""matched"": true}]}","{""dependency_requirements"": [{""edge_id"": ""2055"", ""source_node_id"": ""2477"", ""target_node_id"": ""2480""}], ""step_requirements"": [{""node_id"": ""2477"", ""algorithm_step_name"": ""Tabular Dataset Loading"", ""node_name"": ""马匹健康状况检测数据"", ""node_params"": {""table_name"": ""horse_health_outcomes_train"", ""target_column"": ""outcome""}, ""contrast_level"": 2, ""node_type"": ""io""}, {""node_id"": ""2480"", ""algorithm_step_name"": ""Naive Bayes"", ""node_name"": ""朴素贝叶斯分类器"", ""node_params"": {}, ""contrast_level"": 0, ""node_type"": ""model""}]}",0.6667
你的任务是根据怪物的骨骼长度、腐烂程度、无魂程度和其他特征数据，训练一个模型来区分怪物是食尸鬼、幽灵还是妖精。,0.5,12481,1259,67.76536297798157,5.5713255405426025,24.04383611679077,26.262422800064087,11.887778520584106,"{""edges"": [{""edge_id"": ""62453"", ""source_node_id"": ""74161"", ""target_node_id"": ""2487""}], ""nodes"": [{""node_id"": ""74161"", ""widget_name"": ""SQL Table"", ""node_name"": ""训练数据"", ""node_params"": {""table_name"": ""mohs_hardness_train"", ""target_column"": ""Hardness""}, ""matched"": false}, {""node_id"": ""2487"", ""widget_name"": ""LightGBM"", ""node_name"": ""LightGBM分类器"", ""node_params"": {""boosting_type"": ""gbdt"", ""n_estimators"": 10, ""learning_rate"": 0.1, ""sampling_rate"": 0.1, ""max_depth_check"": false, ""max_depth"": 3, ""num_leaves_check"": false, ""num_leaves"": 31}, ""matched"": true}]}","{""dependency_requirements"": [{""edge_id"": ""2063"", ""source_node_id"": ""2485"", ""target_node_id"": ""2487""}], ""step_requirements"": [{""node_id"": ""2485"", ""algorithm_step_name"": ""Tabular Dataset Loading"", ""node_name"": ""怪物特征训练数据"", ""node_params"": {""table_name"": ""monster_train"", ""target_column"": ""type""}, ""contrast_level"": 2, ""node_type"": ""io""}, {""node_id"": ""2487"", ""algorithm_step_name"": ""LightGBM"", ""node_name"": ""LightGBM分类器"", ""node_params"": {}, ""contrast_level"": 0, ""node_type"": ""model""}]}",0.5
请根据旧金山所有社区近12年的犯罪报告，训练一个机器学习模型以预测犯罪类别。,1.0,16445,1230,62.72502231597901,5.747752904891968,22.438114404678345,26.753538608551025,7.785616397857666,"{""edges"": [{""edge_id"": ""62454"", ""source_node_id"": ""2488"", ""target_node_id"": ""74164""}, {""edge_id"": ""62455"", ""source_node_id"": ""74164"", ""target_node_id"": ""2491""}], ""nodes"": [{""node_id"": ""2488"", ""widget_name"": ""SQL Table"", ""node_name"": ""旧金山犯罪报告训练数据"", ""node_params"": {""table_name"": ""crime_category_train"", ""target_column"": ""category""}, ""matched"": true}, {""node_id"": ""74164"", ""widget_name"": ""One Hot Encoder"", ""node_name"": ""独热编码处理"", ""node_params"": {""encode_vars"": [""dayOfWeek"", ""pdDistrict""]}, ""matched"": false}, {""node_id"": ""2491"", ""widget_name"": ""LightGBM"", ""node_name"": ""LightGBM分类器"", ""node_params"": {""boosting_type"": ""gbdt"", ""n_estimators"": 10, ""learning_rate"": 0.1, ""sampling_rate"": 0.1, ""max_depth_check"": false, ""max_depth"": 3, ""num_leaves_check"": false, ""num_leaves"": 31}, ""matched"": true}]}","{""dependency_requirements"": [{""edge_id"": ""2065"", ""source_node_id"": ""2488"", ""target_node_id"": ""2491""}], ""step_requirements"": [{""node_id"": ""2488"", ""algorithm_step_name"": ""Tabular Dataset Loading"", ""node_name"": ""旧金山社区犯罪报告数据"", ""node_params"": {""table_name"": ""crime_category_train"", ""target_column"": ""category""}, ""contrast_level"": 2, ""node_type"": ""io""}, {""node_id"": ""2491"", ""algorithm_step_name"": ""LightGBM"", ""node_name"": ""LightGBM分类器"", ""node_params"": {}, ""contrast_level"": 0, ""node_type"": ""model""}]}",0.8
请你构建一个模型，用于根据鲍鱼的各种物理测量数据来预测它的年龄。,1.0,12764,1246,65.14434480667114,5.078559160232544,21.236387252807617,28.41707992553711,10.412318468093872,"{""edges"": [{""edge_id"": ""62456"", ""source_node_id"": ""2493"", ""target_node_id"": ""74167""}, {""edge_id"": ""62457"", ""source_node_id"": ""74167"", ""target_node_id"": ""2496""}], ""nodes"": [{""node_id"": ""2493"", ""widget_name"": ""SQL Table"", ""node_name"": ""鲍鱼训练数据"", ""node_params"": {""table_name"": ""abalone_train"", ""target_column"": ""rings""}, ""matched"": true}, {""node_id"": ""74167"", ""widget_name"": ""One Hot Encoder"", ""node_name"": ""独热编码处理"", ""node_params"": {""encode_vars"": [""sex""]}, ""matched"": false}, {""node_id"": ""2496"", ""widget_name"": ""Random Forest"", ""node_name"": ""随机森林回归模型"", ""node_params"": {""n_estimators"": 10, ""use_max_features"": false, ""max_features"": ""auto"", ""use_random_state"": false, ""use_max_depth"": false, ""max_depth"": 3, ""use_min_samples_split"": true, ""min_samples_split"": 2}, ""matched"": true}]}","{""dependency_requirements"": [{""edge_id"": ""2071"", ""source_node_id"": ""2493"", ""target_node_id"": ""2496""}], ""step_requirements"": [{""node_id"": ""2493"", ""algorithm_step_name"": ""Tabular Dataset Loading"", ""node_name"": ""鲍鱼物理测量数据训练集"", ""node_params"": {""table_name"": ""abalone_train"", ""target_column"": ""rings""}, ""contrast_level"": 2, ""node_type"": ""io""}, {""node_id"": ""2496"", ""algorithm_step_name"": ""XGBoost"", ""node_name"": ""XGBoost回归器"", ""node_params"": {}, ""contrast_level"": 0, ""node_type"": ""model""}]}",0.8
您的任务是训练一个机器学习模型，用于根据矿物莫氏硬度的相关特性，预测矿物的莫氏硬度。,1.0,11287,1182,65.12879848480225,5.452157735824585,20.43632411956787,26.89616370201111,12.344152927398682,"{""edges"": [{""edge_id"": ""62458"", ""source_node_id"": ""2498"", ""target_node_id"": ""2500""}], ""nodes"": [{""node_id"": ""2498"", ""widget_name"": ""SQL Table"", ""node_name"": ""矿物莫氏硬度训练数据"", ""node_params"": {""table_name"": ""mohs_hardness_train"", ""target_column"": ""Hardness""}, ""matched"": true}, {""node_id"": ""2500"", ""widget_name"": ""Linear Regression"", ""node_name"": ""线性回归模型"", ""node_params"": {""regression_type"": ""0""}, ""matched"": true}]}","{""dependency_requirements"": [{""edge_id"": ""2076"", ""source_node_id"": ""2498"", ""target_node_id"": ""2500""}], ""step_requirements"": [{""node_id"": ""2498"", ""algorithm_step_name"": ""Tabular Dataset Loading"", ""node_name"": ""矿物莫氏硬度训练数据"", ""node_params"": {""table_name"": ""mohs_hardness_train"", ""target_column"": ""Hardness""}, ""contrast_level"": 2, ""node_type"": ""io""}, {""node_id"": ""2500"", ""algorithm_step_name"": ""XGBoost"", ""node_name"": ""XGBoost回归器"", ""node_params"": {}, ""contrast_level"": 0, ""node_type"": ""model""}]}",1.0
对于商业蟹农来说，了解螃蟹的适当年龄有助于他们决定是否以及何时收获螃蟹。超过一定蟹龄后，螃蟹身体特征的增长几乎可以忽略不计，因此，把握收获时机对降低成本和提高利润非常重要。现在，我需要你帮助我建立一个模型来预测螃蟹的年龄。,1.0,13166,1235,66.49297738075256,5.166187047958374,20.243512392044067,29.35321259498596,11.73006534576416,"{""edges"": [{""edge_id"": ""62459"", ""source_node_id"": ""2504"", ""target_node_id"": ""74172""}, {""edge_id"": ""62460"", ""source_node_id"": ""74172"", ""target_node_id"": ""2506""}], ""nodes"": [{""node_id"": ""2504"", ""widget_name"": ""SQL Table"", ""node_name"": ""螃蟹训练数据"", ""node_params"": {""table_name"": ""crab_age_train"", ""target_column"": ""Age""}, ""matched"": true}, {""node_id"": ""74172"", ""widget_name"": ""One Hot Encoder"", ""node_name"": ""独热编码处理"", ""node_params"": {""encode_vars"": [""Sex""]}, ""matched"": false}, {""node_id"": ""2506"", ""widget_name"": ""Linear Regression"", ""node_name"": ""线性回归模型"", ""node_params"": {""regression_type"": ""0""}, ""matched"": true}]}","{""dependency_requirements"": [{""edge_id"": ""2078"", ""source_node_id"": ""2504"", ""target_node_id"": ""2506""}], ""step_requirements"": [{""node_id"": ""2504"", ""algorithm_step_name"": ""Tabular Dataset Loading"", ""node_name"": ""螃蟹年龄训练数据"", ""node_params"": {""table_name"": ""crab_age_train"", ""target_column"": ""Age""}, ""contrast_level"": 2, ""node_type"": ""io""}, {""node_id"": ""2506"", ""algorithm_step_name"": ""XGBoost"", ""node_name"": ""XGBoost模型"", ""node_params"": {}, ""contrast_level"": 0, ""node_type"": ""model""}]}",0.8
您的任务是构建一个机器学习模型，帮助我预测野生蓝莓的产量。,1.0,11026,1337,72.91824769973755,5.4101855754852295,21.331886053085327,30.32283067703247,15.85334539413452,"{""edges"": [{""edge_id"": ""62461"", ""source_node_id"": ""2507"", ""target_node_id"": ""2509""}], ""nodes"": [{""node_id"": ""2507"", ""widget_name"": ""SQL Table"", ""node_name"": ""野生蓝莓产量训练数据"", ""node_params"": {""table_name"": ""wild_blueberry_yield_train"", ""target_column"": ""yield""}, ""matched"": true}, {""node_id"": ""2509"", ""widget_name"": ""Linear Regression"", ""node_name"": ""线性回归模型"", ""node_params"": {""regression_type"": ""0""}, ""matched"": true}]}","{""dependency_requirements"": [{""edge_id"": ""2082"", ""source_node_id"": ""2507"", ""target_node_id"": ""2509""}], ""step_requirements"": [{""node_id"": ""2507"", ""algorithm_step_name"": ""Tabular Dataset Loading"", ""node_name"": ""野生蓝莓产量训练数据"", ""node_params"": {""table_name"": ""wild_blueberry_yield_train"", ""target_column"": ""yield""}, ""contrast_level"": 2, ""node_type"": ""io""}, {""node_id"": ""2509"", ""algorithm_step_name"": ""XGBoost"", ""node_name"": ""XGBoost模型"", ""node_params"": {}, ""contrast_level"": 0, ""node_type"": ""model""}]}",1.0
20 世纪 80 年代，Carden & Cherry 公司用欧内斯特的形象为便利食品超市做广告。您的任务是根据媒体宣传成本的训练数据去构建一个机器学习模型，帮助我们预测食品超市的媒体宣传成本。,1.0,9755,1294,70.73382639884949,5.2344043254852295,20.499369144439697,29.73744249343872,15.26261043548584,"{""edges"": [{""edge_id"": ""62462"", ""source_node_id"": ""2510"", ""target_node_id"": ""2512""}], ""nodes"": [{""node_id"": ""2510"", ""widget_name"": ""SQL Table"", ""node_name"": ""媒体宣传成本训练数据"", ""node_params"": {""table_name"": ""media_campaign_cost_train"", ""target_column"": ""cost""}, ""matched"": true}, {""node_id"": ""2512"", ""widget_name"": ""Linear Regression"", ""node_name"": ""线性回归模型"", ""node_params"": {""regression_type"": ""0""}, ""matched"": true}]}","{""dependency_requirements"": [{""edge_id"": ""2086"", ""source_node_id"": ""2510"", ""target_node_id"": ""2512""}], ""step_requirements"": [{""node_id"": ""2510"", ""algorithm_step_name"": ""Tabular Dataset Loading"", ""node_name"": ""便利食品超市广告训练数据"", ""node_params"": {""table_name"": ""media_campaign_cost_train"", ""target_column"": ""cost""}, ""contrast_level"": 2, ""node_type"": ""io""}, {""node_id"": ""2512"", ""algorithm_step_name"": ""XGBoost"", ""node_name"": ""XGBoost模型"", ""node_params"": {}, ""contrast_level"": 0, ""node_type"": ""model""}]}",1.0
你的任务是根据银行客户的各种信息，如账户活动、服务使用情况等，构建一个能够预测客户是否会流失的机器学习模型。,1.0,14865,1387,72.11112713813782,4.474627494812012,22.533195972442627,31.74478912353516,13.358514547348022,"{""edges"": [{""edge_id"": ""62463"", ""source_node_id"": ""2416"", ""target_node_id"": ""74179""}, {""edge_id"": ""62464"", ""source_node_id"": ""74179"", ""target_node_id"": ""2418""}], ""nodes"": [{""node_id"": ""2416"", ""widget_name"": ""SQL Table"", ""node_name"": ""银行客户训练数据"", ""node_params"": {""table_name"": ""bank_customer_churn_train"", ""target_column"": ""Exited""}, ""matched"": true}, {""node_id"": ""74179"", ""widget_name"": ""One Hot Encoder"", ""node_name"": ""独热编码处理"", ""node_params"": {""encode_vars"": [""Geography"", ""Gender""]}, ""matched"": false}, {""node_id"": ""2418"", ""widget_name"": ""Random Forest"", ""node_name"": ""随机森林模型"", ""node_params"": {""n_estimators"": 10, ""use_max_features"": false, ""max_features"": ""auto"", ""use_random_state"": false, ""use_max_depth"": false, ""max_depth"": 3, ""use_min_samples_split"": true, ""min_samples_split"": 2}, ""matched"": true}]}","{""dependency_requirements"": [{""edge_id"": ""2013"", ""source_node_id"": ""2416"", ""target_node_id"": ""2418""}], ""step_requirements"": [{""node_id"": ""2416"", ""algorithm_step_name"": ""Tabular Dataset Loading"", ""node_name"": ""银行客户训练数据"", ""node_params"": {""table_name"": ""bank_customer_churn_train"", ""target_column"": ""Exited""}, ""contrast_level"": 2, ""node_type"": ""io""}, {""node_id"": ""2418"", ""algorithm_step_name"": ""LightGBM"", ""node_name"": ""LightGBM分类器"", ""node_params"": {}, ""contrast_level"": 0, ""node_type"": ""model""}]}",0.8
请你使用生物信号相关检测数据来训练一个机器学习模型用于预测一个人是否为吸烟者。,1.0,10817,1494,80.35355043411255,5.230094909667969,21.87427306175232,33.85806703567505,19.39111542701721,"{""edges"": [{""edge_id"": ""62465"", ""source_node_id"": ""2424"", ""target_node_id"": ""2426""}], ""nodes"": [{""node_id"": ""2424"", ""widget_name"": ""SQL Table"", ""node_name"": ""生物信号相关检测训练数据"", ""node_params"": {""table_name"": ""smoker_status_bio_signals_train"", ""target_column"": ""smoking""}, ""matched"": true}, {""node_id"": ""2426"", ""widget_name"": ""Random Forest"", ""node_name"": ""随机森林模型"", ""node_params"": {""n_estimators"": 10, ""use_max_features"": false, ""max_features"": ""auto"", ""use_random_state"": false, ""use_max_depth"": false, ""max_depth"": 3, ""use_min_samples_split"": true, ""min_samples_split"": 2}, ""matched"": true}]}","{""dependency_requirements"": [{""edge_id"": ""2025"", ""source_node_id"": ""2424"", ""target_node_id"": ""2426""}], ""step_requirements"": [{""node_id"": ""2424"", ""algorithm_step_name"": ""Tabular Dataset Loading"", ""node_name"": ""生物信号训练数据"", ""node_params"": {""table_name"": ""smoker_status_bio_signals_train"", ""target_column"": ""smoking""}, ""contrast_level"": 2, ""node_type"": ""io""}, {""node_id"": ""2426"", ""algorithm_step_name"": ""Decision Tree Model"", ""node_name"": ""决策树分类器"", ""node_params"": {}, ""contrast_level"": 0, ""node_type"": ""model""}]}",1.0
你需要使用人类的肾结石相关指标数据，开发一个机器学习模型预测一个人是否患有肾结石。,0.5,9294,1200,62.02774906158447,5.253510236740112,23.332199811935425,24.03444004058838,9.407598972320557,"{""edges"": [{""edge_id"": ""62466"", ""source_node_id"": ""74183"", ""target_node_id"": ""2446""}], ""nodes"": [{""node_id"": ""74183"", ""widget_name"": ""SQL Table"", ""node_name"": ""肾结石相关指标训练数据"", ""node_params"": {""table_name"": ""kidney_stone_test"", ""target_column"": ""target""}, ""matched"": false}, {""node_id"": ""2446"", ""widget_name"": ""Logistic Regression"", ""node_name"": ""逻辑回归模型"", ""node_params"": {""C"": 1, ""penalty"": ""l2""}, ""matched"": true}]}","{""dependency_requirements"": [{""edge_id"": ""2032"", ""source_node_id"": ""2444"", ""target_node_id"": ""2446""}], ""step_requirements"": [{""node_id"": ""2444"", ""algorithm_step_name"": ""Tabular Dataset Loading"", ""node_name"": ""肾结石检查训练数据"", ""node_params"": {""table_name"": ""kidney_stone_train"", ""target_column"": ""target""}, ""contrast_level"": 2, ""node_type"": ""io""}, {""node_id"": ""2446"", ""algorithm_step_name"": ""LightGBM"", ""node_name"": ""LightGBM分类器"", ""node_params"": {}, ""contrast_level"": 0, ""node_type"": ""model""}]}",0.5
您的工作是建立一个机器学习模型，根据客户以往的酒店预定相关数据，预测客户是否会取消预订。,1.0,10657,1547,78.66678023338318,5.256906986236572,22.147845029830933,34.29708647727966,16.96494174003601,"{""edges"": [{""edge_id"": ""62467"", ""source_node_id"": ""2455"", ""target_node_id"": ""2461""}], ""nodes"": [{""node_id"": ""2455"", ""widget_name"": ""SQL Table"", ""node_name"": ""客户酒店预定训练数据"", ""node_params"": {""table_name"": ""reservation_cancellation_train"", ""target_column"": ""booking_status""}, ""matched"": true}, {""node_id"": ""2461"", ""widget_name"": ""Random Forest"", ""node_name"": ""随机森林模型"", ""node_params"": {""n_estimators"": 10, ""use_max_features"": false, ""max_features"": ""auto"", ""use_random_state"": false, ""use_max_depth"": false, ""max_depth"": 3, ""use_min_samples_split"": true, ""min_samples_split"": 2}, ""matched"": true}]}","{""dependency_requirements"": [{""edge_id"": ""2044"", ""source_node_id"": ""2455"", ""target_node_id"": ""2461""}], ""step_requirements"": [{""node_id"": ""2455"", ""algorithm_step_name"": ""Tabular Dataset Loading"", ""node_name"": ""酒店预订训练数据"", ""node_params"": {""table_name"": ""reservation_cancellation_train"", ""target_column"": ""booking_status""}, ""contrast_level"": 2, ""node_type"": ""io""}, {""node_id"": ""2461"", ""algorithm_step_name"": ""Decision Tree Model"", ""node_name"": ""Tree"", ""node_params"": {}, ""contrast_level"": 0, ""node_type"": ""model""}]}",1.0
你的目标是通过与肥胖相关的各种因素，如饮食、生活方式等数据，训练一个模型来预测个体的肥胖风险等级。,1.0,14599,1557,78.28867769241333,5.258869409561157,22.884356021881104,34.77151012420654,15.373942136764526,"{""edges"": [{""edge_id"": ""62468"", ""source_node_id"": ""2467"", ""target_node_id"": ""74188""}, {""edge_id"": ""62469"", ""source_node_id"": ""74188"", ""target_node_id"": ""2469""}], ""nodes"": [{""node_id"": ""2467"", ""widget_name"": ""SQL Table"", ""node_name"": ""肥胖相关训练数据"", ""node_params"": {""table_name"": ""obesity_cvd_risk_train"", ""target_column"": ""NObeyesdad""}, ""matched"": true}, {""node_id"": ""74188"", ""widget_name"": ""One Hot Encoder"", ""node_name"": ""独热编码处理"", ""node_params"": {""encode_vars"": [""Gender"", ""family_history_with_overweight"", ""FAVC"", ""CAEC"", ""SMOKE"", ""SCC"", ""CALC"", ""MTRANS""]}, ""matched"": false}, {""node_id"": ""2469"", ""widget_name"": ""Random Forest"", ""node_name"": ""随机森林模型"", ""node_params"": {""n_estimators"": 10, ""use_max_features"": false, ""max_features"": ""auto"", ""use_random_state"": false, ""use_max_depth"": false, ""max_depth"": 3, ""use_min_samples_split"": true, ""min_samples_split"": 2}, ""matched"": true}]}","{""dependency_requirements"": [{""edge_id"": ""2049"", ""source_node_id"": ""2467"", ""target_node_id"": ""2469""}], ""step_requirements"": [{""node_id"": ""2467"", ""algorithm_step_name"": ""Tabular Dataset Loading"", ""node_name"": ""肥胖风险训练数据"", ""node_params"": {""table_name"": ""obesity_cvd_risk_train"", ""target_column"": ""NObeyesdad""}, ""contrast_level"": 2, ""node_type"": ""io""}, {""node_id"": ""2469"", ""algorithm_step_name"": ""Gradient Boosting Decision Tree"", ""node_name"": ""梯度提升决策树"", ""node_params"": {}, ""contrast_level"": 0, ""node_type"": ""model""}]}",0.8
肝硬化是由于肝脏长期受损，导致广泛的瘢痕形成，通常是由于肝炎或长期饮酒等疾病引起的。我们正在进行一项关于原发性胆汁性肝硬化的研究。希望你能构建一个模型，利用 17 种临床特征预测肝硬化患者的生存状态。,1.0,15951,1708,83.07804560661316,5.722486972808838,24.18792033195496,36.79416942596436,16.37346887588501,"{""edges"": [{""edge_id"": ""62470"", ""source_node_id"": ""2470"", ""target_node_id"": ""74191""}, {""edge_id"": ""62471"", ""source_node_id"": ""74191"", ""target_node_id"": ""2472""}], ""nodes"": [{""node_id"": ""2470"", ""widget_name"": ""SQL Table"", ""node_name"": ""原发性胆汁性肝硬化训练数据"", ""node_params"": {""table_name"": ""cirrhosis_patient_train"", ""target_column"": ""Status""}, ""matched"": true}, {""node_id"": ""74191"", ""widget_name"": ""One Hot Encoder"", ""node_name"": ""独热编码处理"", ""node_params"": {""encode_vars"": [""Drug"", ""Ascites"", ""Hepatomegaly"", ""Spiders"", ""Edema"", ""Stage""]}, ""matched"": false}, {""node_id"": ""2472"", ""widget_name"": ""LightGBM"", ""node_name"": ""LightGBM分类器"", ""node_params"": {""boosting_type"": ""gbdt"", ""n_estimators"": 10, ""learning_rate"": 0.1, ""sampling_rate"": 0.1, ""max_depth_check"": false, ""max_depth"": 3, ""num_leaves_check"": false, ""num_leaves"": 31}, ""matched"": true}]}","{""dependency_requirements"": [{""edge_id"": ""2051"", ""source_node_id"": ""2470"", ""target_node_id"": ""2472""}], ""step_requirements"": [{""node_id"": ""2470"", ""algorithm_step_name"": ""Tabular Dataset Loading"", ""node_name"": ""原发性胆汁性肝硬化训练数据"", ""node_params"": {""table_name"": ""cirrhosis_patient_train"", ""target_column"": ""Status""}, ""contrast_level"": 2, ""node_type"": ""io""}, {""node_id"": ""2472"", ""algorithm_step_name"": ""XGBoost"", ""node_name"": ""XGBoost"", ""node_params"": {}, ""contrast_level"": 0, ""node_type"": ""model""}]}",0.8
你的目标是训练一个机器学习模型，根据马匹健康状况的各项指标检测数据，预测马匹的健康状况。,1.0,17688,1412,70.32152652740479,5.403705835342407,22.47594356536865,31.75734305381775,10.684534072875977,"{""edges"": [{""edge_id"": ""62472"", ""source_node_id"": ""2477"", ""target_node_id"": ""74194""}, {""edge_id"": ""62473"", ""source_node_id"": ""74194"", ""target_node_id"": ""74195""}, {""edge_id"": ""62474"", ""source_node_id"": ""74195"", ""target_node_id"": ""2480""}], ""nodes"": [{""node_id"": ""2477"", ""widget_name"": ""SQL Table"", ""node_name"": ""马匹健康状况训练数据"", ""node_params"": {""table_name"": ""horse_health_outcomes_train"", ""target_column"": ""outcome""}, ""matched"": true}, {""node_id"": ""74194"", ""widget_name"": ""Impute"", ""node_name"": ""缺失值处理"", ""node_params"": {""method"": 1}, ""matched"": false}, {""node_id"": ""74195"", ""widget_name"": ""One Hot Encoder"", ""node_name"": ""独热编码处理"", ""node_params"": {""encode_vars"": [""peripheral_pulse"", ""mucous_membrane"", ""capillary_refill_time""]}, ""matched"": false}, {""node_id"": ""2480"", ""widget_name"": ""Random Forest"", ""node_name"": ""随机森林模型"", ""node_params"": {""n_estimators"": 10, ""use_max_features"": false, ""max_features"": ""auto"", ""use_random_state"": false, ""use_max_depth"": false, ""max_depth"": 3, ""use_min_samples_split"": true, ""min_samples_split"": 2}, ""matched"": true}]}","{""dependency_requirements"": [{""edge_id"": ""2055"", ""source_node_id"": ""2477"", ""target_node_id"": ""2480""}], ""step_requirements"": [{""node_id"": ""2477"", ""algorithm_step_name"": ""Tabular Dataset Loading"", ""node_name"": ""马匹健康状况检测数据"", ""node_params"": {""table_name"": ""horse_health_outcomes_train"", ""target_column"": ""outcome""}, ""contrast_level"": 2, ""node_type"": ""io""}, {""node_id"": ""2480"", ""algorithm_step_name"": ""Naive Bayes"", ""node_name"": ""朴素贝叶斯分类器"", ""node_params"": {}, ""contrast_level"": 0, ""node_type"": ""model""}]}",0.6667
你的任务是根据怪物的骨骼长度、腐烂程度、无魂程度和其他特征数据，训练一个模型来区分怪物是食尸鬼、幽灵还是妖精。,0.5,12585,1258,66.58699893951416,5.572839975357056,22.87129259109497,26.255486249923703,11.887380123138428,"{""edges"": [{""edge_id"": ""62475"", ""source_node_id"": ""74197"", ""target_node_id"": ""2487""}], ""nodes"": [{""node_id"": ""74197"", ""widget_name"": ""SQL Table"", ""node_name"": ""训练数据"", ""node_params"": {""table_name"": ""mohs_hardness_train"", ""target_column"": ""Hardness""}, ""matched"": false}, {""node_id"": ""2487"", ""widget_name"": ""LightGBM"", ""node_name"": ""LightGBM分类器"", ""node_params"": {""boosting_type"": ""gbdt"", ""n_estimators"": 10, ""learning_rate"": 0.1, ""sampling_rate"": 0.1, ""max_depth_check"": false, ""max_depth"": 3, ""num_leaves_check"": false, ""num_leaves"": 31}, ""matched"": true}]}","{""dependency_requirements"": [{""edge_id"": ""2063"", ""source_node_id"": ""2485"", ""target_node_id"": ""2487""}], ""step_requirements"": [{""node_id"": ""2485"", ""algorithm_step_name"": ""Tabular Dataset Loading"", ""node_name"": ""怪物特征训练数据"", ""node_params"": {""table_name"": ""monster_train"", ""target_column"": ""type""}, ""contrast_level"": 2, ""node_type"": ""io""}, {""node_id"": ""2487"", ""algorithm_step_name"": ""LightGBM"", ""node_name"": ""LightGBM分类器"", ""node_params"": {}, ""contrast_level"": 0, ""node_type"": ""model""}]}",0.5
请根据旧金山所有社区近12年的犯罪报告，训练一个机器学习模型以预测犯罪类别。,1.0,16467,1271,65.11591792106628,5.744680404663086,24.869707107543945,26.64859294891357,7.852937459945679,"{""edges"": [{""edge_id"": ""62476"", ""source_node_id"": ""2488"", ""target_node_id"": ""74200""}, {""edge_id"": ""62477"", ""source_node_id"": ""74200"", ""target_node_id"": ""2491""}], ""nodes"": [{""node_id"": ""2488"", ""widget_name"": ""SQL Table"", ""node_name"": ""旧金山犯罪报告训练数据"", ""node_params"": {""table_name"": ""crime_category_train"", ""target_column"": ""category""}, ""matched"": true}, {""node_id"": ""74200"", ""widget_name"": ""One Hot Encoder"", ""node_name"": ""独热编码处理"", ""node_params"": {""encode_vars"": [""dayOfWeek"", ""pdDistrict""]}, ""matched"": false}, {""node_id"": ""2491"", ""widget_name"": ""Random Forest"", ""node_name"": ""随机森林模型"", ""node_params"": {""n_estimators"": 10, ""use_max_features"": false, ""max_features"": ""auto"", ""use_random_state"": false, ""use_max_depth"": false, ""max_depth"": 3, ""use_min_samples_split"": true, ""min_samples_split"": 2}, ""matched"": true}]}","{""dependency_requirements"": [{""edge_id"": ""2065"", ""source_node_id"": ""2488"", ""target_node_id"": ""2491""}], ""step_requirements"": [{""node_id"": ""2488"", ""algorithm_step_name"": ""Tabular Dataset Loading"", ""node_name"": ""旧金山社区犯罪报告数据"", ""node_params"": {""table_name"": ""crime_category_train"", ""target_column"": ""category""}, ""contrast_level"": 2, ""node_type"": ""io""}, {""node_id"": ""2491"", ""algorithm_step_name"": ""LightGBM"", ""node_name"": ""LightGBM分类器"", ""node_params"": {}, ""contrast_level"": 0, ""node_type"": ""model""}]}",0.8
请你构建一个模型，用于根据鲍鱼的各种物理测量数据来预测它的年龄。,1.0,12585,1221,65.3438766002655,5.087244033813477,20.88926196098328,28.679059267044067,10.688311338424684,"{""edges"": [{""edge_id"": ""62478"", ""source_node_id"": ""2493"", ""target_node_id"": ""74203""}, {""edge_id"": ""62479"", ""source_node_id"": ""74203"", ""target_node_id"": ""2496""}], ""nodes"": [{""node_id"": ""2493"", ""widget_name"": ""SQL Table"", ""node_name"": ""鲍鱼训练数据"", ""node_params"": {""table_name"": ""abalone_train"", ""target_column"": ""rings""}, ""matched"": true}, {""node_id"": ""74203"", ""widget_name"": ""One Hot Encoder"", ""node_name"": ""独热编码处理"", ""node_params"": {""encode_vars"": [""sex""]}, ""matched"": false}, {""node_id"": ""2496"", ""widget_name"": ""Linear Regression"", ""node_name"": ""线性回归模型"", ""node_params"": {""regression_type"": ""0""}, ""matched"": true}]}","{""dependency_requirements"": [{""edge_id"": ""2071"", ""source_node_id"": ""2493"", ""target_node_id"": ""2496""}], ""step_requirements"": [{""node_id"": ""2493"", ""algorithm_step_name"": ""Tabular Dataset Loading"", ""node_name"": ""鲍鱼物理测量数据训练集"", ""node_params"": {""table_name"": ""abalone_train"", ""target_column"": ""rings""}, ""contrast_level"": 2, ""node_type"": ""io""}, {""node_id"": ""2496"", ""algorithm_step_name"": ""XGBoost"", ""node_name"": ""XGBoost回归器"", ""node_params"": {}, ""contrast_level"": 0, ""node_type"": ""model""}]}",0.8
您的任务是训练一个机器学习模型，用于根据矿物莫氏硬度的相关特性，预测矿物的莫氏硬度。,1.0,11444,1251,66.71112871170044,5.452943563461304,21.939297199249268,26.954795598983765,12.364092350006104,"{""edges"": [{""edge_id"": ""62480"", ""source_node_id"": ""2498"", ""target_node_id"": ""2500""}], ""nodes"": [{""node_id"": ""2498"", ""widget_name"": ""SQL Table"", ""node_name"": ""矿物莫氏硬度训练数据"", ""node_params"": {""table_name"": ""mohs_hardness_train"", ""target_column"": ""Hardness""}, ""matched"": true}, {""node_id"": ""2500"", ""widget_name"": ""Random Forest"", ""node_name"": ""随机森林回归模型"", ""node_params"": {""n_estimators"": 10, ""use_max_features"": false, ""max_features"": ""auto"", ""use_random_state"": false, ""use_max_depth"": false, ""max_depth"": 3, ""use_min_samples_split"": true, ""min_samples_split"": 2}, ""matched"": true}]}","{""dependency_requirements"": [{""edge_id"": ""2076"", ""source_node_id"": ""2498"", ""target_node_id"": ""2500""}], ""step_requirements"": [{""node_id"": ""2498"", ""algorithm_step_name"": ""Tabular Dataset Loading"", ""node_name"": ""矿物莫氏硬度训练数据"", ""node_params"": {""table_name"": ""mohs_hardness_train"", ""target_column"": ""Hardness""}, ""contrast_level"": 2, ""node_type"": ""io""}, {""node_id"": ""2500"", ""algorithm_step_name"": ""XGBoost"", ""node_name"": ""XGBoost回归器"", ""node_params"": {}, ""contrast_level"": 0, ""node_type"": ""model""}]}",1.0
对于商业蟹农来说，了解螃蟹的适当年龄有助于他们决定是否以及何时收获螃蟹。超过一定蟹龄后，螃蟹身体特征的增长几乎可以忽略不计，因此，把握收获时机对降低成本和提高利润非常重要。现在，我需要你帮助我建立一个模型来预测螃蟹的年龄。,1.0,13335,1243,66.7098376750946,5.164492130279541,20.32121562957764,29.432364225387573,11.791765689849854,"{""edges"": [{""edge_id"": ""62481"", ""source_node_id"": ""2504"", ""target_node_id"": ""74208""}, {""edge_id"": ""62482"", ""source_node_id"": ""74208"", ""target_node_id"": ""2506""}], ""nodes"": [{""node_id"": ""2504"", ""widget_name"": ""SQL Table"", ""node_name"": ""螃蟹训练数据"", ""node_params"": {""table_name"": ""crab_age_train"", ""target_column"": ""Age""}, ""matched"": true}, {""node_id"": ""74208"", ""widget_name"": ""One Hot Encoder"", ""node_name"": ""独热编码处理"", ""node_params"": {""encode_vars"": [""Sex""]}, ""matched"": false}, {""node_id"": ""2506"", ""widget_name"": ""Random Forest"", ""node_name"": ""随机森林回归模型"", ""node_params"": {""n_estimators"": 10, ""use_max_features"": false, ""max_features"": ""auto"", ""use_random_state"": false, ""use_max_depth"": false, ""max_depth"": 3, ""use_min_samples_split"": true, ""min_samples_split"": 2}, ""matched"": true}]}","{""dependency_requirements"": [{""edge_id"": ""2078"", ""source_node_id"": ""2504"", ""target_node_id"": ""2506""}], ""step_requirements"": [{""node_id"": ""2504"", ""algorithm_step_name"": ""Tabular Dataset Loading"", ""node_name"": ""螃蟹年龄训练数据"", ""node_params"": {""table_name"": ""crab_age_train"", ""target_column"": ""Age""}, ""contrast_level"": 2, ""node_type"": ""io""}, {""node_id"": ""2506"", ""algorithm_step_name"": ""XGBoost"", ""node_name"": ""XGBoost模型"", ""node_params"": {}, ""contrast_level"": 0, ""node_type"": ""model""}]}",0.8
您的任务是构建一个机器学习模型，帮助我预测野生蓝莓的产量。,1.0,11211,1377,73.25437879562378,5.39488697052002,21.817688703536987,30.268474817276,15.773328304290771,"{""edges"": [{""edge_id"": ""62483"", ""source_node_id"": ""2507"", ""target_node_id"": ""2509""}], ""nodes"": [{""node_id"": ""2507"", ""widget_name"": ""SQL Table"", ""node_name"": ""野生蓝莓产量训练数据"", ""node_params"": {""table_name"": ""wild_blueberry_yield_train"", ""target_column"": ""yield""}, ""matched"": true}, {""node_id"": ""2509"", ""widget_name"": ""Random Forest"", ""node_name"": ""随机森林回归模型"", ""node_params"": {""n_estimators"": 10, ""use_max_features"": false, ""max_features"": ""auto"", ""use_random_state"": false, ""use_max_depth"": false, ""max_depth"": 3, ""use_min_samples_split"": true, ""min_samples_split"": 2}, ""matched"": true}]}","{""dependency_requirements"": [{""edge_id"": ""2082"", ""source_node_id"": ""2507"", ""target_node_id"": ""2509""}], ""step_requirements"": [{""node_id"": ""2507"", ""algorithm_step_name"": ""Tabular Dataset Loading"", ""node_name"": ""野生蓝莓产量训练数据"", ""node_params"": {""table_name"": ""wild_blueberry_yield_train"", ""target_column"": ""yield""}, ""contrast_level"": 2, ""node_type"": ""io""}, {""node_id"": ""2509"", ""algorithm_step_name"": ""XGBoost"", ""node_name"": ""XGBoost模型"", ""node_params"": {}, ""contrast_level"": 0, ""node_type"": ""model""}]}",1.0
20 世纪 80 年代，Carden & Cherry 公司用欧内斯特的形象为便利食品超市做广告。您的任务是根据媒体宣传成本的训练数据去构建一个机器学习模型，帮助我们预测食品超市的媒体宣传成本。,1.0,9751,1287,70.06030058860779,5.234688758850098,20.363932609558105,29.47608780860901,14.985591411590576,"{""edges"": [{""edge_id"": ""62484"", ""source_node_id"": ""2510"", ""target_node_id"": ""2512""}], ""nodes"": [{""node_id"": ""2510"", ""widget_name"": ""SQL Table"", ""node_name"": ""媒体宣传成本训练数据"", ""node_params"": {""table_name"": ""media_campaign_cost_train"", ""target_column"": ""cost""}, ""matched"": true}, {""node_id"": ""2512"", ""widget_name"": ""Linear Regression"", ""node_name"": ""线性回归模型"", ""node_params"": {""regression_type"": ""0""}, ""matched"": true}]}","{""dependency_requirements"": [{""edge_id"": ""2086"", ""source_node_id"": ""2510"", ""target_node_id"": ""2512""}], ""step_requirements"": [{""node_id"": ""2510"", ""algorithm_step_name"": ""Tabular Dataset Loading"", ""node_name"": ""便利食品超市广告训练数据"", ""node_params"": {""table_name"": ""media_campaign_cost_train"", ""target_column"": ""cost""}, ""contrast_level"": 2, ""node_type"": ""io""}, {""node_id"": ""2512"", ""algorithm_step_name"": ""XGBoost"", ""node_name"": ""XGBoost模型"", ""node_params"": {}, ""contrast_level"": 0, ""node_type"": ""model""}]}",1.0
你的任务是根据银行客户的各种信息，如账户活动、服务使用情况等，构建一个能够预测客户是否会流失的机器学习模型。,1.0,13930,1332,71.75843858718872,4.473353862762451,21.934988975524902,31.78707242012024,13.563023328781128,"{""edges"": [{""edge_id"": ""62485"", ""source_node_id"": ""2416"", ""target_node_id"": ""74215""}, {""edge_id"": ""62486"", ""source_node_id"": ""74215"", ""target_node_id"": ""2418""}], ""nodes"": [{""node_id"": ""2416"", ""widget_name"": ""SQL Table"", ""node_name"": ""银行客户训练数据"", ""node_params"": {""table_name"": ""bank_customer_churn_train"", ""target_column"": ""Exited""}, ""matched"": true}, {""node_id"": ""74215"", ""widget_name"": ""One Hot Encoder"", ""node_name"": ""独热编码处理"", ""node_params"": {""encode_vars"": [""Geography"", ""Gender""]}, ""matched"": false}, {""node_id"": ""2418"", ""widget_name"": ""Random Forest"", ""node_name"": ""随机森林模型"", ""node_params"": {""n_estimators"": 10, ""use_max_features"": false, ""max_features"": ""auto"", ""use_random_state"": false, ""use_max_depth"": false, ""max_depth"": 3, ""use_min_samples_split"": true, ""min_samples_split"": 2}, ""matched"": true}]}","{""dependency_requirements"": [{""edge_id"": ""2013"", ""source_node_id"": ""2416"", ""target_node_id"": ""2418""}], ""step_requirements"": [{""node_id"": ""2416"", ""algorithm_step_name"": ""Tabular Dataset Loading"", ""node_name"": ""银行客户训练数据"", ""node_params"": {""table_name"": ""bank_customer_churn_train"", ""target_column"": ""Exited""}, ""contrast_level"": 2, ""node_type"": ""io""}, {""node_id"": ""2418"", ""algorithm_step_name"": ""LightGBM"", ""node_name"": ""LightGBM分类器"", ""node_params"": {}, ""contrast_level"": 0, ""node_type"": ""model""}]}",0.8
请你使用生物信号相关检测数据来训练一个机器学习模型用于预测一个人是否为吸烟者。,1.0,10813,1483,80.05913138389587,5.231174945831299,21.57682156562805,33.85568618774414,19.395448684692383,"{""edges"": [{""edge_id"": ""62487"", ""source_node_id"": ""2424"", ""target_node_id"": ""2426""}], ""nodes"": [{""node_id"": ""2424"", ""widget_name"": ""SQL Table"", ""node_name"": ""生物信号相关检测训练数据"", ""node_params"": {""table_name"": ""smoker_status_bio_signals_train"", ""target_column"": ""smoking""}, ""matched"": true}, {""node_id"": ""2426"", ""widget_name"": ""Random Forest"", ""node_name"": ""随机森林模型"", ""node_params"": {""n_estimators"": 10, ""use_max_features"": false, ""max_features"": ""auto"", ""use_random_state"": false, ""use_max_depth"": false, ""max_depth"": 3, ""use_min_samples_split"": true, ""min_samples_split"": 2}, ""matched"": true}]}","{""dependency_requirements"": [{""edge_id"": ""2025"", ""source_node_id"": ""2424"", ""target_node_id"": ""2426""}], ""step_requirements"": [{""node_id"": ""2424"", ""algorithm_step_name"": ""Tabular Dataset Loading"", ""node_name"": ""生物信号训练数据"", ""node_params"": {""table_name"": ""smoker_status_bio_signals_train"", ""target_column"": ""smoking""}, ""contrast_level"": 2, ""node_type"": ""io""}, {""node_id"": ""2426"", ""algorithm_step_name"": ""Decision Tree Model"", ""node_name"": ""决策树分类器"", ""node_params"": {}, ""contrast_level"": 0, ""node_type"": ""model""}]}",1.0
你需要使用人类的肾结石相关指标数据，开发一个机器学习模型预测一个人是否患有肾结石。,0.5,9294,1138,60.70027899742127,5.253781318664551,21.977506399154663,24.05091643333435,9.4180748462677,"{""edges"": [{""edge_id"": ""62488"", ""source_node_id"": ""74219"", ""target_node_id"": ""2446""}], ""nodes"": [{""node_id"": ""74219"", ""widget_name"": ""SQL Table"", ""node_name"": ""肾结石相关指标训练数据"", ""node_params"": {""table_name"": ""kidney_stone_test"", ""target_column"": ""target""}, ""matched"": false}, {""node_id"": ""2446"", ""widget_name"": ""Logistic Regression"", ""node_name"": ""逻辑回归模型"", ""node_params"": {""C"": 1, ""penalty"": ""l2""}, ""matched"": true}]}","{""dependency_requirements"": [{""edge_id"": ""2032"", ""source_node_id"": ""2444"", ""target_node_id"": ""2446""}], ""step_requirements"": [{""node_id"": ""2444"", ""algorithm_step_name"": ""Tabular Dataset Loading"", ""node_name"": ""肾结石检查训练数据"", ""node_params"": {""table_name"": ""kidney_stone_train"", ""target_column"": ""target""}, ""contrast_level"": 2, ""node_type"": ""io""}, {""node_id"": ""2446"", ""algorithm_step_name"": ""LightGBM"", ""node_name"": ""LightGBM分类器"", ""node_params"": {}, ""contrast_level"": 0, ""node_type"": ""model""}]}",0.5
您的工作是建立一个机器学习模型，根据客户以往的酒店预定相关数据，预测客户是否会取消预订。,1.0,10665,1530,78.20116329193115,5.253754854202271,21.68750500679016,34.294342279434204,16.965561151504517,"{""edges"": [{""edge_id"": ""62489"", ""source_node_id"": ""2455"", ""target_node_id"": ""2461""}], ""nodes"": [{""node_id"": ""2455"", ""widget_name"": ""SQL Table"", ""node_name"": ""客户酒店预定训练数据"", ""node_params"": {""table_name"": ""reservation_cancellation_train"", ""target_column"": ""booking_status""}, ""matched"": true}, {""node_id"": ""2461"", ""widget_name"": ""Random Forest"", ""node_name"": ""随机森林模型"", ""node_params"": {""n_estimators"": 10, ""use_max_features"": false, ""max_features"": ""auto"", ""use_random_state"": false, ""use_max_depth"": false, ""max_depth"": 3, ""use_min_samples_split"": true, ""min_samples_split"": 2}, ""matched"": true}]}","{""dependency_requirements"": [{""edge_id"": ""2044"", ""source_node_id"": ""2455"", ""target_node_id"": ""2461""}], ""step_requirements"": [{""node_id"": ""2455"", ""algorithm_step_name"": ""Tabular Dataset Loading"", ""node_name"": ""酒店预订训练数据"", ""node_params"": {""table_name"": ""reservation_cancellation_train"", ""target_column"": ""booking_status""}, ""contrast_level"": 2, ""node_type"": ""io""}, {""node_id"": ""2461"", ""algorithm_step_name"": ""Decision Tree Model"", ""node_name"": ""Tree"", ""node_params"": {}, ""contrast_level"": 0, ""node_type"": ""model""}]}",1.0
你的目标是通过与肥胖相关的各种因素，如饮食、生活方式等数据，训练一个模型来预测个体的肥胖风险等级。,1.0,14509,1497,76.60859751701355,5.255685091018677,22.167003870010376,33.9057776927948,15.280130863189695,"{""edges"": [{""edge_id"": ""62490"", ""source_node_id"": ""2467"", ""target_node_id"": ""74224""}, {""edge_id"": ""62491"", ""source_node_id"": ""74224"", ""target_node_id"": ""2469""}], ""nodes"": [{""node_id"": ""2467"", ""widget_name"": ""SQL Table"", ""node_name"": ""肥胖相关训练数据"", ""node_params"": {""table_name"": ""obesity_cvd_risk_train"", ""target_column"": ""NObeyesdad""}, ""matched"": true}, {""node_id"": ""74224"", ""widget_name"": ""One Hot Encoder"", ""node_name"": ""独热编码处理"", ""node_params"": {""encode_vars"": [""Gender"", ""CAEC"", ""CALC"", ""MTRANS""]}, ""matched"": false}, {""node_id"": ""2469"", ""widget_name"": ""LightGBM"", ""node_name"": ""LightGBM分类器"", ""node_params"": {""boosting_type"": ""gbdt"", ""n_estimators"": 10, ""learning_rate"": 0.1, ""sampling_rate"": 0.1, ""max_depth_check"": false, ""max_depth"": 3, ""num_leaves_check"": false, ""num_leaves"": 31}, ""matched"": true}]}","{""dependency_requirements"": [{""edge_id"": ""2049"", ""source_node_id"": ""2467"", ""target_node_id"": ""2469""}], ""step_requirements"": [{""node_id"": ""2467"", ""algorithm_step_name"": ""Tabular Dataset Loading"", ""node_name"": ""肥胖风险训练数据"", ""node_params"": {""table_name"": ""obesity_cvd_risk_train"", ""target_column"": ""NObeyesdad""}, ""contrast_level"": 2, ""node_type"": ""io""}, {""node_id"": ""2469"", ""algorithm_step_name"": ""Gradient Boosting Decision Tree"", ""node_name"": ""梯度提升决策树"", ""node_params"": {}, ""contrast_level"": 0, ""node_type"": ""model""}]}",0.8
肝硬化是由于肝脏长期受损，导致广泛的瘢痕形成，通常是由于肝炎或长期饮酒等疾病引起的。我们正在进行一项关于原发性胆汁性肝硬化的研究。希望你能构建一个模型，利用 17 种临床特征预测肝硬化患者的生存状态。,1.0,15951,1700,83.38028001785278,5.731688499450684,24.284093379974365,36.89658975601196,16.46790838241577,"{""edges"": [{""edge_id"": ""62492"", ""source_node_id"": ""2470"", ""target_node_id"": ""74227""}, {""edge_id"": ""62493"", ""source_node_id"": ""74227"", ""target_node_id"": ""2472""}], ""nodes"": [{""node_id"": ""2470"", ""widget_name"": ""SQL Table"", ""node_name"": ""原发性胆汁性肝硬化训练数据"", ""node_params"": {""table_name"": ""cirrhosis_patient_train"", ""target_column"": ""Status""}, ""matched"": true}, {""node_id"": ""74227"", ""widget_name"": ""One Hot Encoder"", ""node_name"": ""独热编码处理"", ""node_params"": {""encode_vars"": [""Drug"", ""Ascites"", ""Hepatomegaly"", ""Spiders"", ""Edema"", ""Stage""]}, ""matched"": false}, {""node_id"": ""2472"", ""widget_name"": ""LightGBM"", ""node_name"": ""LightGBM分类器"", ""node_params"": {""boosting_type"": ""gbdt"", ""n_estimators"": 10, ""learning_rate"": 0.1, ""sampling_rate"": 0.1, ""max_depth_check"": false, ""max_depth"": 3, ""num_leaves_check"": false, ""num_leaves"": 31}, ""matched"": true}]}","{""dependency_requirements"": [{""edge_id"": ""2051"", ""source_node_id"": ""2470"", ""target_node_id"": ""2472""}], ""step_requirements"": [{""node_id"": ""2470"", ""algorithm_step_name"": ""Tabular Dataset Loading"", ""node_name"": ""原发性胆汁性肝硬化训练数据"", ""node_params"": {""table_name"": ""cirrhosis_patient_train"", ""target_column"": ""Status""}, ""contrast_level"": 2, ""node_type"": ""io""}, {""node_id"": ""2472"", ""algorithm_step_name"": ""XGBoost"", ""node_name"": ""XGBoost"", ""node_params"": {}, ""contrast_level"": 0, ""node_type"": ""model""}]}",0.8
你的目标是训练一个机器学习模型，根据马匹健康状况的各项指标检测数据，预测马匹的健康状况。,1.0,17710,1407,70.16155290603638,5.401566028594971,22.16415643692017,31.90730381011963,10.688526630401611,"{""edges"": [{""edge_id"": ""62494"", ""source_node_id"": ""2477"", ""target_node_id"": ""74230""}, {""edge_id"": ""62495"", ""source_node_id"": ""74230"", ""target_node_id"": ""74231""}, {""edge_id"": ""62496"", ""source_node_id"": ""74231"", ""target_node_id"": ""2480""}], ""nodes"": [{""node_id"": ""2477"", ""widget_name"": ""SQL Table"", ""node_name"": ""马匹健康状况训练数据"", ""node_params"": {""table_name"": ""horse_health_outcomes_train"", ""target_column"": ""outcome""}, ""matched"": true}, {""node_id"": ""74230"", ""widget_name"": ""Impute"", ""node_name"": ""缺失值处理"", ""node_params"": {""method"": 1}, ""matched"": false}, {""node_id"": ""74231"", ""widget_name"": ""One Hot Encoder"", ""node_name"": ""独热编码处理"", ""node_params"": {""encode_vars"": [""surgery"", ""peripheral_pulse"", ""mucous_membrane"", ""capillary_refill_time""]}, ""matched"": false}, {""node_id"": ""2480"", ""widget_name"": ""Random Forest"", ""node_name"": ""随机森林模型"", ""node_params"": {""n_estimators"": 10, ""use_max_features"": false, ""max_features"": ""auto"", ""use_random_state"": false, ""use_max_depth"": false, ""max_depth"": 3, ""use_min_samples_split"": true, ""min_samples_split"": 2}, ""matched"": true}]}","{""dependency_requirements"": [{""edge_id"": ""2055"", ""source_node_id"": ""2477"", ""target_node_id"": ""2480""}], ""step_requirements"": [{""node_id"": ""2477"", ""algorithm_step_name"": ""Tabular Dataset Loading"", ""node_name"": ""马匹健康状况检测数据"", ""node_params"": {""table_name"": ""horse_health_outcomes_train"", ""target_column"": ""outcome""}, ""contrast_level"": 2, ""node_type"": ""io""}, {""node_id"": ""2480"", ""algorithm_step_name"": ""Naive Bayes"", ""node_name"": ""朴素贝叶斯分类器"", ""node_params"": {}, ""contrast_level"": 0, ""node_type"": ""model""}]}",0.6667
你的任务是根据怪物的骨骼长度、腐烂程度、无魂程度和其他特征数据，训练一个模型来区分怪物是食尸鬼、幽灵还是妖精。,0.5,12485,1259,67.07357740402222,5.58100700378418,23.340345859527588,26.254229307174683,11.897995233535768,"{""edges"": [{""edge_id"": ""62497"", ""source_node_id"": ""74233"", ""target_node_id"": ""2487""}], ""nodes"": [{""node_id"": ""74233"", ""widget_name"": ""SQL Table"", ""node_name"": ""训练数据"", ""node_params"": {""table_name"": ""mohs_hardness_train"", ""target_column"": ""Hardness""}, ""matched"": false}, {""node_id"": ""2487"", ""widget_name"": ""LightGBM"", ""node_name"": ""LightGBM分类器"", ""node_params"": {""boosting_type"": ""gbdt"", ""n_estimators"": 10, ""learning_rate"": 0.1, ""sampling_rate"": 0.1, ""max_depth_check"": false, ""max_depth"": 3, ""num_leaves_check"": false, ""num_leaves"": 31}, ""matched"": true}]}","{""dependency_requirements"": [{""edge_id"": ""2063"", ""source_node_id"": ""2485"", ""target_node_id"": ""2487""}], ""step_requirements"": [{""node_id"": ""2485"", ""algorithm_step_name"": ""Tabular Dataset Loading"", ""node_name"": ""怪物特征训练数据"", ""node_params"": {""table_name"": ""monster_train"", ""target_column"": ""type""}, ""contrast_level"": 2, ""node_type"": ""io""}, {""node_id"": ""2487"", ""algorithm_step_name"": ""LightGBM"", ""node_name"": ""LightGBM分类器"", ""node_params"": {}, ""contrast_level"": 0, ""node_type"": ""model""}]}",0.5
请根据旧金山所有社区近12年的犯罪报告，训练一个机器学习模型以预测犯罪类别。,1.0,16452,1214,62.41051363945007,5.744670629501343,22.166638374328613,26.6424241065979,7.856780529022217,"{""edges"": [{""edge_id"": ""62498"", ""source_node_id"": ""2488"", ""target_node_id"": ""74236""}, {""edge_id"": ""62499"", ""source_node_id"": ""74236"", ""target_node_id"": ""2491""}], ""nodes"": [{""node_id"": ""2488"", ""widget_name"": ""SQL Table"", ""node_name"": ""旧金山犯罪报告训练数据"", ""node_params"": {""table_name"": ""crime_category_train"", ""target_column"": ""category""}, ""matched"": true}, {""node_id"": ""74236"", ""widget_name"": ""One Hot Encoder"", ""node_name"": ""独热编码处理"", ""node_params"": {""encode_vars"": [""dayOfWeek"", ""pdDistrict""]}, ""matched"": false}, {""node_id"": ""2491"", ""widget_name"": ""Random Forest"", ""node_name"": ""随机森林模型"", ""node_params"": {""n_estimators"": 10, ""use_max_features"": false, ""max_features"": ""auto"", ""use_random_state"": false, ""use_max_depth"": false, ""max_depth"": 3, ""use_min_samples_split"": true, ""min_samples_split"": 2}, ""matched"": true}]}","{""dependency_requirements"": [{""edge_id"": ""2065"", ""source_node_id"": ""2488"", ""target_node_id"": ""2491""}], ""step_requirements"": [{""node_id"": ""2488"", ""algorithm_step_name"": ""Tabular Dataset Loading"", ""node_name"": ""旧金山社区犯罪报告数据"", ""node_params"": {""table_name"": ""crime_category_train"", ""target_column"": ""category""}, ""contrast_level"": 2, ""node_type"": ""io""}, {""node_id"": ""2491"", ""algorithm_step_name"": ""LightGBM"", ""node_name"": ""LightGBM分类器"", ""node_params"": {}, ""contrast_level"": 0, ""node_type"": ""model""}]}",0.8
请你构建一个模型，用于根据鲍鱼的各种物理测量数据来预测它的年龄。,1.0,12580,1217,64.71721148490906,5.086337566375732,20.60235333442688,28.49196934700012,10.536551237106323,"{""edges"": [{""edge_id"": ""62500"", ""source_node_id"": ""2493"", ""target_node_id"": ""74239""}, {""edge_id"": ""62501"", ""source_node_id"": ""74239"", ""target_node_id"": ""2496""}], ""nodes"": [{""node_id"": ""2493"", ""widget_name"": ""SQL Table"", ""node_name"": ""鲍鱼训练数据"", ""node_params"": {""table_name"": ""abalone_train"", ""target_column"": ""rings""}, ""matched"": true}, {""node_id"": ""74239"", ""widget_name"": ""One Hot Encoder"", ""node_name"": ""独热编码处理"", ""node_params"": {""encode_vars"": [""sex""]}, ""matched"": false}, {""node_id"": ""2496"", ""widget_name"": ""Linear Regression"", ""node_name"": ""线性回归模型"", ""node_params"": {""regression_type"": ""0""}, ""matched"": true}]}","{""dependency_requirements"": [{""edge_id"": ""2071"", ""source_node_id"": ""2493"", ""target_node_id"": ""2496""}], ""step_requirements"": [{""node_id"": ""2493"", ""algorithm_step_name"": ""Tabular Dataset Loading"", ""node_name"": ""鲍鱼物理测量数据训练集"", ""node_params"": {""table_name"": ""abalone_train"", ""target_column"": ""rings""}, ""contrast_level"": 2, ""node_type"": ""io""}, {""node_id"": ""2496"", ""algorithm_step_name"": ""XGBoost"", ""node_name"": ""XGBoost回归器"", ""node_params"": {}, ""contrast_level"": 0, ""node_type"": ""model""}]}",0.8
您的任务是训练一个机器学习模型，用于根据矿物莫氏硬度的相关特性，预测矿物的莫氏硬度。,1.0,11152,1242,67.32259678840637,5.44553017616272,22.456531763076782,27.010370016098022,12.410164833068848,"{""edges"": [{""edge_id"": ""62502"", ""source_node_id"": ""2498"", ""target_node_id"": ""2500""}], ""nodes"": [{""node_id"": ""2498"", ""widget_name"": ""SQL Table"", ""node_name"": ""矿物莫氏硬度训练数据"", ""node_params"": {""table_name"": ""mohs_hardness_train"", ""target_column"": ""Hardness""}, ""matched"": true}, {""node_id"": ""2500"", ""widget_name"": ""Random Forest"", ""node_name"": ""随机森林回归模型"", ""node_params"": {""n_estimators"": 10, ""use_max_features"": false, ""max_features"": ""auto"", ""use_random_state"": false, ""use_max_depth"": false, ""max_depth"": 3, ""use_min_samples_split"": true, ""min_samples_split"": 2}, ""matched"": true}]}","{""dependency_requirements"": [{""edge_id"": ""2076"", ""source_node_id"": ""2498"", ""target_node_id"": ""2500""}], ""step_requirements"": [{""node_id"": ""2498"", ""algorithm_step_name"": ""Tabular Dataset Loading"", ""node_name"": ""矿物莫氏硬度训练数据"", ""node_params"": {""table_name"": ""mohs_hardness_train"", ""target_column"": ""Hardness""}, ""contrast_level"": 2, ""node_type"": ""io""}, {""node_id"": ""2500"", ""algorithm_step_name"": ""XGBoost"", ""node_name"": ""XGBoost回归器"", ""node_params"": {}, ""contrast_level"": 0, ""node_type"": ""model""}]}",1.0
对于商业蟹农来说，了解螃蟹的适当年龄有助于他们决定是否以及何时收获螃蟹。超过一定蟹龄后，螃蟹身体特征的增长几乎可以忽略不计，因此，把握收获时机对降低成本和提高利润非常重要。现在，我需要你帮助我建立一个模型来预测螃蟹的年龄。,1.0,13325,1282,67.58381962776184,5.164802074432373,21.171954870224,29.453499794006348,11.79356288909912,"{""edges"": [{""edge_id"": ""62503"", ""source_node_id"": ""2504"", ""target_node_id"": ""74244""}, {""edge_id"": ""62504"", ""source_node_id"": ""74244"", ""target_node_id"": ""2506""}], ""nodes"": [{""node_id"": ""2504"", ""widget_name"": ""SQL Table"", ""node_name"": ""螃蟹训练数据"", ""node_params"": {""table_name"": ""crab_age_train"", ""target_column"": ""Age""}, ""matched"": true}, {""node_id"": ""74244"", ""widget_name"": ""One Hot Encoder"", ""node_name"": ""独热编码处理"", ""node_params"": {""encode_vars"": [""Sex""]}, ""matched"": false}, {""node_id"": ""2506"", ""widget_name"": ""Random Forest"", ""node_name"": ""随机森林回归模型"", ""node_params"": {""n_estimators"": 10, ""use_max_features"": false, ""max_features"": ""auto"", ""use_random_state"": false, ""use_max_depth"": false, ""max_depth"": 3, ""use_min_samples_split"": true, ""min_samples_split"": 2}, ""matched"": true}]}","{""dependency_requirements"": [{""edge_id"": ""2078"", ""source_node_id"": ""2504"", ""target_node_id"": ""2506""}], ""step_requirements"": [{""node_id"": ""2504"", ""algorithm_step_name"": ""Tabular Dataset Loading"", ""node_name"": ""螃蟹年龄训练数据"", ""node_params"": {""table_name"": ""crab_age_train"", ""target_column"": ""Age""}, ""contrast_level"": 2, ""node_type"": ""io""}, {""node_id"": ""2506"", ""algorithm_step_name"": ""XGBoost"", ""node_name"": ""XGBoost模型"", ""node_params"": {}, ""contrast_level"": 0, ""node_type"": ""model""}]}",0.8
您的任务是构建一个机器学习模型，帮助我预测野生蓝莓的产量。,1.0,11219,1377,73.35111927986145,5.4007861614227295,21.83813762664795,30.303170442581177,15.809025049209597,"{""edges"": [{""edge_id"": ""62505"", ""source_node_id"": ""2507"", ""target_node_id"": ""2509""}], ""nodes"": [{""node_id"": ""2507"", ""widget_name"": ""SQL Table"", ""node_name"": ""野生蓝莓产量训练数据"", ""node_params"": {""table_name"": ""wild_blueberry_yield_train"", ""target_column"": ""yield""}, ""matched"": true}, {""node_id"": ""2509"", ""widget_name"": ""Random Forest"", ""node_name"": ""随机森林回归模型"", ""node_params"": {""n_estimators"": 10, ""use_max_features"": false, ""max_features"": ""auto"", ""use_random_state"": false, ""use_max_depth"": false, ""max_depth"": 3, ""use_min_samples_split"": true, ""min_samples_split"": 2}, ""matched"": true}]}","{""dependency_requirements"": [{""edge_id"": ""2082"", ""source_node_id"": ""2507"", ""target_node_id"": ""2509""}], ""step_requirements"": [{""node_id"": ""2507"", ""algorithm_step_name"": ""Tabular Dataset Loading"", ""node_name"": ""野生蓝莓产量训练数据"", ""node_params"": {""table_name"": ""wild_blueberry_yield_train"", ""target_column"": ""yield""}, ""contrast_level"": 2, ""node_type"": ""io""}, {""node_id"": ""2509"", ""algorithm_step_name"": ""XGBoost"", ""node_name"": ""XGBoost模型"", ""node_params"": {}, ""contrast_level"": 0, ""node_type"": ""model""}]}",1.0
20 世纪 80 年代，Carden & Cherry 公司用欧内斯特的形象为便利食品超市做广告。您的任务是根据媒体宣传成本的训练数据去构建一个机器学习模型，帮助我们预测食品超市的媒体宣传成本。,1.0,9747,1287,70.13328886032104,5.233314275741577,20.348697423934937,29.51122784614563,15.0400493144989,"{""edges"": [{""edge_id"": ""62506"", ""source_node_id"": ""2510"", ""target_node_id"": ""2512""}], ""nodes"": [{""node_id"": ""2510"", ""widget_name"": ""SQL Table"", ""node_name"": ""媒体宣传成本训练数据"", ""node_params"": {""table_name"": ""media_campaign_cost_train"", ""target_column"": ""cost""}, ""matched"": true}, {""node_id"": ""2512"", ""widget_name"": ""Linear Regression"", ""node_name"": ""线性回归模型"", ""node_params"": {""regression_type"": ""0""}, ""matched"": true}]}","{""dependency_requirements"": [{""edge_id"": ""2086"", ""source_node_id"": ""2510"", ""target_node_id"": ""2512""}], ""step_requirements"": [{""node_id"": ""2510"", ""algorithm_step_name"": ""Tabular Dataset Loading"", ""node_name"": ""便利食品超市广告训练数据"", ""node_params"": {""table_name"": ""media_campaign_cost_train"", ""target_column"": ""cost""}, ""contrast_level"": 2, ""node_type"": ""io""}, {""node_id"": ""2512"", ""algorithm_step_name"": ""XGBoost"", ""node_name"": ""XGBoost模型"", ""node_params"": {}, ""contrast_level"": 0, ""node_type"": ""model""}]}",1.0
你的任务是根据银行客户的各种信息，如账户活动、服务使用情况等，构建一个能够预测客户是否会流失的机器学习模型。,1.0,13953,1354,71.49967432022095,4.477662324905396,22.008671283721924,31.642624139785767,13.37071657180786,"{""edges"": [{""edge_id"": ""62507"", ""source_node_id"": ""2416"", ""target_node_id"": ""74251""}, {""edge_id"": ""62508"", ""source_node_id"": ""74251"", ""target_node_id"": ""2418""}], ""nodes"": [{""node_id"": ""2416"", ""widget_name"": ""SQL Table"", ""node_name"": ""银行客户训练数据"", ""node_params"": {""table_name"": ""bank_customer_churn_train"", ""target_column"": ""Exited""}, ""matched"": true}, {""node_id"": ""74251"", ""widget_name"": ""One Hot Encoder"", ""node_name"": ""独热编码处理"", ""node_params"": {""encode_vars"": [""Geography"", ""Gender""]}, ""matched"": false}, {""node_id"": ""2418"", ""widget_name"": ""LightGBM"", ""node_name"": ""LightGBM分类器"", ""node_params"": {""boosting_type"": ""gbdt"", ""n_estimators"": 10, ""learning_rate"": 0.1, ""sampling_rate"": 0.1, ""max_depth_check"": false, ""max_depth"": 3, ""num_leaves_check"": false, ""num_leaves"": 31}, ""matched"": true}]}","{""dependency_requirements"": [{""edge_id"": ""2013"", ""source_node_id"": ""2416"", ""target_node_id"": ""2418""}], ""step_requirements"": [{""node_id"": ""2416"", ""algorithm_step_name"": ""Tabular Dataset Loading"", ""node_name"": ""银行客户训练数据"", ""node_params"": {""table_name"": ""bank_customer_churn_train"", ""target_column"": ""Exited""}, ""contrast_level"": 2, ""node_type"": ""io""}, {""node_id"": ""2418"", ""algorithm_step_name"": ""LightGBM"", ""node_name"": ""LightGBM分类器"", ""node_params"": {}, ""contrast_level"": 0, ""node_type"": ""model""}]}",0.8
请你使用生物信号相关检测数据来训练一个机器学习模型用于预测一个人是否为吸烟者。,1.0,10817,1497,81.25051736831665,5.257714033126831,22.73114013671875,33.8758282661438,19.38583493232727,"{""edges"": [{""edge_id"": ""62509"", ""source_node_id"": ""2424"", ""target_node_id"": ""2426""}], ""nodes"": [{""node_id"": ""2424"", ""widget_name"": ""SQL Table"", ""node_name"": ""生物信号相关检测训练数据"", ""node_params"": {""table_name"": ""smoker_status_bio_signals_train"", ""target_column"": ""smoking""}, ""matched"": true}, {""node_id"": ""2426"", ""widget_name"": ""Random Forest"", ""node_name"": ""随机森林模型"", ""node_params"": {""n_estimators"": 10, ""use_max_features"": false, ""max_features"": ""auto"", ""use_random_state"": false, ""use_max_depth"": false, ""max_depth"": 3, ""use_min_samples_split"": true, ""min_samples_split"": 2}, ""matched"": true}]}","{""dependency_requirements"": [{""edge_id"": ""2025"", ""source_node_id"": ""2424"", ""target_node_id"": ""2426""}], ""step_requirements"": [{""node_id"": ""2424"", ""algorithm_step_name"": ""Tabular Dataset Loading"", ""node_name"": ""生物信号训练数据"", ""node_params"": {""table_name"": ""smoker_status_bio_signals_train"", ""target_column"": ""smoking""}, ""contrast_level"": 2, ""node_type"": ""io""}, {""node_id"": ""2426"", ""algorithm_step_name"": ""Decision Tree Model"", ""node_name"": ""决策树分类器"", ""node_params"": {}, ""contrast_level"": 0, ""node_type"": ""model""}]}",1.0
你需要使用人类的肾结石相关指标数据，开发一个机器学习模型预测一个人是否患有肾结石。,0.5,9290,1160,61.09697365760803,5.260881185531616,22.406394958496094,24.031211376190186,9.398486137390137,"{""edges"": [{""edge_id"": ""62510"", ""source_node_id"": ""74255"", ""target_node_id"": ""2446""}], ""nodes"": [{""node_id"": ""74255"", ""widget_name"": ""SQL Table"", ""node_name"": ""肾结石相关指标训练数据"", ""node_params"": {""table_name"": ""kidney_stone_test"", ""target_column"": ""target""}, ""matched"": false}, {""node_id"": ""2446"", ""widget_name"": ""Logistic Regression"", ""node_name"": ""逻辑回归模型"", ""node_params"": {""C"": 1, ""penalty"": ""l2""}, ""matched"": true}]}","{""dependency_requirements"": [{""edge_id"": ""2032"", ""source_node_id"": ""2444"", ""target_node_id"": ""2446""}], ""step_requirements"": [{""node_id"": ""2444"", ""algorithm_step_name"": ""Tabular Dataset Loading"", ""node_name"": ""肾结石检查训练数据"", ""node_params"": {""table_name"": ""kidney_stone_train"", ""target_column"": ""target""}, ""contrast_level"": 2, ""node_type"": ""io""}, {""node_id"": ""2446"", ""algorithm_step_name"": ""LightGBM"", ""node_name"": ""LightGBM分类器"", ""node_params"": {}, ""contrast_level"": 0, ""node_type"": ""model""}]}",0.5
您的工作是建立一个机器学习模型，根据客户以往的酒店预定相关数据，预测客户是否会取消预订。,1.0,10653,1489,77.27759265899658,5.255908966064453,20.76820993423462,34.29625391960144,16.95721983909607,"{""edges"": [{""edge_id"": ""62511"", ""source_node_id"": ""2455"", ""target_node_id"": ""2461""}], ""nodes"": [{""node_id"": ""2455"", ""widget_name"": ""SQL Table"", ""node_name"": ""客户酒店预定训练数据"", ""node_params"": {""table_name"": ""reservation_cancellation_train"", ""target_column"": ""booking_status""}, ""matched"": true}, {""node_id"": ""2461"", ""widget_name"": ""Random Forest"", ""node_name"": ""随机森林模型"", ""node_params"": {""n_estimators"": 10, ""use_max_features"": false, ""max_features"": ""auto"", ""use_random_state"": false, ""use_max_depth"": false, ""max_depth"": 3, ""use_min_samples_split"": true, ""min_samples_split"": 2}, ""matched"": true}]}","{""dependency_requirements"": [{""edge_id"": ""2044"", ""source_node_id"": ""2455"", ""target_node_id"": ""2461""}], ""step_requirements"": [{""node_id"": ""2455"", ""algorithm_step_name"": ""Tabular Dataset Loading"", ""node_name"": ""酒店预订训练数据"", ""node_params"": {""table_name"": ""reservation_cancellation_train"", ""target_column"": ""booking_status""}, ""contrast_level"": 2, ""node_type"": ""io""}, {""node_id"": ""2461"", ""algorithm_step_name"": ""Decision Tree Model"", ""node_name"": ""Tree"", ""node_params"": {}, ""contrast_level"": 0, ""node_type"": ""model""}]}",1.0
你的目标是通过与肥胖相关的各种因素，如饮食、生活方式等数据，训练一个模型来预测个体的肥胖风险等级。,1.0,14331,1526,77.10249042510986,5.257862329483032,22.00435185432434,34.58371353149414,15.25656270980835,"{""edges"": [{""edge_id"": ""62512"", ""source_node_id"": ""2467"", ""target_node_id"": ""74260""}, {""edge_id"": ""62513"", ""source_node_id"": ""74260"", ""target_node_id"": ""2469""}], ""nodes"": [{""node_id"": ""2467"", ""widget_name"": ""SQL Table"", ""node_name"": ""肥胖相关训练数据"", ""node_params"": {""table_name"": ""obesity_cvd_risk_train"", ""target_column"": ""NObeyesdad""}, ""matched"": true}, {""node_id"": ""74260"", ""widget_name"": ""One Hot Encoder"", ""node_name"": ""独热编码处理"", ""node_params"": {""encode_vars"": [""Gender"", ""family_history_with_overweight"", ""FAVC"", ""CAEC"", ""SMOKE"", ""SCC"", ""CALC"", ""MTRANS""]}, ""matched"": false}, {""node_id"": ""2469"", ""widget_name"": ""Random Forest"", ""node_name"": ""随机森林模型"", ""node_params"": {""n_estimators"": 10, ""use_max_features"": false, ""max_features"": ""auto"", ""use_random_state"": false, ""use_max_depth"": false, ""max_depth"": 3, ""use_min_samples_split"": true, ""min_samples_split"": 2}, ""matched"": true}]}","{""dependency_requirements"": [{""edge_id"": ""2049"", ""source_node_id"": ""2467"", ""target_node_id"": ""2469""}], ""step_requirements"": [{""node_id"": ""2467"", ""algorithm_step_name"": ""Tabular Dataset Loading"", ""node_name"": ""肥胖风险训练数据"", ""node_params"": {""table_name"": ""obesity_cvd_risk_train"", ""target_column"": ""NObeyesdad""}, ""contrast_level"": 2, ""node_type"": ""io""}, {""node_id"": ""2469"", ""algorithm_step_name"": ""Gradient Boosting Decision Tree"", ""node_name"": ""梯度提升决策树"", ""node_params"": {}, ""contrast_level"": 0, ""node_type"": ""model""}]}",0.8
肝硬化是由于肝脏长期受损，导致广泛的瘢痕形成，通常是由于肝炎或长期饮酒等疾病引起的。我们正在进行一项关于原发性胆汁性肝硬化的研究。希望你能构建一个模型，利用 17 种临床特征预测肝硬化患者的生存状态。,1.0,15981,1714,83.52441430091858,5.727941751480103,24.3218801021576,36.95441222190857,16.520180225372314,"{""edges"": [{""edge_id"": ""62514"", ""source_node_id"": ""2470"", ""target_node_id"": ""74263""}, {""edge_id"": ""62515"", ""source_node_id"": ""74263"", ""target_node_id"": ""2472""}], ""nodes"": [{""node_id"": ""2470"", ""widget_name"": ""SQL Table"", ""node_name"": ""原发性胆汁性肝硬化训练数据"", ""node_params"": {""table_name"": ""cirrhosis_patient_train"", ""target_column"": ""Status""}, ""matched"": true}, {""node_id"": ""74263"", ""widget_name"": ""One Hot Encoder"", ""node_name"": ""独热编码处理"", ""node_params"": {""encode_vars"": [""Drug"", ""Sex"", ""Ascites"", ""Hepatomegaly"", ""Spiders"", ""Edema""]}, ""matched"": false}, {""node_id"": ""2472"", ""widget_name"": ""LightGBM"", ""node_name"": ""LightGBM分类器"", ""node_params"": {""boosting_type"": ""gbdt"", ""n_estimators"": 10, ""learning_rate"": 0.1, ""sampling_rate"": 0.1, ""max_depth_check"": false, ""max_depth"": 3, ""num_leaves_check"": false, ""num_leaves"": 31}, ""matched"": true}]}","{""dependency_requirements"": [{""edge_id"": ""2051"", ""source_node_id"": ""2470"", ""target_node_id"": ""2472""}], ""step_requirements"": [{""node_id"": ""2470"", ""algorithm_step_name"": ""Tabular Dataset Loading"", ""node_name"": ""原发性胆汁性肝硬化训练数据"", ""node_params"": {""table_name"": ""cirrhosis_patient_train"", ""target_column"": ""Status""}, ""contrast_level"": 2, ""node_type"": ""io""}, {""node_id"": ""2472"", ""algorithm_step_name"": ""XGBoost"", ""node_name"": ""XGBoost"", ""node_params"": {}, ""contrast_level"": 0, ""node_type"": ""model""}]}",0.8
你的目标是训练一个机器学习模型，根据马匹健康状况的各项指标检测数据，预测马匹的健康状况。,1.0,17704,1411,71.0236177444458,5.407758951187134,23.006982564926147,31.926798343658447,10.682077884674072,"{""edges"": [{""edge_id"": ""62516"", ""source_node_id"": ""2477"", ""target_node_id"": ""74266""}, {""edge_id"": ""62517"", ""source_node_id"": ""74266"", ""target_node_id"": ""74267""}, {""edge_id"": ""62518"", ""source_node_id"": ""74267"", ""target_node_id"": ""2480""}], ""nodes"": [{""node_id"": ""2477"", ""widget_name"": ""SQL Table"", ""node_name"": ""马匹健康状况训练数据"", ""node_params"": {""table_name"": ""horse_health_outcomes_train"", ""target_column"": ""outcome""}, ""matched"": true}, {""node_id"": ""74266"", ""widget_name"": ""Impute"", ""node_name"": ""缺失值处理"", ""node_params"": {""method"": 1}, ""matched"": false}, {""node_id"": ""74267"", ""widget_name"": ""One Hot Encoder"", ""node_name"": ""独热编码处理"", ""node_params"": {""encode_vars"": [""surgery"", ""peripheral_pulse"", ""mucous_membrane"", ""capillary_refill_time""]}, ""matched"": false}, {""node_id"": ""2480"", ""widget_name"": ""Random Forest"", ""node_name"": ""随机森林模型"", ""node_params"": {""n_estimators"": 10, ""use_max_features"": false, ""max_features"": ""auto"", ""use_random_state"": false, ""use_max_depth"": false, ""max_depth"": 3, ""use_min_samples_split"": true, ""min_samples_split"": 2}, ""matched"": true}]}","{""dependency_requirements"": [{""edge_id"": ""2055"", ""source_node_id"": ""2477"", ""target_node_id"": ""2480""}], ""step_requirements"": [{""node_id"": ""2477"", ""algorithm_step_name"": ""Tabular Dataset Loading"", ""node_name"": ""马匹健康状况检测数据"", ""node_params"": {""table_name"": ""horse_health_outcomes_train"", ""target_column"": ""outcome""}, ""contrast_level"": 2, ""node_type"": ""io""}, {""node_id"": ""2480"", ""algorithm_step_name"": ""Naive Bayes"", ""node_name"": ""朴素贝叶斯分类器"", ""node_params"": {}, ""contrast_level"": 0, ""node_type"": ""model""}]}",0.6667
你的任务是根据怪物的骨骼长度、腐烂程度、无魂程度和其他特征数据，训练一个模型来区分怪物是食尸鬼、幽灵还是妖精。,0.5,12455,1242,66.33837056159973,5.581379652023315,22.72558879852295,26.12877440452576,11.90262770652771,"{""edges"": [{""edge_id"": ""62519"", ""source_node_id"": ""74269"", ""target_node_id"": ""2487""}], ""nodes"": [{""node_id"": ""74269"", ""widget_name"": ""SQL Table"", ""node_name"": ""训练数据"", ""node_params"": {""table_name"": ""mohs_hardness_train"", ""target_column"": ""Hardness""}, ""matched"": false}, {""node_id"": ""2487"", ""widget_name"": ""Random Forest"", ""node_name"": ""随机森林模型"", ""node_params"": {""n_estimators"": 10, ""use_max_features"": false, ""max_features"": ""auto"", ""use_random_state"": false, ""use_max_depth"": false, ""max_depth"": 3, ""use_min_samples_split"": true, ""min_samples_split"": 2}, ""matched"": true}]}","{""dependency_requirements"": [{""edge_id"": ""2063"", ""source_node_id"": ""2485"", ""target_node_id"": ""2487""}], ""step_requirements"": [{""node_id"": ""2485"", ""algorithm_step_name"": ""Tabular Dataset Loading"", ""node_name"": ""怪物特征训练数据"", ""node_params"": {""table_name"": ""monster_train"", ""target_column"": ""type""}, ""contrast_level"": 2, ""node_type"": ""io""}, {""node_id"": ""2487"", ""algorithm_step_name"": ""LightGBM"", ""node_name"": ""LightGBM分类器"", ""node_params"": {}, ""contrast_level"": 0, ""node_type"": ""model""}]}",0.5
请根据旧金山所有社区近12年的犯罪报告，训练一个机器学习模型以预测犯罪类别。,1.0,16467,1270,64.00126576423645,5.74719762802124,23.753396034240723,26.655319690704346,7.845352411270142,"{""edges"": [{""edge_id"": ""62520"", ""source_node_id"": ""2488"", ""target_node_id"": ""74272""}, {""edge_id"": ""62521"", ""source_node_id"": ""74272"", ""target_node_id"": ""2491""}], ""nodes"": [{""node_id"": ""2488"", ""widget_name"": ""SQL Table"", ""node_name"": ""旧金山犯罪报告训练数据"", ""node_params"": {""table_name"": ""crime_category_train"", ""target_column"": ""category""}, ""matched"": true}, {""node_id"": ""74272"", ""widget_name"": ""One Hot Encoder"", ""node_name"": ""独热编码处理"", ""node_params"": {""encode_vars"": [""dayOfWeek"", ""pdDistrict""]}, ""matched"": false}, {""node_id"": ""2491"", ""widget_name"": ""Random Forest"", ""node_name"": ""随机森林模型"", ""node_params"": {""n_estimators"": 10, ""use_max_features"": false, ""max_features"": ""auto"", ""use_random_state"": false, ""use_max_depth"": false, ""max_depth"": 3, ""use_min_samples_split"": true, ""min_samples_split"": 2}, ""matched"": true}]}","{""dependency_requirements"": [{""edge_id"": ""2065"", ""source_node_id"": ""2488"", ""target_node_id"": ""2491""}], ""step_requirements"": [{""node_id"": ""2488"", ""algorithm_step_name"": ""Tabular Dataset Loading"", ""node_name"": ""旧金山社区犯罪报告数据"", ""node_params"": {""table_name"": ""crime_category_train"", ""target_column"": ""category""}, ""contrast_level"": 2, ""node_type"": ""io""}, {""node_id"": ""2491"", ""algorithm_step_name"": ""LightGBM"", ""node_name"": ""LightGBM分类器"", ""node_params"": {}, ""contrast_level"": 0, ""node_type"": ""model""}]}",0.8
请你构建一个模型，用于根据鲍鱼的各种物理测量数据来预测它的年龄。,1.0,12585,1221,64.92263507843018,5.0848352909088135,20.87668013572693,28.45996284484864,10.5011568069458,"{""edges"": [{""edge_id"": ""62522"", ""source_node_id"": ""2493"", ""target_node_id"": ""74275""}, {""edge_id"": ""62523"", ""source_node_id"": ""74275"", ""target_node_id"": ""2496""}], ""nodes"": [{""node_id"": ""2493"", ""widget_name"": ""SQL Table"", ""node_name"": ""鲍鱼训练数据"", ""node_params"": {""table_name"": ""abalone_train"", ""target_column"": ""rings""}, ""matched"": true}, {""node_id"": ""74275"", ""widget_name"": ""One Hot Encoder"", ""node_name"": ""独热编码处理"", ""node_params"": {""encode_vars"": [""sex""]}, ""matched"": false}, {""node_id"": ""2496"", ""widget_name"": ""Linear Regression"", ""node_name"": ""线性回归模型"", ""node_params"": {""regression_type"": ""0""}, ""matched"": true}]}","{""dependency_requirements"": [{""edge_id"": ""2071"", ""source_node_id"": ""2493"", ""target_node_id"": ""2496""}], ""step_requirements"": [{""node_id"": ""2493"", ""algorithm_step_name"": ""Tabular Dataset Loading"", ""node_name"": ""鲍鱼物理测量数据训练集"", ""node_params"": {""table_name"": ""abalone_train"", ""target_column"": ""rings""}, ""contrast_level"": 2, ""node_type"": ""io""}, {""node_id"": ""2496"", ""algorithm_step_name"": ""XGBoost"", ""node_name"": ""XGBoost回归器"", ""node_params"": {}, ""contrast_level"": 0, ""node_type"": ""model""}]}",0.8
您的任务是训练一个机器学习模型，用于根据矿物莫氏硬度的相关特性，预测矿物的莫氏硬度。,1.0,11071,1209,65.83131551742554,5.459176778793335,20.986368656158447,26.96568965911865,12.420080423355104,"{""edges"": [{""edge_id"": ""62524"", ""source_node_id"": ""2498"", ""target_node_id"": ""2500""}], ""nodes"": [{""node_id"": ""2498"", ""widget_name"": ""SQL Table"", ""node_name"": ""矿物莫氏硬度训练数据"", ""node_params"": {""table_name"": ""mohs_hardness_train"", ""target_column"": ""Hardness""}, ""matched"": true}, {""node_id"": ""2500"", ""widget_name"": ""Linear Regression"", ""node_name"": ""线性回归模型"", ""node_params"": {""regression_type"": ""0""}, ""matched"": true}]}","{""dependency_requirements"": [{""edge_id"": ""2076"", ""source_node_id"": ""2498"", ""target_node_id"": ""2500""}], ""step_requirements"": [{""node_id"": ""2498"", ""algorithm_step_name"": ""Tabular Dataset Loading"", ""node_name"": ""矿物莫氏硬度训练数据"", ""node_params"": {""table_name"": ""mohs_hardness_train"", ""target_column"": ""Hardness""}, ""contrast_level"": 2, ""node_type"": ""io""}, {""node_id"": ""2500"", ""algorithm_step_name"": ""XGBoost"", ""node_name"": ""XGBoost回归器"", ""node_params"": {}, ""contrast_level"": 0, ""node_type"": ""model""}]}",1.0
对于商业蟹农来说，了解螃蟹的适当年龄有助于他们决定是否以及何时收获螃蟹。超过一定蟹龄后，螃蟹身体特征的增长几乎可以忽略不计，因此，把握收获时机对降低成本和提高利润非常重要。现在，我需要你帮助我建立一个模型来预测螃蟹的年龄。,1.0,13151,1233,66.3545355796814,5.170793294906616,20.127047300338745,29.33513069152832,11.721564292907717,"{""edges"": [{""edge_id"": ""62525"", ""source_node_id"": ""2504"", ""target_node_id"": ""74280""}, {""edge_id"": ""62526"", ""source_node_id"": ""74280"", ""target_node_id"": ""2506""}], ""nodes"": [{""node_id"": ""2504"", ""widget_name"": ""SQL Table"", ""node_name"": ""螃蟹训练数据"", ""node_params"": {""table_name"": ""crab_age_train"", ""target_column"": ""Age""}, ""matched"": true}, {""node_id"": ""74280"", ""widget_name"": ""One Hot Encoder"", ""node_name"": ""独热编码处理"", ""node_params"": {""encode_vars"": [""Sex""]}, ""matched"": false}, {""node_id"": ""2506"", ""widget_name"": ""Linear Regression"", ""node_name"": ""线性回归模型"", ""node_params"": {""regression_type"": ""0""}, ""matched"": true}]}","{""dependency_requirements"": [{""edge_id"": ""2078"", ""source_node_id"": ""2504"", ""target_node_id"": ""2506""}], ""step_requirements"": [{""node_id"": ""2504"", ""algorithm_step_name"": ""Tabular Dataset Loading"", ""node_name"": ""螃蟹年龄训练数据"", ""node_params"": {""table_name"": ""crab_age_train"", ""target_column"": ""Age""}, ""contrast_level"": 2, ""node_type"": ""io""}, {""node_id"": ""2506"", ""algorithm_step_name"": ""XGBoost"", ""node_name"": ""XGBoost模型"", ""node_params"": {}, ""contrast_level"": 0, ""node_type"": ""model""}]}",0.8
您的任务是构建一个机器学习模型，帮助我预测野生蓝莓的产量。,1.0,11203,1368,73.4347677230835,5.405821084976196,21.59834289550781,30.47263646125793,15.957967281341553,"{""edges"": [{""edge_id"": ""62527"", ""source_node_id"": ""2507"", ""target_node_id"": ""2509""}], ""nodes"": [{""node_id"": ""2507"", ""widget_name"": ""SQL Table"", ""node_name"": ""野生蓝莓产量训练数据"", ""node_params"": {""table_name"": ""wild_blueberry_yield_train"", ""target_column"": ""yield""}, ""matched"": true}, {""node_id"": ""2509"", ""widget_name"": ""Random Forest"", ""node_name"": ""随机森林回归模型"", ""node_params"": {""n_estimators"": 10, ""use_max_features"": false, ""max_features"": ""auto"", ""use_random_state"": false, ""use_max_depth"": false, ""max_depth"": 3, ""use_min_samples_split"": true, ""min_samples_split"": 2}, ""matched"": true}]}","{""dependency_requirements"": [{""edge_id"": ""2082"", ""source_node_id"": ""2507"", ""target_node_id"": ""2509""}], ""step_requirements"": [{""node_id"": ""2507"", ""algorithm_step_name"": ""Tabular Dataset Loading"", ""node_name"": ""野生蓝莓产量训练数据"", ""node_params"": {""table_name"": ""wild_blueberry_yield_train"", ""target_column"": ""yield""}, ""contrast_level"": 2, ""node_type"": ""io""}, {""node_id"": ""2509"", ""algorithm_step_name"": ""XGBoost"", ""node_name"": ""XGBoost模型"", ""node_params"": {}, ""contrast_level"": 0, ""node_type"": ""model""}]}",1.0
20 世纪 80 年代，Carden & Cherry 公司用欧内斯特的形象为便利食品超市做广告。您的任务是根据媒体宣传成本的训练数据去构建一个机器学习模型，帮助我们预测食品超市的媒体宣传成本。,1.0,9751,1288,70.08675384521484,5.244216203689575,20.334996938705444,29.48777985572815,15.019760847091677,"{""edges"": [{""edge_id"": ""62528"", ""source_node_id"": ""2510"", ""target_node_id"": ""2512""}], ""nodes"": [{""node_id"": ""2510"", ""widget_name"": ""SQL Table"", ""node_name"": ""媒体宣传成本训练数据"", ""node_params"": {""table_name"": ""media_campaign_cost_train"", ""target_column"": ""cost""}, ""matched"": true}, {""node_id"": ""2512"", ""widget_name"": ""Linear Regression"", ""node_name"": ""线性回归模型"", ""node_params"": {""regression_type"": ""0""}, ""matched"": true}]}","{""dependency_requirements"": [{""edge_id"": ""2086"", ""source_node_id"": ""2510"", ""target_node_id"": ""2512""}], ""step_requirements"": [{""node_id"": ""2510"", ""algorithm_step_name"": ""Tabular Dataset Loading"", ""node_name"": ""便利食品超市广告训练数据"", ""node_params"": {""table_name"": ""media_campaign_cost_train"", ""target_column"": ""cost""}, ""contrast_level"": 2, ""node_type"": ""io""}, {""node_id"": ""2512"", ""algorithm_step_name"": ""XGBoost"", ""node_name"": ""XGBoost模型"", ""node_params"": {}, ""contrast_level"": 0, ""node_type"": ""model""}]}",1.0
你的任务是根据银行客户的各种信息，如账户活动、服务使用情况等，构建一个能够预测客户是否会流失的机器学习模型。,1.0,13928,1345,71.14080047607422,4.4743170738220215,21.58832263946533,31.711009740829468,13.367151021957396,"{""edges"": [{""edge_id"": ""62529"", ""source_node_id"": ""2416"", ""target_node_id"": ""74287""}, {""edge_id"": ""62530"", ""source_node_id"": ""74287"", ""target_node_id"": ""2418""}], ""nodes"": [{""node_id"": ""2416"", ""widget_name"": ""SQL Table"", ""node_name"": ""银行客户训练数据"", ""node_params"": {""table_name"": ""bank_customer_churn_train"", ""target_column"": ""Exited""}, ""matched"": true}, {""node_id"": ""74287"", ""widget_name"": ""One Hot Encoder"", ""node_name"": ""独热编码处理"", ""node_params"": {""encode_vars"": [""Geography"", ""Gender""]}, ""matched"": false}, {""node_id"": ""2418"", ""widget_name"": ""LightGBM"", ""node_name"": ""LightGBM分类器"", ""node_params"": {""boosting_type"": ""gbdt"", ""n_estimators"": 10, ""learning_rate"": 0.1, ""sampling_rate"": 0.1, ""max_depth_check"": false, ""max_depth"": 3, ""num_leaves_check"": false, ""num_leaves"": 31}, ""matched"": true}]}","{""dependency_requirements"": [{""edge_id"": ""2013"", ""source_node_id"": ""2416"", ""target_node_id"": ""2418""}], ""step_requirements"": [{""node_id"": ""2416"", ""algorithm_step_name"": ""Tabular Dataset Loading"", ""node_name"": ""银行客户训练数据"", ""node_params"": {""table_name"": ""bank_customer_churn_train"", ""target_column"": ""Exited""}, ""contrast_level"": 2, ""node_type"": ""io""}, {""node_id"": ""2418"", ""algorithm_step_name"": ""LightGBM"", ""node_name"": ""LightGBM分类器"", ""node_params"": {}, ""contrast_level"": 0, ""node_type"": ""model""}]}",0.8
请你使用生物信号相关检测数据来训练一个机器学习模型用于预测一个人是否为吸烟者。,1.0,10817,1486,80.09457659721375,5.238566637039185,21.556767225265503,33.90600538253784,19.393237352371216,"{""edges"": [{""edge_id"": ""62531"", ""source_node_id"": ""2424"", ""target_node_id"": ""2426""}], ""nodes"": [{""node_id"": ""2424"", ""widget_name"": ""SQL Table"", ""node_name"": ""生物信号相关检测训练数据"", ""node_params"": {""table_name"": ""smoker_status_bio_signals_train"", ""target_column"": ""smoking""}, ""matched"": true}, {""node_id"": ""2426"", ""widget_name"": ""Random Forest"", ""node_name"": ""随机森林模型"", ""node_params"": {""n_estimators"": 10, ""use_max_features"": false, ""max_features"": ""auto"", ""use_random_state"": false, ""use_max_depth"": false, ""max_depth"": 3, ""use_min_samples_split"": true, ""min_samples_split"": 2}, ""matched"": true}]}","{""dependency_requirements"": [{""edge_id"": ""2025"", ""source_node_id"": ""2424"", ""target_node_id"": ""2426""}], ""step_requirements"": [{""node_id"": ""2424"", ""algorithm_step_name"": ""Tabular Dataset Loading"", ""node_name"": ""生物信号训练数据"", ""node_params"": {""table_name"": ""smoker_status_bio_signals_train"", ""target_column"": ""smoking""}, ""contrast_level"": 2, ""node_type"": ""io""}, {""node_id"": ""2426"", ""algorithm_step_name"": ""Decision Tree Model"", ""node_name"": ""决策树分类器"", ""node_params"": {}, ""contrast_level"": 0, ""node_type"": ""model""}]}",1.0
你需要使用人类的肾结石相关指标数据，开发一个机器学习模型预测一个人是否患有肾结石。,0.5,9298,1177,61.40177226066589,5.251996994018555,22.75992703437805,24.01456928253174,9.375278949737549,"{""edges"": [{""edge_id"": ""62532"", ""source_node_id"": ""74291"", ""target_node_id"": ""2446""}], ""nodes"": [{""node_id"": ""74291"", ""widget_name"": ""SQL Table"", ""node_name"": ""肾结石相关指标训练数据"", ""node_params"": {""table_name"": ""kidney_stone_test"", ""target_column"": ""target""}, ""matched"": false}, {""node_id"": ""2446"", ""widget_name"": ""Logistic Regression"", ""node_name"": ""逻辑回归模型"", ""node_params"": {""C"": 1, ""penalty"": ""l2""}, ""matched"": true}]}","{""dependency_requirements"": [{""edge_id"": ""2032"", ""source_node_id"": ""2444"", ""target_node_id"": ""2446""}], ""step_requirements"": [{""node_id"": ""2444"", ""algorithm_step_name"": ""Tabular Dataset Loading"", ""node_name"": ""肾结石检查训练数据"", ""node_params"": {""table_name"": ""kidney_stone_train"", ""target_column"": ""target""}, ""contrast_level"": 2, ""node_type"": ""io""}, {""node_id"": ""2446"", ""algorithm_step_name"": ""LightGBM"", ""node_name"": ""LightGBM分类器"", ""node_params"": {}, ""contrast_level"": 0, ""node_type"": ""model""}]}",0.5
您的工作是建立一个机器学习模型，根据客户以往的酒店预定相关数据，预测客户是否会取消预订。,1.0,10657,1493,78.15233516693115,5.257297992706299,21.395875930786133,34.42473483085632,17.074426412582397,"{""edges"": [{""edge_id"": ""62533"", ""source_node_id"": ""2455"", ""target_node_id"": ""2461""}], ""nodes"": [{""node_id"": ""2455"", ""widget_name"": ""SQL Table"", ""node_name"": ""客户酒店预定训练数据"", ""node_params"": {""table_name"": ""reservation_cancellation_train"", ""target_column"": ""booking_status""}, ""matched"": true}, {""node_id"": ""2461"", ""widget_name"": ""Random Forest"", ""node_name"": ""随机森林模型"", ""node_params"": {""n_estimators"": 10, ""use_max_features"": false, ""max_features"": ""auto"", ""use_random_state"": false, ""use_max_depth"": false, ""max_depth"": 3, ""use_min_samples_split"": true, ""min_samples_split"": 2}, ""matched"": true}]}","{""dependency_requirements"": [{""edge_id"": ""2044"", ""source_node_id"": ""2455"", ""target_node_id"": ""2461""}], ""step_requirements"": [{""node_id"": ""2455"", ""algorithm_step_name"": ""Tabular Dataset Loading"", ""node_name"": ""酒店预订训练数据"", ""node_params"": {""table_name"": ""reservation_cancellation_train"", ""target_column"": ""booking_status""}, ""contrast_level"": 2, ""node_type"": ""io""}, {""node_id"": ""2461"", ""algorithm_step_name"": ""Decision Tree Model"", ""node_name"": ""Tree"", ""node_params"": {}, ""contrast_level"": 0, ""node_type"": ""model""}]}",1.0
你的目标是通过与肥胖相关的各种因素，如饮食、生活方式等数据，训练一个模型来预测个体的肥胖风险等级。,1.0,14614,1506,76.88821697235107,5.2551429271698,22.513750553131104,33.832693338394165,15.286630153656006,"{""edges"": [{""edge_id"": ""62534"", ""source_node_id"": ""2467"", ""target_node_id"": ""74296""}, {""edge_id"": ""62535"", ""source_node_id"": ""74296"", ""target_node_id"": ""2469""}], ""nodes"": [{""node_id"": ""2467"", ""widget_name"": ""SQL Table"", ""node_name"": ""肥胖相关训练数据"", ""node_params"": {""table_name"": ""obesity_cvd_risk_train"", ""target_column"": ""NObeyesdad""}, ""matched"": true}, {""node_id"": ""74296"", ""widget_name"": ""One Hot Encoder"", ""node_name"": ""独热编码处理"", ""node_params"": {""encode_vars"": [""Gender"", ""CAEC"", ""CALC"", ""MTRANS""]}, ""matched"": false}, {""node_id"": ""2469"", ""widget_name"": ""LightGBM"", ""node_name"": ""LightGBM分类器"", ""node_params"": {""boosting_type"": ""gbdt"", ""n_estimators"": 10, ""learning_rate"": 0.1, ""sampling_rate"": 0.1, ""max_depth_check"": false, ""max_depth"": 3, ""num_leaves_check"": false, ""num_leaves"": 31}, ""matched"": true}]}","{""dependency_requirements"": [{""edge_id"": ""2049"", ""source_node_id"": ""2467"", ""target_node_id"": ""2469""}], ""step_requirements"": [{""node_id"": ""2467"", ""algorithm_step_name"": ""Tabular Dataset Loading"", ""node_name"": ""肥胖风险训练数据"", ""node_params"": {""table_name"": ""obesity_cvd_risk_train"", ""target_column"": ""NObeyesdad""}, ""contrast_level"": 2, ""node_type"": ""io""}, {""node_id"": ""2469"", ""algorithm_step_name"": ""Gradient Boosting Decision Tree"", ""node_name"": ""梯度提升决策树"", ""node_params"": {}, ""contrast_level"": 0, ""node_type"": ""model""}]}",0.8
肝硬化是由于肝脏长期受损，导致广泛的瘢痕形成，通常是由于肝炎或长期饮酒等疾病引起的。我们正在进行一项关于原发性胆汁性肝硬化的研究。希望你能构建一个模型，利用 17 种临床特征预测肝硬化患者的生存状态。,1.0,15984,1718,83.38300919532776,5.731501340866089,24.381076335906982,36.90785765647888,16.362573862075806,"{""edges"": [{""edge_id"": ""62536"", ""source_node_id"": ""2470"", ""target_node_id"": ""74299""}, {""edge_id"": ""62537"", ""source_node_id"": ""74299"", ""target_node_id"": ""2472""}], ""nodes"": [{""node_id"": ""2470"", ""widget_name"": ""SQL Table"", ""node_name"": ""原发性胆汁性肝硬化训练数据"", ""node_params"": {""table_name"": ""cirrhosis_patient_train"", ""target_column"": ""Status""}, ""matched"": true}, {""node_id"": ""74299"", ""widget_name"": ""One Hot Encoder"", ""node_name"": ""独热编码处理"", ""node_params"": {""encode_vars"": [""Drug"", ""Sex"", ""Ascites"", ""Hepatomegaly"", ""Spiders"", ""Edema"", ""Stage""]}, ""matched"": false}, {""node_id"": ""2472"", ""widget_name"": ""LightGBM"", ""node_name"": ""LightGBM分类器"", ""node_params"": {""boosting_type"": ""gbdt"", ""n_estimators"": 10, ""learning_rate"": 0.1, ""sampling_rate"": 0.1, ""max_depth_check"": false, ""max_depth"": 3, ""num_leaves_check"": false, ""num_leaves"": 31}, ""matched"": true}]}","{""dependency_requirements"": [{""edge_id"": ""2051"", ""source_node_id"": ""2470"", ""target_node_id"": ""2472""}], ""step_requirements"": [{""node_id"": ""2470"", ""algorithm_step_name"": ""Tabular Dataset Loading"", ""node_name"": ""原发性胆汁性肝硬化训练数据"", ""node_params"": {""table_name"": ""cirrhosis_patient_train"", ""target_column"": ""Status""}, ""contrast_level"": 2, ""node_type"": ""io""}, {""node_id"": ""2472"", ""algorithm_step_name"": ""XGBoost"", ""node_name"": ""XGBoost"", ""node_params"": {}, ""contrast_level"": 0, ""node_type"": ""model""}]}",0.8
你的目标是训练一个机器学习模型，根据马匹健康状况的各项指标检测数据，预测马匹的健康状况。,1.0,17686,1449,71.17416214942932,5.403071403503418,23.20812702178955,31.898922443389893,10.66404128074646,"{""edges"": [{""edge_id"": ""62538"", ""source_node_id"": ""2477"", ""target_node_id"": ""74302""}, {""edge_id"": ""62539"", ""source_node_id"": ""74302"", ""target_node_id"": ""74303""}, {""edge_id"": ""62540"", ""source_node_id"": ""74303"", ""target_node_id"": ""2480""}], ""nodes"": [{""node_id"": ""2477"", ""widget_name"": ""SQL Table"", ""node_name"": ""马匹健康状况训练数据"", ""node_params"": {""table_name"": ""horse_health_outcomes_train"", ""target_column"": ""outcome""}, ""matched"": true}, {""node_id"": ""74302"", ""widget_name"": ""Impute"", ""node_name"": ""缺失值处理"", ""node_params"": {""method"": 1}, ""matched"": false}, {""node_id"": ""74303"", ""widget_name"": ""One Hot Encoder"", ""node_name"": ""独热编码处理"", ""node_params"": {""encode_vars"": [""surgery"", ""peripheral_pulse"", ""mucous_membrane"", ""capillary_refill_time""]}, ""matched"": false}, {""node_id"": ""2480"", ""widget_name"": ""Random Forest"", ""node_name"": ""随机森林模型"", ""node_params"": {""n_estimators"": 10, ""use_max_features"": false, ""max_features"": ""auto"", ""use_random_state"": false, ""use_max_depth"": false, ""max_depth"": 3, ""use_min_samples_split"": true, ""min_samples_split"": 2}, ""matched"": true}]}","{""dependency_requirements"": [{""edge_id"": ""2055"", ""source_node_id"": ""2477"", ""target_node_id"": ""2480""}], ""step_requirements"": [{""node_id"": ""2477"", ""algorithm_step_name"": ""Tabular Dataset Loading"", ""node_name"": ""马匹健康状况检测数据"", ""node_params"": {""table_name"": ""horse_health_outcomes_train"", ""target_column"": ""outcome""}, ""contrast_level"": 2, ""node_type"": ""io""}, {""node_id"": ""2480"", ""algorithm_step_name"": ""Naive Bayes"", ""node_name"": ""朴素贝叶斯分类器"", ""node_params"": {}, ""contrast_level"": 0, ""node_type"": ""model""}]}",0.6667
你的任务是根据怪物的骨骼长度、腐烂程度、无魂程度和其他特征数据，训练一个模型来区分怪物是食尸鬼、幽灵还是妖精。,0.5,12449,1263,66.63264203071594,5.578874349594116,23.012967348098755,26.193176984786987,11.847623348236084,"{""edges"": [{""edge_id"": ""62541"", ""source_node_id"": ""74305"", ""target_node_id"": ""2487""}], ""nodes"": [{""node_id"": ""74305"", ""widget_name"": ""SQL Table"", ""node_name"": ""训练数据"", ""node_params"": {""table_name"": ""mohs_hardness_train"", ""target_column"": ""Hardness""}, ""matched"": false}, {""node_id"": ""2487"", ""widget_name"": ""LightGBM"", ""node_name"": ""LightGBM分类器"", ""node_params"": {""boosting_type"": ""gbdt"", ""n_estimators"": 10, ""learning_rate"": 0.1, ""sampling_rate"": 0.1, ""max_depth_check"": false, ""max_depth"": 3, ""num_leaves_check"": false, ""num_leaves"": 31}, ""matched"": true}]}","{""dependency_requirements"": [{""edge_id"": ""2063"", ""source_node_id"": ""2485"", ""target_node_id"": ""2487""}], ""step_requirements"": [{""node_id"": ""2485"", ""algorithm_step_name"": ""Tabular Dataset Loading"", ""node_name"": ""怪物特征训练数据"", ""node_params"": {""table_name"": ""monster_train"", ""target_column"": ""type""}, ""contrast_level"": 2, ""node_type"": ""io""}, {""node_id"": ""2487"", ""algorithm_step_name"": ""LightGBM"", ""node_name"": ""LightGBM分类器"", ""node_params"": {}, ""contrast_level"": 0, ""node_type"": ""model""}]}",0.5
请根据旧金山所有社区近12年的犯罪报告，训练一个机器学习模型以预测犯罪类别。,1.0,16477,1228,63.38509917259216,5.74433159828186,22.90479326248169,26.77038097381592,7.965593338012695,"{""edges"": [{""edge_id"": ""62542"", ""source_node_id"": ""2488"", ""target_node_id"": ""74308""}, {""edge_id"": ""62543"", ""source_node_id"": ""74308"", ""target_node_id"": ""2491""}], ""nodes"": [{""node_id"": ""2488"", ""widget_name"": ""SQL Table"", ""node_name"": ""旧金山犯罪报告训练数据"", ""node_params"": {""table_name"": ""crime_category_train"", ""target_column"": ""category""}, ""matched"": true}, {""node_id"": ""74308"", ""widget_name"": ""One Hot Encoder"", ""node_name"": ""独热编码处理"", ""node_params"": {""encode_vars"": [""dayOfWeek"", ""pdDistrict""]}, ""matched"": false}, {""node_id"": ""2491"", ""widget_name"": ""Random Forest"", ""node_name"": ""随机森林模型"", ""node_params"": {""n_estimators"": 10, ""use_max_features"": false, ""max_features"": ""auto"", ""use_random_state"": false, ""use_max_depth"": false, ""max_depth"": 3, ""use_min_samples_split"": true, ""min_samples_split"": 2}, ""matched"": true}]}","{""dependency_requirements"": [{""edge_id"": ""2065"", ""source_node_id"": ""2488"", ""target_node_id"": ""2491""}], ""step_requirements"": [{""node_id"": ""2488"", ""algorithm_step_name"": ""Tabular Dataset Loading"", ""node_name"": ""旧金山社区犯罪报告数据"", ""node_params"": {""table_name"": ""crime_category_train"", ""target_column"": ""category""}, ""contrast_level"": 2, ""node_type"": ""io""}, {""node_id"": ""2491"", ""algorithm_step_name"": ""LightGBM"", ""node_name"": ""LightGBM分类器"", ""node_params"": {}, ""contrast_level"": 0, ""node_type"": ""model""}]}",0.8
请你构建一个模型，用于根据鲍鱼的各种物理测量数据来预测它的年龄。,1.0,12764,1250,65.47891187667847,5.090656280517578,21.37394618988037,28.507299423217773,10.507009983062744,"{""edges"": [{""edge_id"": ""62544"", ""source_node_id"": ""2493"", ""target_node_id"": ""74311""}, {""edge_id"": ""62545"", ""source_node_id"": ""74311"", ""target_node_id"": ""2496""}], ""nodes"": [{""node_id"": ""2493"", ""widget_name"": ""SQL Table"", ""node_name"": ""鲍鱼训练数据"", ""node_params"": {""table_name"": ""abalone_train"", ""target_column"": ""rings""}, ""matched"": true}, {""node_id"": ""74311"", ""widget_name"": ""One Hot Encoder"", ""node_name"": ""独热编码处理"", ""node_params"": {""encode_vars"": [""sex""]}, ""matched"": false}, {""node_id"": ""2496"", ""widget_name"": ""Random Forest"", ""node_name"": ""随机森林回归模型"", ""node_params"": {""n_estimators"": 10, ""use_max_features"": false, ""max_features"": ""auto"", ""use_random_state"": false, ""use_max_depth"": false, ""max_depth"": 3, ""use_min_samples_split"": true, ""min_samples_split"": 2}, ""matched"": true}]}","{""dependency_requirements"": [{""edge_id"": ""2071"", ""source_node_id"": ""2493"", ""target_node_id"": ""2496""}], ""step_requirements"": [{""node_id"": ""2493"", ""algorithm_step_name"": ""Tabular Dataset Loading"", ""node_name"": ""鲍鱼物理测量数据训练集"", ""node_params"": {""table_name"": ""abalone_train"", ""target_column"": ""rings""}, ""contrast_level"": 2, ""node_type"": ""io""}, {""node_id"": ""2496"", ""algorithm_step_name"": ""XGBoost"", ""node_name"": ""XGBoost回归器"", ""node_params"": {}, ""contrast_level"": 0, ""node_type"": ""model""}]}",0.8
您的任务是训练一个机器学习模型，用于根据矿物莫氏硬度的相关特性，预测矿物的莫氏硬度。,1.0,11191,1193,65.29063320159912,5.4556310176849365,20.5675950050354,26.91083240509033,12.356574773788452,"{""edges"": [{""edge_id"": ""62546"", ""source_node_id"": ""2498"", ""target_node_id"": ""2500""}], ""nodes"": [{""node_id"": ""2498"", ""widget_name"": ""SQL Table"", ""node_name"": ""矿物莫氏硬度训练数据"", ""node_params"": {""table_name"": ""mohs_hardness_train"", ""target_column"": ""Hardness""}, ""matched"": true}, {""node_id"": ""2500"", ""widget_name"": ""Linear Regression"", ""node_name"": ""线性回归模型"", ""node_params"": {""regression_type"": ""0""}, ""matched"": true}]}","{""dependency_requirements"": [{""edge_id"": ""2076"", ""source_node_id"": ""2498"", ""target_node_id"": ""2500""}], ""step_requirements"": [{""node_id"": ""2498"", ""algorithm_step_name"": ""Tabular Dataset Loading"", ""node_name"": ""矿物莫氏硬度训练数据"", ""node_params"": {""table_name"": ""mohs_hardness_train"", ""target_column"": ""Hardness""}, ""contrast_level"": 2, ""node_type"": ""io""}, {""node_id"": ""2500"", ""algorithm_step_name"": ""XGBoost"", ""node_name"": ""XGBoost回归器"", ""node_params"": {}, ""contrast_level"": 0, ""node_type"": ""model""}]}",1.0
对于商业蟹农来说，了解螃蟹的适当年龄有助于他们决定是否以及何时收获螃蟹。超过一定蟹龄后，螃蟹身体特征的增长几乎可以忽略不计，因此，把握收获时机对降低成本和提高利润非常重要。现在，我需要你帮助我建立一个模型来预测螃蟹的年龄。,1.0,13310,1225,65.97913265228271,5.170788764953613,19.67419719696045,29.381776809692383,11.75236988067627,"{""edges"": [{""edge_id"": ""62547"", ""source_node_id"": ""2504"", ""target_node_id"": ""74316""}, {""edge_id"": ""62548"", ""source_node_id"": ""74316"", ""target_node_id"": ""2506""}], ""nodes"": [{""node_id"": ""2504"", ""widget_name"": ""SQL Table"", ""node_name"": ""螃蟹训练数据"", ""node_params"": {""table_name"": ""crab_age_train"", ""target_column"": ""Age""}, ""matched"": true}, {""node_id"": ""74316"", ""widget_name"": ""One Hot Encoder"", ""node_name"": ""独热编码处理"", ""node_params"": {""encode_vars"": [""Sex""]}, ""matched"": false}, {""node_id"": ""2506"", ""widget_name"": ""Random Forest"", ""node_name"": ""随机森林回归模型"", ""node_params"": {""n_estimators"": 10, ""use_max_features"": false, ""max_features"": ""auto"", ""use_random_state"": false, ""use_max_depth"": false, ""max_depth"": 3, ""use_min_samples_split"": true, ""min_samples_split"": 2}, ""matched"": true}]}","{""dependency_requirements"": [{""edge_id"": ""2078"", ""source_node_id"": ""2504"", ""target_node_id"": ""2506""}], ""step_requirements"": [{""node_id"": ""2504"", ""algorithm_step_name"": ""Tabular Dataset Loading"", ""node_name"": ""螃蟹年龄训练数据"", ""node_params"": {""table_name"": ""crab_age_train"", ""target_column"": ""Age""}, ""contrast_level"": 2, ""node_type"": ""io""}, {""node_id"": ""2506"", ""algorithm_step_name"": ""XGBoost"", ""node_name"": ""XGBoost模型"", ""node_params"": {}, ""contrast_level"": 0, ""node_type"": ""model""}]}",0.8
您的任务是构建一个机器学习模型，帮助我预测野生蓝莓的产量。,1.0,11046,1322,71.94138956069946,5.406022787094116,20.52046227455139,30.2405903339386,15.774314165115356,"{""edges"": [{""edge_id"": ""62549"", ""source_node_id"": ""2507"", ""target_node_id"": ""2509""}], ""nodes"": [{""node_id"": ""2507"", ""widget_name"": ""SQL Table"", ""node_name"": ""野生蓝莓产量训练数据"", ""node_params"": {""table_name"": ""wild_blueberry_yield_train"", ""target_column"": ""yield""}, ""matched"": true}, {""node_id"": ""2509"", ""widget_name"": ""Linear Regression"", ""node_name"": ""线性回归模型"", ""node_params"": {""regression_type"": ""0""}, ""matched"": true}]}","{""dependency_requirements"": [{""edge_id"": ""2082"", ""source_node_id"": ""2507"", ""target_node_id"": ""2509""}], ""step_requirements"": [{""node_id"": ""2507"", ""algorithm_step_name"": ""Tabular Dataset Loading"", ""node_name"": ""野生蓝莓产量训练数据"", ""node_params"": {""table_name"": ""wild_blueberry_yield_train"", ""target_column"": ""yield""}, ""contrast_level"": 2, ""node_type"": ""io""}, {""node_id"": ""2509"", ""algorithm_step_name"": ""XGBoost"", ""node_name"": ""XGBoost模型"", ""node_params"": {}, ""contrast_level"": 0, ""node_type"": ""model""}]}",1.0
20 世纪 80 年代，Carden & Cherry 公司用欧内斯特的形象为便利食品超市做广告。您的任务是根据媒体宣传成本的训练数据去构建一个机器学习模型，帮助我们预测食品超市的媒体宣传成本。,1.0,9747,1288,70.73929166793823,5.234454870223999,21.0181884765625,29.487770080566406,14.998878240585327,"{""edges"": [{""edge_id"": ""62550"", ""source_node_id"": ""2510"", ""target_node_id"": ""2512""}], ""nodes"": [{""node_id"": ""2510"", ""widget_name"": ""SQL Table"", ""node_name"": ""媒体宣传成本训练数据"", ""node_params"": {""table_name"": ""media_campaign_cost_train"", ""target_column"": ""cost""}, ""matched"": true}, {""node_id"": ""2512"", ""widget_name"": ""Linear Regression"", ""node_name"": ""线性回归模型"", ""node_params"": {""regression_type"": ""0""}, ""matched"": true}]}","{""dependency_requirements"": [{""edge_id"": ""2086"", ""source_node_id"": ""2510"", ""target_node_id"": ""2512""}], ""step_requirements"": [{""node_id"": ""2510"", ""algorithm_step_name"": ""Tabular Dataset Loading"", ""node_name"": ""便利食品超市广告训练数据"", ""node_params"": {""table_name"": ""media_campaign_cost_train"", ""target_column"": ""cost""}, ""contrast_level"": 2, ""node_type"": ""io""}, {""node_id"": ""2512"", ""algorithm_step_name"": ""XGBoost"", ""node_name"": ""XGBoost模型"", ""node_params"": {}, ""contrast_level"": 0, ""node_type"": ""model""}]}",1.0
