instruction,rcr,input_tokens,output_tokens,times,time_task_decomposition,time_widget_retrieval,time_operation_sequence_generation,time_data_retrieval,workflow,requirements,wgf1
我需要你使用银行信用贷款的训练数据，构建一个能够预测客户是否会流失的随机森林模型。然后，用这个模型对测试数据进行预测，并把预测结果保存下来，最后展示预测结果的混淆矩阵,0.9091,15038,1571,0,0,0,0,0,"{""edges"": [{""edge_id"": ""20057"", ""source_node_id"": ""2561"", ""target_node_id"": ""26307""}, {""edge_id"": ""20058"", ""source_node_id"": ""2562"", ""target_node_id"": ""26308""}, {""edge_id"": ""20059"", ""source_node_id"": ""26307"", ""target_node_id"": ""26309""}, {""edge_id"": ""20060"", ""source_node_id"": ""26308"", ""target_node_id"": ""26310""}, {""edge_id"": ""20061"", ""source_node_id"": ""26309"", ""target_node_id"": ""2565""}, {""edge_id"": ""20062"", ""source_node_id"": ""26310"", ""target_node_id"": ""2567""}, {""edge_id"": ""20063"", ""source_node_id"": ""2565"", ""target_node_id"": ""2567""}, {""edge_id"": ""20064"", ""source_node_id"": ""2567"", ""target_node_id"": ""2568""}, {""edge_id"": ""20065"", ""source_node_id"": ""2567"", ""target_node_id"": ""2569""}], ""nodes"": [{""node_id"": ""2561"", ""widget_name"": ""SQL Table"", ""node_name"": ""银行信用贷款训练数据"", ""node_params"": {""table_name"": ""bank_customer_churn_train"", ""target_column"": ""Exited""}, ""matched"": true}, {""node_id"": ""2562"", ""widget_name"": ""SQL Table"", ""node_name"": ""银行信用贷款测试数据"", ""node_params"": {""table_name"": ""bank_customer_churn_test"", ""target_column"": ""Exited""}, ""matched"": true}, {""node_id"": ""26307"", ""widget_name"": ""Impute"", ""node_name"": ""训练数据缺失值处理"", ""node_params"": {""method"": 2}, ""matched"": false}, {""node_id"": ""26308"", ""widget_name"": ""Impute"", ""node_name"": ""测试数据缺失值处理"", ""node_params"": {""method"": 2}, ""matched"": false}, {""node_id"": ""26309"", ""widget_name"": ""One Hot Encoder"", ""node_name"": ""训练数据独热编码"", ""node_params"": {""encode_vars"": [""has_cr_card"", ""is_active_member""]}, ""matched"": false}, {""node_id"": ""26310"", ""widget_name"": ""One Hot Encoder"", ""node_name"": ""测试数据独热编码"", ""node_params"": {""encode_vars"": [""has_cr_card"", ""is_active_member""]}, ""matched"": false}, {""node_id"": ""2565"", ""widget_name"": ""Random Forest"", ""node_name"": ""随机森林模型"", ""node_params"": {""n_estimators"": 100, ""use_max_features"": true, ""max_features"": ""auto"", ""use_random_state"": true, ""use_max_depth"": true, ""max_depth"": 10, ""use_min_samples_split"": true, ""min_samples_split"": 2}, ""matched"": true}, {""node_id"": ""2567"", ""widget_name"": ""Predictions"", ""node_name"": ""预测"", ""node_params"": {""output_attrs"": true, ""output_predictions"": true, ""output_probabilities"": true}, ""matched"": true}, {""node_id"": ""2568"", ""widget_name"": ""Save Data"", ""node_name"": ""保存预测结果"", ""node_params"": {}, ""matched"": true}, {""node_id"": ""2569"", ""widget_name"": ""Confusion Matrix"", ""node_name"": ""混淆矩阵"", ""node_params"": {}, ""matched"": true}]}","{""dependency_requirements"": [{""edge_id"": ""2111"", ""source_node_id"": ""2561"", ""target_node_id"": ""2565""}, {""edge_id"": ""2112"", ""source_node_id"": ""2562"", ""target_node_id"": ""2567""}, {""edge_id"": ""2113"", ""source_node_id"": ""2565"", ""target_node_id"": ""2567""}, {""edge_id"": ""2114"", ""source_node_id"": ""2567"", ""target_node_id"": ""2568""}, {""edge_id"": ""2116"", ""source_node_id"": ""2568"", ""target_node_id"": ""2569""}], ""step_requirements"": [{""node_id"": ""2561"", ""algorithm_step_name"": ""Tabular Dataset Loading"", ""node_name"": ""银行信用贷款训练数据"", ""node_params"": {""table_name"": ""bank_customer_churn_train"", ""target_column"": ""Exited""}, ""contrast_level"": 2, ""node_type"": ""io""}, {""node_id"": ""2562"", ""algorithm_step_name"": ""Tabular Dataset Loading"", ""node_name"": ""银行信用贷款测试数据"", ""node_params"": {""table_name"": ""bank_customer_churn_test"", ""target_column"": ""Exited""}, ""contrast_level"": 2, ""node_type"": ""io""}, {""node_id"": ""2565"", ""algorithm_step_name"": ""Random Forest"", ""node_name"": ""随机森林模型"", ""node_params"": {}, ""contrast_level"": 1, ""node_type"": ""model""}, {""node_id"": ""2567"", ""algorithm_step_name"": ""Test Dataset Predictions"", ""node_name"": ""预测结果"", ""node_params"": {""output_attrs"": true, ""output_predictions"": true, ""output_probabilities"": true}, ""contrast_level"": 2, ""node_type"": ""predict""}, {""node_id"": ""2568"", ""algorithm_step_name"": ""Save Data"", ""node_name"": ""保存预测结果"", ""node_params"": {}, ""contrast_level"": 1, ""node_type"": ""io""}, {""node_id"": ""2569"", ""algorithm_step_name"": ""Confusion Matrix"", ""node_name"": ""混淆矩阵"", ""node_params"": {}, ""contrast_level"": 1, ""node_type"": ""visualize""}]}",0.625
请你使用生物信号训练数据集来预测个体是否为吸烟者，你的最终目标是建立一个能够准确判断个体吸烟状态的XGboost模型，学习率使用0.1，学习器使用DART模型。,0.5,13293,647,0,0,0,0,0,"{""edges"": [{""edge_id"": ""20066"", ""source_node_id"": ""26315"", ""target_node_id"": ""26316""}, {""edge_id"": ""20067"", ""source_node_id"": ""26316"", ""target_node_id"": ""26317""}, {""edge_id"": ""20068"", ""source_node_id"": ""26317"", ""target_node_id"": ""26318""}, {""edge_id"": ""20069"", ""source_node_id"": ""26318"", ""target_node_id"": ""2572""}, {""edge_id"": ""20070"", ""source_node_id"": ""26318"", ""target_node_id"": ""26320""}, {""edge_id"": ""20072"", ""source_node_id"": ""2572"", ""target_node_id"": ""26320""}], ""nodes"": [{""node_id"": ""26315"", ""widget_name"": ""File"", ""node_name"": ""文件加载"", ""node_params"": {""type"": ""sample"", ""filename"": ""heart_disease.csv""}, ""matched"": false}, {""node_id"": ""26316"", ""widget_name"": ""Impute"", ""node_name"": ""缺失值处理"", ""node_params"": {""method"": 2}, ""matched"": false}, {""node_id"": ""26317"", ""widget_name"": ""One Hot Encoder"", ""node_name"": ""独热编码"", ""node_params"": {""encode_vars"": [""cp"", ""fbs"", ""restecg"", ""exang"", ""slope"", ""ca"", ""thal""]}, ""matched"": false}, {""node_id"": ""26318"", ""widget_name"": ""Data Sampler"", ""node_name"": ""数据划分"", ""node_params"": {""sampling_type"": 0, ""percentage"": 20, ""n_samples"": 15, ""replacement"": false, ""n_folds"": 10, ""selected_folds"": 1, ""replicable"": false, ""stratified"": false}, ""matched"": false}, {""node_id"": ""2572"", ""widget_name"": ""XGBoost"", ""node_name"": ""XGBoost模型"", ""node_params"": {""booster"": ""dart"", ""learning_rate"": 0.1, ""gamma"": 0, ""max_depth"": 6, ""min_child_widget"": 1, ""max_delta_step"": 0, ""subsample"": 1, ""sampling_method"": ""uniform"", ""lambda"": 1, ""alpha"": 0, ""tree_method"": ""auto"", ""scale_pos_weight"": 1, ""updater"": ""grow_colmaker"", ""process_type"": ""default"", ""grow_policy"": ""depthwise""}, ""matched"": true}, {""node_id"": ""26320"", ""widget_name"": ""Test & Score"", ""node_name"": ""测试评估"", ""node_params"": {}, ""matched"": false}]}","{""dependency_requirements"": [{""edge_id"": ""2117"", ""source_node_id"": ""2570"", ""target_node_id"": ""2572""}], ""step_requirements"": [{""node_id"": ""2570"", ""algorithm_step_name"": ""Tabular Dataset Loading"", ""node_name"": ""生物信号训练数据"", ""node_params"": {""table_name"": ""smoker_status_bio_signals_train"", ""target_column"": ""smoking""}, ""contrast_level"": 2, ""node_type"": ""io""}, {""node_id"": ""2572"", ""algorithm_step_name"": ""XGBoost"", ""node_name"": ""XGBoost模型"", ""node_params"": {""booster"": ""dart"", ""learning_rate"": 0.1, ""gamma"": 0, ""max_depth"": 6, ""min_child_widget"": 1, ""max_delta_step"": 0, ""subsample"": 1, ""sampling_method"": ""uniform"", ""lambda"": 1, ""alpha"": 0, ""tree_method"": ""auto"", ""scale_pos_weight"": 1, ""updater"": ""grow_colmaker"", ""process_type"": ""default"", ""grow_policy"": ""depthwise""}, ""contrast_level"": 2, ""node_type"": ""model""}]}",0.25
你需要使用人类的肾结石相关指标数据，开发一个机器学习模型预测一个人是否患有肾结石。我需要你在模型训练之前，加一步数据划分的数据处理，最后还要用划分后的验证集对模型进行评估。,0.8571,13457,173,0,0,0,0,0,"{""edges"": [{""edge_id"": ""20073"", ""source_node_id"": ""26321"", ""target_node_id"": ""2578""}, {""edge_id"": ""20074"", ""source_node_id"": ""2578"", ""target_node_id"": ""26323""}, {""edge_id"": ""20075"", ""source_node_id"": ""26323"", ""target_node_id"": ""2579""}, {""edge_id"": ""20076"", ""source_node_id"": ""2578"", ""target_node_id"": ""2580""}, {""edge_id"": ""20078"", ""source_node_id"": ""2579"", ""target_node_id"": ""2580""}], ""nodes"": [{""node_id"": ""26321"", ""widget_name"": ""File"", ""node_name"": ""文件加载"", ""node_params"": {""type"": ""sample"", ""filename"": ""kidney_stones.csv""}, ""matched"": false}, {""node_id"": ""2578"", ""widget_name"": ""Data Sampler"", ""node_name"": ""数据划分"", ""node_params"": {""sampling_type"": 0, ""percentage"": 10, ""n_samples"": 15, ""replacement"": false, ""n_folds"": 10, ""selected_folds"": 1, ""replicable"": false, ""stratified"": false}, ""matched"": true}, {""node_id"": ""26323"", ""widget_name"": ""One Hot Encoder"", ""node_name"": ""独热编码"", ""node_params"": {""encode_vars"": []}, ""matched"": false}, {""node_id"": ""2579"", ""widget_name"": ""XGBoost"", ""node_name"": ""XGBoost"", ""node_params"": {""booster"": ""gbtree"", ""learning_rate"": 0.3, ""gamma"": 0, ""max_depth"": 6, ""min_child_widget"": 1, ""max_delta_step"": 0, ""subsample"": 1, ""sampling_method"": ""uniform"", ""lambda"": 1, ""alpha"": 0, ""tree_method"": ""auto"", ""scale_pos_weight"": 1, ""updater"": ""grow_colmaker"", ""process_type"": ""default"", ""grow_policy"": ""depthwise""}, ""matched"": true}, {""node_id"": ""2580"", ""widget_name"": ""Test & Score"", ""node_name"": ""模型评估"", ""node_params"": {}, ""matched"": true}]}","{""dependency_requirements"": [{""edge_id"": ""2119"", ""source_node_id"": ""2577"", ""target_node_id"": ""2578""}, {""edge_id"": ""2120"", ""source_node_id"": ""2578"", ""target_node_id"": ""2579""}, {""edge_id"": ""2121"", ""source_node_id"": ""2578"", ""target_node_id"": ""2580""}, {""edge_id"": ""2123"", ""source_node_id"": ""2579"", ""target_node_id"": ""2580""}], ""step_requirements"": [{""node_id"": ""2577"", ""algorithm_step_name"": ""Tabular Dataset Loading"", ""node_name"": ""肾结石指标训练数据"", ""node_params"": {""table_name"": ""kidney_stone_train"", ""target_column"": ""target""}, ""contrast_level"": 2, ""node_type"": ""io""}, {""node_id"": ""2578"", ""algorithm_step_name"": ""Dataset Division"", ""node_name"": ""数据划分"", ""node_params"": {}, ""contrast_level"": 1, ""node_type"": ""preprocess""}, {""node_id"": ""2579"", ""algorithm_step_name"": ""LightGBM"", ""node_name"": ""LightGBM分类器"", ""node_params"": {}, ""contrast_level"": 0, ""node_type"": ""model""}, {""node_id"": ""2580"", ""algorithm_step_name"": ""Model Evaluate"", ""node_name"": ""模型评估"", ""node_params"": {}, ""contrast_level"": 2, ""node_type"": ""evaluate""}]}",0.6667
你的目标是帮助我的酒店更好地预判客户是否会取消预订。你首先要加载酒店预定的训练数据和测试数据，用训练数据训练一个LightGBM模型，然后用LightGBM模型对酒店预定的测试数据进行预测，最后将预测结果保存。,0.7143,14130,369,0,0,0,0,0,"{""edges"": [{""edge_id"": ""20079"", ""source_node_id"": ""26326"", ""target_node_id"": ""2586""}, {""edge_id"": ""20080"", ""source_node_id"": ""26327"", ""target_node_id"": ""2587""}, {""edge_id"": ""20081"", ""source_node_id"": ""2586"", ""target_node_id"": ""2587""}, {""edge_id"": ""20082"", ""source_node_id"": ""2587"", ""target_node_id"": ""2588""}], ""nodes"": [{""node_id"": ""26326"", ""widget_name"": ""File"", ""node_name"": ""加载训练数据"", ""node_params"": {""type"": ""sample"", ""filename"": ""hotel_bookings_train.csv""}, ""matched"": false}, {""node_id"": ""26327"", ""widget_name"": ""File"", ""node_name"": ""加载测试数据"", ""node_params"": {""type"": ""sample"", ""filename"": ""hotel_bookings_test.csv""}, ""matched"": false}, {""node_id"": ""2586"", ""widget_name"": ""LightGBM"", ""node_name"": ""LightGBM模型"", ""node_params"": {""boosting_type"": ""gbdt"", ""n_estimators"": 10, ""learning_rate"": 0.1, ""sampling_rate"": 0.1, ""max_depth_check"": false, ""max_depth"": 3, ""num_leaves_check"": false, ""num_leaves"": 31}, ""matched"": true}, {""node_id"": ""2587"", ""widget_name"": ""Predictions"", ""node_name"": ""预测"", ""node_params"": {""output_attrs"": true, ""output_predictions"": true, ""output_probabilities"": true}, ""matched"": true}, {""node_id"": ""2588"", ""widget_name"": ""Save Data"", ""node_name"": ""保存预测结果"", ""node_params"": {}, ""matched"": true}]}","{""dependency_requirements"": [{""edge_id"": ""2129"", ""source_node_id"": ""2586"", ""target_node_id"": ""2587""}, {""edge_id"": ""2130"", ""source_node_id"": ""2587"", ""target_node_id"": ""2588""}, {""edge_id"": ""2131"", ""source_node_id"": ""2583"", ""target_node_id"": ""2589""}, {""edge_id"": ""2133"", ""source_node_id"": ""2582"", ""target_node_id"": ""2586""}], ""step_requirements"": [{""node_id"": ""2582"", ""algorithm_step_name"": ""Tabular Dataset Loading"", ""node_name"": ""酒店预定训练数据"", ""node_params"": {""table_name"": ""reservation_cancellation_train"", ""target_column"": ""booking_status""}, ""contrast_level"": 2, ""node_type"": ""io""}, {""node_id"": ""2583"", ""algorithm_step_name"": ""Tabular Dataset Loading"", ""node_name"": ""酒店预定测试数据"", ""node_params"": {""table_name"": ""reservation_cancellation_test"", ""target_column"": ""booking_status""}, ""contrast_level"": 2, ""node_type"": ""io""}, {""node_id"": ""2586"", ""algorithm_step_name"": ""LightGBM"", ""node_name"": ""LightGBM模型"", ""node_params"": {}, ""contrast_level"": 1, ""node_type"": ""model""}, {""node_id"": ""2587"", ""algorithm_step_name"": ""Test Dataset Predictions"", ""node_name"": ""预测"", ""node_params"": {""output_attrs"": true, ""output_predictions"": true, ""output_probabilities"": true}, ""contrast_level"": 2, ""node_type"": ""predict""}, {""node_id"": ""2588"", ""algorithm_step_name"": ""Save Data"", ""node_name"": ""保存预测结果"", ""node_params"": {}, ""contrast_level"": 2, ""node_type"": ""io""}]}",0.6
你的目标是通过与肥胖相关的各种因素，如饮食、生活方式等数据，训练一个模型来预测个体的肥胖风险等级。特征工程处理时，我需要你进行特征构建和特征选择。,0.8333,14516,720,0,0,0,0,0,"{""edges"": [{""edge_id"": ""20083"", ""source_node_id"": ""2594"", ""target_node_id"": ""2597""}, {""edge_id"": ""20084"", ""source_node_id"": ""2597"", ""target_node_id"": ""2598""}], ""nodes"": [{""node_id"": ""2594"", ""widget_name"": ""SQL Table"", ""node_name"": ""肥胖数据加载"", ""node_params"": {""table_name"": ""obesity_cvd_risk_train"", ""target_column"": ""NObeyesdad""}, ""matched"": true}, {""node_id"": ""2597"", ""widget_name"": ""Feature Constructor"", ""node_name"": ""特征构建"", ""node_params"": {""expressions"": [{""key"": 0, ""name"": ""Diet_Exercise_Ratio"", ""expression"": ""Diet / Exercise"", ""type"": 2, ""image"": ""N"", ""categories"": ""A, B""}]}, ""matched"": true}, {""node_id"": ""2598"", ""widget_name"": ""Select Best N Attributes"", ""node_name"": ""特征选择"", ""node_params"": {""n"": 5}, ""matched"": true}]}","{""dependency_requirements"": [{""edge_id"": ""2139"", ""source_node_id"": ""2594"", ""target_node_id"": ""2597""}, {""edge_id"": ""2140"", ""source_node_id"": ""2597"", ""target_node_id"": ""2598""}, {""edge_id"": ""2141"", ""source_node_id"": ""2598"", ""target_node_id"": ""2599""}], ""step_requirements"": [{""node_id"": ""2594"", ""algorithm_step_name"": ""Tabular Dataset Loading"", ""node_name"": ""肥胖风险训练数据"", ""node_params"": {""table_name"": ""obesity_cvd_risk_train"", ""target_column"": ""NObeyesdad""}, ""contrast_level"": 2, ""node_type"": ""io""}, {""node_id"": ""2597"", ""algorithm_step_name"": ""Feature Construction"", ""node_name"": ""特征构建处理"", ""node_params"": {}, ""contrast_level"": 1, ""node_type"": ""feature engineering""}, {""node_id"": ""2598"", ""algorithm_step_name"": ""Feature Selection"", ""node_name"": ""自动特征选择处理"", ""node_params"": {}, ""contrast_level"": 1, ""node_type"": ""feature engineering""}, {""node_id"": ""2599"", ""algorithm_step_name"": ""XGBoost"", ""node_name"": ""XGBoost分类器"", ""node_params"": {}, ""contrast_level"": 0, ""node_type"": ""model""}]}",0.8571
你的目标是构建一个机器学习模型，用于预测肝硬化患者的生存状态。我需要你在处理完数据集之后将数据集划分为训练集和验证集，以便最后用划分的训练数据对模型进行训练，用验证数据对模型进行评估。,0.8571,13583,446,0,0,0,0,0,"{""edges"": [{""edge_id"": ""20085"", ""source_node_id"": ""26334"", ""target_node_id"": ""26335""}, {""edge_id"": ""20086"", ""source_node_id"": ""26335"", ""target_node_id"": ""2610""}, {""edge_id"": ""20087"", ""source_node_id"": ""2610"", ""target_node_id"": ""2611""}, {""edge_id"": ""20088"", ""source_node_id"": ""2610"", ""target_node_id"": ""2612""}, {""edge_id"": ""20090"", ""source_node_id"": ""2611"", ""target_node_id"": ""2612""}], ""nodes"": [{""node_id"": ""26334"", ""widget_name"": ""File"", ""node_name"": ""文件加载"", ""node_params"": {""type"": ""sample"", ""filename"": ""heart_disease.csv""}, ""matched"": false}, {""node_id"": ""26335"", ""widget_name"": ""Impute"", ""node_name"": ""缺失值处理"", ""node_params"": {""method"": 2}, ""matched"": false}, {""node_id"": ""2610"", ""widget_name"": ""Data Sampler"", ""node_name"": ""数据划分"", ""node_params"": {""sampling_type"": 0, ""percentage"": 20, ""n_samples"": 15, ""replacement"": false, ""n_folds"": 10, ""selected_folds"": 1, ""replicable"": false, ""stratified"": false}, ""matched"": true}, {""node_id"": ""2611"", ""widget_name"": ""XGBoost"", ""node_name"": ""XGBoost模型"", ""node_params"": {""booster"": ""gbtree"", ""learning_rate"": 0.3, ""gamma"": 0, ""max_depth"": 6, ""min_child_widget"": 1, ""max_delta_step"": 0, ""subsample"": 1, ""sampling_method"": ""uniform"", ""lambda"": 1, ""alpha"": 0, ""tree_method"": ""auto"", ""scale_pos_weight"": 1, ""updater"": ""grow_colmaker"", ""process_type"": ""default"", ""grow_policy"": ""depthwise""}, ""matched"": true}, {""node_id"": ""2612"", ""widget_name"": ""Test & Score"", ""node_name"": ""模型评估"", ""node_params"": {}, ""matched"": true}]}","{""dependency_requirements"": [{""edge_id"": ""2148"", ""source_node_id"": ""2607"", ""target_node_id"": ""2610""}, {""edge_id"": ""2152"", ""source_node_id"": ""2610"", ""target_node_id"": ""2611""}, {""edge_id"": ""2152"", ""source_node_id"": ""2610"", ""target_node_id"": ""2612""}, {""edge_id"": ""2154"", ""source_node_id"": ""2611"", ""target_node_id"": ""2612""}], ""step_requirements"": [{""node_id"": ""2607"", ""algorithm_step_name"": ""Tabular Dataset Loading"", ""node_name"": ""肝硬化患者生存状态训练数据"", ""node_params"": {""table_name"": ""cirrhosis_patient_train"", ""target_column"": ""Status""}, ""contrast_level"": 2, ""node_type"": ""io""}, {""node_id"": ""2610"", ""algorithm_step_name"": ""Dataset Division"", ""node_name"": ""数据划分"", ""node_params"": {}, ""contrast_level"": 1, ""node_type"": ""preprocess""}, {""node_id"": ""2611"", ""algorithm_step_name"": ""XGBoost"", ""node_name"": ""XGBoost分类器"", ""node_params"": {}, ""contrast_level"": 0, ""node_type"": ""model""}, {""node_id"": ""2612"", ""algorithm_step_name"": ""Model Evaluate"", ""node_name"": ""评估"", ""node_params"": {}, ""contrast_level"": 2, ""node_type"": ""evaluate""}]}",0.6667
根据马匹健康状况的各项指标检测数据，预测马匹的健康状况。我需要你使用训练数据集训练模型，然后用模型预测测试数据，最后将预测结果保存。,1.0,15535,1310,0,0,0,0,0,"{""edges"": [{""edge_id"": ""20091"", ""source_node_id"": ""2635"", ""target_node_id"": ""26341""}, {""edge_id"": ""20092"", ""source_node_id"": ""2636"", ""target_node_id"": ""26342""}, {""edge_id"": ""20093"", ""source_node_id"": ""26341"", ""target_node_id"": ""26343""}, {""edge_id"": ""20094"", ""source_node_id"": ""26342"", ""target_node_id"": ""26344""}, {""edge_id"": ""20095"", ""source_node_id"": ""26343"", ""target_node_id"": ""2642""}, {""edge_id"": ""20096"", ""source_node_id"": ""26344"", ""target_node_id"": ""2643""}, {""edge_id"": ""20097"", ""source_node_id"": ""2642"", ""target_node_id"": ""2643""}, {""edge_id"": ""20098"", ""source_node_id"": ""2643"", ""target_node_id"": ""2644""}], ""nodes"": [{""node_id"": ""2635"", ""widget_name"": ""SQL Table"", ""node_name"": ""马匹健康状况训练数据"", ""node_params"": {""table_name"": ""horse_health_outcomes_train"", ""target_column"": ""outcome""}, ""matched"": true}, {""node_id"": ""2636"", ""widget_name"": ""SQL Table"", ""node_name"": ""马匹健康状况测试数据"", ""node_params"": {""table_name"": ""horse_health_outcomes_test"", ""target_column"": ""outcome""}, ""matched"": true}, {""node_id"": ""26341"", ""widget_name"": ""Impute"", ""node_name"": ""训练数据缺失值处理"", ""node_params"": {""method"": 1}, ""matched"": false}, {""node_id"": ""26342"", ""widget_name"": ""Impute"", ""node_name"": ""测试数据缺失值处理"", ""node_params"": {""method"": 1}, ""matched"": false}, {""node_id"": ""26343"", ""widget_name"": ""One Hot Encoder"", ""node_name"": ""训练数据独热编码"", ""node_params"": {""encode_vars"": []}, ""matched"": false}, {""node_id"": ""26344"", ""widget_name"": ""One Hot Encoder"", ""node_name"": ""测试数据独热编码"", ""node_params"": {""encode_vars"": []}, ""matched"": false}, {""node_id"": ""2642"", ""widget_name"": ""Random Forest"", ""node_name"": ""随机森林模型"", ""node_params"": {""n_estimators"": 10, ""use_max_features"": false, ""max_features"": ""auto"", ""use_random_state"": false, ""use_max_depth"": false, ""max_depth"": 3, ""use_min_samples_split"": true, ""min_samples_split"": 2}, ""matched"": true}, {""node_id"": ""2643"", ""widget_name"": ""Predictions"", ""node_name"": ""预测"", ""node_params"": {""output_attrs"": true, ""output_predictions"": true, ""output_probabilities"": true}, ""matched"": true}, {""node_id"": ""2644"", ""widget_name"": ""Save Data"", ""node_name"": ""保存预测结果"", ""node_params"": {}, ""matched"": true}]}","{""dependency_requirements"": [{""edge_id"": ""2178"", ""source_node_id"": ""2635"", ""target_node_id"": ""2642""}, {""edge_id"": ""2179"", ""source_node_id"": ""2636"", ""target_node_id"": ""2643""}, {""edge_id"": ""2185"", ""source_node_id"": ""2642"", ""target_node_id"": ""2643""}, {""edge_id"": ""2186"", ""source_node_id"": ""2643"", ""target_node_id"": ""2644""}], ""step_requirements"": [{""node_id"": ""2635"", ""algorithm_step_name"": ""Tabular Dataset Loading"", ""node_name"": ""马匹健康状况训练数据"", ""node_params"": {""table_name"": ""horse_health_outcomes_train"", ""target_column"": ""outcome""}, ""contrast_level"": 2, ""node_type"": ""io""}, {""node_id"": ""2636"", ""algorithm_step_name"": ""Tabular Dataset Loading"", ""node_name"": ""马匹健康状况测试数据"", ""node_params"": {""table_name"": ""horse_health_outcomes_test"", ""target_column"": ""outcome""}, ""contrast_level"": 2, ""node_type"": ""io""}, {""node_id"": ""2642"", ""algorithm_step_name"": ""Decision Tree Model"", ""node_name"": ""健康状态预测模型"", ""node_params"": {}, ""contrast_level"": 0, ""node_type"": ""model""}, {""node_id"": ""2643"", ""algorithm_step_name"": ""Test Dataset Predictions"", ""node_name"": ""健康状况预测"", ""node_params"": {""output_attrs"": true, ""output_predictions"": true, ""output_probabilities"": true}, ""contrast_level"": 2, ""node_type"": ""predict""}, {""node_id"": ""2644"", ""algorithm_step_name"": ""Save Data"", ""node_name"": ""保存预测结果到文件"", ""node_params"": {}, ""contrast_level"": 1, ""node_type"": ""io""}]}",0.7143
我需要你使用怪物的相关指标数据，构建一个能够区分怪物类型的机器学习模型。然后，用这个模型对测试数据进行预测，最后把预测结果保存下来。,0.7143,13915,373,0,0,0,0,0,"{""edges"": [{""edge_id"": ""20099"", ""source_node_id"": ""26348"", ""target_node_id"": ""26349""}, {""edge_id"": ""20100"", ""source_node_id"": ""26349"", ""target_node_id"": ""2690""}, {""edge_id"": ""20101"", ""source_node_id"": ""26349"", ""target_node_id"": ""2691""}, {""edge_id"": ""20102"", ""source_node_id"": ""2690"", ""target_node_id"": ""2691""}, {""edge_id"": ""20103"", ""source_node_id"": ""2691"", ""target_node_id"": ""2692""}], ""nodes"": [{""node_id"": ""26348"", ""widget_name"": ""File"", ""node_name"": ""文件加载"", ""node_params"": {""type"": ""sample"", ""filename"": ""monsters.csv""}, ""matched"": false}, {""node_id"": ""26349"", ""widget_name"": ""Data Sampler"", ""node_name"": ""数据划分"", ""node_params"": {""sampling_type"": 0, ""percentage"": 20, ""n_samples"": 15, ""replacement"": false, ""n_folds"": 10, ""selected_folds"": 1, ""replicable"": false, ""stratified"": false}, ""matched"": false}, {""node_id"": ""2690"", ""widget_name"": ""Random Forest"", ""node_name"": ""随机森林模型"", ""node_params"": {""n_estimators"": 10, ""use_max_features"": false, ""max_features"": ""auto"", ""use_random_state"": false, ""use_max_depth"": false, ""max_depth"": 3, ""use_min_samples_split"": true, ""min_samples_split"": 2}, ""matched"": true}, {""node_id"": ""2691"", ""widget_name"": ""Predictions"", ""node_name"": ""预测"", ""node_params"": {""output_attrs"": true, ""output_predictions"": true, ""output_probabilities"": true}, ""matched"": true}, {""node_id"": ""2692"", ""widget_name"": ""Save Data"", ""node_name"": ""保存数据"", ""node_params"": {}, ""matched"": true}]}","{""dependency_requirements"": [{""edge_id"": ""2210"", ""source_node_id"": ""2685"", ""target_node_id"": ""2690""}, {""edge_id"": ""2211"", ""source_node_id"": ""2686"", ""target_node_id"": ""2691""}, {""edge_id"": ""2212"", ""source_node_id"": ""2690"", ""target_node_id"": ""2691""}, {""edge_id"": ""2214"", ""source_node_id"": ""2691"", ""target_node_id"": ""2692""}], ""step_requirements"": [{""node_id"": ""2685"", ""algorithm_step_name"": ""Tabular Dataset Loading"", ""node_name"": ""怪物类型训练数据"", ""node_params"": {""table_name"": ""monster_train"", ""target_column"": ""type""}, ""contrast_level"": 2, ""node_type"": ""io""}, {""node_id"": ""2686"", ""algorithm_step_name"": ""Tabular Dataset Loading"", ""node_name"": ""怪物类型测试数据"", ""node_params"": {""table_name"": ""monster_test"", ""target_column"": ""type""}, ""contrast_level"": 2, ""node_type"": ""io""}, {""node_id"": ""2690"", ""algorithm_step_name"": ""Decision Tree Model"", ""node_name"": ""怪物类型决策树模型"", ""node_params"": {}, ""contrast_level"": 0, ""node_type"": ""model""}, {""node_id"": ""2691"", ""algorithm_step_name"": ""Test Dataset Predictions"", ""node_name"": ""预测"", ""node_params"": {""output_attrs"": true, ""output_predictions"": true, ""output_probabilities"": true}, ""contrast_level"": 2, ""node_type"": ""predict""}, {""node_id"": ""2692"", ""algorithm_step_name"": ""Save Data"", ""node_name"": ""保存预测结果"", ""node_params"": {}, ""contrast_level"": 2, ""node_type"": ""io""}]}",0.6
你的目标是根据旧金山所有社区近12年的犯罪训练数据和测试数据，首先使用训练数据训练一个模型，该模型能够预测犯罪类别。然后，用这个模型对测试数据集进行预测，最后把预测结果保存下来。,0.7143,13931,639,0,0,0,0,0,"{""edges"": [{""edge_id"": ""20104"", ""source_node_id"": ""26353"", ""target_node_id"": ""26355""}, {""edge_id"": ""20105"", ""source_node_id"": ""26355"", ""target_node_id"": ""26357""}, {""edge_id"": ""20106"", ""source_node_id"": ""26357"", ""target_node_id"": ""2700""}, {""edge_id"": ""20107"", ""source_node_id"": ""26354"", ""target_node_id"": ""26356""}, {""edge_id"": ""20108"", ""source_node_id"": ""26356"", ""target_node_id"": ""26358""}, {""edge_id"": ""20109"", ""source_node_id"": ""26358"", ""target_node_id"": ""2698""}, {""edge_id"": ""20110"", ""source_node_id"": ""2700"", ""target_node_id"": ""2698""}, {""edge_id"": ""20111"", ""source_node_id"": ""2698"", ""target_node_id"": ""2699""}], ""nodes"": [{""node_id"": ""26353"", ""widget_name"": ""File"", ""node_name"": ""训练数据"", ""node_params"": {""type"": ""sample"", ""filename"": ""sf_crime_train.csv""}, ""matched"": false}, {""node_id"": ""26354"", ""widget_name"": ""File"", ""node_name"": ""测试数据"", ""node_params"": {""type"": ""sample"", ""filename"": ""sf_crime_test.csv""}, ""matched"": false}, {""node_id"": ""26355"", ""widget_name"": ""Impute"", ""node_name"": ""训练数据缺失值处理"", ""node_params"": {""method"": 1}, ""matched"": false}, {""node_id"": ""26356"", ""widget_name"": ""Impute"", ""node_name"": ""测试数据缺失值处理"", ""node_params"": {""method"": 1}, ""matched"": false}, {""node_id"": ""26357"", ""widget_name"": ""One Hot Encoder"", ""node_name"": ""训练数据独热编码"", ""node_params"": {""encode_vars"": [""Category"", ""DayOfWeek"", ""PdDistrict"", ""Resolution"", ""Address""]}, ""matched"": false}, {""node_id"": ""26358"", ""widget_name"": ""One Hot Encoder"", ""node_name"": ""测试数据独热编码"", ""node_params"": {""encode_vars"": [""DayOfWeek"", ""PdDistrict"", ""Address""]}, ""matched"": false}, {""node_id"": ""2700"", ""widget_name"": ""XGBoost"", ""node_name"": ""XGBoost模型"", ""node_params"": {""booster"": ""gbtree"", ""learning_rate"": 0.3, ""gamma"": 0, ""max_depth"": 6, ""min_child_widget"": 1, ""max_delta_step"": 0, ""subsample"": 1, ""sampling_method"": ""uniform"", ""lambda"": 1, ""alpha"": 0, ""tree_method"": ""auto"", ""scale_pos_weight"": 1, ""updater"": ""grow_colmaker"", ""process_type"": ""default"", ""grow_policy"": ""depthwise""}, ""matched"": true}, {""node_id"": ""2698"", ""widget_name"": ""Predictions"", ""node_name"": ""预测"", ""node_params"": {""output_attrs"": true, ""output_predictions"": true, ""output_probabilities"": true}, ""matched"": true}, {""node_id"": ""2699"", ""widget_name"": ""Save Data"", ""node_name"": ""保存预测结果"", ""node_params"": {}, ""matched"": true}]}","{""dependency_requirements"": [{""edge_id"": ""2216"", ""source_node_id"": ""2693"", ""target_node_id"": ""2700""}, {""edge_id"": ""2217"", ""source_node_id"": ""2694"", ""target_node_id"": ""2698""}, {""edge_id"": ""2219"", ""source_node_id"": ""2700"", ""target_node_id"": ""2698""}, {""edge_id"": ""2221"", ""source_node_id"": ""2698"", ""target_node_id"": ""2699""}], ""step_requirements"": [{""node_id"": ""2693"", ""algorithm_step_name"": ""Tabular Dataset Loading"", ""node_name"": ""旧金山社区犯罪报告训练数据"", ""node_params"": {""table_name"": ""crime_category_train"", ""target_column"": ""category""}, ""contrast_level"": 2, ""node_type"": ""io""}, {""node_id"": ""2694"", ""algorithm_step_name"": ""Tabular Dataset Loading"", ""node_name"": ""旧金山社区犯罪报告测试数据"", ""node_params"": {""table_name"": ""crime_category_test"", ""target_column"": ""category""}, ""contrast_level"": 2, ""node_type"": ""io""}, {""node_id"": ""2700"", ""algorithm_step_name"": ""XGBoost"", ""node_name"": ""XGBoost"", ""node_params"": {}, ""contrast_level"": 0, ""node_type"": ""model""}, {""node_id"": ""2698"", ""algorithm_step_name"": ""Test Dataset Predictions"", ""node_name"": ""犯罪类别预测"", ""node_params"": {""output_attrs"": true, ""output_predictions"": true, ""output_probabilities"": true}, ""contrast_level"": 2, ""node_type"": ""predict""}, {""node_id"": ""2699"", ""algorithm_step_name"": ""Save Data"", ""node_name"": ""保存犯罪类别预测结果"", ""node_params"": {}, ""contrast_level"": 2, ""node_type"": ""io""}]}",0.4286
请你构建一个模型，用于根据鲍鱼的各种物理测量数据来预测它的年龄。进行独热编码之后对数据集进行划分，最后用划分的数据对训练好的模型进行评估。,0.8889,13918,478,0,0,0,0,0,"{""edges"": [{""edge_id"": ""20112"", ""source_node_id"": ""26362"", ""target_node_id"": ""2748""}, {""edge_id"": ""20113"", ""source_node_id"": ""2748"", ""target_node_id"": ""2749""}, {""edge_id"": ""20114"", ""source_node_id"": ""2749"", ""target_node_id"": ""2750""}, {""edge_id"": ""20115"", ""source_node_id"": ""2749"", ""target_node_id"": ""2751""}, {""edge_id"": ""20117"", ""source_node_id"": ""2750"", ""target_node_id"": ""2751""}], ""nodes"": [{""node_id"": ""26362"", ""widget_name"": ""File"", ""node_name"": ""文件加载"", ""node_params"": {""type"": ""sample"", ""filename"": ""abalone.csv""}, ""matched"": false}, {""node_id"": ""2748"", ""widget_name"": ""One Hot Encoder"", ""node_name"": ""独热编码"", ""node_params"": {""encode_vars"": [""Sex""]}, ""matched"": true}, {""node_id"": ""2749"", ""widget_name"": ""Data Sampler"", ""node_name"": ""数据划分"", ""node_params"": {""sampling_type"": 0, ""percentage"": 20, ""n_samples"": 15, ""replacement"": false, ""n_folds"": 10, ""selected_folds"": 1, ""replicable"": false, ""stratified"": false}, ""matched"": true}, {""node_id"": ""2750"", ""widget_name"": ""Random Forest"", ""node_name"": ""随机森林模型"", ""node_params"": {""n_estimators"": 10, ""use_max_features"": false, ""max_features"": ""auto"", ""use_random_state"": false, ""use_max_depth"": false, ""max_depth"": 3, ""use_min_samples_split"": true, ""min_samples_split"": 2}, ""matched"": true}, {""node_id"": ""2751"", ""widget_name"": ""Test & Score"", ""node_name"": ""模型评估"", ""node_params"": {}, ""matched"": true}]}","{""dependency_requirements"": [{""edge_id"": ""2266"", ""source_node_id"": ""2747"", ""target_node_id"": ""2748""}, {""edge_id"": ""2267"", ""source_node_id"": ""2748"", ""target_node_id"": ""2749""}, {""edge_id"": ""2268"", ""source_node_id"": ""2749"", ""target_node_id"": ""2750""}, {""edge_id"": ""2269"", ""source_node_id"": ""2749"", ""target_node_id"": ""2751""}, {""edge_id"": ""2271"", ""source_node_id"": ""2750"", ""target_node_id"": ""2751""}], ""step_requirements"": [{""node_id"": ""2747"", ""algorithm_step_name"": ""Tabular Dataset Loading"", ""node_name"": ""鲍鱼物理测量训练数据"", ""node_params"": {""table_name"": ""abalone_train"", ""target_column"": ""rings""}, ""contrast_level"": 2, ""node_type"": ""io""}, {""node_id"": ""2748"", ""algorithm_step_name"": ""One Hot Encoding"", ""node_name"": ""独热编码处理"", ""node_params"": {}, ""contrast_level"": 1, ""node_type"": ""feature engineering""}, {""node_id"": ""2749"", ""algorithm_step_name"": ""Dataset Division"", ""node_name"": ""数据划分"", ""node_params"": {}, ""contrast_level"": 1, ""node_type"": ""preprocess""}, {""node_id"": ""2750"", ""algorithm_step_name"": ""XGBoost"", ""node_name"": ""XGBoost回归器"", ""node_params"": {}, ""contrast_level"": 0, ""node_type"": ""model""}, {""node_id"": ""2751"", ""algorithm_step_name"": ""Model Evaluate"", ""node_name"": ""模型评估"", ""node_params"": {}, ""contrast_level"": 2, ""node_type"": ""evaluate""}]}",0.8
您的任务是训练一个神经网络模型，用于根据矿物莫氏硬度的相关特性，预测矿物的莫氏硬度数值。我希望你的激活函数使用双曲正切函数，优化方法使用随机梯度下降。,0.5,13679,135,0,0,0,0,0,"{""edges"": [{""edge_id"": ""20118"", ""source_node_id"": ""26368"", ""target_node_id"": ""2774""}], ""nodes"": [{""node_id"": ""2774"", ""widget_name"": ""Neural Network"", ""node_name"": ""神经网络模型"", ""node_params"": {""hidden_layers_input"": ""100,"", ""activation"": ""2"", ""solver"": ""1"", ""alpha"": 0.0001, ""maxItera"": 200, ""replicable"": true}, ""matched"": true}, {""node_id"": ""26368"", ""widget_name"": ""File"", ""node_name"": ""文件加载节点"", ""node_params"": {""type"": ""sample"", ""filename"": ""mineral_hardness.csv""}, ""matched"": false}]}","{""dependency_requirements"": [{""edge_id"": ""2303"", ""source_node_id"": ""2772"", ""target_node_id"": ""2774""}], ""step_requirements"": [{""node_id"": ""2772"", ""algorithm_step_name"": ""Tabular Dataset Loading"", ""node_name"": ""矿物硬度训练数据"", ""node_params"": {""table_name"": ""mohs_hardness_train"", ""target_column"": ""Hardness""}, ""contrast_level"": 2, ""node_type"": ""io""}, {""node_id"": ""2774"", ""algorithm_step_name"": ""Neural Network"", ""node_name"": ""神经网络模型"", ""node_params"": {""hidden_layers_input"": ""100,"", ""activation"": ""2"", ""solver"": ""1"", ""alpha"": 0.0001, ""maxItera"": 200, ""replicable"": true}, ""contrast_level"": 2, ""node_type"": ""model""}]}",0.5
你的任务是使用螃蟹年龄的训练数据集去建立一个随机森林模型来预测螃蟹的年龄。然后，用这个模型对螃蟹年龄的测试数据集进行预测，最后把预测结果保存下来。数据集需要进行独热编码,1.0,14819,1243,0,0,0,0,0,"{""edges"": [{""edge_id"": ""20119"", ""source_node_id"": ""2710"", ""target_node_id"": ""26371""}, {""edge_id"": ""20120"", ""source_node_id"": ""2711"", ""target_node_id"": ""26372""}, {""edge_id"": ""20121"", ""source_node_id"": ""26371"", ""target_node_id"": ""2712""}, {""edge_id"": ""20122"", ""source_node_id"": ""26372"", ""target_node_id"": ""2713""}, {""edge_id"": ""20123"", ""source_node_id"": ""2712"", ""target_node_id"": ""2714""}, {""edge_id"": ""20124"", ""source_node_id"": ""2713"", ""target_node_id"": ""2715""}, {""edge_id"": ""20125"", ""source_node_id"": ""2714"", ""target_node_id"": ""2715""}, {""edge_id"": ""20126"", ""source_node_id"": ""2715"", ""target_node_id"": ""2716""}], ""nodes"": [{""node_id"": ""2710"", ""widget_name"": ""SQL Table"", ""node_name"": ""螃蟹年龄训练数据"", ""node_params"": {""table_name"": ""crab_age_train"", ""target_column"": ""Age""}, ""matched"": true}, {""node_id"": ""2711"", ""widget_name"": ""SQL Table"", ""node_name"": ""螃蟹年龄测试数据"", ""node_params"": {""table_name"": ""crab_age_test"", ""target_column"": ""Age""}, ""matched"": true}, {""node_id"": ""26371"", ""widget_name"": ""Impute"", ""node_name"": ""训练数据缺失值处理"", ""node_params"": {""method"": 1}, ""matched"": false}, {""node_id"": ""26372"", ""widget_name"": ""Impute"", ""node_name"": ""测试数据缺失值处理"", ""node_params"": {""method"": 1}, ""matched"": false}, {""node_id"": ""2712"", ""widget_name"": ""One Hot Encoder"", ""node_name"": ""训练数据独热编码"", ""node_params"": {""encode_vars"": [""sex"", ""species""]}, ""matched"": true}, {""node_id"": ""2713"", ""widget_name"": ""One Hot Encoder"", ""node_name"": ""测试数据独热编码"", ""node_params"": {""encode_vars"": [""sex"", ""species""]}, ""matched"": true}, {""node_id"": ""2714"", ""widget_name"": ""Random Forest"", ""node_name"": ""随机森林模型"", ""node_params"": {""n_estimators"": 10, ""use_max_features"": false, ""max_features"": ""auto"", ""use_random_state"": false, ""use_max_depth"": false, ""max_depth"": 3, ""use_min_samples_split"": true, ""min_samples_split"": 2}, ""matched"": true}, {""node_id"": ""2715"", ""widget_name"": ""Predictions"", ""node_name"": ""预测"", ""node_params"": {""output_attrs"": true, ""output_predictions"": true, ""output_probabilities"": false}, ""matched"": true}, {""node_id"": ""2716"", ""widget_name"": ""Save Data"", ""node_name"": ""保存预测结果"", ""node_params"": {}, ""matched"": true}]}","{""dependency_requirements"": [{""edge_id"": ""2233"", ""source_node_id"": ""2710"", ""target_node_id"": ""2712""}, {""edge_id"": ""2234"", ""source_node_id"": ""2711"", ""target_node_id"": ""2713""}, {""edge_id"": ""2235"", ""source_node_id"": ""2712"", ""target_node_id"": ""2714""}, {""edge_id"": ""2236"", ""source_node_id"": ""2713"", ""target_node_id"": ""2715""}, {""edge_id"": ""2237"", ""source_node_id"": ""2714"", ""target_node_id"": ""2715""}, {""edge_id"": ""2238"", ""source_node_id"": ""2715"", ""target_node_id"": ""2716""}], ""step_requirements"": [{""node_id"": ""2710"", ""algorithm_step_name"": ""Tabular Dataset Loading"", ""node_name"": ""螃蟹年龄训练数据"", ""node_params"": {""table_name"": ""crab_age_train"", ""target_column"": ""Age""}, ""contrast_level"": 2, ""node_type"": ""io""}, {""node_id"": ""2711"", ""algorithm_step_name"": ""Tabular Dataset Loading"", ""node_name"": ""螃蟹年龄测试数据"", ""node_params"": {""table_name"": ""crab_age_test"", ""target_column"": ""Age""}, ""contrast_level"": 2, ""node_type"": ""io""}, {""node_id"": ""2712"", ""algorithm_step_name"": ""One Hot Encoding"", ""node_name"": ""训练数据独热编码"", ""node_params"": {}, ""contrast_level"": 1, ""node_type"": ""feature engineering""}, {""node_id"": ""2713"", ""algorithm_step_name"": ""One Hot Encoding"", ""node_name"": ""测试数据独热编码"", ""node_params"": {}, ""contrast_level"": 1, ""node_type"": ""feature engineering""}, {""node_id"": ""2714"", ""algorithm_step_name"": ""Random Forest"", ""node_name"": ""随机森林模型"", ""node_params"": {}, ""contrast_level"": 1, ""node_type"": ""model""}, {""node_id"": ""2715"", ""algorithm_step_name"": ""Test Dataset Predictions"", ""node_name"": ""预测结果"", ""node_params"": {""output_attrs"": true, ""output_predictions"": true, ""output_probabilities"": false}, ""contrast_level"": 2, ""node_type"": ""predict""}, {""node_id"": ""2716"", ""algorithm_step_name"": ""Save Data"", ""node_name"": ""保存预测结果"", ""node_params"": {}, ""contrast_level"": 2, ""node_type"": ""io""}]}",0.875
您的任务是构建一个机器学习模型，帮助我预测野生蓝莓的产量。特征工程的处理方法为：特征构建和特征选择。特征工程处理之后还需要对数据进行抽样处理，最后用抽样的数据对训练好的模型进行评估。,0.9091,14038,496,0,0,0,0,0,"{""edges"": [{""edge_id"": ""20127"", ""source_node_id"": ""26378"", ""target_node_id"": ""2776""}, {""edge_id"": ""20128"", ""source_node_id"": ""2776"", ""target_node_id"": ""2780""}, {""edge_id"": ""20129"", ""source_node_id"": ""2780"", ""target_node_id"": ""2777""}, {""edge_id"": ""20130"", ""source_node_id"": ""2777"", ""target_node_id"": ""2778""}, {""edge_id"": ""20131"", ""source_node_id"": ""2777"", ""target_node_id"": ""2779""}, {""edge_id"": ""20133"", ""source_node_id"": ""2778"", ""target_node_id"": ""2779""}], ""nodes"": [{""node_id"": ""26378"", ""widget_name"": ""File"", ""node_name"": ""加载野生蓝莓数据集"", ""node_params"": {""type"": ""sample"", ""filename"": ""blueberry.csv""}, ""matched"": false}, {""node_id"": ""2776"", ""widget_name"": ""Feature Constructor"", ""node_name"": ""特征构建"", ""node_params"": {""expressions"": [{""key"": 0, ""name"": ""new_feature"", ""expression"": ""feature1 + feature2"", ""type"": 2, ""image"": ""N"", ""categories"": ""A, B""}]}, ""matched"": true}, {""node_id"": ""2780"", ""widget_name"": ""Select Best N Attributes"", ""node_name"": ""特征选择"", ""node_params"": {""n"": 5}, ""matched"": true}, {""node_id"": ""2777"", ""widget_name"": ""Data Sampler"", ""node_name"": ""数据抽样"", ""node_params"": {""sampling_type"": 0, ""percentage"": 20, ""n_samples"": 15, ""replacement"": false, ""n_folds"": 10, ""selected_folds"": 1, ""replicable"": false, ""stratified"": false}, ""matched"": true}, {""node_id"": ""2778"", ""widget_name"": ""XGBoost"", ""node_name"": ""XGBoost模型"", ""node_params"": {""booster"": ""gbtree"", ""learning_rate"": 0.1, ""gamma"": 0, ""max_depth"": 6, ""min_child_widget"": 1, ""max_delta_step"": 0, ""subsample"": 1, ""sampling_method"": ""uniform"", ""lambda"": 1, ""alpha"": 0, ""tree_method"": ""auto"", ""scale_pos_weight"": 1, ""updater"": ""grow_colmaker"", ""process_type"": ""default"", ""grow_policy"": ""depthwise""}, ""matched"": true}, {""node_id"": ""2779"", ""widget_name"": ""Test & Score"", ""node_name"": ""模型评估"", ""node_params"": {}, ""matched"": true}]}","{""dependency_requirements"": [{""edge_id"": ""2304"", ""source_node_id"": ""2775"", ""target_node_id"": ""2776""}, {""edge_id"": ""2305"", ""source_node_id"": ""2780"", ""target_node_id"": ""2777""}, {""edge_id"": ""2306"", ""source_node_id"": ""2777"", ""target_node_id"": ""2778""}, {""edge_id"": ""2307"", ""source_node_id"": ""2777"", ""target_node_id"": ""2779""}, {""edge_id"": ""2309"", ""source_node_id"": ""2778"", ""target_node_id"": ""2779""}, {""edge_id"": ""2310"", ""source_node_id"": ""2776"", ""target_node_id"": ""2780""}], ""step_requirements"": [{""node_id"": ""2775"", ""algorithm_step_name"": ""Tabular Dataset Loading"", ""node_name"": ""野生蓝莓产量训练数据"", ""node_params"": {""table_name"": ""wild_blueberry_yield_train"", ""target_column"": ""yield""}, ""contrast_level"": 2, ""node_type"": ""io""}, {""node_id"": ""2776"", ""algorithm_step_name"": ""Feature Construction"", ""node_name"": ""特征构建"", ""node_params"": {}, ""contrast_level"": 1, ""node_type"": ""feature engineering""}, {""node_id"": ""2777"", ""algorithm_step_name"": ""Dataset Division"", ""node_name"": ""数据划分"", ""node_params"": {}, ""contrast_level"": 1, ""node_type"": ""preprocess""}, {""node_id"": ""2778"", ""algorithm_step_name"": ""XGBoost"", ""node_name"": ""XGBoost回归器"", ""node_params"": {}, ""contrast_level"": 0, ""node_type"": ""model""}, {""node_id"": ""2779"", ""algorithm_step_name"": ""Model Evaluate"", ""node_name"": ""模型评估"", ""node_params"": {}, ""contrast_level"": 2, ""node_type"": ""evaluate""}, {""node_id"": ""2780"", ""algorithm_step_name"": ""Feature Selection"", ""node_name"": ""Select Best N Attributes"", ""node_params"": {}, ""contrast_level"": 1, ""node_type"": ""feature engineering""}]}",0.8333
您的任务是根据媒体宣传成本的训练数据去构建一个机器学习模型，帮助我们预测食品超市的媒体宣传成本。然后，用这个模型对媒体宣传成本的测试数据集进行预测，最后把预测结果保存下来。,0.7143,13636,579,0,0,0,0,0,"{""edges"": [{""edge_id"": ""20134"", ""source_node_id"": ""26384"", ""target_node_id"": ""26386""}, {""edge_id"": ""20135"", ""source_node_id"": ""26385"", ""target_node_id"": ""26387""}, {""edge_id"": ""20136"", ""source_node_id"": ""26386"", ""target_node_id"": ""26388""}, {""edge_id"": ""20137"", ""source_node_id"": ""26387"", ""target_node_id"": ""26389""}, {""edge_id"": ""20138"", ""source_node_id"": ""26388"", ""target_node_id"": ""2745""}, {""edge_id"": ""20139"", ""source_node_id"": ""26389"", ""target_node_id"": ""2743""}, {""edge_id"": ""20140"", ""source_node_id"": ""2745"", ""target_node_id"": ""2743""}, {""edge_id"": ""20141"", ""source_node_id"": ""2743"", ""target_node_id"": ""2744""}], ""nodes"": [{""node_id"": ""26384"", ""widget_name"": ""File"", ""node_name"": ""训练数据加载"", ""node_params"": {""type"": ""sample"", ""filename"": ""marketing_cost_train.csv""}, ""matched"": false}, {""node_id"": ""26385"", ""widget_name"": ""File"", ""node_name"": ""测试数据加载"", ""node_params"": {""type"": ""sample"", ""filename"": ""marketing_cost_test.csv""}, ""matched"": false}, {""node_id"": ""26386"", ""widget_name"": ""Impute"", ""node_name"": ""训练数据缺失值处理"", ""node_params"": {""method"": 1}, ""matched"": false}, {""node_id"": ""26387"", ""widget_name"": ""Impute"", ""node_name"": ""测试数据缺失值处理"", ""node_params"": {""method"": 1}, ""matched"": false}, {""node_id"": ""26388"", ""widget_name"": ""One Hot Encoder"", ""node_name"": ""训练数据独热编码"", ""node_params"": {""encode_vars"": []}, ""matched"": false}, {""node_id"": ""26389"", ""widget_name"": ""One Hot Encoder"", ""node_name"": ""测试数据独热编码"", ""node_params"": {""encode_vars"": []}, ""matched"": false}, {""node_id"": ""2745"", ""widget_name"": ""Linear Regression"", ""node_name"": ""线性回归模型"", ""node_params"": {""regression_type"": ""0""}, ""matched"": true}, {""node_id"": ""2743"", ""widget_name"": ""Predictions"", ""node_name"": ""预测"", ""node_params"": {""output_attrs"": true, ""output_predictions"": true, ""output_probabilities"": false}, ""matched"": true}, {""node_id"": ""2744"", ""widget_name"": ""Save Data"", ""node_name"": ""保存预测结果"", ""node_params"": {}, ""matched"": true}]}","{""dependency_requirements"": [{""edge_id"": ""2261"", ""source_node_id"": ""2741"", ""target_node_id"": ""2743""}, {""edge_id"": ""2262"", ""source_node_id"": ""2740"", ""target_node_id"": ""2745""}, {""edge_id"": ""2263"", ""source_node_id"": ""2745"", ""target_node_id"": ""2743""}, {""edge_id"": ""2264"", ""source_node_id"": ""2743"", ""target_node_id"": ""2744""}], ""step_requirements"": [{""node_id"": ""2740"", ""algorithm_step_name"": ""Tabular Dataset Loading"", ""node_name"": ""食品超市媒体宣传成本训练数据"", ""node_params"": {""table_name"": ""media_campaign_cost_train"", ""target_column"": ""cost""}, ""contrast_level"": 2, ""node_type"": ""io""}, {""node_id"": ""2741"", ""algorithm_step_name"": ""Tabular Dataset Loading"", ""node_name"": ""食品超市媒体宣传成本测试数据"", ""node_params"": {""table_name"": ""media_campaign_cost_test"", ""target_column"": ""cost""}, ""contrast_level"": 2, ""node_type"": ""io""}, {""node_id"": ""2743"", ""algorithm_step_name"": ""Test Dataset Predictions"", ""node_name"": ""预测"", ""node_params"": {""output_attrs"": true, ""output_predictions"": true, ""output_probabilities"": false}, ""contrast_level"": 2, ""node_type"": ""predict""}, {""node_id"": ""2744"", ""algorithm_step_name"": ""Save Data"", ""node_name"": ""保存预测结果"", ""node_params"": {}, ""contrast_level"": 2, ""node_type"": ""io""}, {""node_id"": ""2745"", ""algorithm_step_name"": ""XGBoost"", ""node_name"": ""XGBoost"", ""node_params"": {}, ""contrast_level"": 0, ""node_type"": ""model""}]}",0.4286
我需要你使用银行信用贷款的训练数据，构建一个能够预测客户是否会流失的随机森林模型。然后，用这个模型对测试数据进行预测，并把预测结果保存下来，最后展示预测结果的混淆矩阵,0.9091,15038,1571,0,0,0,0,0,"{""edges"": [{""edge_id"": ""20142"", ""source_node_id"": ""2561"", ""target_node_id"": ""26395""}, {""edge_id"": ""20143"", ""source_node_id"": ""2562"", ""target_node_id"": ""26396""}, {""edge_id"": ""20144"", ""source_node_id"": ""26395"", ""target_node_id"": ""26397""}, {""edge_id"": ""20145"", ""source_node_id"": ""26396"", ""target_node_id"": ""26398""}, {""edge_id"": ""20146"", ""source_node_id"": ""26397"", ""target_node_id"": ""2565""}, {""edge_id"": ""20147"", ""source_node_id"": ""26398"", ""target_node_id"": ""2567""}, {""edge_id"": ""20148"", ""source_node_id"": ""2565"", ""target_node_id"": ""2567""}, {""edge_id"": ""20149"", ""source_node_id"": ""2567"", ""target_node_id"": ""2568""}, {""edge_id"": ""20150"", ""source_node_id"": ""2567"", ""target_node_id"": ""2569""}], ""nodes"": [{""node_id"": ""2561"", ""widget_name"": ""SQL Table"", ""node_name"": ""银行信用贷款训练数据"", ""node_params"": {""table_name"": ""bank_customer_churn_train"", ""target_column"": ""Exited""}, ""matched"": true}, {""node_id"": ""2562"", ""widget_name"": ""SQL Table"", ""node_name"": ""银行信用贷款测试数据"", ""node_params"": {""table_name"": ""bank_customer_churn_test"", ""target_column"": ""Exited""}, ""matched"": true}, {""node_id"": ""26395"", ""widget_name"": ""Impute"", ""node_name"": ""训练数据缺失值处理"", ""node_params"": {""method"": 2}, ""matched"": false}, {""node_id"": ""26396"", ""widget_name"": ""Impute"", ""node_name"": ""测试数据缺失值处理"", ""node_params"": {""method"": 2}, ""matched"": false}, {""node_id"": ""26397"", ""widget_name"": ""One Hot Encoder"", ""node_name"": ""训练数据独热编码"", ""node_params"": {""encode_vars"": [""has_cr_card"", ""is_active_member""]}, ""matched"": false}, {""node_id"": ""26398"", ""widget_name"": ""One Hot Encoder"", ""node_name"": ""测试数据独热编码"", ""node_params"": {""encode_vars"": [""has_cr_card"", ""is_active_member""]}, ""matched"": false}, {""node_id"": ""2565"", ""widget_name"": ""Random Forest"", ""node_name"": ""随机森林模型"", ""node_params"": {""n_estimators"": 100, ""use_max_features"": true, ""max_features"": ""auto"", ""use_random_state"": true, ""use_max_depth"": true, ""max_depth"": 10, ""use_min_samples_split"": true, ""min_samples_split"": 2}, ""matched"": true}, {""node_id"": ""2567"", ""widget_name"": ""Predictions"", ""node_name"": ""预测"", ""node_params"": {""output_attrs"": true, ""output_predictions"": true, ""output_probabilities"": true}, ""matched"": true}, {""node_id"": ""2568"", ""widget_name"": ""Save Data"", ""node_name"": ""保存预测结果"", ""node_params"": {}, ""matched"": true}, {""node_id"": ""2569"", ""widget_name"": ""Confusion Matrix"", ""node_name"": ""混淆矩阵"", ""node_params"": {}, ""matched"": true}]}","{""dependency_requirements"": [{""edge_id"": ""2111"", ""source_node_id"": ""2561"", ""target_node_id"": ""2565""}, {""edge_id"": ""2112"", ""source_node_id"": ""2562"", ""target_node_id"": ""2567""}, {""edge_id"": ""2113"", ""source_node_id"": ""2565"", ""target_node_id"": ""2567""}, {""edge_id"": ""2114"", ""source_node_id"": ""2567"", ""target_node_id"": ""2568""}, {""edge_id"": ""2116"", ""source_node_id"": ""2568"", ""target_node_id"": ""2569""}], ""step_requirements"": [{""node_id"": ""2561"", ""algorithm_step_name"": ""Tabular Dataset Loading"", ""node_name"": ""银行信用贷款训练数据"", ""node_params"": {""table_name"": ""bank_customer_churn_train"", ""target_column"": ""Exited""}, ""contrast_level"": 2, ""node_type"": ""io""}, {""node_id"": ""2562"", ""algorithm_step_name"": ""Tabular Dataset Loading"", ""node_name"": ""银行信用贷款测试数据"", ""node_params"": {""table_name"": ""bank_customer_churn_test"", ""target_column"": ""Exited""}, ""contrast_level"": 2, ""node_type"": ""io""}, {""node_id"": ""2565"", ""algorithm_step_name"": ""Random Forest"", ""node_name"": ""随机森林模型"", ""node_params"": {}, ""contrast_level"": 1, ""node_type"": ""model""}, {""node_id"": ""2567"", ""algorithm_step_name"": ""Test Dataset Predictions"", ""node_name"": ""预测结果"", ""node_params"": {""output_attrs"": true, ""output_predictions"": true, ""output_probabilities"": true}, ""contrast_level"": 2, ""node_type"": ""predict""}, {""node_id"": ""2568"", ""algorithm_step_name"": ""Save Data"", ""node_name"": ""保存预测结果"", ""node_params"": {}, ""contrast_level"": 1, ""node_type"": ""io""}, {""node_id"": ""2569"", ""algorithm_step_name"": ""Confusion Matrix"", ""node_name"": ""混淆矩阵"", ""node_params"": {}, ""contrast_level"": 1, ""node_type"": ""visualize""}]}",0.625
请你使用生物信号训练数据集来预测个体是否为吸烟者，你的最终目标是建立一个能够准确判断个体吸烟状态的XGboost模型，学习率使用0.1，学习器使用DART模型。,0.5,13293,647,0,0,0,0,0,"{""edges"": [{""edge_id"": ""20151"", ""source_node_id"": ""26403"", ""target_node_id"": ""26404""}, {""edge_id"": ""20152"", ""source_node_id"": ""26404"", ""target_node_id"": ""26405""}, {""edge_id"": ""20153"", ""source_node_id"": ""26405"", ""target_node_id"": ""26406""}, {""edge_id"": ""20154"", ""source_node_id"": ""26406"", ""target_node_id"": ""2572""}, {""edge_id"": ""20155"", ""source_node_id"": ""26406"", ""target_node_id"": ""26408""}, {""edge_id"": ""20157"", ""source_node_id"": ""2572"", ""target_node_id"": ""26408""}], ""nodes"": [{""node_id"": ""26403"", ""widget_name"": ""File"", ""node_name"": ""文件加载"", ""node_params"": {""type"": ""sample"", ""filename"": ""heart_disease.csv""}, ""matched"": false}, {""node_id"": ""26404"", ""widget_name"": ""Impute"", ""node_name"": ""缺失值处理"", ""node_params"": {""method"": 2}, ""matched"": false}, {""node_id"": ""26405"", ""widget_name"": ""One Hot Encoder"", ""node_name"": ""独热编码"", ""node_params"": {""encode_vars"": [""cp"", ""fbs"", ""restecg"", ""exang"", ""slope"", ""ca"", ""thal""]}, ""matched"": false}, {""node_id"": ""26406"", ""widget_name"": ""Data Sampler"", ""node_name"": ""数据划分"", ""node_params"": {""sampling_type"": 0, ""percentage"": 20, ""n_samples"": 15, ""replacement"": false, ""n_folds"": 10, ""selected_folds"": 1, ""replicable"": false, ""stratified"": false}, ""matched"": false}, {""node_id"": ""2572"", ""widget_name"": ""XGBoost"", ""node_name"": ""XGBoost模型"", ""node_params"": {""booster"": ""dart"", ""learning_rate"": 0.1, ""gamma"": 0, ""max_depth"": 6, ""min_child_widget"": 1, ""max_delta_step"": 0, ""subsample"": 1, ""sampling_method"": ""uniform"", ""lambda"": 1, ""alpha"": 0, ""tree_method"": ""auto"", ""scale_pos_weight"": 1, ""updater"": ""grow_colmaker"", ""process_type"": ""default"", ""grow_policy"": ""depthwise""}, ""matched"": true}, {""node_id"": ""26408"", ""widget_name"": ""Test & Score"", ""node_name"": ""测试评估"", ""node_params"": {}, ""matched"": false}]}","{""dependency_requirements"": [{""edge_id"": ""2117"", ""source_node_id"": ""2570"", ""target_node_id"": ""2572""}], ""step_requirements"": [{""node_id"": ""2570"", ""algorithm_step_name"": ""Tabular Dataset Loading"", ""node_name"": ""生物信号训练数据"", ""node_params"": {""table_name"": ""smoker_status_bio_signals_train"", ""target_column"": ""smoking""}, ""contrast_level"": 2, ""node_type"": ""io""}, {""node_id"": ""2572"", ""algorithm_step_name"": ""XGBoost"", ""node_name"": ""XGBoost模型"", ""node_params"": {""booster"": ""dart"", ""learning_rate"": 0.1, ""gamma"": 0, ""max_depth"": 6, ""min_child_widget"": 1, ""max_delta_step"": 0, ""subsample"": 1, ""sampling_method"": ""uniform"", ""lambda"": 1, ""alpha"": 0, ""tree_method"": ""auto"", ""scale_pos_weight"": 1, ""updater"": ""grow_colmaker"", ""process_type"": ""default"", ""grow_policy"": ""depthwise""}, ""contrast_level"": 2, ""node_type"": ""model""}]}",0.25
你需要使用人类的肾结石相关指标数据，开发一个机器学习模型预测一个人是否患有肾结石。我需要你在模型训练之前，加一步数据划分的数据处理，最后还要用划分后的验证集对模型进行评估。,0.8571,13457,173,0,0,0,0,0,"{""edges"": [{""edge_id"": ""20158"", ""source_node_id"": ""26409"", ""target_node_id"": ""2578""}, {""edge_id"": ""20159"", ""source_node_id"": ""2578"", ""target_node_id"": ""26411""}, {""edge_id"": ""20160"", ""source_node_id"": ""26411"", ""target_node_id"": ""2579""}, {""edge_id"": ""20161"", ""source_node_id"": ""2578"", ""target_node_id"": ""2580""}, {""edge_id"": ""20163"", ""source_node_id"": ""2579"", ""target_node_id"": ""2580""}], ""nodes"": [{""node_id"": ""26409"", ""widget_name"": ""File"", ""node_name"": ""文件加载"", ""node_params"": {""type"": ""sample"", ""filename"": ""kidney_stones.csv""}, ""matched"": false}, {""node_id"": ""2578"", ""widget_name"": ""Data Sampler"", ""node_name"": ""数据划分"", ""node_params"": {""sampling_type"": 0, ""percentage"": 10, ""n_samples"": 15, ""replacement"": false, ""n_folds"": 10, ""selected_folds"": 1, ""replicable"": false, ""stratified"": false}, ""matched"": true}, {""node_id"": ""26411"", ""widget_name"": ""One Hot Encoder"", ""node_name"": ""独热编码"", ""node_params"": {""encode_vars"": []}, ""matched"": false}, {""node_id"": ""2579"", ""widget_name"": ""XGBoost"", ""node_name"": ""XGBoost"", ""node_params"": {""booster"": ""gbtree"", ""learning_rate"": 0.3, ""gamma"": 0, ""max_depth"": 6, ""min_child_widget"": 1, ""max_delta_step"": 0, ""subsample"": 1, ""sampling_method"": ""uniform"", ""lambda"": 1, ""alpha"": 0, ""tree_method"": ""auto"", ""scale_pos_weight"": 1, ""updater"": ""grow_colmaker"", ""process_type"": ""default"", ""grow_policy"": ""depthwise""}, ""matched"": true}, {""node_id"": ""2580"", ""widget_name"": ""Test & Score"", ""node_name"": ""模型评估"", ""node_params"": {}, ""matched"": true}]}","{""dependency_requirements"": [{""edge_id"": ""2119"", ""source_node_id"": ""2577"", ""target_node_id"": ""2578""}, {""edge_id"": ""2120"", ""source_node_id"": ""2578"", ""target_node_id"": ""2579""}, {""edge_id"": ""2121"", ""source_node_id"": ""2578"", ""target_node_id"": ""2580""}, {""edge_id"": ""2123"", ""source_node_id"": ""2579"", ""target_node_id"": ""2580""}], ""step_requirements"": [{""node_id"": ""2577"", ""algorithm_step_name"": ""Tabular Dataset Loading"", ""node_name"": ""肾结石指标训练数据"", ""node_params"": {""table_name"": ""kidney_stone_train"", ""target_column"": ""target""}, ""contrast_level"": 2, ""node_type"": ""io""}, {""node_id"": ""2578"", ""algorithm_step_name"": ""Dataset Division"", ""node_name"": ""数据划分"", ""node_params"": {}, ""contrast_level"": 1, ""node_type"": ""preprocess""}, {""node_id"": ""2579"", ""algorithm_step_name"": ""LightGBM"", ""node_name"": ""LightGBM分类器"", ""node_params"": {}, ""contrast_level"": 0, ""node_type"": ""model""}, {""node_id"": ""2580"", ""algorithm_step_name"": ""Model Evaluate"", ""node_name"": ""模型评估"", ""node_params"": {}, ""contrast_level"": 2, ""node_type"": ""evaluate""}]}",0.6667
你的目标是帮助我的酒店更好地预判客户是否会取消预订。你首先要加载酒店预定的训练数据和测试数据，用训练数据训练一个LightGBM模型，然后用LightGBM模型对酒店预定的测试数据进行预测，最后将预测结果保存。,0.7143,14130,369,0,0,0,0,0,"{""edges"": [{""edge_id"": ""20164"", ""source_node_id"": ""26414"", ""target_node_id"": ""2586""}, {""edge_id"": ""20165"", ""source_node_id"": ""26415"", ""target_node_id"": ""2587""}, {""edge_id"": ""20166"", ""source_node_id"": ""2586"", ""target_node_id"": ""2587""}, {""edge_id"": ""20167"", ""source_node_id"": ""2587"", ""target_node_id"": ""2588""}], ""nodes"": [{""node_id"": ""26414"", ""widget_name"": ""File"", ""node_name"": ""加载训练数据"", ""node_params"": {""type"": ""sample"", ""filename"": ""hotel_bookings_train.csv""}, ""matched"": false}, {""node_id"": ""26415"", ""widget_name"": ""File"", ""node_name"": ""加载测试数据"", ""node_params"": {""type"": ""sample"", ""filename"": ""hotel_bookings_test.csv""}, ""matched"": false}, {""node_id"": ""2586"", ""widget_name"": ""LightGBM"", ""node_name"": ""LightGBM模型"", ""node_params"": {""boosting_type"": ""gbdt"", ""n_estimators"": 10, ""learning_rate"": 0.1, ""sampling_rate"": 0.1, ""max_depth_check"": false, ""max_depth"": 3, ""num_leaves_check"": false, ""num_leaves"": 31}, ""matched"": true}, {""node_id"": ""2587"", ""widget_name"": ""Predictions"", ""node_name"": ""预测"", ""node_params"": {""output_attrs"": true, ""output_predictions"": true, ""output_probabilities"": true}, ""matched"": true}, {""node_id"": ""2588"", ""widget_name"": ""Save Data"", ""node_name"": ""保存预测结果"", ""node_params"": {}, ""matched"": true}]}","{""dependency_requirements"": [{""edge_id"": ""2129"", ""source_node_id"": ""2586"", ""target_node_id"": ""2587""}, {""edge_id"": ""2130"", ""source_node_id"": ""2587"", ""target_node_id"": ""2588""}, {""edge_id"": ""2131"", ""source_node_id"": ""2583"", ""target_node_id"": ""2589""}, {""edge_id"": ""2133"", ""source_node_id"": ""2582"", ""target_node_id"": ""2586""}], ""step_requirements"": [{""node_id"": ""2582"", ""algorithm_step_name"": ""Tabular Dataset Loading"", ""node_name"": ""酒店预定训练数据"", ""node_params"": {""table_name"": ""reservation_cancellation_train"", ""target_column"": ""booking_status""}, ""contrast_level"": 2, ""node_type"": ""io""}, {""node_id"": ""2583"", ""algorithm_step_name"": ""Tabular Dataset Loading"", ""node_name"": ""酒店预定测试数据"", ""node_params"": {""table_name"": ""reservation_cancellation_test"", ""target_column"": ""booking_status""}, ""contrast_level"": 2, ""node_type"": ""io""}, {""node_id"": ""2586"", ""algorithm_step_name"": ""LightGBM"", ""node_name"": ""LightGBM模型"", ""node_params"": {}, ""contrast_level"": 1, ""node_type"": ""model""}, {""node_id"": ""2587"", ""algorithm_step_name"": ""Test Dataset Predictions"", ""node_name"": ""预测"", ""node_params"": {""output_attrs"": true, ""output_predictions"": true, ""output_probabilities"": true}, ""contrast_level"": 2, ""node_type"": ""predict""}, {""node_id"": ""2588"", ""algorithm_step_name"": ""Save Data"", ""node_name"": ""保存预测结果"", ""node_params"": {}, ""contrast_level"": 2, ""node_type"": ""io""}]}",0.6
你的目标是通过与肥胖相关的各种因素，如饮食、生活方式等数据，训练一个模型来预测个体的肥胖风险等级。特征工程处理时，我需要你进行特征构建和特征选择。,0.8333,14516,720,0,0,0,0,0,"{""edges"": [{""edge_id"": ""20168"", ""source_node_id"": ""2594"", ""target_node_id"": ""2597""}, {""edge_id"": ""20169"", ""source_node_id"": ""2597"", ""target_node_id"": ""2598""}], ""nodes"": [{""node_id"": ""2594"", ""widget_name"": ""SQL Table"", ""node_name"": ""肥胖数据加载"", ""node_params"": {""table_name"": ""obesity_cvd_risk_train"", ""target_column"": ""NObeyesdad""}, ""matched"": true}, {""node_id"": ""2597"", ""widget_name"": ""Feature Constructor"", ""node_name"": ""特征构建"", ""node_params"": {""expressions"": [{""key"": 0, ""name"": ""Diet_Exercise_Ratio"", ""expression"": ""Diet / Exercise"", ""type"": 2, ""image"": ""N"", ""categories"": ""A, B""}]}, ""matched"": true}, {""node_id"": ""2598"", ""widget_name"": ""Select Best N Attributes"", ""node_name"": ""特征选择"", ""node_params"": {""n"": 5}, ""matched"": true}]}","{""dependency_requirements"": [{""edge_id"": ""2139"", ""source_node_id"": ""2594"", ""target_node_id"": ""2597""}, {""edge_id"": ""2140"", ""source_node_id"": ""2597"", ""target_node_id"": ""2598""}, {""edge_id"": ""2141"", ""source_node_id"": ""2598"", ""target_node_id"": ""2599""}], ""step_requirements"": [{""node_id"": ""2594"", ""algorithm_step_name"": ""Tabular Dataset Loading"", ""node_name"": ""肥胖风险训练数据"", ""node_params"": {""table_name"": ""obesity_cvd_risk_train"", ""target_column"": ""NObeyesdad""}, ""contrast_level"": 2, ""node_type"": ""io""}, {""node_id"": ""2597"", ""algorithm_step_name"": ""Feature Construction"", ""node_name"": ""特征构建处理"", ""node_params"": {}, ""contrast_level"": 1, ""node_type"": ""feature engineering""}, {""node_id"": ""2598"", ""algorithm_step_name"": ""Feature Selection"", ""node_name"": ""自动特征选择处理"", ""node_params"": {}, ""contrast_level"": 1, ""node_type"": ""feature engineering""}, {""node_id"": ""2599"", ""algorithm_step_name"": ""XGBoost"", ""node_name"": ""XGBoost分类器"", ""node_params"": {}, ""contrast_level"": 0, ""node_type"": ""model""}]}",0.8571
你的目标是构建一个机器学习模型，用于预测肝硬化患者的生存状态。我需要你在处理完数据集之后将数据集划分为训练集和验证集，以便最后用划分的训练数据对模型进行训练，用验证数据对模型进行评估。,0.8571,13583,446,0,0,0,0,0,"{""edges"": [{""edge_id"": ""20170"", ""source_node_id"": ""26422"", ""target_node_id"": ""26423""}, {""edge_id"": ""20171"", ""source_node_id"": ""26423"", ""target_node_id"": ""2610""}, {""edge_id"": ""20172"", ""source_node_id"": ""2610"", ""target_node_id"": ""2611""}, {""edge_id"": ""20173"", ""source_node_id"": ""2610"", ""target_node_id"": ""2612""}, {""edge_id"": ""20175"", ""source_node_id"": ""2611"", ""target_node_id"": ""2612""}], ""nodes"": [{""node_id"": ""26422"", ""widget_name"": ""File"", ""node_name"": ""文件加载"", ""node_params"": {""type"": ""sample"", ""filename"": ""heart_disease.csv""}, ""matched"": false}, {""node_id"": ""26423"", ""widget_name"": ""Impute"", ""node_name"": ""缺失值处理"", ""node_params"": {""method"": 2}, ""matched"": false}, {""node_id"": ""2610"", ""widget_name"": ""Data Sampler"", ""node_name"": ""数据划分"", ""node_params"": {""sampling_type"": 0, ""percentage"": 20, ""n_samples"": 15, ""replacement"": false, ""n_folds"": 10, ""selected_folds"": 1, ""replicable"": false, ""stratified"": false}, ""matched"": true}, {""node_id"": ""2611"", ""widget_name"": ""XGBoost"", ""node_name"": ""XGBoost模型"", ""node_params"": {""booster"": ""gbtree"", ""learning_rate"": 0.3, ""gamma"": 0, ""max_depth"": 6, ""min_child_widget"": 1, ""max_delta_step"": 0, ""subsample"": 1, ""sampling_method"": ""uniform"", ""lambda"": 1, ""alpha"": 0, ""tree_method"": ""auto"", ""scale_pos_weight"": 1, ""updater"": ""grow_colmaker"", ""process_type"": ""default"", ""grow_policy"": ""depthwise""}, ""matched"": true}, {""node_id"": ""2612"", ""widget_name"": ""Test & Score"", ""node_name"": ""模型评估"", ""node_params"": {}, ""matched"": true}]}","{""dependency_requirements"": [{""edge_id"": ""2148"", ""source_node_id"": ""2607"", ""target_node_id"": ""2610""}, {""edge_id"": ""2152"", ""source_node_id"": ""2610"", ""target_node_id"": ""2611""}, {""edge_id"": ""2152"", ""source_node_id"": ""2610"", ""target_node_id"": ""2612""}, {""edge_id"": ""2154"", ""source_node_id"": ""2611"", ""target_node_id"": ""2612""}], ""step_requirements"": [{""node_id"": ""2607"", ""algorithm_step_name"": ""Tabular Dataset Loading"", ""node_name"": ""肝硬化患者生存状态训练数据"", ""node_params"": {""table_name"": ""cirrhosis_patient_train"", ""target_column"": ""Status""}, ""contrast_level"": 2, ""node_type"": ""io""}, {""node_id"": ""2610"", ""algorithm_step_name"": ""Dataset Division"", ""node_name"": ""数据划分"", ""node_params"": {}, ""contrast_level"": 1, ""node_type"": ""preprocess""}, {""node_id"": ""2611"", ""algorithm_step_name"": ""XGBoost"", ""node_name"": ""XGBoost分类器"", ""node_params"": {}, ""contrast_level"": 0, ""node_type"": ""model""}, {""node_id"": ""2612"", ""algorithm_step_name"": ""Model Evaluate"", ""node_name"": ""评估"", ""node_params"": {}, ""contrast_level"": 2, ""node_type"": ""evaluate""}]}",0.6667
根据马匹健康状况的各项指标检测数据，预测马匹的健康状况。我需要你使用训练数据集训练模型，然后用模型预测测试数据，最后将预测结果保存。,1.0,15535,1310,0,0,0,0,0,"{""edges"": [{""edge_id"": ""20176"", ""source_node_id"": ""2635"", ""target_node_id"": ""26429""}, {""edge_id"": ""20177"", ""source_node_id"": ""2636"", ""target_node_id"": ""26430""}, {""edge_id"": ""20178"", ""source_node_id"": ""26429"", ""target_node_id"": ""26431""}, {""edge_id"": ""20179"", ""source_node_id"": ""26430"", ""target_node_id"": ""26432""}, {""edge_id"": ""20180"", ""source_node_id"": ""26431"", ""target_node_id"": ""2642""}, {""edge_id"": ""20181"", ""source_node_id"": ""26432"", ""target_node_id"": ""2643""}, {""edge_id"": ""20182"", ""source_node_id"": ""2642"", ""target_node_id"": ""2643""}, {""edge_id"": ""20183"", ""source_node_id"": ""2643"", ""target_node_id"": ""2644""}], ""nodes"": [{""node_id"": ""2635"", ""widget_name"": ""SQL Table"", ""node_name"": ""马匹健康状况训练数据"", ""node_params"": {""table_name"": ""horse_health_outcomes_train"", ""target_column"": ""outcome""}, ""matched"": true}, {""node_id"": ""2636"", ""widget_name"": ""SQL Table"", ""node_name"": ""马匹健康状况测试数据"", ""node_params"": {""table_name"": ""horse_health_outcomes_test"", ""target_column"": ""outcome""}, ""matched"": true}, {""node_id"": ""26429"", ""widget_name"": ""Impute"", ""node_name"": ""训练数据缺失值处理"", ""node_params"": {""method"": 1}, ""matched"": false}, {""node_id"": ""26430"", ""widget_name"": ""Impute"", ""node_name"": ""测试数据缺失值处理"", ""node_params"": {""method"": 1}, ""matched"": false}, {""node_id"": ""26431"", ""widget_name"": ""One Hot Encoder"", ""node_name"": ""训练数据独热编码"", ""node_params"": {""encode_vars"": []}, ""matched"": false}, {""node_id"": ""26432"", ""widget_name"": ""One Hot Encoder"", ""node_name"": ""测试数据独热编码"", ""node_params"": {""encode_vars"": []}, ""matched"": false}, {""node_id"": ""2642"", ""widget_name"": ""Random Forest"", ""node_name"": ""随机森林模型"", ""node_params"": {""n_estimators"": 10, ""use_max_features"": false, ""max_features"": ""auto"", ""use_random_state"": false, ""use_max_depth"": false, ""max_depth"": 3, ""use_min_samples_split"": true, ""min_samples_split"": 2}, ""matched"": true}, {""node_id"": ""2643"", ""widget_name"": ""Predictions"", ""node_name"": ""预测"", ""node_params"": {""output_attrs"": true, ""output_predictions"": true, ""output_probabilities"": true}, ""matched"": true}, {""node_id"": ""2644"", ""widget_name"": ""Save Data"", ""node_name"": ""保存预测结果"", ""node_params"": {}, ""matched"": true}]}","{""dependency_requirements"": [{""edge_id"": ""2178"", ""source_node_id"": ""2635"", ""target_node_id"": ""2642""}, {""edge_id"": ""2179"", ""source_node_id"": ""2636"", ""target_node_id"": ""2643""}, {""edge_id"": ""2185"", ""source_node_id"": ""2642"", ""target_node_id"": ""2643""}, {""edge_id"": ""2186"", ""source_node_id"": ""2643"", ""target_node_id"": ""2644""}], ""step_requirements"": [{""node_id"": ""2635"", ""algorithm_step_name"": ""Tabular Dataset Loading"", ""node_name"": ""马匹健康状况训练数据"", ""node_params"": {""table_name"": ""horse_health_outcomes_train"", ""target_column"": ""outcome""}, ""contrast_level"": 2, ""node_type"": ""io""}, {""node_id"": ""2636"", ""algorithm_step_name"": ""Tabular Dataset Loading"", ""node_name"": ""马匹健康状况测试数据"", ""node_params"": {""table_name"": ""horse_health_outcomes_test"", ""target_column"": ""outcome""}, ""contrast_level"": 2, ""node_type"": ""io""}, {""node_id"": ""2642"", ""algorithm_step_name"": ""Decision Tree Model"", ""node_name"": ""健康状态预测模型"", ""node_params"": {}, ""contrast_level"": 0, ""node_type"": ""model""}, {""node_id"": ""2643"", ""algorithm_step_name"": ""Test Dataset Predictions"", ""node_name"": ""健康状况预测"", ""node_params"": {""output_attrs"": true, ""output_predictions"": true, ""output_probabilities"": true}, ""contrast_level"": 2, ""node_type"": ""predict""}, {""node_id"": ""2644"", ""algorithm_step_name"": ""Save Data"", ""node_name"": ""保存预测结果到文件"", ""node_params"": {}, ""contrast_level"": 1, ""node_type"": ""io""}]}",0.7143
我需要你使用怪物的相关指标数据，构建一个能够区分怪物类型的机器学习模型。然后，用这个模型对测试数据进行预测，最后把预测结果保存下来。,0.7143,13915,373,0,0,0,0,0,"{""edges"": [{""edge_id"": ""20184"", ""source_node_id"": ""26436"", ""target_node_id"": ""26437""}, {""edge_id"": ""20185"", ""source_node_id"": ""26437"", ""target_node_id"": ""2690""}, {""edge_id"": ""20186"", ""source_node_id"": ""26437"", ""target_node_id"": ""2691""}, {""edge_id"": ""20187"", ""source_node_id"": ""2690"", ""target_node_id"": ""2691""}, {""edge_id"": ""20188"", ""source_node_id"": ""2691"", ""target_node_id"": ""2692""}], ""nodes"": [{""node_id"": ""26436"", ""widget_name"": ""File"", ""node_name"": ""文件加载"", ""node_params"": {""type"": ""sample"", ""filename"": ""monsters.csv""}, ""matched"": false}, {""node_id"": ""26437"", ""widget_name"": ""Data Sampler"", ""node_name"": ""数据划分"", ""node_params"": {""sampling_type"": 0, ""percentage"": 20, ""n_samples"": 15, ""replacement"": false, ""n_folds"": 10, ""selected_folds"": 1, ""replicable"": false, ""stratified"": false}, ""matched"": false}, {""node_id"": ""2690"", ""widget_name"": ""Random Forest"", ""node_name"": ""随机森林模型"", ""node_params"": {""n_estimators"": 10, ""use_max_features"": false, ""max_features"": ""auto"", ""use_random_state"": false, ""use_max_depth"": false, ""max_depth"": 3, ""use_min_samples_split"": true, ""min_samples_split"": 2}, ""matched"": true}, {""node_id"": ""2691"", ""widget_name"": ""Predictions"", ""node_name"": ""预测"", ""node_params"": {""output_attrs"": true, ""output_predictions"": true, ""output_probabilities"": true}, ""matched"": true}, {""node_id"": ""2692"", ""widget_name"": ""Save Data"", ""node_name"": ""保存数据"", ""node_params"": {}, ""matched"": true}]}","{""dependency_requirements"": [{""edge_id"": ""2210"", ""source_node_id"": ""2685"", ""target_node_id"": ""2690""}, {""edge_id"": ""2211"", ""source_node_id"": ""2686"", ""target_node_id"": ""2691""}, {""edge_id"": ""2212"", ""source_node_id"": ""2690"", ""target_node_id"": ""2691""}, {""edge_id"": ""2214"", ""source_node_id"": ""2691"", ""target_node_id"": ""2692""}], ""step_requirements"": [{""node_id"": ""2685"", ""algorithm_step_name"": ""Tabular Dataset Loading"", ""node_name"": ""怪物类型训练数据"", ""node_params"": {""table_name"": ""monster_train"", ""target_column"": ""type""}, ""contrast_level"": 2, ""node_type"": ""io""}, {""node_id"": ""2686"", ""algorithm_step_name"": ""Tabular Dataset Loading"", ""node_name"": ""怪物类型测试数据"", ""node_params"": {""table_name"": ""monster_test"", ""target_column"": ""type""}, ""contrast_level"": 2, ""node_type"": ""io""}, {""node_id"": ""2690"", ""algorithm_step_name"": ""Decision Tree Model"", ""node_name"": ""怪物类型决策树模型"", ""node_params"": {}, ""contrast_level"": 0, ""node_type"": ""model""}, {""node_id"": ""2691"", ""algorithm_step_name"": ""Test Dataset Predictions"", ""node_name"": ""预测"", ""node_params"": {""output_attrs"": true, ""output_predictions"": true, ""output_probabilities"": true}, ""contrast_level"": 2, ""node_type"": ""predict""}, {""node_id"": ""2692"", ""algorithm_step_name"": ""Save Data"", ""node_name"": ""保存预测结果"", ""node_params"": {}, ""contrast_level"": 2, ""node_type"": ""io""}]}",0.6
你的目标是根据旧金山所有社区近12年的犯罪训练数据和测试数据，首先使用训练数据训练一个模型，该模型能够预测犯罪类别。然后，用这个模型对测试数据集进行预测，最后把预测结果保存下来。,0.7143,13931,639,0,0,0,0,0,"{""edges"": [{""edge_id"": ""20189"", ""source_node_id"": ""26441"", ""target_node_id"": ""26443""}, {""edge_id"": ""20190"", ""source_node_id"": ""26443"", ""target_node_id"": ""26445""}, {""edge_id"": ""20191"", ""source_node_id"": ""26445"", ""target_node_id"": ""2700""}, {""edge_id"": ""20192"", ""source_node_id"": ""26442"", ""target_node_id"": ""26444""}, {""edge_id"": ""20193"", ""source_node_id"": ""26444"", ""target_node_id"": ""26446""}, {""edge_id"": ""20194"", ""source_node_id"": ""26446"", ""target_node_id"": ""2698""}, {""edge_id"": ""20195"", ""source_node_id"": ""2700"", ""target_node_id"": ""2698""}, {""edge_id"": ""20196"", ""source_node_id"": ""2698"", ""target_node_id"": ""2699""}], ""nodes"": [{""node_id"": ""26441"", ""widget_name"": ""File"", ""node_name"": ""训练数据"", ""node_params"": {""type"": ""sample"", ""filename"": ""sf_crime_train.csv""}, ""matched"": false}, {""node_id"": ""26442"", ""widget_name"": ""File"", ""node_name"": ""测试数据"", ""node_params"": {""type"": ""sample"", ""filename"": ""sf_crime_test.csv""}, ""matched"": false}, {""node_id"": ""26443"", ""widget_name"": ""Impute"", ""node_name"": ""训练数据缺失值处理"", ""node_params"": {""method"": 1}, ""matched"": false}, {""node_id"": ""26444"", ""widget_name"": ""Impute"", ""node_name"": ""测试数据缺失值处理"", ""node_params"": {""method"": 1}, ""matched"": false}, {""node_id"": ""26445"", ""widget_name"": ""One Hot Encoder"", ""node_name"": ""训练数据独热编码"", ""node_params"": {""encode_vars"": [""Category"", ""DayOfWeek"", ""PdDistrict"", ""Resolution"", ""Address""]}, ""matched"": false}, {""node_id"": ""26446"", ""widget_name"": ""One Hot Encoder"", ""node_name"": ""测试数据独热编码"", ""node_params"": {""encode_vars"": [""DayOfWeek"", ""PdDistrict"", ""Address""]}, ""matched"": false}, {""node_id"": ""2700"", ""widget_name"": ""XGBoost"", ""node_name"": ""XGBoost模型"", ""node_params"": {""booster"": ""gbtree"", ""learning_rate"": 0.3, ""gamma"": 0, ""max_depth"": 6, ""min_child_widget"": 1, ""max_delta_step"": 0, ""subsample"": 1, ""sampling_method"": ""uniform"", ""lambda"": 1, ""alpha"": 0, ""tree_method"": ""auto"", ""scale_pos_weight"": 1, ""updater"": ""grow_colmaker"", ""process_type"": ""default"", ""grow_policy"": ""depthwise""}, ""matched"": true}, {""node_id"": ""2698"", ""widget_name"": ""Predictions"", ""node_name"": ""预测"", ""node_params"": {""output_attrs"": true, ""output_predictions"": true, ""output_probabilities"": true}, ""matched"": true}, {""node_id"": ""2699"", ""widget_name"": ""Save Data"", ""node_name"": ""保存预测结果"", ""node_params"": {}, ""matched"": true}]}","{""dependency_requirements"": [{""edge_id"": ""2216"", ""source_node_id"": ""2693"", ""target_node_id"": ""2700""}, {""edge_id"": ""2217"", ""source_node_id"": ""2694"", ""target_node_id"": ""2698""}, {""edge_id"": ""2219"", ""source_node_id"": ""2700"", ""target_node_id"": ""2698""}, {""edge_id"": ""2221"", ""source_node_id"": ""2698"", ""target_node_id"": ""2699""}], ""step_requirements"": [{""node_id"": ""2693"", ""algorithm_step_name"": ""Tabular Dataset Loading"", ""node_name"": ""旧金山社区犯罪报告训练数据"", ""node_params"": {""table_name"": ""crime_category_train"", ""target_column"": ""category""}, ""contrast_level"": 2, ""node_type"": ""io""}, {""node_id"": ""2694"", ""algorithm_step_name"": ""Tabular Dataset Loading"", ""node_name"": ""旧金山社区犯罪报告测试数据"", ""node_params"": {""table_name"": ""crime_category_test"", ""target_column"": ""category""}, ""contrast_level"": 2, ""node_type"": ""io""}, {""node_id"": ""2700"", ""algorithm_step_name"": ""XGBoost"", ""node_name"": ""XGBoost"", ""node_params"": {}, ""contrast_level"": 0, ""node_type"": ""model""}, {""node_id"": ""2698"", ""algorithm_step_name"": ""Test Dataset Predictions"", ""node_name"": ""犯罪类别预测"", ""node_params"": {""output_attrs"": true, ""output_predictions"": true, ""output_probabilities"": true}, ""contrast_level"": 2, ""node_type"": ""predict""}, {""node_id"": ""2699"", ""algorithm_step_name"": ""Save Data"", ""node_name"": ""保存犯罪类别预测结果"", ""node_params"": {}, ""contrast_level"": 2, ""node_type"": ""io""}]}",0.4286
请你构建一个模型，用于根据鲍鱼的各种物理测量数据来预测它的年龄。进行独热编码之后对数据集进行划分，最后用划分的数据对训练好的模型进行评估。,0.8889,13918,478,0,0,0,0,0,"{""edges"": [{""edge_id"": ""20197"", ""source_node_id"": ""26450"", ""target_node_id"": ""2748""}, {""edge_id"": ""20198"", ""source_node_id"": ""2748"", ""target_node_id"": ""2749""}, {""edge_id"": ""20199"", ""source_node_id"": ""2749"", ""target_node_id"": ""2750""}, {""edge_id"": ""20200"", ""source_node_id"": ""2749"", ""target_node_id"": ""2751""}, {""edge_id"": ""20202"", ""source_node_id"": ""2750"", ""target_node_id"": ""2751""}], ""nodes"": [{""node_id"": ""26450"", ""widget_name"": ""File"", ""node_name"": ""文件加载"", ""node_params"": {""type"": ""sample"", ""filename"": ""abalone.csv""}, ""matched"": false}, {""node_id"": ""2748"", ""widget_name"": ""One Hot Encoder"", ""node_name"": ""独热编码"", ""node_params"": {""encode_vars"": [""Sex""]}, ""matched"": true}, {""node_id"": ""2749"", ""widget_name"": ""Data Sampler"", ""node_name"": ""数据划分"", ""node_params"": {""sampling_type"": 0, ""percentage"": 20, ""n_samples"": 15, ""replacement"": false, ""n_folds"": 10, ""selected_folds"": 1, ""replicable"": false, ""stratified"": false}, ""matched"": true}, {""node_id"": ""2750"", ""widget_name"": ""Random Forest"", ""node_name"": ""随机森林模型"", ""node_params"": {""n_estimators"": 10, ""use_max_features"": false, ""max_features"": ""auto"", ""use_random_state"": false, ""use_max_depth"": false, ""max_depth"": 3, ""use_min_samples_split"": true, ""min_samples_split"": 2}, ""matched"": true}, {""node_id"": ""2751"", ""widget_name"": ""Test & Score"", ""node_name"": ""模型评估"", ""node_params"": {}, ""matched"": true}]}","{""dependency_requirements"": [{""edge_id"": ""2266"", ""source_node_id"": ""2747"", ""target_node_id"": ""2748""}, {""edge_id"": ""2267"", ""source_node_id"": ""2748"", ""target_node_id"": ""2749""}, {""edge_id"": ""2268"", ""source_node_id"": ""2749"", ""target_node_id"": ""2750""}, {""edge_id"": ""2269"", ""source_node_id"": ""2749"", ""target_node_id"": ""2751""}, {""edge_id"": ""2271"", ""source_node_id"": ""2750"", ""target_node_id"": ""2751""}], ""step_requirements"": [{""node_id"": ""2747"", ""algorithm_step_name"": ""Tabular Dataset Loading"", ""node_name"": ""鲍鱼物理测量训练数据"", ""node_params"": {""table_name"": ""abalone_train"", ""target_column"": ""rings""}, ""contrast_level"": 2, ""node_type"": ""io""}, {""node_id"": ""2748"", ""algorithm_step_name"": ""One Hot Encoding"", ""node_name"": ""独热编码处理"", ""node_params"": {}, ""contrast_level"": 1, ""node_type"": ""feature engineering""}, {""node_id"": ""2749"", ""algorithm_step_name"": ""Dataset Division"", ""node_name"": ""数据划分"", ""node_params"": {}, ""contrast_level"": 1, ""node_type"": ""preprocess""}, {""node_id"": ""2750"", ""algorithm_step_name"": ""XGBoost"", ""node_name"": ""XGBoost回归器"", ""node_params"": {}, ""contrast_level"": 0, ""node_type"": ""model""}, {""node_id"": ""2751"", ""algorithm_step_name"": ""Model Evaluate"", ""node_name"": ""模型评估"", ""node_params"": {}, ""contrast_level"": 2, ""node_type"": ""evaluate""}]}",0.8
您的任务是训练一个神经网络模型，用于根据矿物莫氏硬度的相关特性，预测矿物的莫氏硬度数值。我希望你的激活函数使用双曲正切函数，优化方法使用随机梯度下降。,0.5,13679,135,0,0,0,0,0,"{""edges"": [{""edge_id"": ""20203"", ""source_node_id"": ""26456"", ""target_node_id"": ""2774""}], ""nodes"": [{""node_id"": ""2774"", ""widget_name"": ""Neural Network"", ""node_name"": ""神经网络模型"", ""node_params"": {""hidden_layers_input"": ""100,"", ""activation"": ""2"", ""solver"": ""1"", ""alpha"": 0.0001, ""maxItera"": 200, ""replicable"": true}, ""matched"": true}, {""node_id"": ""26456"", ""widget_name"": ""File"", ""node_name"": ""文件加载节点"", ""node_params"": {""type"": ""sample"", ""filename"": ""mineral_hardness.csv""}, ""matched"": false}]}","{""dependency_requirements"": [{""edge_id"": ""2303"", ""source_node_id"": ""2772"", ""target_node_id"": ""2774""}], ""step_requirements"": [{""node_id"": ""2772"", ""algorithm_step_name"": ""Tabular Dataset Loading"", ""node_name"": ""矿物硬度训练数据"", ""node_params"": {""table_name"": ""mohs_hardness_train"", ""target_column"": ""Hardness""}, ""contrast_level"": 2, ""node_type"": ""io""}, {""node_id"": ""2774"", ""algorithm_step_name"": ""Neural Network"", ""node_name"": ""神经网络模型"", ""node_params"": {""hidden_layers_input"": ""100,"", ""activation"": ""2"", ""solver"": ""1"", ""alpha"": 0.0001, ""maxItera"": 200, ""replicable"": true}, ""contrast_level"": 2, ""node_type"": ""model""}]}",0.5
你的任务是使用螃蟹年龄的训练数据集去建立一个随机森林模型来预测螃蟹的年龄。然后，用这个模型对螃蟹年龄的测试数据集进行预测，最后把预测结果保存下来。数据集需要进行独热编码,1.0,14819,1243,0,0,0,0,0,"{""edges"": [{""edge_id"": ""20204"", ""source_node_id"": ""2710"", ""target_node_id"": ""26459""}, {""edge_id"": ""20205"", ""source_node_id"": ""2711"", ""target_node_id"": ""26460""}, {""edge_id"": ""20206"", ""source_node_id"": ""26459"", ""target_node_id"": ""2712""}, {""edge_id"": ""20207"", ""source_node_id"": ""26460"", ""target_node_id"": ""2713""}, {""edge_id"": ""20208"", ""source_node_id"": ""2712"", ""target_node_id"": ""2714""}, {""edge_id"": ""20209"", ""source_node_id"": ""2713"", ""target_node_id"": ""2715""}, {""edge_id"": ""20210"", ""source_node_id"": ""2714"", ""target_node_id"": ""2715""}, {""edge_id"": ""20211"", ""source_node_id"": ""2715"", ""target_node_id"": ""2716""}], ""nodes"": [{""node_id"": ""2710"", ""widget_name"": ""SQL Table"", ""node_name"": ""螃蟹年龄训练数据"", ""node_params"": {""table_name"": ""crab_age_train"", ""target_column"": ""Age""}, ""matched"": true}, {""node_id"": ""2711"", ""widget_name"": ""SQL Table"", ""node_name"": ""螃蟹年龄测试数据"", ""node_params"": {""table_name"": ""crab_age_test"", ""target_column"": ""Age""}, ""matched"": true}, {""node_id"": ""26459"", ""widget_name"": ""Impute"", ""node_name"": ""训练数据缺失值处理"", ""node_params"": {""method"": 1}, ""matched"": false}, {""node_id"": ""26460"", ""widget_name"": ""Impute"", ""node_name"": ""测试数据缺失值处理"", ""node_params"": {""method"": 1}, ""matched"": false}, {""node_id"": ""2712"", ""widget_name"": ""One Hot Encoder"", ""node_name"": ""训练数据独热编码"", ""node_params"": {""encode_vars"": [""sex"", ""species""]}, ""matched"": true}, {""node_id"": ""2713"", ""widget_name"": ""One Hot Encoder"", ""node_name"": ""测试数据独热编码"", ""node_params"": {""encode_vars"": [""sex"", ""species""]}, ""matched"": true}, {""node_id"": ""2714"", ""widget_name"": ""Random Forest"", ""node_name"": ""随机森林模型"", ""node_params"": {""n_estimators"": 10, ""use_max_features"": false, ""max_features"": ""auto"", ""use_random_state"": false, ""use_max_depth"": false, ""max_depth"": 3, ""use_min_samples_split"": true, ""min_samples_split"": 2}, ""matched"": true}, {""node_id"": ""2715"", ""widget_name"": ""Predictions"", ""node_name"": ""预测"", ""node_params"": {""output_attrs"": true, ""output_predictions"": true, ""output_probabilities"": false}, ""matched"": true}, {""node_id"": ""2716"", ""widget_name"": ""Save Data"", ""node_name"": ""保存预测结果"", ""node_params"": {}, ""matched"": true}]}","{""dependency_requirements"": [{""edge_id"": ""2233"", ""source_node_id"": ""2710"", ""target_node_id"": ""2712""}, {""edge_id"": ""2234"", ""source_node_id"": ""2711"", ""target_node_id"": ""2713""}, {""edge_id"": ""2235"", ""source_node_id"": ""2712"", ""target_node_id"": ""2714""}, {""edge_id"": ""2236"", ""source_node_id"": ""2713"", ""target_node_id"": ""2715""}, {""edge_id"": ""2237"", ""source_node_id"": ""2714"", ""target_node_id"": ""2715""}, {""edge_id"": ""2238"", ""source_node_id"": ""2715"", ""target_node_id"": ""2716""}], ""step_requirements"": [{""node_id"": ""2710"", ""algorithm_step_name"": ""Tabular Dataset Loading"", ""node_name"": ""螃蟹年龄训练数据"", ""node_params"": {""table_name"": ""crab_age_train"", ""target_column"": ""Age""}, ""contrast_level"": 2, ""node_type"": ""io""}, {""node_id"": ""2711"", ""algorithm_step_name"": ""Tabular Dataset Loading"", ""node_name"": ""螃蟹年龄测试数据"", ""node_params"": {""table_name"": ""crab_age_test"", ""target_column"": ""Age""}, ""contrast_level"": 2, ""node_type"": ""io""}, {""node_id"": ""2712"", ""algorithm_step_name"": ""One Hot Encoding"", ""node_name"": ""训练数据独热编码"", ""node_params"": {}, ""contrast_level"": 1, ""node_type"": ""feature engineering""}, {""node_id"": ""2713"", ""algorithm_step_name"": ""One Hot Encoding"", ""node_name"": ""测试数据独热编码"", ""node_params"": {}, ""contrast_level"": 1, ""node_type"": ""feature engineering""}, {""node_id"": ""2714"", ""algorithm_step_name"": ""Random Forest"", ""node_name"": ""随机森林模型"", ""node_params"": {}, ""contrast_level"": 1, ""node_type"": ""model""}, {""node_id"": ""2715"", ""algorithm_step_name"": ""Test Dataset Predictions"", ""node_name"": ""预测结果"", ""node_params"": {""output_attrs"": true, ""output_predictions"": true, ""output_probabilities"": false}, ""contrast_level"": 2, ""node_type"": ""predict""}, {""node_id"": ""2716"", ""algorithm_step_name"": ""Save Data"", ""node_name"": ""保存预测结果"", ""node_params"": {}, ""contrast_level"": 2, ""node_type"": ""io""}]}",0.875
您的任务是构建一个机器学习模型，帮助我预测野生蓝莓的产量。特征工程的处理方法为：特征构建和特征选择。特征工程处理之后还需要对数据进行抽样处理，最后用抽样的数据对训练好的模型进行评估。,0.9091,14038,496,0,0,0,0,0,"{""edges"": [{""edge_id"": ""20212"", ""source_node_id"": ""26466"", ""target_node_id"": ""2776""}, {""edge_id"": ""20213"", ""source_node_id"": ""2776"", ""target_node_id"": ""2780""}, {""edge_id"": ""20214"", ""source_node_id"": ""2780"", ""target_node_id"": ""2777""}, {""edge_id"": ""20215"", ""source_node_id"": ""2777"", ""target_node_id"": ""2778""}, {""edge_id"": ""20216"", ""source_node_id"": ""2777"", ""target_node_id"": ""2779""}, {""edge_id"": ""20218"", ""source_node_id"": ""2778"", ""target_node_id"": ""2779""}], ""nodes"": [{""node_id"": ""26466"", ""widget_name"": ""File"", ""node_name"": ""加载野生蓝莓数据集"", ""node_params"": {""type"": ""sample"", ""filename"": ""blueberry.csv""}, ""matched"": false}, {""node_id"": ""2776"", ""widget_name"": ""Feature Constructor"", ""node_name"": ""特征构建"", ""node_params"": {""expressions"": [{""key"": 0, ""name"": ""new_feature"", ""expression"": ""feature1 + feature2"", ""type"": 2, ""image"": ""N"", ""categories"": ""A, B""}]}, ""matched"": true}, {""node_id"": ""2780"", ""widget_name"": ""Select Best N Attributes"", ""node_name"": ""特征选择"", ""node_params"": {""n"": 5}, ""matched"": true}, {""node_id"": ""2777"", ""widget_name"": ""Data Sampler"", ""node_name"": ""数据抽样"", ""node_params"": {""sampling_type"": 0, ""percentage"": 20, ""n_samples"": 15, ""replacement"": false, ""n_folds"": 10, ""selected_folds"": 1, ""replicable"": false, ""stratified"": false}, ""matched"": true}, {""node_id"": ""2778"", ""widget_name"": ""XGBoost"", ""node_name"": ""XGBoost模型"", ""node_params"": {""booster"": ""gbtree"", ""learning_rate"": 0.1, ""gamma"": 0, ""max_depth"": 6, ""min_child_widget"": 1, ""max_delta_step"": 0, ""subsample"": 1, ""sampling_method"": ""uniform"", ""lambda"": 1, ""alpha"": 0, ""tree_method"": ""auto"", ""scale_pos_weight"": 1, ""updater"": ""grow_colmaker"", ""process_type"": ""default"", ""grow_policy"": ""depthwise""}, ""matched"": true}, {""node_id"": ""2779"", ""widget_name"": ""Test & Score"", ""node_name"": ""模型评估"", ""node_params"": {}, ""matched"": true}]}","{""dependency_requirements"": [{""edge_id"": ""2304"", ""source_node_id"": ""2775"", ""target_node_id"": ""2776""}, {""edge_id"": ""2305"", ""source_node_id"": ""2780"", ""target_node_id"": ""2777""}, {""edge_id"": ""2306"", ""source_node_id"": ""2777"", ""target_node_id"": ""2778""}, {""edge_id"": ""2307"", ""source_node_id"": ""2777"", ""target_node_id"": ""2779""}, {""edge_id"": ""2309"", ""source_node_id"": ""2778"", ""target_node_id"": ""2779""}, {""edge_id"": ""2310"", ""source_node_id"": ""2776"", ""target_node_id"": ""2780""}], ""step_requirements"": [{""node_id"": ""2775"", ""algorithm_step_name"": ""Tabular Dataset Loading"", ""node_name"": ""野生蓝莓产量训练数据"", ""node_params"": {""table_name"": ""wild_blueberry_yield_train"", ""target_column"": ""yield""}, ""contrast_level"": 2, ""node_type"": ""io""}, {""node_id"": ""2776"", ""algorithm_step_name"": ""Feature Construction"", ""node_name"": ""特征构建"", ""node_params"": {}, ""contrast_level"": 1, ""node_type"": ""feature engineering""}, {""node_id"": ""2777"", ""algorithm_step_name"": ""Dataset Division"", ""node_name"": ""数据划分"", ""node_params"": {}, ""contrast_level"": 1, ""node_type"": ""preprocess""}, {""node_id"": ""2778"", ""algorithm_step_name"": ""XGBoost"", ""node_name"": ""XGBoost回归器"", ""node_params"": {}, ""contrast_level"": 0, ""node_type"": ""model""}, {""node_id"": ""2779"", ""algorithm_step_name"": ""Model Evaluate"", ""node_name"": ""模型评估"", ""node_params"": {}, ""contrast_level"": 2, ""node_type"": ""evaluate""}, {""node_id"": ""2780"", ""algorithm_step_name"": ""Feature Selection"", ""node_name"": ""Select Best N Attributes"", ""node_params"": {}, ""contrast_level"": 1, ""node_type"": ""feature engineering""}]}",0.8333
您的任务是根据媒体宣传成本的训练数据去构建一个机器学习模型，帮助我们预测食品超市的媒体宣传成本。然后，用这个模型对媒体宣传成本的测试数据集进行预测，最后把预测结果保存下来。,0.7143,13636,579,0,0,0,0,0,"{""edges"": [{""edge_id"": ""20219"", ""source_node_id"": ""26472"", ""target_node_id"": ""26474""}, {""edge_id"": ""20220"", ""source_node_id"": ""26473"", ""target_node_id"": ""26475""}, {""edge_id"": ""20221"", ""source_node_id"": ""26474"", ""target_node_id"": ""26476""}, {""edge_id"": ""20222"", ""source_node_id"": ""26475"", ""target_node_id"": ""26477""}, {""edge_id"": ""20223"", ""source_node_id"": ""26476"", ""target_node_id"": ""2745""}, {""edge_id"": ""20224"", ""source_node_id"": ""26477"", ""target_node_id"": ""2743""}, {""edge_id"": ""20225"", ""source_node_id"": ""2745"", ""target_node_id"": ""2743""}, {""edge_id"": ""20226"", ""source_node_id"": ""2743"", ""target_node_id"": ""2744""}], ""nodes"": [{""node_id"": ""26472"", ""widget_name"": ""File"", ""node_name"": ""训练数据加载"", ""node_params"": {""type"": ""sample"", ""filename"": ""marketing_cost_train.csv""}, ""matched"": false}, {""node_id"": ""26473"", ""widget_name"": ""File"", ""node_name"": ""测试数据加载"", ""node_params"": {""type"": ""sample"", ""filename"": ""marketing_cost_test.csv""}, ""matched"": false}, {""node_id"": ""26474"", ""widget_name"": ""Impute"", ""node_name"": ""训练数据缺失值处理"", ""node_params"": {""method"": 1}, ""matched"": false}, {""node_id"": ""26475"", ""widget_name"": ""Impute"", ""node_name"": ""测试数据缺失值处理"", ""node_params"": {""method"": 1}, ""matched"": false}, {""node_id"": ""26476"", ""widget_name"": ""One Hot Encoder"", ""node_name"": ""训练数据独热编码"", ""node_params"": {""encode_vars"": []}, ""matched"": false}, {""node_id"": ""26477"", ""widget_name"": ""One Hot Encoder"", ""node_name"": ""测试数据独热编码"", ""node_params"": {""encode_vars"": []}, ""matched"": false}, {""node_id"": ""2745"", ""widget_name"": ""Linear Regression"", ""node_name"": ""线性回归模型"", ""node_params"": {""regression_type"": ""0""}, ""matched"": true}, {""node_id"": ""2743"", ""widget_name"": ""Predictions"", ""node_name"": ""预测"", ""node_params"": {""output_attrs"": true, ""output_predictions"": true, ""output_probabilities"": false}, ""matched"": true}, {""node_id"": ""2744"", ""widget_name"": ""Save Data"", ""node_name"": ""保存预测结果"", ""node_params"": {}, ""matched"": true}]}","{""dependency_requirements"": [{""edge_id"": ""2261"", ""source_node_id"": ""2741"", ""target_node_id"": ""2743""}, {""edge_id"": ""2262"", ""source_node_id"": ""2740"", ""target_node_id"": ""2745""}, {""edge_id"": ""2263"", ""source_node_id"": ""2745"", ""target_node_id"": ""2743""}, {""edge_id"": ""2264"", ""source_node_id"": ""2743"", ""target_node_id"": ""2744""}], ""step_requirements"": [{""node_id"": ""2740"", ""algorithm_step_name"": ""Tabular Dataset Loading"", ""node_name"": ""食品超市媒体宣传成本训练数据"", ""node_params"": {""table_name"": ""media_campaign_cost_train"", ""target_column"": ""cost""}, ""contrast_level"": 2, ""node_type"": ""io""}, {""node_id"": ""2741"", ""algorithm_step_name"": ""Tabular Dataset Loading"", ""node_name"": ""食品超市媒体宣传成本测试数据"", ""node_params"": {""table_name"": ""media_campaign_cost_test"", ""target_column"": ""cost""}, ""contrast_level"": 2, ""node_type"": ""io""}, {""node_id"": ""2743"", ""algorithm_step_name"": ""Test Dataset Predictions"", ""node_name"": ""预测"", ""node_params"": {""output_attrs"": true, ""output_predictions"": true, ""output_probabilities"": false}, ""contrast_level"": 2, ""node_type"": ""predict""}, {""node_id"": ""2744"", ""algorithm_step_name"": ""Save Data"", ""node_name"": ""保存预测结果"", ""node_params"": {}, ""contrast_level"": 2, ""node_type"": ""io""}, {""node_id"": ""2745"", ""algorithm_step_name"": ""XGBoost"", ""node_name"": ""XGBoost"", ""node_params"": {}, ""contrast_level"": 0, ""node_type"": ""model""}]}",0.4286
我需要你使用银行信用贷款的训练数据，构建一个能够预测客户是否会流失的随机森林模型。然后，用这个模型对测试数据进行预测，并把预测结果保存下来，最后展示预测结果的混淆矩阵,0.9091,15038,1571,0,0,0,0,0,"{""edges"": [{""edge_id"": ""20227"", ""source_node_id"": ""2561"", ""target_node_id"": ""26483""}, {""edge_id"": ""20228"", ""source_node_id"": ""2562"", ""target_node_id"": ""26484""}, {""edge_id"": ""20229"", ""source_node_id"": ""26483"", ""target_node_id"": ""26485""}, {""edge_id"": ""20230"", ""source_node_id"": ""26484"", ""target_node_id"": ""26486""}, {""edge_id"": ""20231"", ""source_node_id"": ""26485"", ""target_node_id"": ""2565""}, {""edge_id"": ""20232"", ""source_node_id"": ""26486"", ""target_node_id"": ""2567""}, {""edge_id"": ""20233"", ""source_node_id"": ""2565"", ""target_node_id"": ""2567""}, {""edge_id"": ""20234"", ""source_node_id"": ""2567"", ""target_node_id"": ""2568""}, {""edge_id"": ""20235"", ""source_node_id"": ""2567"", ""target_node_id"": ""2569""}], ""nodes"": [{""node_id"": ""2561"", ""widget_name"": ""SQL Table"", ""node_name"": ""银行信用贷款训练数据"", ""node_params"": {""table_name"": ""bank_customer_churn_train"", ""target_column"": ""Exited""}, ""matched"": true}, {""node_id"": ""2562"", ""widget_name"": ""SQL Table"", ""node_name"": ""银行信用贷款测试数据"", ""node_params"": {""table_name"": ""bank_customer_churn_test"", ""target_column"": ""Exited""}, ""matched"": true}, {""node_id"": ""26483"", ""widget_name"": ""Impute"", ""node_name"": ""训练数据缺失值处理"", ""node_params"": {""method"": 2}, ""matched"": false}, {""node_id"": ""26484"", ""widget_name"": ""Impute"", ""node_name"": ""测试数据缺失值处理"", ""node_params"": {""method"": 2}, ""matched"": false}, {""node_id"": ""26485"", ""widget_name"": ""One Hot Encoder"", ""node_name"": ""训练数据独热编码"", ""node_params"": {""encode_vars"": [""has_cr_card"", ""is_active_member""]}, ""matched"": false}, {""node_id"": ""26486"", ""widget_name"": ""One Hot Encoder"", ""node_name"": ""测试数据独热编码"", ""node_params"": {""encode_vars"": [""has_cr_card"", ""is_active_member""]}, ""matched"": false}, {""node_id"": ""2565"", ""widget_name"": ""Random Forest"", ""node_name"": ""随机森林模型"", ""node_params"": {""n_estimators"": 100, ""use_max_features"": true, ""max_features"": ""auto"", ""use_random_state"": true, ""use_max_depth"": true, ""max_depth"": 10, ""use_min_samples_split"": true, ""min_samples_split"": 2}, ""matched"": true}, {""node_id"": ""2567"", ""widget_name"": ""Predictions"", ""node_name"": ""预测"", ""node_params"": {""output_attrs"": true, ""output_predictions"": true, ""output_probabilities"": true}, ""matched"": true}, {""node_id"": ""2568"", ""widget_name"": ""Save Data"", ""node_name"": ""保存预测结果"", ""node_params"": {}, ""matched"": true}, {""node_id"": ""2569"", ""widget_name"": ""Confusion Matrix"", ""node_name"": ""混淆矩阵"", ""node_params"": {}, ""matched"": true}]}","{""dependency_requirements"": [{""edge_id"": ""2111"", ""source_node_id"": ""2561"", ""target_node_id"": ""2565""}, {""edge_id"": ""2112"", ""source_node_id"": ""2562"", ""target_node_id"": ""2567""}, {""edge_id"": ""2113"", ""source_node_id"": ""2565"", ""target_node_id"": ""2567""}, {""edge_id"": ""2114"", ""source_node_id"": ""2567"", ""target_node_id"": ""2568""}, {""edge_id"": ""2116"", ""source_node_id"": ""2568"", ""target_node_id"": ""2569""}], ""step_requirements"": [{""node_id"": ""2561"", ""algorithm_step_name"": ""Tabular Dataset Loading"", ""node_name"": ""银行信用贷款训练数据"", ""node_params"": {""table_name"": ""bank_customer_churn_train"", ""target_column"": ""Exited""}, ""contrast_level"": 2, ""node_type"": ""io""}, {""node_id"": ""2562"", ""algorithm_step_name"": ""Tabular Dataset Loading"", ""node_name"": ""银行信用贷款测试数据"", ""node_params"": {""table_name"": ""bank_customer_churn_test"", ""target_column"": ""Exited""}, ""contrast_level"": 2, ""node_type"": ""io""}, {""node_id"": ""2565"", ""algorithm_step_name"": ""Random Forest"", ""node_name"": ""随机森林模型"", ""node_params"": {}, ""contrast_level"": 1, ""node_type"": ""model""}, {""node_id"": ""2567"", ""algorithm_step_name"": ""Test Dataset Predictions"", ""node_name"": ""预测结果"", ""node_params"": {""output_attrs"": true, ""output_predictions"": true, ""output_probabilities"": true}, ""contrast_level"": 2, ""node_type"": ""predict""}, {""node_id"": ""2568"", ""algorithm_step_name"": ""Save Data"", ""node_name"": ""保存预测结果"", ""node_params"": {}, ""contrast_level"": 1, ""node_type"": ""io""}, {""node_id"": ""2569"", ""algorithm_step_name"": ""Confusion Matrix"", ""node_name"": ""混淆矩阵"", ""node_params"": {}, ""contrast_level"": 1, ""node_type"": ""visualize""}]}",0.625
请你使用生物信号训练数据集来预测个体是否为吸烟者，你的最终目标是建立一个能够准确判断个体吸烟状态的XGboost模型，学习率使用0.1，学习器使用DART模型。,0.5,13293,647,0,0,0,0,0,"{""edges"": [{""edge_id"": ""20236"", ""source_node_id"": ""26491"", ""target_node_id"": ""26492""}, {""edge_id"": ""20237"", ""source_node_id"": ""26492"", ""target_node_id"": ""26493""}, {""edge_id"": ""20238"", ""source_node_id"": ""26493"", ""target_node_id"": ""26494""}, {""edge_id"": ""20239"", ""source_node_id"": ""26494"", ""target_node_id"": ""2572""}, {""edge_id"": ""20240"", ""source_node_id"": ""26494"", ""target_node_id"": ""26496""}, {""edge_id"": ""20242"", ""source_node_id"": ""2572"", ""target_node_id"": ""26496""}], ""nodes"": [{""node_id"": ""26491"", ""widget_name"": ""File"", ""node_name"": ""文件加载"", ""node_params"": {""type"": ""sample"", ""filename"": ""heart_disease.csv""}, ""matched"": false}, {""node_id"": ""26492"", ""widget_name"": ""Impute"", ""node_name"": ""缺失值处理"", ""node_params"": {""method"": 2}, ""matched"": false}, {""node_id"": ""26493"", ""widget_name"": ""One Hot Encoder"", ""node_name"": ""独热编码"", ""node_params"": {""encode_vars"": [""cp"", ""fbs"", ""restecg"", ""exang"", ""slope"", ""ca"", ""thal""]}, ""matched"": false}, {""node_id"": ""26494"", ""widget_name"": ""Data Sampler"", ""node_name"": ""数据划分"", ""node_params"": {""sampling_type"": 0, ""percentage"": 20, ""n_samples"": 15, ""replacement"": false, ""n_folds"": 10, ""selected_folds"": 1, ""replicable"": false, ""stratified"": false}, ""matched"": false}, {""node_id"": ""2572"", ""widget_name"": ""XGBoost"", ""node_name"": ""XGBoost模型"", ""node_params"": {""booster"": ""dart"", ""learning_rate"": 0.1, ""gamma"": 0, ""max_depth"": 6, ""min_child_widget"": 1, ""max_delta_step"": 0, ""subsample"": 1, ""sampling_method"": ""uniform"", ""lambda"": 1, ""alpha"": 0, ""tree_method"": ""auto"", ""scale_pos_weight"": 1, ""updater"": ""grow_colmaker"", ""process_type"": ""default"", ""grow_policy"": ""depthwise""}, ""matched"": true}, {""node_id"": ""26496"", ""widget_name"": ""Test & Score"", ""node_name"": ""测试评估"", ""node_params"": {}, ""matched"": false}]}","{""dependency_requirements"": [{""edge_id"": ""2117"", ""source_node_id"": ""2570"", ""target_node_id"": ""2572""}], ""step_requirements"": [{""node_id"": ""2570"", ""algorithm_step_name"": ""Tabular Dataset Loading"", ""node_name"": ""生物信号训练数据"", ""node_params"": {""table_name"": ""smoker_status_bio_signals_train"", ""target_column"": ""smoking""}, ""contrast_level"": 2, ""node_type"": ""io""}, {""node_id"": ""2572"", ""algorithm_step_name"": ""XGBoost"", ""node_name"": ""XGBoost模型"", ""node_params"": {""booster"": ""dart"", ""learning_rate"": 0.1, ""gamma"": 0, ""max_depth"": 6, ""min_child_widget"": 1, ""max_delta_step"": 0, ""subsample"": 1, ""sampling_method"": ""uniform"", ""lambda"": 1, ""alpha"": 0, ""tree_method"": ""auto"", ""scale_pos_weight"": 1, ""updater"": ""grow_colmaker"", ""process_type"": ""default"", ""grow_policy"": ""depthwise""}, ""contrast_level"": 2, ""node_type"": ""model""}]}",0.25
你需要使用人类的肾结石相关指标数据，开发一个机器学习模型预测一个人是否患有肾结石。我需要你在模型训练之前，加一步数据划分的数据处理，最后还要用划分后的验证集对模型进行评估。,0.8571,13457,173,0,0,0,0,0,"{""edges"": [{""edge_id"": ""20243"", ""source_node_id"": ""26497"", ""target_node_id"": ""2578""}, {""edge_id"": ""20244"", ""source_node_id"": ""2578"", ""target_node_id"": ""26499""}, {""edge_id"": ""20245"", ""source_node_id"": ""26499"", ""target_node_id"": ""2579""}, {""edge_id"": ""20246"", ""source_node_id"": ""2578"", ""target_node_id"": ""2580""}, {""edge_id"": ""20248"", ""source_node_id"": ""2579"", ""target_node_id"": ""2580""}], ""nodes"": [{""node_id"": ""26497"", ""widget_name"": ""File"", ""node_name"": ""文件加载"", ""node_params"": {""type"": ""sample"", ""filename"": ""kidney_stones.csv""}, ""matched"": false}, {""node_id"": ""2578"", ""widget_name"": ""Data Sampler"", ""node_name"": ""数据划分"", ""node_params"": {""sampling_type"": 0, ""percentage"": 10, ""n_samples"": 15, ""replacement"": false, ""n_folds"": 10, ""selected_folds"": 1, ""replicable"": false, ""stratified"": false}, ""matched"": true}, {""node_id"": ""26499"", ""widget_name"": ""One Hot Encoder"", ""node_name"": ""独热编码"", ""node_params"": {""encode_vars"": []}, ""matched"": false}, {""node_id"": ""2579"", ""widget_name"": ""XGBoost"", ""node_name"": ""XGBoost"", ""node_params"": {""booster"": ""gbtree"", ""learning_rate"": 0.3, ""gamma"": 0, ""max_depth"": 6, ""min_child_widget"": 1, ""max_delta_step"": 0, ""subsample"": 1, ""sampling_method"": ""uniform"", ""lambda"": 1, ""alpha"": 0, ""tree_method"": ""auto"", ""scale_pos_weight"": 1, ""updater"": ""grow_colmaker"", ""process_type"": ""default"", ""grow_policy"": ""depthwise""}, ""matched"": true}, {""node_id"": ""2580"", ""widget_name"": ""Test & Score"", ""node_name"": ""模型评估"", ""node_params"": {}, ""matched"": true}]}","{""dependency_requirements"": [{""edge_id"": ""2119"", ""source_node_id"": ""2577"", ""target_node_id"": ""2578""}, {""edge_id"": ""2120"", ""source_node_id"": ""2578"", ""target_node_id"": ""2579""}, {""edge_id"": ""2121"", ""source_node_id"": ""2578"", ""target_node_id"": ""2580""}, {""edge_id"": ""2123"", ""source_node_id"": ""2579"", ""target_node_id"": ""2580""}], ""step_requirements"": [{""node_id"": ""2577"", ""algorithm_step_name"": ""Tabular Dataset Loading"", ""node_name"": ""肾结石指标训练数据"", ""node_params"": {""table_name"": ""kidney_stone_train"", ""target_column"": ""target""}, ""contrast_level"": 2, ""node_type"": ""io""}, {""node_id"": ""2578"", ""algorithm_step_name"": ""Dataset Division"", ""node_name"": ""数据划分"", ""node_params"": {}, ""contrast_level"": 1, ""node_type"": ""preprocess""}, {""node_id"": ""2579"", ""algorithm_step_name"": ""LightGBM"", ""node_name"": ""LightGBM分类器"", ""node_params"": {}, ""contrast_level"": 0, ""node_type"": ""model""}, {""node_id"": ""2580"", ""algorithm_step_name"": ""Model Evaluate"", ""node_name"": ""模型评估"", ""node_params"": {}, ""contrast_level"": 2, ""node_type"": ""evaluate""}]}",0.6667
你的目标是帮助我的酒店更好地预判客户是否会取消预订。你首先要加载酒店预定的训练数据和测试数据，用训练数据训练一个LightGBM模型，然后用LightGBM模型对酒店预定的测试数据进行预测，最后将预测结果保存。,0.7143,14130,369,0,0,0,0,0,"{""edges"": [{""edge_id"": ""20249"", ""source_node_id"": ""26502"", ""target_node_id"": ""2586""}, {""edge_id"": ""20250"", ""source_node_id"": ""26503"", ""target_node_id"": ""2587""}, {""edge_id"": ""20251"", ""source_node_id"": ""2586"", ""target_node_id"": ""2587""}, {""edge_id"": ""20252"", ""source_node_id"": ""2587"", ""target_node_id"": ""2588""}], ""nodes"": [{""node_id"": ""26502"", ""widget_name"": ""File"", ""node_name"": ""加载训练数据"", ""node_params"": {""type"": ""sample"", ""filename"": ""hotel_bookings_train.csv""}, ""matched"": false}, {""node_id"": ""26503"", ""widget_name"": ""File"", ""node_name"": ""加载测试数据"", ""node_params"": {""type"": ""sample"", ""filename"": ""hotel_bookings_test.csv""}, ""matched"": false}, {""node_id"": ""2586"", ""widget_name"": ""LightGBM"", ""node_name"": ""LightGBM模型"", ""node_params"": {""boosting_type"": ""gbdt"", ""n_estimators"": 10, ""learning_rate"": 0.1, ""sampling_rate"": 0.1, ""max_depth_check"": false, ""max_depth"": 3, ""num_leaves_check"": false, ""num_leaves"": 31}, ""matched"": true}, {""node_id"": ""2587"", ""widget_name"": ""Predictions"", ""node_name"": ""预测"", ""node_params"": {""output_attrs"": true, ""output_predictions"": true, ""output_probabilities"": true}, ""matched"": true}, {""node_id"": ""2588"", ""widget_name"": ""Save Data"", ""node_name"": ""保存预测结果"", ""node_params"": {}, ""matched"": true}]}","{""dependency_requirements"": [{""edge_id"": ""2129"", ""source_node_id"": ""2586"", ""target_node_id"": ""2587""}, {""edge_id"": ""2130"", ""source_node_id"": ""2587"", ""target_node_id"": ""2588""}, {""edge_id"": ""2131"", ""source_node_id"": ""2583"", ""target_node_id"": ""2589""}, {""edge_id"": ""2133"", ""source_node_id"": ""2582"", ""target_node_id"": ""2586""}], ""step_requirements"": [{""node_id"": ""2582"", ""algorithm_step_name"": ""Tabular Dataset Loading"", ""node_name"": ""酒店预定训练数据"", ""node_params"": {""table_name"": ""reservation_cancellation_train"", ""target_column"": ""booking_status""}, ""contrast_level"": 2, ""node_type"": ""io""}, {""node_id"": ""2583"", ""algorithm_step_name"": ""Tabular Dataset Loading"", ""node_name"": ""酒店预定测试数据"", ""node_params"": {""table_name"": ""reservation_cancellation_test"", ""target_column"": ""booking_status""}, ""contrast_level"": 2, ""node_type"": ""io""}, {""node_id"": ""2586"", ""algorithm_step_name"": ""LightGBM"", ""node_name"": ""LightGBM模型"", ""node_params"": {}, ""contrast_level"": 1, ""node_type"": ""model""}, {""node_id"": ""2587"", ""algorithm_step_name"": ""Test Dataset Predictions"", ""node_name"": ""预测"", ""node_params"": {""output_attrs"": true, ""output_predictions"": true, ""output_probabilities"": true}, ""contrast_level"": 2, ""node_type"": ""predict""}, {""node_id"": ""2588"", ""algorithm_step_name"": ""Save Data"", ""node_name"": ""保存预测结果"", ""node_params"": {}, ""contrast_level"": 2, ""node_type"": ""io""}]}",0.6
你的目标是通过与肥胖相关的各种因素，如饮食、生活方式等数据，训练一个模型来预测个体的肥胖风险等级。特征工程处理时，我需要你进行特征构建和特征选择。,0.8333,14516,720,0,0,0,0,0,"{""edges"": [{""edge_id"": ""20253"", ""source_node_id"": ""2594"", ""target_node_id"": ""2597""}, {""edge_id"": ""20254"", ""source_node_id"": ""2597"", ""target_node_id"": ""2598""}], ""nodes"": [{""node_id"": ""2594"", ""widget_name"": ""SQL Table"", ""node_name"": ""肥胖数据加载"", ""node_params"": {""table_name"": ""obesity_cvd_risk_train"", ""target_column"": ""NObeyesdad""}, ""matched"": true}, {""node_id"": ""2597"", ""widget_name"": ""Feature Constructor"", ""node_name"": ""特征构建"", ""node_params"": {""expressions"": [{""key"": 0, ""name"": ""Diet_Exercise_Ratio"", ""expression"": ""Diet / Exercise"", ""type"": 2, ""image"": ""N"", ""categories"": ""A, B""}]}, ""matched"": true}, {""node_id"": ""2598"", ""widget_name"": ""Select Best N Attributes"", ""node_name"": ""特征选择"", ""node_params"": {""n"": 5}, ""matched"": true}]}","{""dependency_requirements"": [{""edge_id"": ""2139"", ""source_node_id"": ""2594"", ""target_node_id"": ""2597""}, {""edge_id"": ""2140"", ""source_node_id"": ""2597"", ""target_node_id"": ""2598""}, {""edge_id"": ""2141"", ""source_node_id"": ""2598"", ""target_node_id"": ""2599""}], ""step_requirements"": [{""node_id"": ""2594"", ""algorithm_step_name"": ""Tabular Dataset Loading"", ""node_name"": ""肥胖风险训练数据"", ""node_params"": {""table_name"": ""obesity_cvd_risk_train"", ""target_column"": ""NObeyesdad""}, ""contrast_level"": 2, ""node_type"": ""io""}, {""node_id"": ""2597"", ""algorithm_step_name"": ""Feature Construction"", ""node_name"": ""特征构建处理"", ""node_params"": {}, ""contrast_level"": 1, ""node_type"": ""feature engineering""}, {""node_id"": ""2598"", ""algorithm_step_name"": ""Feature Selection"", ""node_name"": ""自动特征选择处理"", ""node_params"": {}, ""contrast_level"": 1, ""node_type"": ""feature engineering""}, {""node_id"": ""2599"", ""algorithm_step_name"": ""XGBoost"", ""node_name"": ""XGBoost分类器"", ""node_params"": {}, ""contrast_level"": 0, ""node_type"": ""model""}]}",0.8571
你的目标是构建一个机器学习模型，用于预测肝硬化患者的生存状态。我需要你在处理完数据集之后将数据集划分为训练集和验证集，以便最后用划分的训练数据对模型进行训练，用验证数据对模型进行评估。,0.8571,13583,446,0,0,0,0,0,"{""edges"": [{""edge_id"": ""20255"", ""source_node_id"": ""26510"", ""target_node_id"": ""26511""}, {""edge_id"": ""20256"", ""source_node_id"": ""26511"", ""target_node_id"": ""2610""}, {""edge_id"": ""20257"", ""source_node_id"": ""2610"", ""target_node_id"": ""2611""}, {""edge_id"": ""20258"", ""source_node_id"": ""2610"", ""target_node_id"": ""2612""}, {""edge_id"": ""20260"", ""source_node_id"": ""2611"", ""target_node_id"": ""2612""}], ""nodes"": [{""node_id"": ""26510"", ""widget_name"": ""File"", ""node_name"": ""文件加载"", ""node_params"": {""type"": ""sample"", ""filename"": ""heart_disease.csv""}, ""matched"": false}, {""node_id"": ""26511"", ""widget_name"": ""Impute"", ""node_name"": ""缺失值处理"", ""node_params"": {""method"": 2}, ""matched"": false}, {""node_id"": ""2610"", ""widget_name"": ""Data Sampler"", ""node_name"": ""数据划分"", ""node_params"": {""sampling_type"": 0, ""percentage"": 20, ""n_samples"": 15, ""replacement"": false, ""n_folds"": 10, ""selected_folds"": 1, ""replicable"": false, ""stratified"": false}, ""matched"": true}, {""node_id"": ""2611"", ""widget_name"": ""XGBoost"", ""node_name"": ""XGBoost模型"", ""node_params"": {""booster"": ""gbtree"", ""learning_rate"": 0.3, ""gamma"": 0, ""max_depth"": 6, ""min_child_widget"": 1, ""max_delta_step"": 0, ""subsample"": 1, ""sampling_method"": ""uniform"", ""lambda"": 1, ""alpha"": 0, ""tree_method"": ""auto"", ""scale_pos_weight"": 1, ""updater"": ""grow_colmaker"", ""process_type"": ""default"", ""grow_policy"": ""depthwise""}, ""matched"": true}, {""node_id"": ""2612"", ""widget_name"": ""Test & Score"", ""node_name"": ""模型评估"", ""node_params"": {}, ""matched"": true}]}","{""dependency_requirements"": [{""edge_id"": ""2148"", ""source_node_id"": ""2607"", ""target_node_id"": ""2610""}, {""edge_id"": ""2152"", ""source_node_id"": ""2610"", ""target_node_id"": ""2611""}, {""edge_id"": ""2152"", ""source_node_id"": ""2610"", ""target_node_id"": ""2612""}, {""edge_id"": ""2154"", ""source_node_id"": ""2611"", ""target_node_id"": ""2612""}], ""step_requirements"": [{""node_id"": ""2607"", ""algorithm_step_name"": ""Tabular Dataset Loading"", ""node_name"": ""肝硬化患者生存状态训练数据"", ""node_params"": {""table_name"": ""cirrhosis_patient_train"", ""target_column"": ""Status""}, ""contrast_level"": 2, ""node_type"": ""io""}, {""node_id"": ""2610"", ""algorithm_step_name"": ""Dataset Division"", ""node_name"": ""数据划分"", ""node_params"": {}, ""contrast_level"": 1, ""node_type"": ""preprocess""}, {""node_id"": ""2611"", ""algorithm_step_name"": ""XGBoost"", ""node_name"": ""XGBoost分类器"", ""node_params"": {}, ""contrast_level"": 0, ""node_type"": ""model""}, {""node_id"": ""2612"", ""algorithm_step_name"": ""Model Evaluate"", ""node_name"": ""评估"", ""node_params"": {}, ""contrast_level"": 2, ""node_type"": ""evaluate""}]}",0.6667
根据马匹健康状况的各项指标检测数据，预测马匹的健康状况。我需要你使用训练数据集训练模型，然后用模型预测测试数据，最后将预测结果保存。,1.0,15535,1310,0,0,0,0,0,"{""edges"": [{""edge_id"": ""20261"", ""source_node_id"": ""2635"", ""target_node_id"": ""26517""}, {""edge_id"": ""20262"", ""source_node_id"": ""2636"", ""target_node_id"": ""26518""}, {""edge_id"": ""20263"", ""source_node_id"": ""26517"", ""target_node_id"": ""26519""}, {""edge_id"": ""20264"", ""source_node_id"": ""26518"", ""target_node_id"": ""26520""}, {""edge_id"": ""20265"", ""source_node_id"": ""26519"", ""target_node_id"": ""2642""}, {""edge_id"": ""20266"", ""source_node_id"": ""26520"", ""target_node_id"": ""2643""}, {""edge_id"": ""20267"", ""source_node_id"": ""2642"", ""target_node_id"": ""2643""}, {""edge_id"": ""20268"", ""source_node_id"": ""2643"", ""target_node_id"": ""2644""}], ""nodes"": [{""node_id"": ""2635"", ""widget_name"": ""SQL Table"", ""node_name"": ""马匹健康状况训练数据"", ""node_params"": {""table_name"": ""horse_health_outcomes_train"", ""target_column"": ""outcome""}, ""matched"": true}, {""node_id"": ""2636"", ""widget_name"": ""SQL Table"", ""node_name"": ""马匹健康状况测试数据"", ""node_params"": {""table_name"": ""horse_health_outcomes_test"", ""target_column"": ""outcome""}, ""matched"": true}, {""node_id"": ""26517"", ""widget_name"": ""Impute"", ""node_name"": ""训练数据缺失值处理"", ""node_params"": {""method"": 1}, ""matched"": false}, {""node_id"": ""26518"", ""widget_name"": ""Impute"", ""node_name"": ""测试数据缺失值处理"", ""node_params"": {""method"": 1}, ""matched"": false}, {""node_id"": ""26519"", ""widget_name"": ""One Hot Encoder"", ""node_name"": ""训练数据独热编码"", ""node_params"": {""encode_vars"": []}, ""matched"": false}, {""node_id"": ""26520"", ""widget_name"": ""One Hot Encoder"", ""node_name"": ""测试数据独热编码"", ""node_params"": {""encode_vars"": []}, ""matched"": false}, {""node_id"": ""2642"", ""widget_name"": ""Random Forest"", ""node_name"": ""随机森林模型"", ""node_params"": {""n_estimators"": 10, ""use_max_features"": false, ""max_features"": ""auto"", ""use_random_state"": false, ""use_max_depth"": false, ""max_depth"": 3, ""use_min_samples_split"": true, ""min_samples_split"": 2}, ""matched"": true}, {""node_id"": ""2643"", ""widget_name"": ""Predictions"", ""node_name"": ""预测"", ""node_params"": {""output_attrs"": true, ""output_predictions"": true, ""output_probabilities"": true}, ""matched"": true}, {""node_id"": ""2644"", ""widget_name"": ""Save Data"", ""node_name"": ""保存预测结果"", ""node_params"": {}, ""matched"": true}]}","{""dependency_requirements"": [{""edge_id"": ""2178"", ""source_node_id"": ""2635"", ""target_node_id"": ""2642""}, {""edge_id"": ""2179"", ""source_node_id"": ""2636"", ""target_node_id"": ""2643""}, {""edge_id"": ""2185"", ""source_node_id"": ""2642"", ""target_node_id"": ""2643""}, {""edge_id"": ""2186"", ""source_node_id"": ""2643"", ""target_node_id"": ""2644""}], ""step_requirements"": [{""node_id"": ""2635"", ""algorithm_step_name"": ""Tabular Dataset Loading"", ""node_name"": ""马匹健康状况训练数据"", ""node_params"": {""table_name"": ""horse_health_outcomes_train"", ""target_column"": ""outcome""}, ""contrast_level"": 2, ""node_type"": ""io""}, {""node_id"": ""2636"", ""algorithm_step_name"": ""Tabular Dataset Loading"", ""node_name"": ""马匹健康状况测试数据"", ""node_params"": {""table_name"": ""horse_health_outcomes_test"", ""target_column"": ""outcome""}, ""contrast_level"": 2, ""node_type"": ""io""}, {""node_id"": ""2642"", ""algorithm_step_name"": ""Decision Tree Model"", ""node_name"": ""健康状态预测模型"", ""node_params"": {}, ""contrast_level"": 0, ""node_type"": ""model""}, {""node_id"": ""2643"", ""algorithm_step_name"": ""Test Dataset Predictions"", ""node_name"": ""健康状况预测"", ""node_params"": {""output_attrs"": true, ""output_predictions"": true, ""output_probabilities"": true}, ""contrast_level"": 2, ""node_type"": ""predict""}, {""node_id"": ""2644"", ""algorithm_step_name"": ""Save Data"", ""node_name"": ""保存预测结果到文件"", ""node_params"": {}, ""contrast_level"": 1, ""node_type"": ""io""}]}",0.7143
我需要你使用怪物的相关指标数据，构建一个能够区分怪物类型的机器学习模型。然后，用这个模型对测试数据进行预测，最后把预测结果保存下来。,0.7143,13915,373,0,0,0,0,0,"{""edges"": [{""edge_id"": ""20269"", ""source_node_id"": ""26524"", ""target_node_id"": ""26525""}, {""edge_id"": ""20270"", ""source_node_id"": ""26525"", ""target_node_id"": ""2690""}, {""edge_id"": ""20271"", ""source_node_id"": ""26525"", ""target_node_id"": ""2691""}, {""edge_id"": ""20272"", ""source_node_id"": ""2690"", ""target_node_id"": ""2691""}, {""edge_id"": ""20273"", ""source_node_id"": ""2691"", ""target_node_id"": ""2692""}], ""nodes"": [{""node_id"": ""26524"", ""widget_name"": ""File"", ""node_name"": ""文件加载"", ""node_params"": {""type"": ""sample"", ""filename"": ""monsters.csv""}, ""matched"": false}, {""node_id"": ""26525"", ""widget_name"": ""Data Sampler"", ""node_name"": ""数据划分"", ""node_params"": {""sampling_type"": 0, ""percentage"": 20, ""n_samples"": 15, ""replacement"": false, ""n_folds"": 10, ""selected_folds"": 1, ""replicable"": false, ""stratified"": false}, ""matched"": false}, {""node_id"": ""2690"", ""widget_name"": ""Random Forest"", ""node_name"": ""随机森林模型"", ""node_params"": {""n_estimators"": 10, ""use_max_features"": false, ""max_features"": ""auto"", ""use_random_state"": false, ""use_max_depth"": false, ""max_depth"": 3, ""use_min_samples_split"": true, ""min_samples_split"": 2}, ""matched"": true}, {""node_id"": ""2691"", ""widget_name"": ""Predictions"", ""node_name"": ""预测"", ""node_params"": {""output_attrs"": true, ""output_predictions"": true, ""output_probabilities"": true}, ""matched"": true}, {""node_id"": ""2692"", ""widget_name"": ""Save Data"", ""node_name"": ""保存数据"", ""node_params"": {}, ""matched"": true}]}","{""dependency_requirements"": [{""edge_id"": ""2210"", ""source_node_id"": ""2685"", ""target_node_id"": ""2690""}, {""edge_id"": ""2211"", ""source_node_id"": ""2686"", ""target_node_id"": ""2691""}, {""edge_id"": ""2212"", ""source_node_id"": ""2690"", ""target_node_id"": ""2691""}, {""edge_id"": ""2214"", ""source_node_id"": ""2691"", ""target_node_id"": ""2692""}], ""step_requirements"": [{""node_id"": ""2685"", ""algorithm_step_name"": ""Tabular Dataset Loading"", ""node_name"": ""怪物类型训练数据"", ""node_params"": {""table_name"": ""monster_train"", ""target_column"": ""type""}, ""contrast_level"": 2, ""node_type"": ""io""}, {""node_id"": ""2686"", ""algorithm_step_name"": ""Tabular Dataset Loading"", ""node_name"": ""怪物类型测试数据"", ""node_params"": {""table_name"": ""monster_test"", ""target_column"": ""type""}, ""contrast_level"": 2, ""node_type"": ""io""}, {""node_id"": ""2690"", ""algorithm_step_name"": ""Decision Tree Model"", ""node_name"": ""怪物类型决策树模型"", ""node_params"": {}, ""contrast_level"": 0, ""node_type"": ""model""}, {""node_id"": ""2691"", ""algorithm_step_name"": ""Test Dataset Predictions"", ""node_name"": ""预测"", ""node_params"": {""output_attrs"": true, ""output_predictions"": true, ""output_probabilities"": true}, ""contrast_level"": 2, ""node_type"": ""predict""}, {""node_id"": ""2692"", ""algorithm_step_name"": ""Save Data"", ""node_name"": ""保存预测结果"", ""node_params"": {}, ""contrast_level"": 2, ""node_type"": ""io""}]}",0.6
你的目标是根据旧金山所有社区近12年的犯罪训练数据和测试数据，首先使用训练数据训练一个模型，该模型能够预测犯罪类别。然后，用这个模型对测试数据集进行预测，最后把预测结果保存下来。,0.7143,13931,639,0,0,0,0,0,"{""edges"": [{""edge_id"": ""20274"", ""source_node_id"": ""26529"", ""target_node_id"": ""26531""}, {""edge_id"": ""20275"", ""source_node_id"": ""26531"", ""target_node_id"": ""26533""}, {""edge_id"": ""20276"", ""source_node_id"": ""26533"", ""target_node_id"": ""2700""}, {""edge_id"": ""20277"", ""source_node_id"": ""26530"", ""target_node_id"": ""26532""}, {""edge_id"": ""20278"", ""source_node_id"": ""26532"", ""target_node_id"": ""26534""}, {""edge_id"": ""20279"", ""source_node_id"": ""26534"", ""target_node_id"": ""2698""}, {""edge_id"": ""20280"", ""source_node_id"": ""2700"", ""target_node_id"": ""2698""}, {""edge_id"": ""20281"", ""source_node_id"": ""2698"", ""target_node_id"": ""2699""}], ""nodes"": [{""node_id"": ""26529"", ""widget_name"": ""File"", ""node_name"": ""训练数据"", ""node_params"": {""type"": ""sample"", ""filename"": ""sf_crime_train.csv""}, ""matched"": false}, {""node_id"": ""26530"", ""widget_name"": ""File"", ""node_name"": ""测试数据"", ""node_params"": {""type"": ""sample"", ""filename"": ""sf_crime_test.csv""}, ""matched"": false}, {""node_id"": ""26531"", ""widget_name"": ""Impute"", ""node_name"": ""训练数据缺失值处理"", ""node_params"": {""method"": 1}, ""matched"": false}, {""node_id"": ""26532"", ""widget_name"": ""Impute"", ""node_name"": ""测试数据缺失值处理"", ""node_params"": {""method"": 1}, ""matched"": false}, {""node_id"": ""26533"", ""widget_name"": ""One Hot Encoder"", ""node_name"": ""训练数据独热编码"", ""node_params"": {""encode_vars"": [""Category"", ""DayOfWeek"", ""PdDistrict"", ""Resolution"", ""Address""]}, ""matched"": false}, {""node_id"": ""26534"", ""widget_name"": ""One Hot Encoder"", ""node_name"": ""测试数据独热编码"", ""node_params"": {""encode_vars"": [""DayOfWeek"", ""PdDistrict"", ""Address""]}, ""matched"": false}, {""node_id"": ""2700"", ""widget_name"": ""XGBoost"", ""node_name"": ""XGBoost模型"", ""node_params"": {""booster"": ""gbtree"", ""learning_rate"": 0.3, ""gamma"": 0, ""max_depth"": 6, ""min_child_widget"": 1, ""max_delta_step"": 0, ""subsample"": 1, ""sampling_method"": ""uniform"", ""lambda"": 1, ""alpha"": 0, ""tree_method"": ""auto"", ""scale_pos_weight"": 1, ""updater"": ""grow_colmaker"", ""process_type"": ""default"", ""grow_policy"": ""depthwise""}, ""matched"": true}, {""node_id"": ""2698"", ""widget_name"": ""Predictions"", ""node_name"": ""预测"", ""node_params"": {""output_attrs"": true, ""output_predictions"": true, ""output_probabilities"": true}, ""matched"": true}, {""node_id"": ""2699"", ""widget_name"": ""Save Data"", ""node_name"": ""保存预测结果"", ""node_params"": {}, ""matched"": true}]}","{""dependency_requirements"": [{""edge_id"": ""2216"", ""source_node_id"": ""2693"", ""target_node_id"": ""2700""}, {""edge_id"": ""2217"", ""source_node_id"": ""2694"", ""target_node_id"": ""2698""}, {""edge_id"": ""2219"", ""source_node_id"": ""2700"", ""target_node_id"": ""2698""}, {""edge_id"": ""2221"", ""source_node_id"": ""2698"", ""target_node_id"": ""2699""}], ""step_requirements"": [{""node_id"": ""2693"", ""algorithm_step_name"": ""Tabular Dataset Loading"", ""node_name"": ""旧金山社区犯罪报告训练数据"", ""node_params"": {""table_name"": ""crime_category_train"", ""target_column"": ""category""}, ""contrast_level"": 2, ""node_type"": ""io""}, {""node_id"": ""2694"", ""algorithm_step_name"": ""Tabular Dataset Loading"", ""node_name"": ""旧金山社区犯罪报告测试数据"", ""node_params"": {""table_name"": ""crime_category_test"", ""target_column"": ""category""}, ""contrast_level"": 2, ""node_type"": ""io""}, {""node_id"": ""2700"", ""algorithm_step_name"": ""XGBoost"", ""node_name"": ""XGBoost"", ""node_params"": {}, ""contrast_level"": 0, ""node_type"": ""model""}, {""node_id"": ""2698"", ""algorithm_step_name"": ""Test Dataset Predictions"", ""node_name"": ""犯罪类别预测"", ""node_params"": {""output_attrs"": true, ""output_predictions"": true, ""output_probabilities"": true}, ""contrast_level"": 2, ""node_type"": ""predict""}, {""node_id"": ""2699"", ""algorithm_step_name"": ""Save Data"", ""node_name"": ""保存犯罪类别预测结果"", ""node_params"": {}, ""contrast_level"": 2, ""node_type"": ""io""}]}",0.4286
请你构建一个模型，用于根据鲍鱼的各种物理测量数据来预测它的年龄。进行独热编码之后对数据集进行划分，最后用划分的数据对训练好的模型进行评估。,0.8889,13918,478,0,0,0,0,0,"{""edges"": [{""edge_id"": ""20282"", ""source_node_id"": ""26538"", ""target_node_id"": ""2748""}, {""edge_id"": ""20283"", ""source_node_id"": ""2748"", ""target_node_id"": ""2749""}, {""edge_id"": ""20284"", ""source_node_id"": ""2749"", ""target_node_id"": ""2750""}, {""edge_id"": ""20285"", ""source_node_id"": ""2749"", ""target_node_id"": ""2751""}, {""edge_id"": ""20287"", ""source_node_id"": ""2750"", ""target_node_id"": ""2751""}], ""nodes"": [{""node_id"": ""26538"", ""widget_name"": ""File"", ""node_name"": ""文件加载"", ""node_params"": {""type"": ""sample"", ""filename"": ""abalone.csv""}, ""matched"": false}, {""node_id"": ""2748"", ""widget_name"": ""One Hot Encoder"", ""node_name"": ""独热编码"", ""node_params"": {""encode_vars"": [""Sex""]}, ""matched"": true}, {""node_id"": ""2749"", ""widget_name"": ""Data Sampler"", ""node_name"": ""数据划分"", ""node_params"": {""sampling_type"": 0, ""percentage"": 20, ""n_samples"": 15, ""replacement"": false, ""n_folds"": 10, ""selected_folds"": 1, ""replicable"": false, ""stratified"": false}, ""matched"": true}, {""node_id"": ""2750"", ""widget_name"": ""Random Forest"", ""node_name"": ""随机森林模型"", ""node_params"": {""n_estimators"": 10, ""use_max_features"": false, ""max_features"": ""auto"", ""use_random_state"": false, ""use_max_depth"": false, ""max_depth"": 3, ""use_min_samples_split"": true, ""min_samples_split"": 2}, ""matched"": true}, {""node_id"": ""2751"", ""widget_name"": ""Test & Score"", ""node_name"": ""模型评估"", ""node_params"": {}, ""matched"": true}]}","{""dependency_requirements"": [{""edge_id"": ""2266"", ""source_node_id"": ""2747"", ""target_node_id"": ""2748""}, {""edge_id"": ""2267"", ""source_node_id"": ""2748"", ""target_node_id"": ""2749""}, {""edge_id"": ""2268"", ""source_node_id"": ""2749"", ""target_node_id"": ""2750""}, {""edge_id"": ""2269"", ""source_node_id"": ""2749"", ""target_node_id"": ""2751""}, {""edge_id"": ""2271"", ""source_node_id"": ""2750"", ""target_node_id"": ""2751""}], ""step_requirements"": [{""node_id"": ""2747"", ""algorithm_step_name"": ""Tabular Dataset Loading"", ""node_name"": ""鲍鱼物理测量训练数据"", ""node_params"": {""table_name"": ""abalone_train"", ""target_column"": ""rings""}, ""contrast_level"": 2, ""node_type"": ""io""}, {""node_id"": ""2748"", ""algorithm_step_name"": ""One Hot Encoding"", ""node_name"": ""独热编码处理"", ""node_params"": {}, ""contrast_level"": 1, ""node_type"": ""feature engineering""}, {""node_id"": ""2749"", ""algorithm_step_name"": ""Dataset Division"", ""node_name"": ""数据划分"", ""node_params"": {}, ""contrast_level"": 1, ""node_type"": ""preprocess""}, {""node_id"": ""2750"", ""algorithm_step_name"": ""XGBoost"", ""node_name"": ""XGBoost回归器"", ""node_params"": {}, ""contrast_level"": 0, ""node_type"": ""model""}, {""node_id"": ""2751"", ""algorithm_step_name"": ""Model Evaluate"", ""node_name"": ""模型评估"", ""node_params"": {}, ""contrast_level"": 2, ""node_type"": ""evaluate""}]}",0.8
您的任务是训练一个神经网络模型，用于根据矿物莫氏硬度的相关特性，预测矿物的莫氏硬度数值。我希望你的激活函数使用双曲正切函数，优化方法使用随机梯度下降。,0.5,13679,135,0,0,0,0,0,"{""edges"": [{""edge_id"": ""20288"", ""source_node_id"": ""26544"", ""target_node_id"": ""2774""}], ""nodes"": [{""node_id"": ""2774"", ""widget_name"": ""Neural Network"", ""node_name"": ""神经网络模型"", ""node_params"": {""hidden_layers_input"": ""100,"", ""activation"": ""2"", ""solver"": ""1"", ""alpha"": 0.0001, ""maxItera"": 200, ""replicable"": true}, ""matched"": true}, {""node_id"": ""26544"", ""widget_name"": ""File"", ""node_name"": ""文件加载节点"", ""node_params"": {""type"": ""sample"", ""filename"": ""mineral_hardness.csv""}, ""matched"": false}]}","{""dependency_requirements"": [{""edge_id"": ""2303"", ""source_node_id"": ""2772"", ""target_node_id"": ""2774""}], ""step_requirements"": [{""node_id"": ""2772"", ""algorithm_step_name"": ""Tabular Dataset Loading"", ""node_name"": ""矿物硬度训练数据"", ""node_params"": {""table_name"": ""mohs_hardness_train"", ""target_column"": ""Hardness""}, ""contrast_level"": 2, ""node_type"": ""io""}, {""node_id"": ""2774"", ""algorithm_step_name"": ""Neural Network"", ""node_name"": ""神经网络模型"", ""node_params"": {""hidden_layers_input"": ""100,"", ""activation"": ""2"", ""solver"": ""1"", ""alpha"": 0.0001, ""maxItera"": 200, ""replicable"": true}, ""contrast_level"": 2, ""node_type"": ""model""}]}",0.5
你的任务是使用螃蟹年龄的训练数据集去建立一个随机森林模型来预测螃蟹的年龄。然后，用这个模型对螃蟹年龄的测试数据集进行预测，最后把预测结果保存下来。数据集需要进行独热编码,1.0,14819,1243,0,0,0,0,0,"{""edges"": [{""edge_id"": ""20289"", ""source_node_id"": ""2710"", ""target_node_id"": ""26547""}, {""edge_id"": ""20290"", ""source_node_id"": ""2711"", ""target_node_id"": ""26548""}, {""edge_id"": ""20291"", ""source_node_id"": ""26547"", ""target_node_id"": ""2712""}, {""edge_id"": ""20292"", ""source_node_id"": ""26548"", ""target_node_id"": ""2713""}, {""edge_id"": ""20293"", ""source_node_id"": ""2712"", ""target_node_id"": ""2714""}, {""edge_id"": ""20294"", ""source_node_id"": ""2713"", ""target_node_id"": ""2715""}, {""edge_id"": ""20295"", ""source_node_id"": ""2714"", ""target_node_id"": ""2715""}, {""edge_id"": ""20296"", ""source_node_id"": ""2715"", ""target_node_id"": ""2716""}], ""nodes"": [{""node_id"": ""2710"", ""widget_name"": ""SQL Table"", ""node_name"": ""螃蟹年龄训练数据"", ""node_params"": {""table_name"": ""crab_age_train"", ""target_column"": ""Age""}, ""matched"": true}, {""node_id"": ""2711"", ""widget_name"": ""SQL Table"", ""node_name"": ""螃蟹年龄测试数据"", ""node_params"": {""table_name"": ""crab_age_test"", ""target_column"": ""Age""}, ""matched"": true}, {""node_id"": ""26547"", ""widget_name"": ""Impute"", ""node_name"": ""训练数据缺失值处理"", ""node_params"": {""method"": 1}, ""matched"": false}, {""node_id"": ""26548"", ""widget_name"": ""Impute"", ""node_name"": ""测试数据缺失值处理"", ""node_params"": {""method"": 1}, ""matched"": false}, {""node_id"": ""2712"", ""widget_name"": ""One Hot Encoder"", ""node_name"": ""训练数据独热编码"", ""node_params"": {""encode_vars"": [""sex"", ""species""]}, ""matched"": true}, {""node_id"": ""2713"", ""widget_name"": ""One Hot Encoder"", ""node_name"": ""测试数据独热编码"", ""node_params"": {""encode_vars"": [""sex"", ""species""]}, ""matched"": true}, {""node_id"": ""2714"", ""widget_name"": ""Random Forest"", ""node_name"": ""随机森林模型"", ""node_params"": {""n_estimators"": 10, ""use_max_features"": false, ""max_features"": ""auto"", ""use_random_state"": false, ""use_max_depth"": false, ""max_depth"": 3, ""use_min_samples_split"": true, ""min_samples_split"": 2}, ""matched"": true}, {""node_id"": ""2715"", ""widget_name"": ""Predictions"", ""node_name"": ""预测"", ""node_params"": {""output_attrs"": true, ""output_predictions"": true, ""output_probabilities"": false}, ""matched"": true}, {""node_id"": ""2716"", ""widget_name"": ""Save Data"", ""node_name"": ""保存预测结果"", ""node_params"": {}, ""matched"": true}]}","{""dependency_requirements"": [{""edge_id"": ""2233"", ""source_node_id"": ""2710"", ""target_node_id"": ""2712""}, {""edge_id"": ""2234"", ""source_node_id"": ""2711"", ""target_node_id"": ""2713""}, {""edge_id"": ""2235"", ""source_node_id"": ""2712"", ""target_node_id"": ""2714""}, {""edge_id"": ""2236"", ""source_node_id"": ""2713"", ""target_node_id"": ""2715""}, {""edge_id"": ""2237"", ""source_node_id"": ""2714"", ""target_node_id"": ""2715""}, {""edge_id"": ""2238"", ""source_node_id"": ""2715"", ""target_node_id"": ""2716""}], ""step_requirements"": [{""node_id"": ""2710"", ""algorithm_step_name"": ""Tabular Dataset Loading"", ""node_name"": ""螃蟹年龄训练数据"", ""node_params"": {""table_name"": ""crab_age_train"", ""target_column"": ""Age""}, ""contrast_level"": 2, ""node_type"": ""io""}, {""node_id"": ""2711"", ""algorithm_step_name"": ""Tabular Dataset Loading"", ""node_name"": ""螃蟹年龄测试数据"", ""node_params"": {""table_name"": ""crab_age_test"", ""target_column"": ""Age""}, ""contrast_level"": 2, ""node_type"": ""io""}, {""node_id"": ""2712"", ""algorithm_step_name"": ""One Hot Encoding"", ""node_name"": ""训练数据独热编码"", ""node_params"": {}, ""contrast_level"": 1, ""node_type"": ""feature engineering""}, {""node_id"": ""2713"", ""algorithm_step_name"": ""One Hot Encoding"", ""node_name"": ""测试数据独热编码"", ""node_params"": {}, ""contrast_level"": 1, ""node_type"": ""feature engineering""}, {""node_id"": ""2714"", ""algorithm_step_name"": ""Random Forest"", ""node_name"": ""随机森林模型"", ""node_params"": {}, ""contrast_level"": 1, ""node_type"": ""model""}, {""node_id"": ""2715"", ""algorithm_step_name"": ""Test Dataset Predictions"", ""node_name"": ""预测结果"", ""node_params"": {""output_attrs"": true, ""output_predictions"": true, ""output_probabilities"": false}, ""contrast_level"": 2, ""node_type"": ""predict""}, {""node_id"": ""2716"", ""algorithm_step_name"": ""Save Data"", ""node_name"": ""保存预测结果"", ""node_params"": {}, ""contrast_level"": 2, ""node_type"": ""io""}]}",0.875
您的任务是构建一个机器学习模型，帮助我预测野生蓝莓的产量。特征工程的处理方法为：特征构建和特征选择。特征工程处理之后还需要对数据进行抽样处理，最后用抽样的数据对训练好的模型进行评估。,0.9091,14038,496,0,0,0,0,0,"{""edges"": [{""edge_id"": ""20297"", ""source_node_id"": ""26554"", ""target_node_id"": ""2776""}, {""edge_id"": ""20298"", ""source_node_id"": ""2776"", ""target_node_id"": ""2780""}, {""edge_id"": ""20299"", ""source_node_id"": ""2780"", ""target_node_id"": ""2777""}, {""edge_id"": ""20300"", ""source_node_id"": ""2777"", ""target_node_id"": ""2778""}, {""edge_id"": ""20301"", ""source_node_id"": ""2777"", ""target_node_id"": ""2779""}, {""edge_id"": ""20303"", ""source_node_id"": ""2778"", ""target_node_id"": ""2779""}], ""nodes"": [{""node_id"": ""26554"", ""widget_name"": ""File"", ""node_name"": ""加载野生蓝莓数据集"", ""node_params"": {""type"": ""sample"", ""filename"": ""blueberry.csv""}, ""matched"": false}, {""node_id"": ""2776"", ""widget_name"": ""Feature Constructor"", ""node_name"": ""特征构建"", ""node_params"": {""expressions"": [{""key"": 0, ""name"": ""new_feature"", ""expression"": ""feature1 + feature2"", ""type"": 2, ""image"": ""N"", ""categories"": ""A, B""}]}, ""matched"": true}, {""node_id"": ""2780"", ""widget_name"": ""Select Best N Attributes"", ""node_name"": ""特征选择"", ""node_params"": {""n"": 5}, ""matched"": true}, {""node_id"": ""2777"", ""widget_name"": ""Data Sampler"", ""node_name"": ""数据抽样"", ""node_params"": {""sampling_type"": 0, ""percentage"": 20, ""n_samples"": 15, ""replacement"": false, ""n_folds"": 10, ""selected_folds"": 1, ""replicable"": false, ""stratified"": false}, ""matched"": true}, {""node_id"": ""2778"", ""widget_name"": ""XGBoost"", ""node_name"": ""XGBoost模型"", ""node_params"": {""booster"": ""gbtree"", ""learning_rate"": 0.1, ""gamma"": 0, ""max_depth"": 6, ""min_child_widget"": 1, ""max_delta_step"": 0, ""subsample"": 1, ""sampling_method"": ""uniform"", ""lambda"": 1, ""alpha"": 0, ""tree_method"": ""auto"", ""scale_pos_weight"": 1, ""updater"": ""grow_colmaker"", ""process_type"": ""default"", ""grow_policy"": ""depthwise""}, ""matched"": true}, {""node_id"": ""2779"", ""widget_name"": ""Test & Score"", ""node_name"": ""模型评估"", ""node_params"": {}, ""matched"": true}]}","{""dependency_requirements"": [{""edge_id"": ""2304"", ""source_node_id"": ""2775"", ""target_node_id"": ""2776""}, {""edge_id"": ""2305"", ""source_node_id"": ""2780"", ""target_node_id"": ""2777""}, {""edge_id"": ""2306"", ""source_node_id"": ""2777"", ""target_node_id"": ""2778""}, {""edge_id"": ""2307"", ""source_node_id"": ""2777"", ""target_node_id"": ""2779""}, {""edge_id"": ""2309"", ""source_node_id"": ""2778"", ""target_node_id"": ""2779""}, {""edge_id"": ""2310"", ""source_node_id"": ""2776"", ""target_node_id"": ""2780""}], ""step_requirements"": [{""node_id"": ""2775"", ""algorithm_step_name"": ""Tabular Dataset Loading"", ""node_name"": ""野生蓝莓产量训练数据"", ""node_params"": {""table_name"": ""wild_blueberry_yield_train"", ""target_column"": ""yield""}, ""contrast_level"": 2, ""node_type"": ""io""}, {""node_id"": ""2776"", ""algorithm_step_name"": ""Feature Construction"", ""node_name"": ""特征构建"", ""node_params"": {}, ""contrast_level"": 1, ""node_type"": ""feature engineering""}, {""node_id"": ""2777"", ""algorithm_step_name"": ""Dataset Division"", ""node_name"": ""数据划分"", ""node_params"": {}, ""contrast_level"": 1, ""node_type"": ""preprocess""}, {""node_id"": ""2778"", ""algorithm_step_name"": ""XGBoost"", ""node_name"": ""XGBoost回归器"", ""node_params"": {}, ""contrast_level"": 0, ""node_type"": ""model""}, {""node_id"": ""2779"", ""algorithm_step_name"": ""Model Evaluate"", ""node_name"": ""模型评估"", ""node_params"": {}, ""contrast_level"": 2, ""node_type"": ""evaluate""}, {""node_id"": ""2780"", ""algorithm_step_name"": ""Feature Selection"", ""node_name"": ""Select Best N Attributes"", ""node_params"": {}, ""contrast_level"": 1, ""node_type"": ""feature engineering""}]}",0.8333
您的任务是根据媒体宣传成本的训练数据去构建一个机器学习模型，帮助我们预测食品超市的媒体宣传成本。然后，用这个模型对媒体宣传成本的测试数据集进行预测，最后把预测结果保存下来。,0.7143,13636,579,0,0,0,0,0,"{""edges"": [{""edge_id"": ""20304"", ""source_node_id"": ""26560"", ""target_node_id"": ""26562""}, {""edge_id"": ""20305"", ""source_node_id"": ""26561"", ""target_node_id"": ""26563""}, {""edge_id"": ""20306"", ""source_node_id"": ""26562"", ""target_node_id"": ""26564""}, {""edge_id"": ""20307"", ""source_node_id"": ""26563"", ""target_node_id"": ""26565""}, {""edge_id"": ""20308"", ""source_node_id"": ""26564"", ""target_node_id"": ""2745""}, {""edge_id"": ""20309"", ""source_node_id"": ""26565"", ""target_node_id"": ""2743""}, {""edge_id"": ""20310"", ""source_node_id"": ""2745"", ""target_node_id"": ""2743""}, {""edge_id"": ""20311"", ""source_node_id"": ""2743"", ""target_node_id"": ""2744""}], ""nodes"": [{""node_id"": ""26560"", ""widget_name"": ""File"", ""node_name"": ""训练数据加载"", ""node_params"": {""type"": ""sample"", ""filename"": ""marketing_cost_train.csv""}, ""matched"": false}, {""node_id"": ""26561"", ""widget_name"": ""File"", ""node_name"": ""测试数据加载"", ""node_params"": {""type"": ""sample"", ""filename"": ""marketing_cost_test.csv""}, ""matched"": false}, {""node_id"": ""26562"", ""widget_name"": ""Impute"", ""node_name"": ""训练数据缺失值处理"", ""node_params"": {""method"": 1}, ""matched"": false}, {""node_id"": ""26563"", ""widget_name"": ""Impute"", ""node_name"": ""测试数据缺失值处理"", ""node_params"": {""method"": 1}, ""matched"": false}, {""node_id"": ""26564"", ""widget_name"": ""One Hot Encoder"", ""node_name"": ""训练数据独热编码"", ""node_params"": {""encode_vars"": []}, ""matched"": false}, {""node_id"": ""26565"", ""widget_name"": ""One Hot Encoder"", ""node_name"": ""测试数据独热编码"", ""node_params"": {""encode_vars"": []}, ""matched"": false}, {""node_id"": ""2745"", ""widget_name"": ""Linear Regression"", ""node_name"": ""线性回归模型"", ""node_params"": {""regression_type"": ""0""}, ""matched"": true}, {""node_id"": ""2743"", ""widget_name"": ""Predictions"", ""node_name"": ""预测"", ""node_params"": {""output_attrs"": true, ""output_predictions"": true, ""output_probabilities"": false}, ""matched"": true}, {""node_id"": ""2744"", ""widget_name"": ""Save Data"", ""node_name"": ""保存预测结果"", ""node_params"": {}, ""matched"": true}]}","{""dependency_requirements"": [{""edge_id"": ""2261"", ""source_node_id"": ""2741"", ""target_node_id"": ""2743""}, {""edge_id"": ""2262"", ""source_node_id"": ""2740"", ""target_node_id"": ""2745""}, {""edge_id"": ""2263"", ""source_node_id"": ""2745"", ""target_node_id"": ""2743""}, {""edge_id"": ""2264"", ""source_node_id"": ""2743"", ""target_node_id"": ""2744""}], ""step_requirements"": [{""node_id"": ""2740"", ""algorithm_step_name"": ""Tabular Dataset Loading"", ""node_name"": ""食品超市媒体宣传成本训练数据"", ""node_params"": {""table_name"": ""media_campaign_cost_train"", ""target_column"": ""cost""}, ""contrast_level"": 2, ""node_type"": ""io""}, {""node_id"": ""2741"", ""algorithm_step_name"": ""Tabular Dataset Loading"", ""node_name"": ""食品超市媒体宣传成本测试数据"", ""node_params"": {""table_name"": ""media_campaign_cost_test"", ""target_column"": ""cost""}, ""contrast_level"": 2, ""node_type"": ""io""}, {""node_id"": ""2743"", ""algorithm_step_name"": ""Test Dataset Predictions"", ""node_name"": ""预测"", ""node_params"": {""output_attrs"": true, ""output_predictions"": true, ""output_probabilities"": false}, ""contrast_level"": 2, ""node_type"": ""predict""}, {""node_id"": ""2744"", ""algorithm_step_name"": ""Save Data"", ""node_name"": ""保存预测结果"", ""node_params"": {}, ""contrast_level"": 2, ""node_type"": ""io""}, {""node_id"": ""2745"", ""algorithm_step_name"": ""XGBoost"", ""node_name"": ""XGBoost"", ""node_params"": {}, ""contrast_level"": 0, ""node_type"": ""model""}]}",0.4286
我需要你使用银行信用贷款的训练数据，构建一个能够预测客户是否会流失的随机森林模型。然后，用这个模型对测试数据进行预测，并把预测结果保存下来，最后展示预测结果的混淆矩阵,0.9091,15038,1571,0,0,0,0,0,"{""edges"": [{""edge_id"": ""20312"", ""source_node_id"": ""2561"", ""target_node_id"": ""26571""}, {""edge_id"": ""20313"", ""source_node_id"": ""2562"", ""target_node_id"": ""26572""}, {""edge_id"": ""20314"", ""source_node_id"": ""26571"", ""target_node_id"": ""26573""}, {""edge_id"": ""20315"", ""source_node_id"": ""26572"", ""target_node_id"": ""26574""}, {""edge_id"": ""20316"", ""source_node_id"": ""26573"", ""target_node_id"": ""2565""}, {""edge_id"": ""20317"", ""source_node_id"": ""26574"", ""target_node_id"": ""2567""}, {""edge_id"": ""20318"", ""source_node_id"": ""2565"", ""target_node_id"": ""2567""}, {""edge_id"": ""20319"", ""source_node_id"": ""2567"", ""target_node_id"": ""2568""}, {""edge_id"": ""20320"", ""source_node_id"": ""2567"", ""target_node_id"": ""2569""}], ""nodes"": [{""node_id"": ""2561"", ""widget_name"": ""SQL Table"", ""node_name"": ""银行信用贷款训练数据"", ""node_params"": {""table_name"": ""bank_customer_churn_train"", ""target_column"": ""Exited""}, ""matched"": true}, {""node_id"": ""2562"", ""widget_name"": ""SQL Table"", ""node_name"": ""银行信用贷款测试数据"", ""node_params"": {""table_name"": ""bank_customer_churn_test"", ""target_column"": ""Exited""}, ""matched"": true}, {""node_id"": ""26571"", ""widget_name"": ""Impute"", ""node_name"": ""训练数据缺失值处理"", ""node_params"": {""method"": 2}, ""matched"": false}, {""node_id"": ""26572"", ""widget_name"": ""Impute"", ""node_name"": ""测试数据缺失值处理"", ""node_params"": {""method"": 2}, ""matched"": false}, {""node_id"": ""26573"", ""widget_name"": ""One Hot Encoder"", ""node_name"": ""训练数据独热编码"", ""node_params"": {""encode_vars"": [""has_cr_card"", ""is_active_member""]}, ""matched"": false}, {""node_id"": ""26574"", ""widget_name"": ""One Hot Encoder"", ""node_name"": ""测试数据独热编码"", ""node_params"": {""encode_vars"": [""has_cr_card"", ""is_active_member""]}, ""matched"": false}, {""node_id"": ""2565"", ""widget_name"": ""Random Forest"", ""node_name"": ""随机森林模型"", ""node_params"": {""n_estimators"": 100, ""use_max_features"": true, ""max_features"": ""auto"", ""use_random_state"": true, ""use_max_depth"": true, ""max_depth"": 10, ""use_min_samples_split"": true, ""min_samples_split"": 2}, ""matched"": true}, {""node_id"": ""2567"", ""widget_name"": ""Predictions"", ""node_name"": ""预测"", ""node_params"": {""output_attrs"": true, ""output_predictions"": true, ""output_probabilities"": true}, ""matched"": true}, {""node_id"": ""2568"", ""widget_name"": ""Save Data"", ""node_name"": ""保存预测结果"", ""node_params"": {}, ""matched"": true}, {""node_id"": ""2569"", ""widget_name"": ""Confusion Matrix"", ""node_name"": ""混淆矩阵"", ""node_params"": {}, ""matched"": true}]}","{""dependency_requirements"": [{""edge_id"": ""2111"", ""source_node_id"": ""2561"", ""target_node_id"": ""2565""}, {""edge_id"": ""2112"", ""source_node_id"": ""2562"", ""target_node_id"": ""2567""}, {""edge_id"": ""2113"", ""source_node_id"": ""2565"", ""target_node_id"": ""2567""}, {""edge_id"": ""2114"", ""source_node_id"": ""2567"", ""target_node_id"": ""2568""}, {""edge_id"": ""2116"", ""source_node_id"": ""2568"", ""target_node_id"": ""2569""}], ""step_requirements"": [{""node_id"": ""2561"", ""algorithm_step_name"": ""Tabular Dataset Loading"", ""node_name"": ""银行信用贷款训练数据"", ""node_params"": {""table_name"": ""bank_customer_churn_train"", ""target_column"": ""Exited""}, ""contrast_level"": 2, ""node_type"": ""io""}, {""node_id"": ""2562"", ""algorithm_step_name"": ""Tabular Dataset Loading"", ""node_name"": ""银行信用贷款测试数据"", ""node_params"": {""table_name"": ""bank_customer_churn_test"", ""target_column"": ""Exited""}, ""contrast_level"": 2, ""node_type"": ""io""}, {""node_id"": ""2565"", ""algorithm_step_name"": ""Random Forest"", ""node_name"": ""随机森林模型"", ""node_params"": {}, ""contrast_level"": 1, ""node_type"": ""model""}, {""node_id"": ""2567"", ""algorithm_step_name"": ""Test Dataset Predictions"", ""node_name"": ""预测结果"", ""node_params"": {""output_attrs"": true, ""output_predictions"": true, ""output_probabilities"": true}, ""contrast_level"": 2, ""node_type"": ""predict""}, {""node_id"": ""2568"", ""algorithm_step_name"": ""Save Data"", ""node_name"": ""保存预测结果"", ""node_params"": {}, ""contrast_level"": 1, ""node_type"": ""io""}, {""node_id"": ""2569"", ""algorithm_step_name"": ""Confusion Matrix"", ""node_name"": ""混淆矩阵"", ""node_params"": {}, ""contrast_level"": 1, ""node_type"": ""visualize""}]}",0.625
请你使用生物信号训练数据集来预测个体是否为吸烟者，你的最终目标是建立一个能够准确判断个体吸烟状态的XGboost模型，学习率使用0.1，学习器使用DART模型。,0.5,13293,647,0,0,0,0,0,"{""edges"": [{""edge_id"": ""20321"", ""source_node_id"": ""26579"", ""target_node_id"": ""26580""}, {""edge_id"": ""20322"", ""source_node_id"": ""26580"", ""target_node_id"": ""26581""}, {""edge_id"": ""20323"", ""source_node_id"": ""26581"", ""target_node_id"": ""26582""}, {""edge_id"": ""20324"", ""source_node_id"": ""26582"", ""target_node_id"": ""2572""}, {""edge_id"": ""20325"", ""source_node_id"": ""26582"", ""target_node_id"": ""26584""}, {""edge_id"": ""20327"", ""source_node_id"": ""2572"", ""target_node_id"": ""26584""}], ""nodes"": [{""node_id"": ""26579"", ""widget_name"": ""File"", ""node_name"": ""文件加载"", ""node_params"": {""type"": ""sample"", ""filename"": ""heart_disease.csv""}, ""matched"": false}, {""node_id"": ""26580"", ""widget_name"": ""Impute"", ""node_name"": ""缺失值处理"", ""node_params"": {""method"": 2}, ""matched"": false}, {""node_id"": ""26581"", ""widget_name"": ""One Hot Encoder"", ""node_name"": ""独热编码"", ""node_params"": {""encode_vars"": [""cp"", ""fbs"", ""restecg"", ""exang"", ""slope"", ""ca"", ""thal""]}, ""matched"": false}, {""node_id"": ""26582"", ""widget_name"": ""Data Sampler"", ""node_name"": ""数据划分"", ""node_params"": {""sampling_type"": 0, ""percentage"": 20, ""n_samples"": 15, ""replacement"": false, ""n_folds"": 10, ""selected_folds"": 1, ""replicable"": false, ""stratified"": false}, ""matched"": false}, {""node_id"": ""2572"", ""widget_name"": ""XGBoost"", ""node_name"": ""XGBoost模型"", ""node_params"": {""booster"": ""dart"", ""learning_rate"": 0.1, ""gamma"": 0, ""max_depth"": 6, ""min_child_widget"": 1, ""max_delta_step"": 0, ""subsample"": 1, ""sampling_method"": ""uniform"", ""lambda"": 1, ""alpha"": 0, ""tree_method"": ""auto"", ""scale_pos_weight"": 1, ""updater"": ""grow_colmaker"", ""process_type"": ""default"", ""grow_policy"": ""depthwise""}, ""matched"": true}, {""node_id"": ""26584"", ""widget_name"": ""Test & Score"", ""node_name"": ""测试评估"", ""node_params"": {}, ""matched"": false}]}","{""dependency_requirements"": [{""edge_id"": ""2117"", ""source_node_id"": ""2570"", ""target_node_id"": ""2572""}], ""step_requirements"": [{""node_id"": ""2570"", ""algorithm_step_name"": ""Tabular Dataset Loading"", ""node_name"": ""生物信号训练数据"", ""node_params"": {""table_name"": ""smoker_status_bio_signals_train"", ""target_column"": ""smoking""}, ""contrast_level"": 2, ""node_type"": ""io""}, {""node_id"": ""2572"", ""algorithm_step_name"": ""XGBoost"", ""node_name"": ""XGBoost模型"", ""node_params"": {""booster"": ""dart"", ""learning_rate"": 0.1, ""gamma"": 0, ""max_depth"": 6, ""min_child_widget"": 1, ""max_delta_step"": 0, ""subsample"": 1, ""sampling_method"": ""uniform"", ""lambda"": 1, ""alpha"": 0, ""tree_method"": ""auto"", ""scale_pos_weight"": 1, ""updater"": ""grow_colmaker"", ""process_type"": ""default"", ""grow_policy"": ""depthwise""}, ""contrast_level"": 2, ""node_type"": ""model""}]}",0.25
你需要使用人类的肾结石相关指标数据，开发一个机器学习模型预测一个人是否患有肾结石。我需要你在模型训练之前，加一步数据划分的数据处理，最后还要用划分后的验证集对模型进行评估。,0.8571,13457,173,0,0,0,0,0,"{""edges"": [{""edge_id"": ""20328"", ""source_node_id"": ""26585"", ""target_node_id"": ""2578""}, {""edge_id"": ""20329"", ""source_node_id"": ""2578"", ""target_node_id"": ""26587""}, {""edge_id"": ""20330"", ""source_node_id"": ""26587"", ""target_node_id"": ""2579""}, {""edge_id"": ""20331"", ""source_node_id"": ""2578"", ""target_node_id"": ""2580""}, {""edge_id"": ""20333"", ""source_node_id"": ""2579"", ""target_node_id"": ""2580""}], ""nodes"": [{""node_id"": ""26585"", ""widget_name"": ""File"", ""node_name"": ""文件加载"", ""node_params"": {""type"": ""sample"", ""filename"": ""kidney_stones.csv""}, ""matched"": false}, {""node_id"": ""2578"", ""widget_name"": ""Data Sampler"", ""node_name"": ""数据划分"", ""node_params"": {""sampling_type"": 0, ""percentage"": 10, ""n_samples"": 15, ""replacement"": false, ""n_folds"": 10, ""selected_folds"": 1, ""replicable"": false, ""stratified"": false}, ""matched"": true}, {""node_id"": ""26587"", ""widget_name"": ""One Hot Encoder"", ""node_name"": ""独热编码"", ""node_params"": {""encode_vars"": []}, ""matched"": false}, {""node_id"": ""2579"", ""widget_name"": ""XGBoost"", ""node_name"": ""XGBoost"", ""node_params"": {""booster"": ""gbtree"", ""learning_rate"": 0.3, ""gamma"": 0, ""max_depth"": 6, ""min_child_widget"": 1, ""max_delta_step"": 0, ""subsample"": 1, ""sampling_method"": ""uniform"", ""lambda"": 1, ""alpha"": 0, ""tree_method"": ""auto"", ""scale_pos_weight"": 1, ""updater"": ""grow_colmaker"", ""process_type"": ""default"", ""grow_policy"": ""depthwise""}, ""matched"": true}, {""node_id"": ""2580"", ""widget_name"": ""Test & Score"", ""node_name"": ""模型评估"", ""node_params"": {}, ""matched"": true}]}","{""dependency_requirements"": [{""edge_id"": ""2119"", ""source_node_id"": ""2577"", ""target_node_id"": ""2578""}, {""edge_id"": ""2120"", ""source_node_id"": ""2578"", ""target_node_id"": ""2579""}, {""edge_id"": ""2121"", ""source_node_id"": ""2578"", ""target_node_id"": ""2580""}, {""edge_id"": ""2123"", ""source_node_id"": ""2579"", ""target_node_id"": ""2580""}], ""step_requirements"": [{""node_id"": ""2577"", ""algorithm_step_name"": ""Tabular Dataset Loading"", ""node_name"": ""肾结石指标训练数据"", ""node_params"": {""table_name"": ""kidney_stone_train"", ""target_column"": ""target""}, ""contrast_level"": 2, ""node_type"": ""io""}, {""node_id"": ""2578"", ""algorithm_step_name"": ""Dataset Division"", ""node_name"": ""数据划分"", ""node_params"": {}, ""contrast_level"": 1, ""node_type"": ""preprocess""}, {""node_id"": ""2579"", ""algorithm_step_name"": ""LightGBM"", ""node_name"": ""LightGBM分类器"", ""node_params"": {}, ""contrast_level"": 0, ""node_type"": ""model""}, {""node_id"": ""2580"", ""algorithm_step_name"": ""Model Evaluate"", ""node_name"": ""模型评估"", ""node_params"": {}, ""contrast_level"": 2, ""node_type"": ""evaluate""}]}",0.6667
你的目标是帮助我的酒店更好地预判客户是否会取消预订。你首先要加载酒店预定的训练数据和测试数据，用训练数据训练一个LightGBM模型，然后用LightGBM模型对酒店预定的测试数据进行预测，最后将预测结果保存。,0.7143,14130,369,0,0,0,0,0,"{""edges"": [{""edge_id"": ""20334"", ""source_node_id"": ""26590"", ""target_node_id"": ""2586""}, {""edge_id"": ""20335"", ""source_node_id"": ""26591"", ""target_node_id"": ""2587""}, {""edge_id"": ""20336"", ""source_node_id"": ""2586"", ""target_node_id"": ""2587""}, {""edge_id"": ""20337"", ""source_node_id"": ""2587"", ""target_node_id"": ""2588""}], ""nodes"": [{""node_id"": ""26590"", ""widget_name"": ""File"", ""node_name"": ""加载训练数据"", ""node_params"": {""type"": ""sample"", ""filename"": ""hotel_bookings_train.csv""}, ""matched"": false}, {""node_id"": ""26591"", ""widget_name"": ""File"", ""node_name"": ""加载测试数据"", ""node_params"": {""type"": ""sample"", ""filename"": ""hotel_bookings_test.csv""}, ""matched"": false}, {""node_id"": ""2586"", ""widget_name"": ""LightGBM"", ""node_name"": ""LightGBM模型"", ""node_params"": {""boosting_type"": ""gbdt"", ""n_estimators"": 10, ""learning_rate"": 0.1, ""sampling_rate"": 0.1, ""max_depth_check"": false, ""max_depth"": 3, ""num_leaves_check"": false, ""num_leaves"": 31}, ""matched"": true}, {""node_id"": ""2587"", ""widget_name"": ""Predictions"", ""node_name"": ""预测"", ""node_params"": {""output_attrs"": true, ""output_predictions"": true, ""output_probabilities"": true}, ""matched"": true}, {""node_id"": ""2588"", ""widget_name"": ""Save Data"", ""node_name"": ""保存预测结果"", ""node_params"": {}, ""matched"": true}]}","{""dependency_requirements"": [{""edge_id"": ""2129"", ""source_node_id"": ""2586"", ""target_node_id"": ""2587""}, {""edge_id"": ""2130"", ""source_node_id"": ""2587"", ""target_node_id"": ""2588""}, {""edge_id"": ""2131"", ""source_node_id"": ""2583"", ""target_node_id"": ""2589""}, {""edge_id"": ""2133"", ""source_node_id"": ""2582"", ""target_node_id"": ""2586""}], ""step_requirements"": [{""node_id"": ""2582"", ""algorithm_step_name"": ""Tabular Dataset Loading"", ""node_name"": ""酒店预定训练数据"", ""node_params"": {""table_name"": ""reservation_cancellation_train"", ""target_column"": ""booking_status""}, ""contrast_level"": 2, ""node_type"": ""io""}, {""node_id"": ""2583"", ""algorithm_step_name"": ""Tabular Dataset Loading"", ""node_name"": ""酒店预定测试数据"", ""node_params"": {""table_name"": ""reservation_cancellation_test"", ""target_column"": ""booking_status""}, ""contrast_level"": 2, ""node_type"": ""io""}, {""node_id"": ""2586"", ""algorithm_step_name"": ""LightGBM"", ""node_name"": ""LightGBM模型"", ""node_params"": {}, ""contrast_level"": 1, ""node_type"": ""model""}, {""node_id"": ""2587"", ""algorithm_step_name"": ""Test Dataset Predictions"", ""node_name"": ""预测"", ""node_params"": {""output_attrs"": true, ""output_predictions"": true, ""output_probabilities"": true}, ""contrast_level"": 2, ""node_type"": ""predict""}, {""node_id"": ""2588"", ""algorithm_step_name"": ""Save Data"", ""node_name"": ""保存预测结果"", ""node_params"": {}, ""contrast_level"": 2, ""node_type"": ""io""}]}",0.6
你的目标是通过与肥胖相关的各种因素，如饮食、生活方式等数据，训练一个模型来预测个体的肥胖风险等级。特征工程处理时，我需要你进行特征构建和特征选择。,0.8333,14516,720,0,0,0,0,0,"{""edges"": [{""edge_id"": ""20338"", ""source_node_id"": ""2594"", ""target_node_id"": ""2597""}, {""edge_id"": ""20339"", ""source_node_id"": ""2597"", ""target_node_id"": ""2598""}], ""nodes"": [{""node_id"": ""2594"", ""widget_name"": ""SQL Table"", ""node_name"": ""肥胖数据加载"", ""node_params"": {""table_name"": ""obesity_cvd_risk_train"", ""target_column"": ""NObeyesdad""}, ""matched"": true}, {""node_id"": ""2597"", ""widget_name"": ""Feature Constructor"", ""node_name"": ""特征构建"", ""node_params"": {""expressions"": [{""key"": 0, ""name"": ""Diet_Exercise_Ratio"", ""expression"": ""Diet / Exercise"", ""type"": 2, ""image"": ""N"", ""categories"": ""A, B""}]}, ""matched"": true}, {""node_id"": ""2598"", ""widget_name"": ""Select Best N Attributes"", ""node_name"": ""特征选择"", ""node_params"": {""n"": 5}, ""matched"": true}]}","{""dependency_requirements"": [{""edge_id"": ""2139"", ""source_node_id"": ""2594"", ""target_node_id"": ""2597""}, {""edge_id"": ""2140"", ""source_node_id"": ""2597"", ""target_node_id"": ""2598""}, {""edge_id"": ""2141"", ""source_node_id"": ""2598"", ""target_node_id"": ""2599""}], ""step_requirements"": [{""node_id"": ""2594"", ""algorithm_step_name"": ""Tabular Dataset Loading"", ""node_name"": ""肥胖风险训练数据"", ""node_params"": {""table_name"": ""obesity_cvd_risk_train"", ""target_column"": ""NObeyesdad""}, ""contrast_level"": 2, ""node_type"": ""io""}, {""node_id"": ""2597"", ""algorithm_step_name"": ""Feature Construction"", ""node_name"": ""特征构建处理"", ""node_params"": {}, ""contrast_level"": 1, ""node_type"": ""feature engineering""}, {""node_id"": ""2598"", ""algorithm_step_name"": ""Feature Selection"", ""node_name"": ""自动特征选择处理"", ""node_params"": {}, ""contrast_level"": 1, ""node_type"": ""feature engineering""}, {""node_id"": ""2599"", ""algorithm_step_name"": ""XGBoost"", ""node_name"": ""XGBoost分类器"", ""node_params"": {}, ""contrast_level"": 0, ""node_type"": ""model""}]}",0.8571
你的目标是构建一个机器学习模型，用于预测肝硬化患者的生存状态。我需要你在处理完数据集之后将数据集划分为训练集和验证集，以便最后用划分的训练数据对模型进行训练，用验证数据对模型进行评估。,0.8571,13583,446,0,0,0,0,0,"{""edges"": [{""edge_id"": ""20340"", ""source_node_id"": ""26598"", ""target_node_id"": ""26599""}, {""edge_id"": ""20341"", ""source_node_id"": ""26599"", ""target_node_id"": ""2610""}, {""edge_id"": ""20342"", ""source_node_id"": ""2610"", ""target_node_id"": ""2611""}, {""edge_id"": ""20343"", ""source_node_id"": ""2610"", ""target_node_id"": ""2612""}, {""edge_id"": ""20345"", ""source_node_id"": ""2611"", ""target_node_id"": ""2612""}], ""nodes"": [{""node_id"": ""26598"", ""widget_name"": ""File"", ""node_name"": ""文件加载"", ""node_params"": {""type"": ""sample"", ""filename"": ""heart_disease.csv""}, ""matched"": false}, {""node_id"": ""26599"", ""widget_name"": ""Impute"", ""node_name"": ""缺失值处理"", ""node_params"": {""method"": 2}, ""matched"": false}, {""node_id"": ""2610"", ""widget_name"": ""Data Sampler"", ""node_name"": ""数据划分"", ""node_params"": {""sampling_type"": 0, ""percentage"": 20, ""n_samples"": 15, ""replacement"": false, ""n_folds"": 10, ""selected_folds"": 1, ""replicable"": false, ""stratified"": false}, ""matched"": true}, {""node_id"": ""2611"", ""widget_name"": ""XGBoost"", ""node_name"": ""XGBoost模型"", ""node_params"": {""booster"": ""gbtree"", ""learning_rate"": 0.3, ""gamma"": 0, ""max_depth"": 6, ""min_child_widget"": 1, ""max_delta_step"": 0, ""subsample"": 1, ""sampling_method"": ""uniform"", ""lambda"": 1, ""alpha"": 0, ""tree_method"": ""auto"", ""scale_pos_weight"": 1, ""updater"": ""grow_colmaker"", ""process_type"": ""default"", ""grow_policy"": ""depthwise""}, ""matched"": true}, {""node_id"": ""2612"", ""widget_name"": ""Test & Score"", ""node_name"": ""模型评估"", ""node_params"": {}, ""matched"": true}]}","{""dependency_requirements"": [{""edge_id"": ""2148"", ""source_node_id"": ""2607"", ""target_node_id"": ""2610""}, {""edge_id"": ""2152"", ""source_node_id"": ""2610"", ""target_node_id"": ""2611""}, {""edge_id"": ""2152"", ""source_node_id"": ""2610"", ""target_node_id"": ""2612""}, {""edge_id"": ""2154"", ""source_node_id"": ""2611"", ""target_node_id"": ""2612""}], ""step_requirements"": [{""node_id"": ""2607"", ""algorithm_step_name"": ""Tabular Dataset Loading"", ""node_name"": ""肝硬化患者生存状态训练数据"", ""node_params"": {""table_name"": ""cirrhosis_patient_train"", ""target_column"": ""Status""}, ""contrast_level"": 2, ""node_type"": ""io""}, {""node_id"": ""2610"", ""algorithm_step_name"": ""Dataset Division"", ""node_name"": ""数据划分"", ""node_params"": {}, ""contrast_level"": 1, ""node_type"": ""preprocess""}, {""node_id"": ""2611"", ""algorithm_step_name"": ""XGBoost"", ""node_name"": ""XGBoost分类器"", ""node_params"": {}, ""contrast_level"": 0, ""node_type"": ""model""}, {""node_id"": ""2612"", ""algorithm_step_name"": ""Model Evaluate"", ""node_name"": ""评估"", ""node_params"": {}, ""contrast_level"": 2, ""node_type"": ""evaluate""}]}",0.6667
根据马匹健康状况的各项指标检测数据，预测马匹的健康状况。我需要你使用训练数据集训练模型，然后用模型预测测试数据，最后将预测结果保存。,1.0,15535,1310,0,0,0,0,0,"{""edges"": [{""edge_id"": ""20346"", ""source_node_id"": ""2635"", ""target_node_id"": ""26605""}, {""edge_id"": ""20347"", ""source_node_id"": ""2636"", ""target_node_id"": ""26606""}, {""edge_id"": ""20348"", ""source_node_id"": ""26605"", ""target_node_id"": ""26607""}, {""edge_id"": ""20349"", ""source_node_id"": ""26606"", ""target_node_id"": ""26608""}, {""edge_id"": ""20350"", ""source_node_id"": ""26607"", ""target_node_id"": ""2642""}, {""edge_id"": ""20351"", ""source_node_id"": ""26608"", ""target_node_id"": ""2643""}, {""edge_id"": ""20352"", ""source_node_id"": ""2642"", ""target_node_id"": ""2643""}, {""edge_id"": ""20353"", ""source_node_id"": ""2643"", ""target_node_id"": ""2644""}], ""nodes"": [{""node_id"": ""2635"", ""widget_name"": ""SQL Table"", ""node_name"": ""马匹健康状况训练数据"", ""node_params"": {""table_name"": ""horse_health_outcomes_train"", ""target_column"": ""outcome""}, ""matched"": true}, {""node_id"": ""2636"", ""widget_name"": ""SQL Table"", ""node_name"": ""马匹健康状况测试数据"", ""node_params"": {""table_name"": ""horse_health_outcomes_test"", ""target_column"": ""outcome""}, ""matched"": true}, {""node_id"": ""26605"", ""widget_name"": ""Impute"", ""node_name"": ""训练数据缺失值处理"", ""node_params"": {""method"": 1}, ""matched"": false}, {""node_id"": ""26606"", ""widget_name"": ""Impute"", ""node_name"": ""测试数据缺失值处理"", ""node_params"": {""method"": 1}, ""matched"": false}, {""node_id"": ""26607"", ""widget_name"": ""One Hot Encoder"", ""node_name"": ""训练数据独热编码"", ""node_params"": {""encode_vars"": []}, ""matched"": false}, {""node_id"": ""26608"", ""widget_name"": ""One Hot Encoder"", ""node_name"": ""测试数据独热编码"", ""node_params"": {""encode_vars"": []}, ""matched"": false}, {""node_id"": ""2642"", ""widget_name"": ""Random Forest"", ""node_name"": ""随机森林模型"", ""node_params"": {""n_estimators"": 10, ""use_max_features"": false, ""max_features"": ""auto"", ""use_random_state"": false, ""use_max_depth"": false, ""max_depth"": 3, ""use_min_samples_split"": true, ""min_samples_split"": 2}, ""matched"": true}, {""node_id"": ""2643"", ""widget_name"": ""Predictions"", ""node_name"": ""预测"", ""node_params"": {""output_attrs"": true, ""output_predictions"": true, ""output_probabilities"": true}, ""matched"": true}, {""node_id"": ""2644"", ""widget_name"": ""Save Data"", ""node_name"": ""保存预测结果"", ""node_params"": {}, ""matched"": true}]}","{""dependency_requirements"": [{""edge_id"": ""2178"", ""source_node_id"": ""2635"", ""target_node_id"": ""2642""}, {""edge_id"": ""2179"", ""source_node_id"": ""2636"", ""target_node_id"": ""2643""}, {""edge_id"": ""2185"", ""source_node_id"": ""2642"", ""target_node_id"": ""2643""}, {""edge_id"": ""2186"", ""source_node_id"": ""2643"", ""target_node_id"": ""2644""}], ""step_requirements"": [{""node_id"": ""2635"", ""algorithm_step_name"": ""Tabular Dataset Loading"", ""node_name"": ""马匹健康状况训练数据"", ""node_params"": {""table_name"": ""horse_health_outcomes_train"", ""target_column"": ""outcome""}, ""contrast_level"": 2, ""node_type"": ""io""}, {""node_id"": ""2636"", ""algorithm_step_name"": ""Tabular Dataset Loading"", ""node_name"": ""马匹健康状况测试数据"", ""node_params"": {""table_name"": ""horse_health_outcomes_test"", ""target_column"": ""outcome""}, ""contrast_level"": 2, ""node_type"": ""io""}, {""node_id"": ""2642"", ""algorithm_step_name"": ""Decision Tree Model"", ""node_name"": ""健康状态预测模型"", ""node_params"": {}, ""contrast_level"": 0, ""node_type"": ""model""}, {""node_id"": ""2643"", ""algorithm_step_name"": ""Test Dataset Predictions"", ""node_name"": ""健康状况预测"", ""node_params"": {""output_attrs"": true, ""output_predictions"": true, ""output_probabilities"": true}, ""contrast_level"": 2, ""node_type"": ""predict""}, {""node_id"": ""2644"", ""algorithm_step_name"": ""Save Data"", ""node_name"": ""保存预测结果到文件"", ""node_params"": {}, ""contrast_level"": 1, ""node_type"": ""io""}]}",0.7143
我需要你使用怪物的相关指标数据，构建一个能够区分怪物类型的机器学习模型。然后，用这个模型对测试数据进行预测，最后把预测结果保存下来。,0.7143,13915,373,0,0,0,0,0,"{""edges"": [{""edge_id"": ""20354"", ""source_node_id"": ""26612"", ""target_node_id"": ""26613""}, {""edge_id"": ""20355"", ""source_node_id"": ""26613"", ""target_node_id"": ""2690""}, {""edge_id"": ""20356"", ""source_node_id"": ""26613"", ""target_node_id"": ""2691""}, {""edge_id"": ""20357"", ""source_node_id"": ""2690"", ""target_node_id"": ""2691""}, {""edge_id"": ""20358"", ""source_node_id"": ""2691"", ""target_node_id"": ""2692""}], ""nodes"": [{""node_id"": ""26612"", ""widget_name"": ""File"", ""node_name"": ""文件加载"", ""node_params"": {""type"": ""sample"", ""filename"": ""monsters.csv""}, ""matched"": false}, {""node_id"": ""26613"", ""widget_name"": ""Data Sampler"", ""node_name"": ""数据划分"", ""node_params"": {""sampling_type"": 0, ""percentage"": 20, ""n_samples"": 15, ""replacement"": false, ""n_folds"": 10, ""selected_folds"": 1, ""replicable"": false, ""stratified"": false}, ""matched"": false}, {""node_id"": ""2690"", ""widget_name"": ""Random Forest"", ""node_name"": ""随机森林模型"", ""node_params"": {""n_estimators"": 10, ""use_max_features"": false, ""max_features"": ""auto"", ""use_random_state"": false, ""use_max_depth"": false, ""max_depth"": 3, ""use_min_samples_split"": true, ""min_samples_split"": 2}, ""matched"": true}, {""node_id"": ""2691"", ""widget_name"": ""Predictions"", ""node_name"": ""预测"", ""node_params"": {""output_attrs"": true, ""output_predictions"": true, ""output_probabilities"": true}, ""matched"": true}, {""node_id"": ""2692"", ""widget_name"": ""Save Data"", ""node_name"": ""保存数据"", ""node_params"": {}, ""matched"": true}]}","{""dependency_requirements"": [{""edge_id"": ""2210"", ""source_node_id"": ""2685"", ""target_node_id"": ""2690""}, {""edge_id"": ""2211"", ""source_node_id"": ""2686"", ""target_node_id"": ""2691""}, {""edge_id"": ""2212"", ""source_node_id"": ""2690"", ""target_node_id"": ""2691""}, {""edge_id"": ""2214"", ""source_node_id"": ""2691"", ""target_node_id"": ""2692""}], ""step_requirements"": [{""node_id"": ""2685"", ""algorithm_step_name"": ""Tabular Dataset Loading"", ""node_name"": ""怪物类型训练数据"", ""node_params"": {""table_name"": ""monster_train"", ""target_column"": ""type""}, ""contrast_level"": 2, ""node_type"": ""io""}, {""node_id"": ""2686"", ""algorithm_step_name"": ""Tabular Dataset Loading"", ""node_name"": ""怪物类型测试数据"", ""node_params"": {""table_name"": ""monster_test"", ""target_column"": ""type""}, ""contrast_level"": 2, ""node_type"": ""io""}, {""node_id"": ""2690"", ""algorithm_step_name"": ""Decision Tree Model"", ""node_name"": ""怪物类型决策树模型"", ""node_params"": {}, ""contrast_level"": 0, ""node_type"": ""model""}, {""node_id"": ""2691"", ""algorithm_step_name"": ""Test Dataset Predictions"", ""node_name"": ""预测"", ""node_params"": {""output_attrs"": true, ""output_predictions"": true, ""output_probabilities"": true}, ""contrast_level"": 2, ""node_type"": ""predict""}, {""node_id"": ""2692"", ""algorithm_step_name"": ""Save Data"", ""node_name"": ""保存预测结果"", ""node_params"": {}, ""contrast_level"": 2, ""node_type"": ""io""}]}",0.6
你的目标是根据旧金山所有社区近12年的犯罪训练数据和测试数据，首先使用训练数据训练一个模型，该模型能够预测犯罪类别。然后，用这个模型对测试数据集进行预测，最后把预测结果保存下来。,0.7143,13931,639,0,0,0,0,0,"{""edges"": [{""edge_id"": ""20359"", ""source_node_id"": ""26617"", ""target_node_id"": ""26619""}, {""edge_id"": ""20360"", ""source_node_id"": ""26619"", ""target_node_id"": ""26621""}, {""edge_id"": ""20361"", ""source_node_id"": ""26621"", ""target_node_id"": ""2700""}, {""edge_id"": ""20362"", ""source_node_id"": ""26618"", ""target_node_id"": ""26620""}, {""edge_id"": ""20363"", ""source_node_id"": ""26620"", ""target_node_id"": ""26622""}, {""edge_id"": ""20364"", ""source_node_id"": ""26622"", ""target_node_id"": ""2698""}, {""edge_id"": ""20365"", ""source_node_id"": ""2700"", ""target_node_id"": ""2698""}, {""edge_id"": ""20366"", ""source_node_id"": ""2698"", ""target_node_id"": ""2699""}], ""nodes"": [{""node_id"": ""26617"", ""widget_name"": ""File"", ""node_name"": ""训练数据"", ""node_params"": {""type"": ""sample"", ""filename"": ""sf_crime_train.csv""}, ""matched"": false}, {""node_id"": ""26618"", ""widget_name"": ""File"", ""node_name"": ""测试数据"", ""node_params"": {""type"": ""sample"", ""filename"": ""sf_crime_test.csv""}, ""matched"": false}, {""node_id"": ""26619"", ""widget_name"": ""Impute"", ""node_name"": ""训练数据缺失值处理"", ""node_params"": {""method"": 1}, ""matched"": false}, {""node_id"": ""26620"", ""widget_name"": ""Impute"", ""node_name"": ""测试数据缺失值处理"", ""node_params"": {""method"": 1}, ""matched"": false}, {""node_id"": ""26621"", ""widget_name"": ""One Hot Encoder"", ""node_name"": ""训练数据独热编码"", ""node_params"": {""encode_vars"": [""Category"", ""DayOfWeek"", ""PdDistrict"", ""Resolution"", ""Address""]}, ""matched"": false}, {""node_id"": ""26622"", ""widget_name"": ""One Hot Encoder"", ""node_name"": ""测试数据独热编码"", ""node_params"": {""encode_vars"": [""DayOfWeek"", ""PdDistrict"", ""Address""]}, ""matched"": false}, {""node_id"": ""2700"", ""widget_name"": ""XGBoost"", ""node_name"": ""XGBoost模型"", ""node_params"": {""booster"": ""gbtree"", ""learning_rate"": 0.3, ""gamma"": 0, ""max_depth"": 6, ""min_child_widget"": 1, ""max_delta_step"": 0, ""subsample"": 1, ""sampling_method"": ""uniform"", ""lambda"": 1, ""alpha"": 0, ""tree_method"": ""auto"", ""scale_pos_weight"": 1, ""updater"": ""grow_colmaker"", ""process_type"": ""default"", ""grow_policy"": ""depthwise""}, ""matched"": true}, {""node_id"": ""2698"", ""widget_name"": ""Predictions"", ""node_name"": ""预测"", ""node_params"": {""output_attrs"": true, ""output_predictions"": true, ""output_probabilities"": true}, ""matched"": true}, {""node_id"": ""2699"", ""widget_name"": ""Save Data"", ""node_name"": ""保存预测结果"", ""node_params"": {}, ""matched"": true}]}","{""dependency_requirements"": [{""edge_id"": ""2216"", ""source_node_id"": ""2693"", ""target_node_id"": ""2700""}, {""edge_id"": ""2217"", ""source_node_id"": ""2694"", ""target_node_id"": ""2698""}, {""edge_id"": ""2219"", ""source_node_id"": ""2700"", ""target_node_id"": ""2698""}, {""edge_id"": ""2221"", ""source_node_id"": ""2698"", ""target_node_id"": ""2699""}], ""step_requirements"": [{""node_id"": ""2693"", ""algorithm_step_name"": ""Tabular Dataset Loading"", ""node_name"": ""旧金山社区犯罪报告训练数据"", ""node_params"": {""table_name"": ""crime_category_train"", ""target_column"": ""category""}, ""contrast_level"": 2, ""node_type"": ""io""}, {""node_id"": ""2694"", ""algorithm_step_name"": ""Tabular Dataset Loading"", ""node_name"": ""旧金山社区犯罪报告测试数据"", ""node_params"": {""table_name"": ""crime_category_test"", ""target_column"": ""category""}, ""contrast_level"": 2, ""node_type"": ""io""}, {""node_id"": ""2700"", ""algorithm_step_name"": ""XGBoost"", ""node_name"": ""XGBoost"", ""node_params"": {}, ""contrast_level"": 0, ""node_type"": ""model""}, {""node_id"": ""2698"", ""algorithm_step_name"": ""Test Dataset Predictions"", ""node_name"": ""犯罪类别预测"", ""node_params"": {""output_attrs"": true, ""output_predictions"": true, ""output_probabilities"": true}, ""contrast_level"": 2, ""node_type"": ""predict""}, {""node_id"": ""2699"", ""algorithm_step_name"": ""Save Data"", ""node_name"": ""保存犯罪类别预测结果"", ""node_params"": {}, ""contrast_level"": 2, ""node_type"": ""io""}]}",0.4286
请你构建一个模型，用于根据鲍鱼的各种物理测量数据来预测它的年龄。进行独热编码之后对数据集进行划分，最后用划分的数据对训练好的模型进行评估。,0.8889,13918,478,0,0,0,0,0,"{""edges"": [{""edge_id"": ""20367"", ""source_node_id"": ""26626"", ""target_node_id"": ""2748""}, {""edge_id"": ""20368"", ""source_node_id"": ""2748"", ""target_node_id"": ""2749""}, {""edge_id"": ""20369"", ""source_node_id"": ""2749"", ""target_node_id"": ""2750""}, {""edge_id"": ""20370"", ""source_node_id"": ""2749"", ""target_node_id"": ""2751""}, {""edge_id"": ""20372"", ""source_node_id"": ""2750"", ""target_node_id"": ""2751""}], ""nodes"": [{""node_id"": ""26626"", ""widget_name"": ""File"", ""node_name"": ""文件加载"", ""node_params"": {""type"": ""sample"", ""filename"": ""abalone.csv""}, ""matched"": false}, {""node_id"": ""2748"", ""widget_name"": ""One Hot Encoder"", ""node_name"": ""独热编码"", ""node_params"": {""encode_vars"": [""Sex""]}, ""matched"": true}, {""node_id"": ""2749"", ""widget_name"": ""Data Sampler"", ""node_name"": ""数据划分"", ""node_params"": {""sampling_type"": 0, ""percentage"": 20, ""n_samples"": 15, ""replacement"": false, ""n_folds"": 10, ""selected_folds"": 1, ""replicable"": false, ""stratified"": false}, ""matched"": true}, {""node_id"": ""2750"", ""widget_name"": ""Random Forest"", ""node_name"": ""随机森林模型"", ""node_params"": {""n_estimators"": 10, ""use_max_features"": false, ""max_features"": ""auto"", ""use_random_state"": false, ""use_max_depth"": false, ""max_depth"": 3, ""use_min_samples_split"": true, ""min_samples_split"": 2}, ""matched"": true}, {""node_id"": ""2751"", ""widget_name"": ""Test & Score"", ""node_name"": ""模型评估"", ""node_params"": {}, ""matched"": true}]}","{""dependency_requirements"": [{""edge_id"": ""2266"", ""source_node_id"": ""2747"", ""target_node_id"": ""2748""}, {""edge_id"": ""2267"", ""source_node_id"": ""2748"", ""target_node_id"": ""2749""}, {""edge_id"": ""2268"", ""source_node_id"": ""2749"", ""target_node_id"": ""2750""}, {""edge_id"": ""2269"", ""source_node_id"": ""2749"", ""target_node_id"": ""2751""}, {""edge_id"": ""2271"", ""source_node_id"": ""2750"", ""target_node_id"": ""2751""}], ""step_requirements"": [{""node_id"": ""2747"", ""algorithm_step_name"": ""Tabular Dataset Loading"", ""node_name"": ""鲍鱼物理测量训练数据"", ""node_params"": {""table_name"": ""abalone_train"", ""target_column"": ""rings""}, ""contrast_level"": 2, ""node_type"": ""io""}, {""node_id"": ""2748"", ""algorithm_step_name"": ""One Hot Encoding"", ""node_name"": ""独热编码处理"", ""node_params"": {}, ""contrast_level"": 1, ""node_type"": ""feature engineering""}, {""node_id"": ""2749"", ""algorithm_step_name"": ""Dataset Division"", ""node_name"": ""数据划分"", ""node_params"": {}, ""contrast_level"": 1, ""node_type"": ""preprocess""}, {""node_id"": ""2750"", ""algorithm_step_name"": ""XGBoost"", ""node_name"": ""XGBoost回归器"", ""node_params"": {}, ""contrast_level"": 0, ""node_type"": ""model""}, {""node_id"": ""2751"", ""algorithm_step_name"": ""Model Evaluate"", ""node_name"": ""模型评估"", ""node_params"": {}, ""contrast_level"": 2, ""node_type"": ""evaluate""}]}",0.8
您的任务是训练一个神经网络模型，用于根据矿物莫氏硬度的相关特性，预测矿物的莫氏硬度数值。我希望你的激活函数使用双曲正切函数，优化方法使用随机梯度下降。,0.5,13679,135,0,0,0,0,0,"{""edges"": [{""edge_id"": ""20373"", ""source_node_id"": ""26632"", ""target_node_id"": ""2774""}], ""nodes"": [{""node_id"": ""2774"", ""widget_name"": ""Neural Network"", ""node_name"": ""神经网络模型"", ""node_params"": {""hidden_layers_input"": ""100,"", ""activation"": ""2"", ""solver"": ""1"", ""alpha"": 0.0001, ""maxItera"": 200, ""replicable"": true}, ""matched"": true}, {""node_id"": ""26632"", ""widget_name"": ""File"", ""node_name"": ""文件加载节点"", ""node_params"": {""type"": ""sample"", ""filename"": ""mineral_hardness.csv""}, ""matched"": false}]}","{""dependency_requirements"": [{""edge_id"": ""2303"", ""source_node_id"": ""2772"", ""target_node_id"": ""2774""}], ""step_requirements"": [{""node_id"": ""2772"", ""algorithm_step_name"": ""Tabular Dataset Loading"", ""node_name"": ""矿物硬度训练数据"", ""node_params"": {""table_name"": ""mohs_hardness_train"", ""target_column"": ""Hardness""}, ""contrast_level"": 2, ""node_type"": ""io""}, {""node_id"": ""2774"", ""algorithm_step_name"": ""Neural Network"", ""node_name"": ""神经网络模型"", ""node_params"": {""hidden_layers_input"": ""100,"", ""activation"": ""2"", ""solver"": ""1"", ""alpha"": 0.0001, ""maxItera"": 200, ""replicable"": true}, ""contrast_level"": 2, ""node_type"": ""model""}]}",0.5
你的任务是使用螃蟹年龄的训练数据集去建立一个随机森林模型来预测螃蟹的年龄。然后，用这个模型对螃蟹年龄的测试数据集进行预测，最后把预测结果保存下来。数据集需要进行独热编码,1.0,14819,1243,0,0,0,0,0,"{""edges"": [{""edge_id"": ""20374"", ""source_node_id"": ""2710"", ""target_node_id"": ""26635""}, {""edge_id"": ""20375"", ""source_node_id"": ""2711"", ""target_node_id"": ""26636""}, {""edge_id"": ""20376"", ""source_node_id"": ""26635"", ""target_node_id"": ""2712""}, {""edge_id"": ""20377"", ""source_node_id"": ""26636"", ""target_node_id"": ""2713""}, {""edge_id"": ""20378"", ""source_node_id"": ""2712"", ""target_node_id"": ""2714""}, {""edge_id"": ""20379"", ""source_node_id"": ""2713"", ""target_node_id"": ""2715""}, {""edge_id"": ""20380"", ""source_node_id"": ""2714"", ""target_node_id"": ""2715""}, {""edge_id"": ""20381"", ""source_node_id"": ""2715"", ""target_node_id"": ""2716""}], ""nodes"": [{""node_id"": ""2710"", ""widget_name"": ""SQL Table"", ""node_name"": ""螃蟹年龄训练数据"", ""node_params"": {""table_name"": ""crab_age_train"", ""target_column"": ""Age""}, ""matched"": true}, {""node_id"": ""2711"", ""widget_name"": ""SQL Table"", ""node_name"": ""螃蟹年龄测试数据"", ""node_params"": {""table_name"": ""crab_age_test"", ""target_column"": ""Age""}, ""matched"": true}, {""node_id"": ""26635"", ""widget_name"": ""Impute"", ""node_name"": ""训练数据缺失值处理"", ""node_params"": {""method"": 1}, ""matched"": false}, {""node_id"": ""26636"", ""widget_name"": ""Impute"", ""node_name"": ""测试数据缺失值处理"", ""node_params"": {""method"": 1}, ""matched"": false}, {""node_id"": ""2712"", ""widget_name"": ""One Hot Encoder"", ""node_name"": ""训练数据独热编码"", ""node_params"": {""encode_vars"": [""sex"", ""species""]}, ""matched"": true}, {""node_id"": ""2713"", ""widget_name"": ""One Hot Encoder"", ""node_name"": ""测试数据独热编码"", ""node_params"": {""encode_vars"": [""sex"", ""species""]}, ""matched"": true}, {""node_id"": ""2714"", ""widget_name"": ""Random Forest"", ""node_name"": ""随机森林模型"", ""node_params"": {""n_estimators"": 10, ""use_max_features"": false, ""max_features"": ""auto"", ""use_random_state"": false, ""use_max_depth"": false, ""max_depth"": 3, ""use_min_samples_split"": true, ""min_samples_split"": 2}, ""matched"": true}, {""node_id"": ""2715"", ""widget_name"": ""Predictions"", ""node_name"": ""预测"", ""node_params"": {""output_attrs"": true, ""output_predictions"": true, ""output_probabilities"": false}, ""matched"": true}, {""node_id"": ""2716"", ""widget_name"": ""Save Data"", ""node_name"": ""保存预测结果"", ""node_params"": {}, ""matched"": true}]}","{""dependency_requirements"": [{""edge_id"": ""2233"", ""source_node_id"": ""2710"", ""target_node_id"": ""2712""}, {""edge_id"": ""2234"", ""source_node_id"": ""2711"", ""target_node_id"": ""2713""}, {""edge_id"": ""2235"", ""source_node_id"": ""2712"", ""target_node_id"": ""2714""}, {""edge_id"": ""2236"", ""source_node_id"": ""2713"", ""target_node_id"": ""2715""}, {""edge_id"": ""2237"", ""source_node_id"": ""2714"", ""target_node_id"": ""2715""}, {""edge_id"": ""2238"", ""source_node_id"": ""2715"", ""target_node_id"": ""2716""}], ""step_requirements"": [{""node_id"": ""2710"", ""algorithm_step_name"": ""Tabular Dataset Loading"", ""node_name"": ""螃蟹年龄训练数据"", ""node_params"": {""table_name"": ""crab_age_train"", ""target_column"": ""Age""}, ""contrast_level"": 2, ""node_type"": ""io""}, {""node_id"": ""2711"", ""algorithm_step_name"": ""Tabular Dataset Loading"", ""node_name"": ""螃蟹年龄测试数据"", ""node_params"": {""table_name"": ""crab_age_test"", ""target_column"": ""Age""}, ""contrast_level"": 2, ""node_type"": ""io""}, {""node_id"": ""2712"", ""algorithm_step_name"": ""One Hot Encoding"", ""node_name"": ""训练数据独热编码"", ""node_params"": {}, ""contrast_level"": 1, ""node_type"": ""feature engineering""}, {""node_id"": ""2713"", ""algorithm_step_name"": ""One Hot Encoding"", ""node_name"": ""测试数据独热编码"", ""node_params"": {}, ""contrast_level"": 1, ""node_type"": ""feature engineering""}, {""node_id"": ""2714"", ""algorithm_step_name"": ""Random Forest"", ""node_name"": ""随机森林模型"", ""node_params"": {}, ""contrast_level"": 1, ""node_type"": ""model""}, {""node_id"": ""2715"", ""algorithm_step_name"": ""Test Dataset Predictions"", ""node_name"": ""预测结果"", ""node_params"": {""output_attrs"": true, ""output_predictions"": true, ""output_probabilities"": false}, ""contrast_level"": 2, ""node_type"": ""predict""}, {""node_id"": ""2716"", ""algorithm_step_name"": ""Save Data"", ""node_name"": ""保存预测结果"", ""node_params"": {}, ""contrast_level"": 2, ""node_type"": ""io""}]}",0.875
您的任务是构建一个机器学习模型，帮助我预测野生蓝莓的产量。特征工程的处理方法为：特征构建和特征选择。特征工程处理之后还需要对数据进行抽样处理，最后用抽样的数据对训练好的模型进行评估。,0.9091,14038,496,0,0,0,0,0,"{""edges"": [{""edge_id"": ""20382"", ""source_node_id"": ""26642"", ""target_node_id"": ""2776""}, {""edge_id"": ""20383"", ""source_node_id"": ""2776"", ""target_node_id"": ""2780""}, {""edge_id"": ""20384"", ""source_node_id"": ""2780"", ""target_node_id"": ""2777""}, {""edge_id"": ""20385"", ""source_node_id"": ""2777"", ""target_node_id"": ""2778""}, {""edge_id"": ""20386"", ""source_node_id"": ""2777"", ""target_node_id"": ""2779""}, {""edge_id"": ""20388"", ""source_node_id"": ""2778"", ""target_node_id"": ""2779""}], ""nodes"": [{""node_id"": ""26642"", ""widget_name"": ""File"", ""node_name"": ""加载野生蓝莓数据集"", ""node_params"": {""type"": ""sample"", ""filename"": ""blueberry.csv""}, ""matched"": false}, {""node_id"": ""2776"", ""widget_name"": ""Feature Constructor"", ""node_name"": ""特征构建"", ""node_params"": {""expressions"": [{""key"": 0, ""name"": ""new_feature"", ""expression"": ""feature1 + feature2"", ""type"": 2, ""image"": ""N"", ""categories"": ""A, B""}]}, ""matched"": true}, {""node_id"": ""2780"", ""widget_name"": ""Select Best N Attributes"", ""node_name"": ""特征选择"", ""node_params"": {""n"": 5}, ""matched"": true}, {""node_id"": ""2777"", ""widget_name"": ""Data Sampler"", ""node_name"": ""数据抽样"", ""node_params"": {""sampling_type"": 0, ""percentage"": 20, ""n_samples"": 15, ""replacement"": false, ""n_folds"": 10, ""selected_folds"": 1, ""replicable"": false, ""stratified"": false}, ""matched"": true}, {""node_id"": ""2778"", ""widget_name"": ""XGBoost"", ""node_name"": ""XGBoost模型"", ""node_params"": {""booster"": ""gbtree"", ""learning_rate"": 0.1, ""gamma"": 0, ""max_depth"": 6, ""min_child_widget"": 1, ""max_delta_step"": 0, ""subsample"": 1, ""sampling_method"": ""uniform"", ""lambda"": 1, ""alpha"": 0, ""tree_method"": ""auto"", ""scale_pos_weight"": 1, ""updater"": ""grow_colmaker"", ""process_type"": ""default"", ""grow_policy"": ""depthwise""}, ""matched"": true}, {""node_id"": ""2779"", ""widget_name"": ""Test & Score"", ""node_name"": ""模型评估"", ""node_params"": {}, ""matched"": true}]}","{""dependency_requirements"": [{""edge_id"": ""2304"", ""source_node_id"": ""2775"", ""target_node_id"": ""2776""}, {""edge_id"": ""2305"", ""source_node_id"": ""2780"", ""target_node_id"": ""2777""}, {""edge_id"": ""2306"", ""source_node_id"": ""2777"", ""target_node_id"": ""2778""}, {""edge_id"": ""2307"", ""source_node_id"": ""2777"", ""target_node_id"": ""2779""}, {""edge_id"": ""2309"", ""source_node_id"": ""2778"", ""target_node_id"": ""2779""}, {""edge_id"": ""2310"", ""source_node_id"": ""2776"", ""target_node_id"": ""2780""}], ""step_requirements"": [{""node_id"": ""2775"", ""algorithm_step_name"": ""Tabular Dataset Loading"", ""node_name"": ""野生蓝莓产量训练数据"", ""node_params"": {""table_name"": ""wild_blueberry_yield_train"", ""target_column"": ""yield""}, ""contrast_level"": 2, ""node_type"": ""io""}, {""node_id"": ""2776"", ""algorithm_step_name"": ""Feature Construction"", ""node_name"": ""特征构建"", ""node_params"": {}, ""contrast_level"": 1, ""node_type"": ""feature engineering""}, {""node_id"": ""2777"", ""algorithm_step_name"": ""Dataset Division"", ""node_name"": ""数据划分"", ""node_params"": {}, ""contrast_level"": 1, ""node_type"": ""preprocess""}, {""node_id"": ""2778"", ""algorithm_step_name"": ""XGBoost"", ""node_name"": ""XGBoost回归器"", ""node_params"": {}, ""contrast_level"": 0, ""node_type"": ""model""}, {""node_id"": ""2779"", ""algorithm_step_name"": ""Model Evaluate"", ""node_name"": ""模型评估"", ""node_params"": {}, ""contrast_level"": 2, ""node_type"": ""evaluate""}, {""node_id"": ""2780"", ""algorithm_step_name"": ""Feature Selection"", ""node_name"": ""Select Best N Attributes"", ""node_params"": {}, ""contrast_level"": 1, ""node_type"": ""feature engineering""}]}",0.8333
您的任务是根据媒体宣传成本的训练数据去构建一个机器学习模型，帮助我们预测食品超市的媒体宣传成本。然后，用这个模型对媒体宣传成本的测试数据集进行预测，最后把预测结果保存下来。,0.7143,13636,579,0,0,0,0,0,"{""edges"": [{""edge_id"": ""20389"", ""source_node_id"": ""26648"", ""target_node_id"": ""26650""}, {""edge_id"": ""20390"", ""source_node_id"": ""26649"", ""target_node_id"": ""26651""}, {""edge_id"": ""20391"", ""source_node_id"": ""26650"", ""target_node_id"": ""26652""}, {""edge_id"": ""20392"", ""source_node_id"": ""26651"", ""target_node_id"": ""26653""}, {""edge_id"": ""20393"", ""source_node_id"": ""26652"", ""target_node_id"": ""2745""}, {""edge_id"": ""20394"", ""source_node_id"": ""26653"", ""target_node_id"": ""2743""}, {""edge_id"": ""20395"", ""source_node_id"": ""2745"", ""target_node_id"": ""2743""}, {""edge_id"": ""20396"", ""source_node_id"": ""2743"", ""target_node_id"": ""2744""}], ""nodes"": [{""node_id"": ""26648"", ""widget_name"": ""File"", ""node_name"": ""训练数据加载"", ""node_params"": {""type"": ""sample"", ""filename"": ""marketing_cost_train.csv""}, ""matched"": false}, {""node_id"": ""26649"", ""widget_name"": ""File"", ""node_name"": ""测试数据加载"", ""node_params"": {""type"": ""sample"", ""filename"": ""marketing_cost_test.csv""}, ""matched"": false}, {""node_id"": ""26650"", ""widget_name"": ""Impute"", ""node_name"": ""训练数据缺失值处理"", ""node_params"": {""method"": 1}, ""matched"": false}, {""node_id"": ""26651"", ""widget_name"": ""Impute"", ""node_name"": ""测试数据缺失值处理"", ""node_params"": {""method"": 1}, ""matched"": false}, {""node_id"": ""26652"", ""widget_name"": ""One Hot Encoder"", ""node_name"": ""训练数据独热编码"", ""node_params"": {""encode_vars"": []}, ""matched"": false}, {""node_id"": ""26653"", ""widget_name"": ""One Hot Encoder"", ""node_name"": ""测试数据独热编码"", ""node_params"": {""encode_vars"": []}, ""matched"": false}, {""node_id"": ""2745"", ""widget_name"": ""Linear Regression"", ""node_name"": ""线性回归模型"", ""node_params"": {""regression_type"": ""0""}, ""matched"": true}, {""node_id"": ""2743"", ""widget_name"": ""Predictions"", ""node_name"": ""预测"", ""node_params"": {""output_attrs"": true, ""output_predictions"": true, ""output_probabilities"": false}, ""matched"": true}, {""node_id"": ""2744"", ""widget_name"": ""Save Data"", ""node_name"": ""保存预测结果"", ""node_params"": {}, ""matched"": true}]}","{""dependency_requirements"": [{""edge_id"": ""2261"", ""source_node_id"": ""2741"", ""target_node_id"": ""2743""}, {""edge_id"": ""2262"", ""source_node_id"": ""2740"", ""target_node_id"": ""2745""}, {""edge_id"": ""2263"", ""source_node_id"": ""2745"", ""target_node_id"": ""2743""}, {""edge_id"": ""2264"", ""source_node_id"": ""2743"", ""target_node_id"": ""2744""}], ""step_requirements"": [{""node_id"": ""2740"", ""algorithm_step_name"": ""Tabular Dataset Loading"", ""node_name"": ""食品超市媒体宣传成本训练数据"", ""node_params"": {""table_name"": ""media_campaign_cost_train"", ""target_column"": ""cost""}, ""contrast_level"": 2, ""node_type"": ""io""}, {""node_id"": ""2741"", ""algorithm_step_name"": ""Tabular Dataset Loading"", ""node_name"": ""食品超市媒体宣传成本测试数据"", ""node_params"": {""table_name"": ""media_campaign_cost_test"", ""target_column"": ""cost""}, ""contrast_level"": 2, ""node_type"": ""io""}, {""node_id"": ""2743"", ""algorithm_step_name"": ""Test Dataset Predictions"", ""node_name"": ""预测"", ""node_params"": {""output_attrs"": true, ""output_predictions"": true, ""output_probabilities"": false}, ""contrast_level"": 2, ""node_type"": ""predict""}, {""node_id"": ""2744"", ""algorithm_step_name"": ""Save Data"", ""node_name"": ""保存预测结果"", ""node_params"": {}, ""contrast_level"": 2, ""node_type"": ""io""}, {""node_id"": ""2745"", ""algorithm_step_name"": ""XGBoost"", ""node_name"": ""XGBoost"", ""node_params"": {}, ""contrast_level"": 0, ""node_type"": ""model""}]}",0.4286
我需要你使用银行信用贷款的训练数据，构建一个能够预测客户是否会流失的随机森林模型。然后，用这个模型对测试数据进行预测，并把预测结果保存下来，最后展示预测结果的混淆矩阵,0.9091,15038,1571,0,0,0,0,0,"{""edges"": [{""edge_id"": ""20397"", ""source_node_id"": ""2561"", ""target_node_id"": ""26659""}, {""edge_id"": ""20398"", ""source_node_id"": ""2562"", ""target_node_id"": ""26660""}, {""edge_id"": ""20399"", ""source_node_id"": ""26659"", ""target_node_id"": ""26661""}, {""edge_id"": ""20400"", ""source_node_id"": ""26660"", ""target_node_id"": ""26662""}, {""edge_id"": ""20401"", ""source_node_id"": ""26661"", ""target_node_id"": ""2565""}, {""edge_id"": ""20402"", ""source_node_id"": ""26662"", ""target_node_id"": ""2567""}, {""edge_id"": ""20403"", ""source_node_id"": ""2565"", ""target_node_id"": ""2567""}, {""edge_id"": ""20404"", ""source_node_id"": ""2567"", ""target_node_id"": ""2568""}, {""edge_id"": ""20405"", ""source_node_id"": ""2567"", ""target_node_id"": ""2569""}], ""nodes"": [{""node_id"": ""2561"", ""widget_name"": ""SQL Table"", ""node_name"": ""银行信用贷款训练数据"", ""node_params"": {""table_name"": ""bank_customer_churn_train"", ""target_column"": ""Exited""}, ""matched"": true}, {""node_id"": ""2562"", ""widget_name"": ""SQL Table"", ""node_name"": ""银行信用贷款测试数据"", ""node_params"": {""table_name"": ""bank_customer_churn_test"", ""target_column"": ""Exited""}, ""matched"": true}, {""node_id"": ""26659"", ""widget_name"": ""Impute"", ""node_name"": ""训练数据缺失值处理"", ""node_params"": {""method"": 2}, ""matched"": false}, {""node_id"": ""26660"", ""widget_name"": ""Impute"", ""node_name"": ""测试数据缺失值处理"", ""node_params"": {""method"": 2}, ""matched"": false}, {""node_id"": ""26661"", ""widget_name"": ""One Hot Encoder"", ""node_name"": ""训练数据独热编码"", ""node_params"": {""encode_vars"": [""has_cr_card"", ""is_active_member""]}, ""matched"": false}, {""node_id"": ""26662"", ""widget_name"": ""One Hot Encoder"", ""node_name"": ""测试数据独热编码"", ""node_params"": {""encode_vars"": [""has_cr_card"", ""is_active_member""]}, ""matched"": false}, {""node_id"": ""2565"", ""widget_name"": ""Random Forest"", ""node_name"": ""随机森林模型"", ""node_params"": {""n_estimators"": 100, ""use_max_features"": true, ""max_features"": ""auto"", ""use_random_state"": true, ""use_max_depth"": true, ""max_depth"": 10, ""use_min_samples_split"": true, ""min_samples_split"": 2}, ""matched"": true}, {""node_id"": ""2567"", ""widget_name"": ""Predictions"", ""node_name"": ""预测"", ""node_params"": {""output_attrs"": true, ""output_predictions"": true, ""output_probabilities"": true}, ""matched"": true}, {""node_id"": ""2568"", ""widget_name"": ""Save Data"", ""node_name"": ""保存预测结果"", ""node_params"": {}, ""matched"": true}, {""node_id"": ""2569"", ""widget_name"": ""Confusion Matrix"", ""node_name"": ""混淆矩阵"", ""node_params"": {}, ""matched"": true}]}","{""dependency_requirements"": [{""edge_id"": ""2111"", ""source_node_id"": ""2561"", ""target_node_id"": ""2565""}, {""edge_id"": ""2112"", ""source_node_id"": ""2562"", ""target_node_id"": ""2567""}, {""edge_id"": ""2113"", ""source_node_id"": ""2565"", ""target_node_id"": ""2567""}, {""edge_id"": ""2114"", ""source_node_id"": ""2567"", ""target_node_id"": ""2568""}, {""edge_id"": ""2116"", ""source_node_id"": ""2568"", ""target_node_id"": ""2569""}], ""step_requirements"": [{""node_id"": ""2561"", ""algorithm_step_name"": ""Tabular Dataset Loading"", ""node_name"": ""银行信用贷款训练数据"", ""node_params"": {""table_name"": ""bank_customer_churn_train"", ""target_column"": ""Exited""}, ""contrast_level"": 2, ""node_type"": ""io""}, {""node_id"": ""2562"", ""algorithm_step_name"": ""Tabular Dataset Loading"", ""node_name"": ""银行信用贷款测试数据"", ""node_params"": {""table_name"": ""bank_customer_churn_test"", ""target_column"": ""Exited""}, ""contrast_level"": 2, ""node_type"": ""io""}, {""node_id"": ""2565"", ""algorithm_step_name"": ""Random Forest"", ""node_name"": ""随机森林模型"", ""node_params"": {}, ""contrast_level"": 1, ""node_type"": ""model""}, {""node_id"": ""2567"", ""algorithm_step_name"": ""Test Dataset Predictions"", ""node_name"": ""预测结果"", ""node_params"": {""output_attrs"": true, ""output_predictions"": true, ""output_probabilities"": true}, ""contrast_level"": 2, ""node_type"": ""predict""}, {""node_id"": ""2568"", ""algorithm_step_name"": ""Save Data"", ""node_name"": ""保存预测结果"", ""node_params"": {}, ""contrast_level"": 1, ""node_type"": ""io""}, {""node_id"": ""2569"", ""algorithm_step_name"": ""Confusion Matrix"", ""node_name"": ""混淆矩阵"", ""node_params"": {}, ""contrast_level"": 1, ""node_type"": ""visualize""}]}",0.625
请你使用生物信号训练数据集来预测个体是否为吸烟者，你的最终目标是建立一个能够准确判断个体吸烟状态的XGboost模型，学习率使用0.1，学习器使用DART模型。,0.5,13293,647,0,0,0,0,0,"{""edges"": [{""edge_id"": ""20406"", ""source_node_id"": ""26667"", ""target_node_id"": ""26668""}, {""edge_id"": ""20407"", ""source_node_id"": ""26668"", ""target_node_id"": ""26669""}, {""edge_id"": ""20408"", ""source_node_id"": ""26669"", ""target_node_id"": ""26670""}, {""edge_id"": ""20409"", ""source_node_id"": ""26670"", ""target_node_id"": ""2572""}, {""edge_id"": ""20410"", ""source_node_id"": ""26670"", ""target_node_id"": ""26672""}, {""edge_id"": ""20412"", ""source_node_id"": ""2572"", ""target_node_id"": ""26672""}], ""nodes"": [{""node_id"": ""26667"", ""widget_name"": ""File"", ""node_name"": ""文件加载"", ""node_params"": {""type"": ""sample"", ""filename"": ""heart_disease.csv""}, ""matched"": false}, {""node_id"": ""26668"", ""widget_name"": ""Impute"", ""node_name"": ""缺失值处理"", ""node_params"": {""method"": 2}, ""matched"": false}, {""node_id"": ""26669"", ""widget_name"": ""One Hot Encoder"", ""node_name"": ""独热编码"", ""node_params"": {""encode_vars"": [""cp"", ""fbs"", ""restecg"", ""exang"", ""slope"", ""ca"", ""thal""]}, ""matched"": false}, {""node_id"": ""26670"", ""widget_name"": ""Data Sampler"", ""node_name"": ""数据划分"", ""node_params"": {""sampling_type"": 0, ""percentage"": 20, ""n_samples"": 15, ""replacement"": false, ""n_folds"": 10, ""selected_folds"": 1, ""replicable"": false, ""stratified"": false}, ""matched"": false}, {""node_id"": ""2572"", ""widget_name"": ""XGBoost"", ""node_name"": ""XGBoost模型"", ""node_params"": {""booster"": ""dart"", ""learning_rate"": 0.1, ""gamma"": 0, ""max_depth"": 6, ""min_child_widget"": 1, ""max_delta_step"": 0, ""subsample"": 1, ""sampling_method"": ""uniform"", ""lambda"": 1, ""alpha"": 0, ""tree_method"": ""auto"", ""scale_pos_weight"": 1, ""updater"": ""grow_colmaker"", ""process_type"": ""default"", ""grow_policy"": ""depthwise""}, ""matched"": true}, {""node_id"": ""26672"", ""widget_name"": ""Test & Score"", ""node_name"": ""测试评估"", ""node_params"": {}, ""matched"": false}]}","{""dependency_requirements"": [{""edge_id"": ""2117"", ""source_node_id"": ""2570"", ""target_node_id"": ""2572""}], ""step_requirements"": [{""node_id"": ""2570"", ""algorithm_step_name"": ""Tabular Dataset Loading"", ""node_name"": ""生物信号训练数据"", ""node_params"": {""table_name"": ""smoker_status_bio_signals_train"", ""target_column"": ""smoking""}, ""contrast_level"": 2, ""node_type"": ""io""}, {""node_id"": ""2572"", ""algorithm_step_name"": ""XGBoost"", ""node_name"": ""XGBoost模型"", ""node_params"": {""booster"": ""dart"", ""learning_rate"": 0.1, ""gamma"": 0, ""max_depth"": 6, ""min_child_widget"": 1, ""max_delta_step"": 0, ""subsample"": 1, ""sampling_method"": ""uniform"", ""lambda"": 1, ""alpha"": 0, ""tree_method"": ""auto"", ""scale_pos_weight"": 1, ""updater"": ""grow_colmaker"", ""process_type"": ""default"", ""grow_policy"": ""depthwise""}, ""contrast_level"": 2, ""node_type"": ""model""}]}",0.25
你需要使用人类的肾结石相关指标数据，开发一个机器学习模型预测一个人是否患有肾结石。我需要你在模型训练之前，加一步数据划分的数据处理，最后还要用划分后的验证集对模型进行评估。,0.8571,13457,173,0,0,0,0,0,"{""edges"": [{""edge_id"": ""20413"", ""source_node_id"": ""26673"", ""target_node_id"": ""2578""}, {""edge_id"": ""20414"", ""source_node_id"": ""2578"", ""target_node_id"": ""26675""}, {""edge_id"": ""20415"", ""source_node_id"": ""26675"", ""target_node_id"": ""2579""}, {""edge_id"": ""20416"", ""source_node_id"": ""2578"", ""target_node_id"": ""2580""}, {""edge_id"": ""20418"", ""source_node_id"": ""2579"", ""target_node_id"": ""2580""}], ""nodes"": [{""node_id"": ""26673"", ""widget_name"": ""File"", ""node_name"": ""文件加载"", ""node_params"": {""type"": ""sample"", ""filename"": ""kidney_stones.csv""}, ""matched"": false}, {""node_id"": ""2578"", ""widget_name"": ""Data Sampler"", ""node_name"": ""数据划分"", ""node_params"": {""sampling_type"": 0, ""percentage"": 10, ""n_samples"": 15, ""replacement"": false, ""n_folds"": 10, ""selected_folds"": 1, ""replicable"": false, ""stratified"": false}, ""matched"": true}, {""node_id"": ""26675"", ""widget_name"": ""One Hot Encoder"", ""node_name"": ""独热编码"", ""node_params"": {""encode_vars"": []}, ""matched"": false}, {""node_id"": ""2579"", ""widget_name"": ""XGBoost"", ""node_name"": ""XGBoost"", ""node_params"": {""booster"": ""gbtree"", ""learning_rate"": 0.3, ""gamma"": 0, ""max_depth"": 6, ""min_child_widget"": 1, ""max_delta_step"": 0, ""subsample"": 1, ""sampling_method"": ""uniform"", ""lambda"": 1, ""alpha"": 0, ""tree_method"": ""auto"", ""scale_pos_weight"": 1, ""updater"": ""grow_colmaker"", ""process_type"": ""default"", ""grow_policy"": ""depthwise""}, ""matched"": true}, {""node_id"": ""2580"", ""widget_name"": ""Test & Score"", ""node_name"": ""模型评估"", ""node_params"": {}, ""matched"": true}]}","{""dependency_requirements"": [{""edge_id"": ""2119"", ""source_node_id"": ""2577"", ""target_node_id"": ""2578""}, {""edge_id"": ""2120"", ""source_node_id"": ""2578"", ""target_node_id"": ""2579""}, {""edge_id"": ""2121"", ""source_node_id"": ""2578"", ""target_node_id"": ""2580""}, {""edge_id"": ""2123"", ""source_node_id"": ""2579"", ""target_node_id"": ""2580""}], ""step_requirements"": [{""node_id"": ""2577"", ""algorithm_step_name"": ""Tabular Dataset Loading"", ""node_name"": ""肾结石指标训练数据"", ""node_params"": {""table_name"": ""kidney_stone_train"", ""target_column"": ""target""}, ""contrast_level"": 2, ""node_type"": ""io""}, {""node_id"": ""2578"", ""algorithm_step_name"": ""Dataset Division"", ""node_name"": ""数据划分"", ""node_params"": {}, ""contrast_level"": 1, ""node_type"": ""preprocess""}, {""node_id"": ""2579"", ""algorithm_step_name"": ""LightGBM"", ""node_name"": ""LightGBM分类器"", ""node_params"": {}, ""contrast_level"": 0, ""node_type"": ""model""}, {""node_id"": ""2580"", ""algorithm_step_name"": ""Model Evaluate"", ""node_name"": ""模型评估"", ""node_params"": {}, ""contrast_level"": 2, ""node_type"": ""evaluate""}]}",0.6667
你的目标是帮助我的酒店更好地预判客户是否会取消预订。你首先要加载酒店预定的训练数据和测试数据，用训练数据训练一个LightGBM模型，然后用LightGBM模型对酒店预定的测试数据进行预测，最后将预测结果保存。,0.7143,14130,369,0,0,0,0,0,"{""edges"": [{""edge_id"": ""20419"", ""source_node_id"": ""26678"", ""target_node_id"": ""2586""}, {""edge_id"": ""20420"", ""source_node_id"": ""26679"", ""target_node_id"": ""2587""}, {""edge_id"": ""20421"", ""source_node_id"": ""2586"", ""target_node_id"": ""2587""}, {""edge_id"": ""20422"", ""source_node_id"": ""2587"", ""target_node_id"": ""2588""}], ""nodes"": [{""node_id"": ""26678"", ""widget_name"": ""File"", ""node_name"": ""加载训练数据"", ""node_params"": {""type"": ""sample"", ""filename"": ""hotel_bookings_train.csv""}, ""matched"": false}, {""node_id"": ""26679"", ""widget_name"": ""File"", ""node_name"": ""加载测试数据"", ""node_params"": {""type"": ""sample"", ""filename"": ""hotel_bookings_test.csv""}, ""matched"": false}, {""node_id"": ""2586"", ""widget_name"": ""LightGBM"", ""node_name"": ""LightGBM模型"", ""node_params"": {""boosting_type"": ""gbdt"", ""n_estimators"": 10, ""learning_rate"": 0.1, ""sampling_rate"": 0.1, ""max_depth_check"": false, ""max_depth"": 3, ""num_leaves_check"": false, ""num_leaves"": 31}, ""matched"": true}, {""node_id"": ""2587"", ""widget_name"": ""Predictions"", ""node_name"": ""预测"", ""node_params"": {""output_attrs"": true, ""output_predictions"": true, ""output_probabilities"": true}, ""matched"": true}, {""node_id"": ""2588"", ""widget_name"": ""Save Data"", ""node_name"": ""保存预测结果"", ""node_params"": {}, ""matched"": true}]}","{""dependency_requirements"": [{""edge_id"": ""2129"", ""source_node_id"": ""2586"", ""target_node_id"": ""2587""}, {""edge_id"": ""2130"", ""source_node_id"": ""2587"", ""target_node_id"": ""2588""}, {""edge_id"": ""2131"", ""source_node_id"": ""2583"", ""target_node_id"": ""2589""}, {""edge_id"": ""2133"", ""source_node_id"": ""2582"", ""target_node_id"": ""2586""}], ""step_requirements"": [{""node_id"": ""2582"", ""algorithm_step_name"": ""Tabular Dataset Loading"", ""node_name"": ""酒店预定训练数据"", ""node_params"": {""table_name"": ""reservation_cancellation_train"", ""target_column"": ""booking_status""}, ""contrast_level"": 2, ""node_type"": ""io""}, {""node_id"": ""2583"", ""algorithm_step_name"": ""Tabular Dataset Loading"", ""node_name"": ""酒店预定测试数据"", ""node_params"": {""table_name"": ""reservation_cancellation_test"", ""target_column"": ""booking_status""}, ""contrast_level"": 2, ""node_type"": ""io""}, {""node_id"": ""2586"", ""algorithm_step_name"": ""LightGBM"", ""node_name"": ""LightGBM模型"", ""node_params"": {}, ""contrast_level"": 1, ""node_type"": ""model""}, {""node_id"": ""2587"", ""algorithm_step_name"": ""Test Dataset Predictions"", ""node_name"": ""预测"", ""node_params"": {""output_attrs"": true, ""output_predictions"": true, ""output_probabilities"": true}, ""contrast_level"": 2, ""node_type"": ""predict""}, {""node_id"": ""2588"", ""algorithm_step_name"": ""Save Data"", ""node_name"": ""保存预测结果"", ""node_params"": {}, ""contrast_level"": 2, ""node_type"": ""io""}]}",0.6
你的目标是通过与肥胖相关的各种因素，如饮食、生活方式等数据，训练一个模型来预测个体的肥胖风险等级。特征工程处理时，我需要你进行特征构建和特征选择。,0.8333,14516,720,0,0,0,0,0,"{""edges"": [{""edge_id"": ""20423"", ""source_node_id"": ""2594"", ""target_node_id"": ""2597""}, {""edge_id"": ""20424"", ""source_node_id"": ""2597"", ""target_node_id"": ""2598""}], ""nodes"": [{""node_id"": ""2594"", ""widget_name"": ""SQL Table"", ""node_name"": ""肥胖数据加载"", ""node_params"": {""table_name"": ""obesity_cvd_risk_train"", ""target_column"": ""NObeyesdad""}, ""matched"": true}, {""node_id"": ""2597"", ""widget_name"": ""Feature Constructor"", ""node_name"": ""特征构建"", ""node_params"": {""expressions"": [{""key"": 0, ""name"": ""Diet_Exercise_Ratio"", ""expression"": ""Diet / Exercise"", ""type"": 2, ""image"": ""N"", ""categories"": ""A, B""}]}, ""matched"": true}, {""node_id"": ""2598"", ""widget_name"": ""Select Best N Attributes"", ""node_name"": ""特征选择"", ""node_params"": {""n"": 5}, ""matched"": true}]}","{""dependency_requirements"": [{""edge_id"": ""2139"", ""source_node_id"": ""2594"", ""target_node_id"": ""2597""}, {""edge_id"": ""2140"", ""source_node_id"": ""2597"", ""target_node_id"": ""2598""}, {""edge_id"": ""2141"", ""source_node_id"": ""2598"", ""target_node_id"": ""2599""}], ""step_requirements"": [{""node_id"": ""2594"", ""algorithm_step_name"": ""Tabular Dataset Loading"", ""node_name"": ""肥胖风险训练数据"", ""node_params"": {""table_name"": ""obesity_cvd_risk_train"", ""target_column"": ""NObeyesdad""}, ""contrast_level"": 2, ""node_type"": ""io""}, {""node_id"": ""2597"", ""algorithm_step_name"": ""Feature Construction"", ""node_name"": ""特征构建处理"", ""node_params"": {}, ""contrast_level"": 1, ""node_type"": ""feature engineering""}, {""node_id"": ""2598"", ""algorithm_step_name"": ""Feature Selection"", ""node_name"": ""自动特征选择处理"", ""node_params"": {}, ""contrast_level"": 1, ""node_type"": ""feature engineering""}, {""node_id"": ""2599"", ""algorithm_step_name"": ""XGBoost"", ""node_name"": ""XGBoost分类器"", ""node_params"": {}, ""contrast_level"": 0, ""node_type"": ""model""}]}",0.8571
你的目标是构建一个机器学习模型，用于预测肝硬化患者的生存状态。我需要你在处理完数据集之后将数据集划分为训练集和验证集，以便最后用划分的训练数据对模型进行训练，用验证数据对模型进行评估。,0.8571,13583,446,0,0,0,0,0,"{""edges"": [{""edge_id"": ""20425"", ""source_node_id"": ""26686"", ""target_node_id"": ""26687""}, {""edge_id"": ""20426"", ""source_node_id"": ""26687"", ""target_node_id"": ""2610""}, {""edge_id"": ""20427"", ""source_node_id"": ""2610"", ""target_node_id"": ""2611""}, {""edge_id"": ""20428"", ""source_node_id"": ""2610"", ""target_node_id"": ""2612""}, {""edge_id"": ""20430"", ""source_node_id"": ""2611"", ""target_node_id"": ""2612""}], ""nodes"": [{""node_id"": ""26686"", ""widget_name"": ""File"", ""node_name"": ""文件加载"", ""node_params"": {""type"": ""sample"", ""filename"": ""heart_disease.csv""}, ""matched"": false}, {""node_id"": ""26687"", ""widget_name"": ""Impute"", ""node_name"": ""缺失值处理"", ""node_params"": {""method"": 2}, ""matched"": false}, {""node_id"": ""2610"", ""widget_name"": ""Data Sampler"", ""node_name"": ""数据划分"", ""node_params"": {""sampling_type"": 0, ""percentage"": 20, ""n_samples"": 15, ""replacement"": false, ""n_folds"": 10, ""selected_folds"": 1, ""replicable"": false, ""stratified"": false}, ""matched"": true}, {""node_id"": ""2611"", ""widget_name"": ""XGBoost"", ""node_name"": ""XGBoost模型"", ""node_params"": {""booster"": ""gbtree"", ""learning_rate"": 0.3, ""gamma"": 0, ""max_depth"": 6, ""min_child_widget"": 1, ""max_delta_step"": 0, ""subsample"": 1, ""sampling_method"": ""uniform"", ""lambda"": 1, ""alpha"": 0, ""tree_method"": ""auto"", ""scale_pos_weight"": 1, ""updater"": ""grow_colmaker"", ""process_type"": ""default"", ""grow_policy"": ""depthwise""}, ""matched"": true}, {""node_id"": ""2612"", ""widget_name"": ""Test & Score"", ""node_name"": ""模型评估"", ""node_params"": {}, ""matched"": true}]}","{""dependency_requirements"": [{""edge_id"": ""2148"", ""source_node_id"": ""2607"", ""target_node_id"": ""2610""}, {""edge_id"": ""2152"", ""source_node_id"": ""2610"", ""target_node_id"": ""2611""}, {""edge_id"": ""2152"", ""source_node_id"": ""2610"", ""target_node_id"": ""2612""}, {""edge_id"": ""2154"", ""source_node_id"": ""2611"", ""target_node_id"": ""2612""}], ""step_requirements"": [{""node_id"": ""2607"", ""algorithm_step_name"": ""Tabular Dataset Loading"", ""node_name"": ""肝硬化患者生存状态训练数据"", ""node_params"": {""table_name"": ""cirrhosis_patient_train"", ""target_column"": ""Status""}, ""contrast_level"": 2, ""node_type"": ""io""}, {""node_id"": ""2610"", ""algorithm_step_name"": ""Dataset Division"", ""node_name"": ""数据划分"", ""node_params"": {}, ""contrast_level"": 1, ""node_type"": ""preprocess""}, {""node_id"": ""2611"", ""algorithm_step_name"": ""XGBoost"", ""node_name"": ""XGBoost分类器"", ""node_params"": {}, ""contrast_level"": 0, ""node_type"": ""model""}, {""node_id"": ""2612"", ""algorithm_step_name"": ""Model Evaluate"", ""node_name"": ""评估"", ""node_params"": {}, ""contrast_level"": 2, ""node_type"": ""evaluate""}]}",0.6667
根据马匹健康状况的各项指标检测数据，预测马匹的健康状况。我需要你使用训练数据集训练模型，然后用模型预测测试数据，最后将预测结果保存。,1.0,15535,1310,0,0,0,0,0,"{""edges"": [{""edge_id"": ""20431"", ""source_node_id"": ""2635"", ""target_node_id"": ""26693""}, {""edge_id"": ""20432"", ""source_node_id"": ""2636"", ""target_node_id"": ""26694""}, {""edge_id"": ""20433"", ""source_node_id"": ""26693"", ""target_node_id"": ""26695""}, {""edge_id"": ""20434"", ""source_node_id"": ""26694"", ""target_node_id"": ""26696""}, {""edge_id"": ""20435"", ""source_node_id"": ""26695"", ""target_node_id"": ""2642""}, {""edge_id"": ""20436"", ""source_node_id"": ""26696"", ""target_node_id"": ""2643""}, {""edge_id"": ""20437"", ""source_node_id"": ""2642"", ""target_node_id"": ""2643""}, {""edge_id"": ""20438"", ""source_node_id"": ""2643"", ""target_node_id"": ""2644""}], ""nodes"": [{""node_id"": ""2635"", ""widget_name"": ""SQL Table"", ""node_name"": ""马匹健康状况训练数据"", ""node_params"": {""table_name"": ""horse_health_outcomes_train"", ""target_column"": ""outcome""}, ""matched"": true}, {""node_id"": ""2636"", ""widget_name"": ""SQL Table"", ""node_name"": ""马匹健康状况测试数据"", ""node_params"": {""table_name"": ""horse_health_outcomes_test"", ""target_column"": ""outcome""}, ""matched"": true}, {""node_id"": ""26693"", ""widget_name"": ""Impute"", ""node_name"": ""训练数据缺失值处理"", ""node_params"": {""method"": 1}, ""matched"": false}, {""node_id"": ""26694"", ""widget_name"": ""Impute"", ""node_name"": ""测试数据缺失值处理"", ""node_params"": {""method"": 1}, ""matched"": false}, {""node_id"": ""26695"", ""widget_name"": ""One Hot Encoder"", ""node_name"": ""训练数据独热编码"", ""node_params"": {""encode_vars"": []}, ""matched"": false}, {""node_id"": ""26696"", ""widget_name"": ""One Hot Encoder"", ""node_name"": ""测试数据独热编码"", ""node_params"": {""encode_vars"": []}, ""matched"": false}, {""node_id"": ""2642"", ""widget_name"": ""Random Forest"", ""node_name"": ""随机森林模型"", ""node_params"": {""n_estimators"": 10, ""use_max_features"": false, ""max_features"": ""auto"", ""use_random_state"": false, ""use_max_depth"": false, ""max_depth"": 3, ""use_min_samples_split"": true, ""min_samples_split"": 2}, ""matched"": true}, {""node_id"": ""2643"", ""widget_name"": ""Predictions"", ""node_name"": ""预测"", ""node_params"": {""output_attrs"": true, ""output_predictions"": true, ""output_probabilities"": true}, ""matched"": true}, {""node_id"": ""2644"", ""widget_name"": ""Save Data"", ""node_name"": ""保存预测结果"", ""node_params"": {}, ""matched"": true}]}","{""dependency_requirements"": [{""edge_id"": ""2178"", ""source_node_id"": ""2635"", ""target_node_id"": ""2642""}, {""edge_id"": ""2179"", ""source_node_id"": ""2636"", ""target_node_id"": ""2643""}, {""edge_id"": ""2185"", ""source_node_id"": ""2642"", ""target_node_id"": ""2643""}, {""edge_id"": ""2186"", ""source_node_id"": ""2643"", ""target_node_id"": ""2644""}], ""step_requirements"": [{""node_id"": ""2635"", ""algorithm_step_name"": ""Tabular Dataset Loading"", ""node_name"": ""马匹健康状况训练数据"", ""node_params"": {""table_name"": ""horse_health_outcomes_train"", ""target_column"": ""outcome""}, ""contrast_level"": 2, ""node_type"": ""io""}, {""node_id"": ""2636"", ""algorithm_step_name"": ""Tabular Dataset Loading"", ""node_name"": ""马匹健康状况测试数据"", ""node_params"": {""table_name"": ""horse_health_outcomes_test"", ""target_column"": ""outcome""}, ""contrast_level"": 2, ""node_type"": ""io""}, {""node_id"": ""2642"", ""algorithm_step_name"": ""Decision Tree Model"", ""node_name"": ""健康状态预测模型"", ""node_params"": {}, ""contrast_level"": 0, ""node_type"": ""model""}, {""node_id"": ""2643"", ""algorithm_step_name"": ""Test Dataset Predictions"", ""node_name"": ""健康状况预测"", ""node_params"": {""output_attrs"": true, ""output_predictions"": true, ""output_probabilities"": true}, ""contrast_level"": 2, ""node_type"": ""predict""}, {""node_id"": ""2644"", ""algorithm_step_name"": ""Save Data"", ""node_name"": ""保存预测结果到文件"", ""node_params"": {}, ""contrast_level"": 1, ""node_type"": ""io""}]}",0.7143
我需要你使用怪物的相关指标数据，构建一个能够区分怪物类型的机器学习模型。然后，用这个模型对测试数据进行预测，最后把预测结果保存下来。,0.7143,13915,373,0,0,0,0,0,"{""edges"": [{""edge_id"": ""20439"", ""source_node_id"": ""26700"", ""target_node_id"": ""26701""}, {""edge_id"": ""20440"", ""source_node_id"": ""26701"", ""target_node_id"": ""2690""}, {""edge_id"": ""20441"", ""source_node_id"": ""26701"", ""target_node_id"": ""2691""}, {""edge_id"": ""20442"", ""source_node_id"": ""2690"", ""target_node_id"": ""2691""}, {""edge_id"": ""20443"", ""source_node_id"": ""2691"", ""target_node_id"": ""2692""}], ""nodes"": [{""node_id"": ""26700"", ""widget_name"": ""File"", ""node_name"": ""文件加载"", ""node_params"": {""type"": ""sample"", ""filename"": ""monsters.csv""}, ""matched"": false}, {""node_id"": ""26701"", ""widget_name"": ""Data Sampler"", ""node_name"": ""数据划分"", ""node_params"": {""sampling_type"": 0, ""percentage"": 20, ""n_samples"": 15, ""replacement"": false, ""n_folds"": 10, ""selected_folds"": 1, ""replicable"": false, ""stratified"": false}, ""matched"": false}, {""node_id"": ""2690"", ""widget_name"": ""Random Forest"", ""node_name"": ""随机森林模型"", ""node_params"": {""n_estimators"": 10, ""use_max_features"": false, ""max_features"": ""auto"", ""use_random_state"": false, ""use_max_depth"": false, ""max_depth"": 3, ""use_min_samples_split"": true, ""min_samples_split"": 2}, ""matched"": true}, {""node_id"": ""2691"", ""widget_name"": ""Predictions"", ""node_name"": ""预测"", ""node_params"": {""output_attrs"": true, ""output_predictions"": true, ""output_probabilities"": true}, ""matched"": true}, {""node_id"": ""2692"", ""widget_name"": ""Save Data"", ""node_name"": ""保存数据"", ""node_params"": {}, ""matched"": true}]}","{""dependency_requirements"": [{""edge_id"": ""2210"", ""source_node_id"": ""2685"", ""target_node_id"": ""2690""}, {""edge_id"": ""2211"", ""source_node_id"": ""2686"", ""target_node_id"": ""2691""}, {""edge_id"": ""2212"", ""source_node_id"": ""2690"", ""target_node_id"": ""2691""}, {""edge_id"": ""2214"", ""source_node_id"": ""2691"", ""target_node_id"": ""2692""}], ""step_requirements"": [{""node_id"": ""2685"", ""algorithm_step_name"": ""Tabular Dataset Loading"", ""node_name"": ""怪物类型训练数据"", ""node_params"": {""table_name"": ""monster_train"", ""target_column"": ""type""}, ""contrast_level"": 2, ""node_type"": ""io""}, {""node_id"": ""2686"", ""algorithm_step_name"": ""Tabular Dataset Loading"", ""node_name"": ""怪物类型测试数据"", ""node_params"": {""table_name"": ""monster_test"", ""target_column"": ""type""}, ""contrast_level"": 2, ""node_type"": ""io""}, {""node_id"": ""2690"", ""algorithm_step_name"": ""Decision Tree Model"", ""node_name"": ""怪物类型决策树模型"", ""node_params"": {}, ""contrast_level"": 0, ""node_type"": ""model""}, {""node_id"": ""2691"", ""algorithm_step_name"": ""Test Dataset Predictions"", ""node_name"": ""预测"", ""node_params"": {""output_attrs"": true, ""output_predictions"": true, ""output_probabilities"": true}, ""contrast_level"": 2, ""node_type"": ""predict""}, {""node_id"": ""2692"", ""algorithm_step_name"": ""Save Data"", ""node_name"": ""保存预测结果"", ""node_params"": {}, ""contrast_level"": 2, ""node_type"": ""io""}]}",0.6
你的目标是根据旧金山所有社区近12年的犯罪训练数据和测试数据，首先使用训练数据训练一个模型，该模型能够预测犯罪类别。然后，用这个模型对测试数据集进行预测，最后把预测结果保存下来。,0.7143,13931,639,0,0,0,0,0,"{""edges"": [{""edge_id"": ""20444"", ""source_node_id"": ""26705"", ""target_node_id"": ""26707""}, {""edge_id"": ""20445"", ""source_node_id"": ""26707"", ""target_node_id"": ""26709""}, {""edge_id"": ""20446"", ""source_node_id"": ""26709"", ""target_node_id"": ""2700""}, {""edge_id"": ""20447"", ""source_node_id"": ""26706"", ""target_node_id"": ""26708""}, {""edge_id"": ""20448"", ""source_node_id"": ""26708"", ""target_node_id"": ""26710""}, {""edge_id"": ""20449"", ""source_node_id"": ""26710"", ""target_node_id"": ""2698""}, {""edge_id"": ""20450"", ""source_node_id"": ""2700"", ""target_node_id"": ""2698""}, {""edge_id"": ""20451"", ""source_node_id"": ""2698"", ""target_node_id"": ""2699""}], ""nodes"": [{""node_id"": ""26705"", ""widget_name"": ""File"", ""node_name"": ""训练数据"", ""node_params"": {""type"": ""sample"", ""filename"": ""sf_crime_train.csv""}, ""matched"": false}, {""node_id"": ""26706"", ""widget_name"": ""File"", ""node_name"": ""测试数据"", ""node_params"": {""type"": ""sample"", ""filename"": ""sf_crime_test.csv""}, ""matched"": false}, {""node_id"": ""26707"", ""widget_name"": ""Impute"", ""node_name"": ""训练数据缺失值处理"", ""node_params"": {""method"": 1}, ""matched"": false}, {""node_id"": ""26708"", ""widget_name"": ""Impute"", ""node_name"": ""测试数据缺失值处理"", ""node_params"": {""method"": 1}, ""matched"": false}, {""node_id"": ""26709"", ""widget_name"": ""One Hot Encoder"", ""node_name"": ""训练数据独热编码"", ""node_params"": {""encode_vars"": [""Category"", ""DayOfWeek"", ""PdDistrict"", ""Resolution"", ""Address""]}, ""matched"": false}, {""node_id"": ""26710"", ""widget_name"": ""One Hot Encoder"", ""node_name"": ""测试数据独热编码"", ""node_params"": {""encode_vars"": [""DayOfWeek"", ""PdDistrict"", ""Address""]}, ""matched"": false}, {""node_id"": ""2700"", ""widget_name"": ""XGBoost"", ""node_name"": ""XGBoost模型"", ""node_params"": {""booster"": ""gbtree"", ""learning_rate"": 0.3, ""gamma"": 0, ""max_depth"": 6, ""min_child_widget"": 1, ""max_delta_step"": 0, ""subsample"": 1, ""sampling_method"": ""uniform"", ""lambda"": 1, ""alpha"": 0, ""tree_method"": ""auto"", ""scale_pos_weight"": 1, ""updater"": ""grow_colmaker"", ""process_type"": ""default"", ""grow_policy"": ""depthwise""}, ""matched"": true}, {""node_id"": ""2698"", ""widget_name"": ""Predictions"", ""node_name"": ""预测"", ""node_params"": {""output_attrs"": true, ""output_predictions"": true, ""output_probabilities"": true}, ""matched"": true}, {""node_id"": ""2699"", ""widget_name"": ""Save Data"", ""node_name"": ""保存预测结果"", ""node_params"": {}, ""matched"": true}]}","{""dependency_requirements"": [{""edge_id"": ""2216"", ""source_node_id"": ""2693"", ""target_node_id"": ""2700""}, {""edge_id"": ""2217"", ""source_node_id"": ""2694"", ""target_node_id"": ""2698""}, {""edge_id"": ""2219"", ""source_node_id"": ""2700"", ""target_node_id"": ""2698""}, {""edge_id"": ""2221"", ""source_node_id"": ""2698"", ""target_node_id"": ""2699""}], ""step_requirements"": [{""node_id"": ""2693"", ""algorithm_step_name"": ""Tabular Dataset Loading"", ""node_name"": ""旧金山社区犯罪报告训练数据"", ""node_params"": {""table_name"": ""crime_category_train"", ""target_column"": ""category""}, ""contrast_level"": 2, ""node_type"": ""io""}, {""node_id"": ""2694"", ""algorithm_step_name"": ""Tabular Dataset Loading"", ""node_name"": ""旧金山社区犯罪报告测试数据"", ""node_params"": {""table_name"": ""crime_category_test"", ""target_column"": ""category""}, ""contrast_level"": 2, ""node_type"": ""io""}, {""node_id"": ""2700"", ""algorithm_step_name"": ""XGBoost"", ""node_name"": ""XGBoost"", ""node_params"": {}, ""contrast_level"": 0, ""node_type"": ""model""}, {""node_id"": ""2698"", ""algorithm_step_name"": ""Test Dataset Predictions"", ""node_name"": ""犯罪类别预测"", ""node_params"": {""output_attrs"": true, ""output_predictions"": true, ""output_probabilities"": true}, ""contrast_level"": 2, ""node_type"": ""predict""}, {""node_id"": ""2699"", ""algorithm_step_name"": ""Save Data"", ""node_name"": ""保存犯罪类别预测结果"", ""node_params"": {}, ""contrast_level"": 2, ""node_type"": ""io""}]}",0.4286
请你构建一个模型，用于根据鲍鱼的各种物理测量数据来预测它的年龄。进行独热编码之后对数据集进行划分，最后用划分的数据对训练好的模型进行评估。,0.8889,13918,478,0,0,0,0,0,"{""edges"": [{""edge_id"": ""20452"", ""source_node_id"": ""26714"", ""target_node_id"": ""2748""}, {""edge_id"": ""20453"", ""source_node_id"": ""2748"", ""target_node_id"": ""2749""}, {""edge_id"": ""20454"", ""source_node_id"": ""2749"", ""target_node_id"": ""2750""}, {""edge_id"": ""20455"", ""source_node_id"": ""2749"", ""target_node_id"": ""2751""}, {""edge_id"": ""20457"", ""source_node_id"": ""2750"", ""target_node_id"": ""2751""}], ""nodes"": [{""node_id"": ""26714"", ""widget_name"": ""File"", ""node_name"": ""文件加载"", ""node_params"": {""type"": ""sample"", ""filename"": ""abalone.csv""}, ""matched"": false}, {""node_id"": ""2748"", ""widget_name"": ""One Hot Encoder"", ""node_name"": ""独热编码"", ""node_params"": {""encode_vars"": [""Sex""]}, ""matched"": true}, {""node_id"": ""2749"", ""widget_name"": ""Data Sampler"", ""node_name"": ""数据划分"", ""node_params"": {""sampling_type"": 0, ""percentage"": 20, ""n_samples"": 15, ""replacement"": false, ""n_folds"": 10, ""selected_folds"": 1, ""replicable"": false, ""stratified"": false}, ""matched"": true}, {""node_id"": ""2750"", ""widget_name"": ""Random Forest"", ""node_name"": ""随机森林模型"", ""node_params"": {""n_estimators"": 10, ""use_max_features"": false, ""max_features"": ""auto"", ""use_random_state"": false, ""use_max_depth"": false, ""max_depth"": 3, ""use_min_samples_split"": true, ""min_samples_split"": 2}, ""matched"": true}, {""node_id"": ""2751"", ""widget_name"": ""Test & Score"", ""node_name"": ""模型评估"", ""node_params"": {}, ""matched"": true}]}","{""dependency_requirements"": [{""edge_id"": ""2266"", ""source_node_id"": ""2747"", ""target_node_id"": ""2748""}, {""edge_id"": ""2267"", ""source_node_id"": ""2748"", ""target_node_id"": ""2749""}, {""edge_id"": ""2268"", ""source_node_id"": ""2749"", ""target_node_id"": ""2750""}, {""edge_id"": ""2269"", ""source_node_id"": ""2749"", ""target_node_id"": ""2751""}, {""edge_id"": ""2271"", ""source_node_id"": ""2750"", ""target_node_id"": ""2751""}], ""step_requirements"": [{""node_id"": ""2747"", ""algorithm_step_name"": ""Tabular Dataset Loading"", ""node_name"": ""鲍鱼物理测量训练数据"", ""node_params"": {""table_name"": ""abalone_train"", ""target_column"": ""rings""}, ""contrast_level"": 2, ""node_type"": ""io""}, {""node_id"": ""2748"", ""algorithm_step_name"": ""One Hot Encoding"", ""node_name"": ""独热编码处理"", ""node_params"": {}, ""contrast_level"": 1, ""node_type"": ""feature engineering""}, {""node_id"": ""2749"", ""algorithm_step_name"": ""Dataset Division"", ""node_name"": ""数据划分"", ""node_params"": {}, ""contrast_level"": 1, ""node_type"": ""preprocess""}, {""node_id"": ""2750"", ""algorithm_step_name"": ""XGBoost"", ""node_name"": ""XGBoost回归器"", ""node_params"": {}, ""contrast_level"": 0, ""node_type"": ""model""}, {""node_id"": ""2751"", ""algorithm_step_name"": ""Model Evaluate"", ""node_name"": ""模型评估"", ""node_params"": {}, ""contrast_level"": 2, ""node_type"": ""evaluate""}]}",0.8
您的任务是训练一个神经网络模型，用于根据矿物莫氏硬度的相关特性，预测矿物的莫氏硬度数值。我希望你的激活函数使用双曲正切函数，优化方法使用随机梯度下降。,0.5,13679,135,0,0,0,0,0,"{""edges"": [{""edge_id"": ""20458"", ""source_node_id"": ""26720"", ""target_node_id"": ""2774""}], ""nodes"": [{""node_id"": ""2774"", ""widget_name"": ""Neural Network"", ""node_name"": ""神经网络模型"", ""node_params"": {""hidden_layers_input"": ""100,"", ""activation"": ""2"", ""solver"": ""1"", ""alpha"": 0.0001, ""maxItera"": 200, ""replicable"": true}, ""matched"": true}, {""node_id"": ""26720"", ""widget_name"": ""File"", ""node_name"": ""文件加载节点"", ""node_params"": {""type"": ""sample"", ""filename"": ""mineral_hardness.csv""}, ""matched"": false}]}","{""dependency_requirements"": [{""edge_id"": ""2303"", ""source_node_id"": ""2772"", ""target_node_id"": ""2774""}], ""step_requirements"": [{""node_id"": ""2772"", ""algorithm_step_name"": ""Tabular Dataset Loading"", ""node_name"": ""矿物硬度训练数据"", ""node_params"": {""table_name"": ""mohs_hardness_train"", ""target_column"": ""Hardness""}, ""contrast_level"": 2, ""node_type"": ""io""}, {""node_id"": ""2774"", ""algorithm_step_name"": ""Neural Network"", ""node_name"": ""神经网络模型"", ""node_params"": {""hidden_layers_input"": ""100,"", ""activation"": ""2"", ""solver"": ""1"", ""alpha"": 0.0001, ""maxItera"": 200, ""replicable"": true}, ""contrast_level"": 2, ""node_type"": ""model""}]}",0.5
你的任务是使用螃蟹年龄的训练数据集去建立一个随机森林模型来预测螃蟹的年龄。然后，用这个模型对螃蟹年龄的测试数据集进行预测，最后把预测结果保存下来。数据集需要进行独热编码,1.0,14819,1243,0,0,0,0,0,"{""edges"": [{""edge_id"": ""20459"", ""source_node_id"": ""2710"", ""target_node_id"": ""26723""}, {""edge_id"": ""20460"", ""source_node_id"": ""2711"", ""target_node_id"": ""26724""}, {""edge_id"": ""20461"", ""source_node_id"": ""26723"", ""target_node_id"": ""2712""}, {""edge_id"": ""20462"", ""source_node_id"": ""26724"", ""target_node_id"": ""2713""}, {""edge_id"": ""20463"", ""source_node_id"": ""2712"", ""target_node_id"": ""2714""}, {""edge_id"": ""20464"", ""source_node_id"": ""2713"", ""target_node_id"": ""2715""}, {""edge_id"": ""20465"", ""source_node_id"": ""2714"", ""target_node_id"": ""2715""}, {""edge_id"": ""20466"", ""source_node_id"": ""2715"", ""target_node_id"": ""2716""}], ""nodes"": [{""node_id"": ""2710"", ""widget_name"": ""SQL Table"", ""node_name"": ""螃蟹年龄训练数据"", ""node_params"": {""table_name"": ""crab_age_train"", ""target_column"": ""Age""}, ""matched"": true}, {""node_id"": ""2711"", ""widget_name"": ""SQL Table"", ""node_name"": ""螃蟹年龄测试数据"", ""node_params"": {""table_name"": ""crab_age_test"", ""target_column"": ""Age""}, ""matched"": true}, {""node_id"": ""26723"", ""widget_name"": ""Impute"", ""node_name"": ""训练数据缺失值处理"", ""node_params"": {""method"": 1}, ""matched"": false}, {""node_id"": ""26724"", ""widget_name"": ""Impute"", ""node_name"": ""测试数据缺失值处理"", ""node_params"": {""method"": 1}, ""matched"": false}, {""node_id"": ""2712"", ""widget_name"": ""One Hot Encoder"", ""node_name"": ""训练数据独热编码"", ""node_params"": {""encode_vars"": [""sex"", ""species""]}, ""matched"": true}, {""node_id"": ""2713"", ""widget_name"": ""One Hot Encoder"", ""node_name"": ""测试数据独热编码"", ""node_params"": {""encode_vars"": [""sex"", ""species""]}, ""matched"": true}, {""node_id"": ""2714"", ""widget_name"": ""Random Forest"", ""node_name"": ""随机森林模型"", ""node_params"": {""n_estimators"": 10, ""use_max_features"": false, ""max_features"": ""auto"", ""use_random_state"": false, ""use_max_depth"": false, ""max_depth"": 3, ""use_min_samples_split"": true, ""min_samples_split"": 2}, ""matched"": true}, {""node_id"": ""2715"", ""widget_name"": ""Predictions"", ""node_name"": ""预测"", ""node_params"": {""output_attrs"": true, ""output_predictions"": true, ""output_probabilities"": false}, ""matched"": true}, {""node_id"": ""2716"", ""widget_name"": ""Save Data"", ""node_name"": ""保存预测结果"", ""node_params"": {}, ""matched"": true}]}","{""dependency_requirements"": [{""edge_id"": ""2233"", ""source_node_id"": ""2710"", ""target_node_id"": ""2712""}, {""edge_id"": ""2234"", ""source_node_id"": ""2711"", ""target_node_id"": ""2713""}, {""edge_id"": ""2235"", ""source_node_id"": ""2712"", ""target_node_id"": ""2714""}, {""edge_id"": ""2236"", ""source_node_id"": ""2713"", ""target_node_id"": ""2715""}, {""edge_id"": ""2237"", ""source_node_id"": ""2714"", ""target_node_id"": ""2715""}, {""edge_id"": ""2238"", ""source_node_id"": ""2715"", ""target_node_id"": ""2716""}], ""step_requirements"": [{""node_id"": ""2710"", ""algorithm_step_name"": ""Tabular Dataset Loading"", ""node_name"": ""螃蟹年龄训练数据"", ""node_params"": {""table_name"": ""crab_age_train"", ""target_column"": ""Age""}, ""contrast_level"": 2, ""node_type"": ""io""}, {""node_id"": ""2711"", ""algorithm_step_name"": ""Tabular Dataset Loading"", ""node_name"": ""螃蟹年龄测试数据"", ""node_params"": {""table_name"": ""crab_age_test"", ""target_column"": ""Age""}, ""contrast_level"": 2, ""node_type"": ""io""}, {""node_id"": ""2712"", ""algorithm_step_name"": ""One Hot Encoding"", ""node_name"": ""训练数据独热编码"", ""node_params"": {}, ""contrast_level"": 1, ""node_type"": ""feature engineering""}, {""node_id"": ""2713"", ""algorithm_step_name"": ""One Hot Encoding"", ""node_name"": ""测试数据独热编码"", ""node_params"": {}, ""contrast_level"": 1, ""node_type"": ""feature engineering""}, {""node_id"": ""2714"", ""algorithm_step_name"": ""Random Forest"", ""node_name"": ""随机森林模型"", ""node_params"": {}, ""contrast_level"": 1, ""node_type"": ""model""}, {""node_id"": ""2715"", ""algorithm_step_name"": ""Test Dataset Predictions"", ""node_name"": ""预测结果"", ""node_params"": {""output_attrs"": true, ""output_predictions"": true, ""output_probabilities"": false}, ""contrast_level"": 2, ""node_type"": ""predict""}, {""node_id"": ""2716"", ""algorithm_step_name"": ""Save Data"", ""node_name"": ""保存预测结果"", ""node_params"": {}, ""contrast_level"": 2, ""node_type"": ""io""}]}",0.875
您的任务是构建一个机器学习模型，帮助我预测野生蓝莓的产量。特征工程的处理方法为：特征构建和特征选择。特征工程处理之后还需要对数据进行抽样处理，最后用抽样的数据对训练好的模型进行评估。,0.9091,14038,496,0,0,0,0,0,"{""edges"": [{""edge_id"": ""20467"", ""source_node_id"": ""26730"", ""target_node_id"": ""2776""}, {""edge_id"": ""20468"", ""source_node_id"": ""2776"", ""target_node_id"": ""2780""}, {""edge_id"": ""20469"", ""source_node_id"": ""2780"", ""target_node_id"": ""2777""}, {""edge_id"": ""20470"", ""source_node_id"": ""2777"", ""target_node_id"": ""2778""}, {""edge_id"": ""20471"", ""source_node_id"": ""2777"", ""target_node_id"": ""2779""}, {""edge_id"": ""20473"", ""source_node_id"": ""2778"", ""target_node_id"": ""2779""}], ""nodes"": [{""node_id"": ""26730"", ""widget_name"": ""File"", ""node_name"": ""加载野生蓝莓数据集"", ""node_params"": {""type"": ""sample"", ""filename"": ""blueberry.csv""}, ""matched"": false}, {""node_id"": ""2776"", ""widget_name"": ""Feature Constructor"", ""node_name"": ""特征构建"", ""node_params"": {""expressions"": [{""key"": 0, ""name"": ""new_feature"", ""expression"": ""feature1 + feature2"", ""type"": 2, ""image"": ""N"", ""categories"": ""A, B""}]}, ""matched"": true}, {""node_id"": ""2780"", ""widget_name"": ""Select Best N Attributes"", ""node_name"": ""特征选择"", ""node_params"": {""n"": 5}, ""matched"": true}, {""node_id"": ""2777"", ""widget_name"": ""Data Sampler"", ""node_name"": ""数据抽样"", ""node_params"": {""sampling_type"": 0, ""percentage"": 20, ""n_samples"": 15, ""replacement"": false, ""n_folds"": 10, ""selected_folds"": 1, ""replicable"": false, ""stratified"": false}, ""matched"": true}, {""node_id"": ""2778"", ""widget_name"": ""XGBoost"", ""node_name"": ""XGBoost模型"", ""node_params"": {""booster"": ""gbtree"", ""learning_rate"": 0.1, ""gamma"": 0, ""max_depth"": 6, ""min_child_widget"": 1, ""max_delta_step"": 0, ""subsample"": 1, ""sampling_method"": ""uniform"", ""lambda"": 1, ""alpha"": 0, ""tree_method"": ""auto"", ""scale_pos_weight"": 1, ""updater"": ""grow_colmaker"", ""process_type"": ""default"", ""grow_policy"": ""depthwise""}, ""matched"": true}, {""node_id"": ""2779"", ""widget_name"": ""Test & Score"", ""node_name"": ""模型评估"", ""node_params"": {}, ""matched"": true}]}","{""dependency_requirements"": [{""edge_id"": ""2304"", ""source_node_id"": ""2775"", ""target_node_id"": ""2776""}, {""edge_id"": ""2305"", ""source_node_id"": ""2780"", ""target_node_id"": ""2777""}, {""edge_id"": ""2306"", ""source_node_id"": ""2777"", ""target_node_id"": ""2778""}, {""edge_id"": ""2307"", ""source_node_id"": ""2777"", ""target_node_id"": ""2779""}, {""edge_id"": ""2309"", ""source_node_id"": ""2778"", ""target_node_id"": ""2779""}, {""edge_id"": ""2310"", ""source_node_id"": ""2776"", ""target_node_id"": ""2780""}], ""step_requirements"": [{""node_id"": ""2775"", ""algorithm_step_name"": ""Tabular Dataset Loading"", ""node_name"": ""野生蓝莓产量训练数据"", ""node_params"": {""table_name"": ""wild_blueberry_yield_train"", ""target_column"": ""yield""}, ""contrast_level"": 2, ""node_type"": ""io""}, {""node_id"": ""2776"", ""algorithm_step_name"": ""Feature Construction"", ""node_name"": ""特征构建"", ""node_params"": {}, ""contrast_level"": 1, ""node_type"": ""feature engineering""}, {""node_id"": ""2777"", ""algorithm_step_name"": ""Dataset Division"", ""node_name"": ""数据划分"", ""node_params"": {}, ""contrast_level"": 1, ""node_type"": ""preprocess""}, {""node_id"": ""2778"", ""algorithm_step_name"": ""XGBoost"", ""node_name"": ""XGBoost回归器"", ""node_params"": {}, ""contrast_level"": 0, ""node_type"": ""model""}, {""node_id"": ""2779"", ""algorithm_step_name"": ""Model Evaluate"", ""node_name"": ""模型评估"", ""node_params"": {}, ""contrast_level"": 2, ""node_type"": ""evaluate""}, {""node_id"": ""2780"", ""algorithm_step_name"": ""Feature Selection"", ""node_name"": ""Select Best N Attributes"", ""node_params"": {}, ""contrast_level"": 1, ""node_type"": ""feature engineering""}]}",0.8333
您的任务是根据媒体宣传成本的训练数据去构建一个机器学习模型，帮助我们预测食品超市的媒体宣传成本。然后，用这个模型对媒体宣传成本的测试数据集进行预测，最后把预测结果保存下来。,0.7143,13636,579,0,0,0,0,0,"{""edges"": [{""edge_id"": ""20474"", ""source_node_id"": ""26736"", ""target_node_id"": ""26738""}, {""edge_id"": ""20475"", ""source_node_id"": ""26737"", ""target_node_id"": ""26739""}, {""edge_id"": ""20476"", ""source_node_id"": ""26738"", ""target_node_id"": ""26740""}, {""edge_id"": ""20477"", ""source_node_id"": ""26739"", ""target_node_id"": ""26741""}, {""edge_id"": ""20478"", ""source_node_id"": ""26740"", ""target_node_id"": ""2745""}, {""edge_id"": ""20479"", ""source_node_id"": ""26741"", ""target_node_id"": ""2743""}, {""edge_id"": ""20480"", ""source_node_id"": ""2745"", ""target_node_id"": ""2743""}, {""edge_id"": ""20481"", ""source_node_id"": ""2743"", ""target_node_id"": ""2744""}], ""nodes"": [{""node_id"": ""26736"", ""widget_name"": ""File"", ""node_name"": ""训练数据加载"", ""node_params"": {""type"": ""sample"", ""filename"": ""marketing_cost_train.csv""}, ""matched"": false}, {""node_id"": ""26737"", ""widget_name"": ""File"", ""node_name"": ""测试数据加载"", ""node_params"": {""type"": ""sample"", ""filename"": ""marketing_cost_test.csv""}, ""matched"": false}, {""node_id"": ""26738"", ""widget_name"": ""Impute"", ""node_name"": ""训练数据缺失值处理"", ""node_params"": {""method"": 1}, ""matched"": false}, {""node_id"": ""26739"", ""widget_name"": ""Impute"", ""node_name"": ""测试数据缺失值处理"", ""node_params"": {""method"": 1}, ""matched"": false}, {""node_id"": ""26740"", ""widget_name"": ""One Hot Encoder"", ""node_name"": ""训练数据独热编码"", ""node_params"": {""encode_vars"": []}, ""matched"": false}, {""node_id"": ""26741"", ""widget_name"": ""One Hot Encoder"", ""node_name"": ""测试数据独热编码"", ""node_params"": {""encode_vars"": []}, ""matched"": false}, {""node_id"": ""2745"", ""widget_name"": ""Linear Regression"", ""node_name"": ""线性回归模型"", ""node_params"": {""regression_type"": ""0""}, ""matched"": true}, {""node_id"": ""2743"", ""widget_name"": ""Predictions"", ""node_name"": ""预测"", ""node_params"": {""output_attrs"": true, ""output_predictions"": true, ""output_probabilities"": false}, ""matched"": true}, {""node_id"": ""2744"", ""widget_name"": ""Save Data"", ""node_name"": ""保存预测结果"", ""node_params"": {}, ""matched"": true}]}","{""dependency_requirements"": [{""edge_id"": ""2261"", ""source_node_id"": ""2741"", ""target_node_id"": ""2743""}, {""edge_id"": ""2262"", ""source_node_id"": ""2740"", ""target_node_id"": ""2745""}, {""edge_id"": ""2263"", ""source_node_id"": ""2745"", ""target_node_id"": ""2743""}, {""edge_id"": ""2264"", ""source_node_id"": ""2743"", ""target_node_id"": ""2744""}], ""step_requirements"": [{""node_id"": ""2740"", ""algorithm_step_name"": ""Tabular Dataset Loading"", ""node_name"": ""食品超市媒体宣传成本训练数据"", ""node_params"": {""table_name"": ""media_campaign_cost_train"", ""target_column"": ""cost""}, ""contrast_level"": 2, ""node_type"": ""io""}, {""node_id"": ""2741"", ""algorithm_step_name"": ""Tabular Dataset Loading"", ""node_name"": ""食品超市媒体宣传成本测试数据"", ""node_params"": {""table_name"": ""media_campaign_cost_test"", ""target_column"": ""cost""}, ""contrast_level"": 2, ""node_type"": ""io""}, {""node_id"": ""2743"", ""algorithm_step_name"": ""Test Dataset Predictions"", ""node_name"": ""预测"", ""node_params"": {""output_attrs"": true, ""output_predictions"": true, ""output_probabilities"": false}, ""contrast_level"": 2, ""node_type"": ""predict""}, {""node_id"": ""2744"", ""algorithm_step_name"": ""Save Data"", ""node_name"": ""保存预测结果"", ""node_params"": {}, ""contrast_level"": 2, ""node_type"": ""io""}, {""node_id"": ""2745"", ""algorithm_step_name"": ""XGBoost"", ""node_name"": ""XGBoost"", ""node_params"": {}, ""contrast_level"": 0, ""node_type"": ""model""}]}",0.4286
