instruction,rcr,input_tokens,output_tokens,times,time_task_decomposition,time_widget_retrieval,time_operation_sequence_generation,time_data_retrieval,workflow,requirements
"Train data: bank_customer_churn_train
test data: bank_customer_churn_test
Use the training data and test data to go through all of the following tasks, taking care not to leave anything out:
1. Drop the columns that will not be interesting to models, such as ""CustomerId"", ""Complain"", and ""Surname"".
2. Use one-hot encoding for ""Geography"" and ""Card Type"".
3. Construct a model using XGBoost to predict categorical target variable ""Exited"".
4. Make predictions on the test set.
5. Save predictions.",0.2222,47894,5218,0,0,0,0,0,"{""edges"": [], ""nodes"": [{""node_id"": ""694"", ""widget_name"": ""SQL Table"", ""node_name"": ""银行客户流失训练数据"", ""node_params"": {""table_name"": ""bank_customer_churn_train"", ""target_column"": ""Exited""}, ""matched"": true}, {""node_id"": ""695"", ""widget_name"": ""SQL Table"", ""node_name"": ""银行客户流失测试数据"", ""node_params"": {""table_name"": ""bank_customer_churn_test"", ""target_column"": ""Exited""}, ""matched"": true}, {""node_id"": ""29231"", ""widget_name"": ""Select Columns"", ""node_name"": ""训练数据列选择"", ""node_params"": {""ignores"": [], ""features"": [], ""targets"": """"}, ""matched"": false}]}","{""dependency_requirements"": [{""edge_id"": ""503"", ""source_node_id"": ""694"", ""target_node_id"": ""696""}, {""edge_id"": ""504"", ""source_node_id"": ""695"", ""target_node_id"": ""697""}, {""edge_id"": ""505"", ""source_node_id"": ""696"", ""target_node_id"": ""698""}, {""edge_id"": ""506"", ""source_node_id"": ""697"", ""target_node_id"": ""699""}, {""edge_id"": ""507"", ""source_node_id"": ""698"", ""target_node_id"": ""700""}, {""edge_id"": ""508"", ""source_node_id"": ""699"", ""target_node_id"": ""701""}, {""edge_id"": ""509"", ""source_node_id"": ""700"", ""target_node_id"": ""701""}, {""edge_id"": ""510"", ""source_node_id"": ""701"", ""target_node_id"": ""702""}], ""step_requirements"": [{""node_id"": ""694"", ""algorithm_step_name"": ""Tabular Dataset Loading"", ""node_name"": ""银行客户流失训练数据"", ""node_params"": {""table_name"": ""bank_customer_churn_train"", ""target_column"": ""Exited""}, ""contrast_level"": 2, ""node_type"": ""io""}, {""node_id"": ""695"", ""algorithm_step_name"": ""Tabular Dataset Loading"", ""node_name"": ""银行客户流失测试数据"", ""node_params"": {""table_name"": ""bank_customer_churn_test"", ""target_column"": ""Exited""}, ""contrast_level"": 2, ""node_type"": ""io""}, {""node_id"": ""696"", ""algorithm_step_name"": ""Select Columns"", ""node_name"": ""选择训练数据列"", ""node_params"": {""ignores"": [], ""features"": [0, 1, 2, 3, 4, 5, 6, 7, 8, 9, 11, 12, 13], ""targets"": [10]}, ""contrast_level"": 2, ""node_type"": ""preprocess""}, {""node_id"": ""697"", ""algorithm_step_name"": ""Select Columns"", ""node_name"": ""选择测试数据列"", ""node_params"": {""ignores"": [], ""features"": [0, 1, 2, 3, 4, 5, 6, 7, 8, 9, 11, 12, 13], ""targets"": [10]}, ""contrast_level"": 2, ""node_type"": ""preprocess""}, {""node_id"": ""698"", ""algorithm_step_name"": ""One Hot Encoding"", ""node_name"": ""训练数据独热编码"", ""node_params"": {""encode_vars"": [""Geography"", ""CardType""]}, ""contrast_level"": 2, ""node_type"": ""feature engineering""}, {""node_id"": ""699"", ""algorithm_step_name"": ""One Hot Encoding"", ""node_name"": ""测试数据独热编码"", ""node_params"": {""encode_vars"": [""Geography"", ""CardType""]}, ""contrast_level"": 2, ""node_type"": ""feature engineering""}, {""node_id"": ""700"", ""algorithm_step_name"": ""XGBoost"", ""node_name"": ""XGBoost"", ""node_params"": {}, ""contrast_level"": 1, ""node_type"": ""model""}, {""node_id"": ""701"", ""algorithm_step_name"": ""Test Dataset Predictions"", ""node_name"": ""预测"", ""node_params"": {""output_probabilities"": true}, ""contrast_level"": 2, ""node_type"": ""predict""}, {""node_id"": ""702"", ""algorithm_step_name"": ""Save Data"", ""node_name"": ""保存预测结果"", ""node_params"": {}, ""contrast_level"": 1, ""node_type"": ""io""}]}"
"Train data: cardiovascular_diseases_risk_prediction_train
test data: cardiovascular_diseases_risk_prediction_test
Use the training data and test data to go through all of the following tasks, taking care not to leave anything out:
1. Drop all rows with missing values from the dataset. And then drop the duplicates.
2. Perform feature construction to build a new feature named ""BMI_Category"" to categorize the BMI (Body Mass Index) of each individual into one of four categories:
    - ""Underweight"" is a BMI less than 18.5,
    - ""Normal weight"" is a BMI from 18.5 to 24.9,
    - ""Overweight"" is a BMI from 25 to 29.9,
    - ""Obesity"" is a BMI of 30 or higher.
3. Try to predict Heart_Disease based on all other variables.
Construct a model to predict Heart_Disease.
Fit the model on the training set.
4. Make predictions on the test set.
5. Save predictions.",0.8824,17528,2857,0,0,0,0,0,"{""edges"": [{""edge_id"": ""22879"", ""source_node_id"": ""1034"", ""target_node_id"": ""1043""}, {""edge_id"": ""22880"", ""source_node_id"": ""1035"", ""target_node_id"": ""1044""}, {""edge_id"": ""22881"", ""source_node_id"": ""1043"", ""target_node_id"": ""1036""}, {""edge_id"": ""22882"", ""source_node_id"": ""1044"", ""target_node_id"": ""1037""}, {""edge_id"": ""22883"", ""source_node_id"": ""1036"", ""target_node_id"": ""29238""}, {""edge_id"": ""22884"", ""source_node_id"": ""1037"", ""target_node_id"": ""29239""}, {""edge_id"": ""22885"", ""source_node_id"": ""29238"", ""target_node_id"": ""29240""}, {""edge_id"": ""22886"", ""source_node_id"": ""29239"", ""target_node_id"": ""29241""}, {""edge_id"": ""22887"", ""source_node_id"": ""29240"", ""target_node_id"": ""1040""}, {""edge_id"": ""22888"", ""source_node_id"": ""29241"", ""target_node_id"": ""1041""}, {""edge_id"": ""22889"", ""source_node_id"": ""1040"", ""target_node_id"": ""1041""}, {""edge_id"": ""22890"", ""source_node_id"": ""1041"", ""target_node_id"": ""1042""}], ""nodes"": [{""node_id"": ""1034"", ""widget_name"": ""SQL Table"", ""node_name"": ""心血管疾病风险预测训练数据"", ""node_params"": {""table_name"": ""cardiovascular_diseases_risk_prediction_train"", ""target_column"": ""Heart_Disease""}, ""matched"": true}, {""node_id"": ""1035"", ""widget_name"": ""SQL Table"", ""node_name"": ""心血管疾病风险预测测试数据"", ""node_params"": {""table_name"": ""cardiovascular_diseases_risk_prediction_test"", ""target_column"": ""Heart_Disease""}, ""matched"": true}, {""node_id"": ""1043"", ""widget_name"": ""Impute"", ""node_name"": ""训练数据缺失值处理"", ""node_params"": {""method"": 5}, ""matched"": true}, {""node_id"": ""1044"", ""widget_name"": ""Impute"", ""node_name"": ""测试数据缺失值处理"", ""node_params"": {""method"": 5}, ""matched"": true}, {""node_id"": ""1036"", ""widget_name"": ""Unique"", ""node_name"": ""训练数据去重"", ""node_params"": {""selGroupByVariables"": [], ""configure"": ""Last instance""}, ""matched"": true}, {""node_id"": ""1037"", ""widget_name"": ""Unique"", ""node_name"": ""测试数据去重"", ""node_params"": {""selGroupByVariables"": [], ""configure"": ""Last instance""}, ""matched"": true}, {""node_id"": ""29238"", ""widget_name"": ""Feature Constructor"", ""node_name"": ""训练数据特征构建"", ""node_params"": {""expressions"": [{""key"": 0, ""name"": ""BMI_Category"", ""expression"": ""'Underweight' if BMI < 18.5 else 'Normal weight' if BMI <= 24.9 else 'Overweight' if BMI <= 29.9 else 'Obesity'"", ""type"": 1, ""image"": ""C"", ""categories"": ""Underweight, Normal weight, Overweight, Obesity""}]}, ""matched"": false}, {""node_id"": ""29239"", ""widget_name"": ""Feature Constructor"", ""node_name"": ""测试数据特征构建"", ""node_params"": {""expressions"": [{""key"": 0, ""name"": ""BMI_Category"", ""expression"": ""'Underweight' if BMI < 18.5 else 'Normal weight' if BMI <= 24.9 else 'Overweight' if BMI <= 29.9 else 'Obesity'"", ""type"": 1, ""image"": ""C"", ""categories"": ""Underweight, Normal weight, Overweight, Obesity""}]}, ""matched"": false}, {""node_id"": ""29240"", ""widget_name"": ""One Hot Encoder"", ""node_name"": ""训练数据独热编码"", ""node_params"": {""encode_vars"": [""BMI_Category""]}, ""matched"": false}, {""node_id"": ""29241"", ""widget_name"": ""One Hot Encoder"", ""node_name"": ""测试数据独热编码"", ""node_params"": {""encode_vars"": [""BMI_Category""]}, ""matched"": false}, {""node_id"": ""1040"", ""widget_name"": ""Random Forest"", ""node_name"": ""随机森林模型"", ""node_params"": {""n_estimators"": 10, ""use_max_features"": false, ""max_features"": ""auto"", ""use_random_state"": false, ""use_max_depth"": false, ""max_depth"": 3, ""use_min_samples_split"": true, ""min_samples_split"": 2}, ""matched"": true}, {""node_id"": ""1041"", ""widget_name"": ""Predictions"", ""node_name"": ""预测"", ""node_params"": {""output_attrs"": true, ""output_predictions"": true, ""output_probabilities"": true}, ""matched"": true}, {""node_id"": ""1042"", ""widget_name"": ""Save Data"", ""node_name"": ""保存预测结果"", ""node_params"": {}, ""matched"": true}]}","{""dependency_requirements"": [{""edge_id"": ""811"", ""source_node_id"": ""1043"", ""target_node_id"": ""1036""}, {""edge_id"": ""812"", ""source_node_id"": ""1044"", ""target_node_id"": ""1037""}, {""edge_id"": ""813"", ""source_node_id"": ""1036"", ""target_node_id"": ""1038""}, {""edge_id"": ""814"", ""source_node_id"": ""1037"", ""target_node_id"": ""1039""}, {""edge_id"": ""815"", ""source_node_id"": ""1038"", ""target_node_id"": ""1040""}, {""edge_id"": ""816"", ""source_node_id"": ""1039"", ""target_node_id"": ""1041""}, {""edge_id"": ""817"", ""source_node_id"": ""1040"", ""target_node_id"": ""1041""}, {""edge_id"": ""818"", ""source_node_id"": ""1041"", ""target_node_id"": ""1042""}, {""edge_id"": ""819"", ""source_node_id"": ""1035"", ""target_node_id"": ""1044""}, {""edge_id"": ""820"", ""source_node_id"": ""1034"", ""target_node_id"": ""1043""}], ""step_requirements"": [{""node_id"": ""1034"", ""algorithm_step_name"": ""Tabular Dataset Loading"", ""node_name"": ""心血管疾病风险预测训练数据"", ""node_params"": {""table_name"": ""cardiovascular_diseases_risk_prediction_train"", ""target_column"": ""Heart_Disease""}, ""contrast_level"": 2, ""node_type"": ""io""}, {""node_id"": ""1035"", ""algorithm_step_name"": ""Tabular Dataset Loading"", ""node_name"": ""心血管疾病风险预测测试数据"", ""node_params"": {""table_name"": ""cardiovascular_diseases_risk_prediction_test"", ""target_column"": ""Heart_Disease""}, ""contrast_level"": 2, ""node_type"": ""io""}, {""node_id"": ""1036"", ""algorithm_step_name"": ""Unique"", ""node_name"": ""训练数据去重"", ""node_params"": {}, ""contrast_level"": 1, ""node_type"": ""preprocess""}, {""node_id"": ""1037"", ""algorithm_step_name"": ""Unique"", ""node_name"": ""测试数据去重"", ""node_params"": {}, ""contrast_level"": 1, ""node_type"": ""preprocess""}, {""node_id"": ""1038"", ""algorithm_step_name"": ""Feature Construction"", ""node_name"": ""训练数据特征构建"", ""node_params"": {""expressions"": [{""key"": 0, ""name"": ""BMI_Category"", ""expression"": ""'Underweight' if BMI < 18.5 else 'Normal weight' if 18.5 <= BMI < 24.9 else 'Overweight' if 25 <= BMI < 29.9 else 'Obesity'"", ""type"": ""1"", ""image"": ""C"", ""categories"": ""Underweight, Normal weight, Overweight, Obesity""}]}, ""contrast_level"": 2, ""node_type"": ""feature engineering""}, {""node_id"": ""1039"", ""algorithm_step_name"": ""Feature Construction"", ""node_name"": ""测试数据特征构建"", ""node_params"": {""expressions"": [{""key"": 0, ""name"": ""BMI_Category"", ""expression"": ""'Underweight' if BMI < 18.5 else 'Normal weight' if 18.5 <= BMI < 24.9 else 'Overweight' if 25 <= BMI < 29.9 else 'Obesity'"", ""type"": ""1"", ""image"": ""C"", ""categories"": ""Underweight, Normal weight, Overweight, Obesity""}]}, ""contrast_level"": 2, ""node_type"": ""feature engineering""}, {""node_id"": ""1040"", ""algorithm_step_name"": ""Random Forest"", ""node_name"": ""随机森林模型"", ""node_params"": {}, ""contrast_level"": 0, ""node_type"": ""model""}, {""node_id"": ""1041"", ""algorithm_step_name"": ""Test Dataset Predictions"", ""node_name"": ""预测"", ""node_params"": {""output_probabilities"": true}, ""contrast_level"": 2, ""node_type"": ""predict""}, {""node_id"": ""1042"", ""algorithm_step_name"": ""Save Data"", ""node_name"": ""保存预测结果"", ""node_params"": {}, ""contrast_level"": 1, ""node_type"": ""io""}, {""node_id"": ""1043"", ""algorithm_step_name"": ""Missing Value Handling"", ""node_name"": ""缺失值处理"", ""node_params"": {}, ""contrast_level"": 1, ""node_type"": ""preprocess""}, {""node_id"": ""1044"", ""algorithm_step_name"": ""Missing Value Handling"", ""node_name"": ""缺失值处理"", ""node_params"": {}, ""contrast_level"": 1, ""node_type"": ""preprocess""}]}"
"Train data: coffee_quality_data_cqi_train
test data path: coffee_quality_data_cqi_test
Use the training data and test data to go through all of the following tasks, taking care not to leave anything out:
1. Drop duplicated rows from the dataset.
2. Drop the following columns from the dataset: ""ID"", ""ICO Number"", ""Owner"", ""Region"", ""Certification Contact"", ""Certification Address"", ""Farm Name"", ""Lot Number"", ""Mill"", ""ICO Number"", ""Producer"", ""Company"", ""Expiration"", ""Harvest Year"", ""Unnamed: 0"", ""Number of Bags"", ""Bag Weight"", ""In-Country Partner"", ""Country of Origin"", ""Processing Method"", ""Grading Date"", ""Variety"", ""Status"", ""Defects"", ""Uniformity"", ""Clean Cup"", ""Sweetness"", and ""Certification Body"".
3. For categorical column ""Color"", use one-hot encoding.
4. Try to predict Total Cup Points.
Build a regressor on the training set with RandomForestRegressor.
5. Make predictions on the test set.
6. Save predictions.",0.1818,45880,1961,0,0,0,0,0,"{""edges"": [{""edge_id"": ""22891"", ""source_node_id"": ""29245"", ""target_node_id"": ""807""}, {""edge_id"": ""22892"", ""source_node_id"": ""29246"", ""target_node_id"": ""808""}], ""nodes"": [{""node_id"": ""29245"", ""widget_name"": ""File"", ""node_name"": ""训练数据加载"", ""node_params"": {""type"": ""sample"", ""filename"": ""coffee_quality_data_cqi_train.csv""}, ""matched"": false}, {""node_id"": ""29246"", ""widget_name"": ""File"", ""node_name"": ""测试数据加载"", ""node_params"": {""type"": ""sample"", ""filename"": ""coffee_quality_data_cqi_test.csv""}, ""matched"": false}, {""node_id"": ""807"", ""widget_name"": ""Unique"", ""node_name"": ""训练数据去重"", ""node_params"": {""selGroupByVariables"": [], ""configure"": ""Last instance""}, ""matched"": true}, {""node_id"": ""808"", ""widget_name"": ""Unique"", ""node_name"": ""测试数据去重"", ""node_params"": {""selGroupByVariables"": [], ""configure"": ""Last instance""}, ""matched"": true}, {""node_id"": ""29249"", ""widget_name"": ""Select Columns"", ""node_name"": ""训练数据列选择"", ""node_params"": {""ignores"": [], ""features"": [], ""targets"": """"}, ""matched"": false}, {""node_id"": ""29250"", ""widget_name"": ""Select Columns"", ""node_name"": ""测试数据列选择"", ""node_params"": {""ignores"": [], ""features"": [], ""targets"": """"}, ""matched"": false}]}","{""dependency_requirements"": [{""edge_id"": ""600"", ""source_node_id"": ""805"", ""target_node_id"": ""807""}, {""edge_id"": ""601"", ""source_node_id"": ""806"", ""target_node_id"": ""808""}, {""edge_id"": ""602"", ""source_node_id"": ""807"", ""target_node_id"": ""809""}, {""edge_id"": ""603"", ""source_node_id"": ""808"", ""target_node_id"": ""810""}, {""edge_id"": ""604"", ""source_node_id"": ""809"", ""target_node_id"": ""811""}, {""edge_id"": ""605"", ""source_node_id"": ""810"", ""target_node_id"": ""812""}, {""edge_id"": ""606"", ""source_node_id"": ""811"", ""target_node_id"": ""813""}, {""edge_id"": ""607"", ""source_node_id"": ""812"", ""target_node_id"": ""814""}, {""edge_id"": ""608"", ""source_node_id"": ""813"", ""target_node_id"": ""814""}, {""edge_id"": ""609"", ""source_node_id"": ""814"", ""target_node_id"": ""815""}], ""step_requirements"": [{""node_id"": ""805"", ""algorithm_step_name"": ""Tabular Dataset Loading"", ""node_name"": ""咖啡质量训练数据"", ""node_params"": {""table_name"": ""coffee_quality_data_cqi_train"", ""target_column"": ""Total_Cup_Points""}, ""contrast_level"": 2, ""node_type"": ""io""}, {""node_id"": ""806"", ""algorithm_step_name"": ""Tabular Dataset Loading"", ""node_name"": ""咖啡质量测试数据"", ""node_params"": {""table_name"": ""coffee_quality_data_cqi_test"", ""target_column"": ""Total_Cup_Points""}, ""contrast_level"": 2, ""node_type"": ""io""}, {""node_id"": ""807"", ""algorithm_step_name"": ""Unique"", ""node_name"": ""训练数据去重"", ""node_params"": {}, ""contrast_level"": 1, ""node_type"": ""preprocess""}, {""node_id"": ""808"", ""algorithm_step_name"": ""Unique"", ""node_name"": ""测试数据去重"", ""node_params"": {}, ""contrast_level"": 1, ""node_type"": ""preprocess""}, {""node_id"": ""809"", ""algorithm_step_name"": ""Select Columns"", ""node_name"": ""训练数据列选择"", ""node_params"": {""ignores"": [], ""features"": [0, 1, 2, 3, 4, 5, 6, 7, 9, 10, 11, 12, 13], ""targets"": [8]}, ""contrast_level"": 2, ""node_type"": ""preprocess""}, {""node_id"": ""810"", ""algorithm_step_name"": ""Select Columns"", ""node_name"": ""测试数据列选择"", ""node_params"": {""ignores"": [], ""features"": [0, 1, 2, 3, 4, 5, 6, 7, 9, 10, 11, 12, 13], ""targets"": [8]}, ""contrast_level"": 2, ""node_type"": ""preprocess""}, {""node_id"": ""811"", ""algorithm_step_name"": ""One Hot Encoding"", ""node_name"": ""训练数据独热编码"", ""node_params"": {""encode_vars"": [""Color""]}, ""contrast_level"": 2, ""node_type"": ""feature engineering""}, {""node_id"": ""812"", ""algorithm_step_name"": ""One Hot Encoding"", ""node_name"": ""测试数据独热编码"", ""node_params"": {""encode_vars"": [""Color""]}, ""contrast_level"": 2, ""node_type"": ""feature engineering""}, {""node_id"": ""813"", ""algorithm_step_name"": ""Random Forest"", ""node_name"": ""随机森林回归模型"", ""node_params"": {}, ""contrast_level"": 1, ""node_type"": ""model""}, {""node_id"": ""814"", ""algorithm_step_name"": ""Test Dataset Predictions"", ""node_name"": ""预测"", ""node_params"": {""output_probabilities"": false}, ""contrast_level"": 2, ""node_type"": ""predict""}, {""node_id"": ""815"", ""algorithm_step_name"": ""Save Data"", ""node_name"": ""保存预测结果"", ""node_params"": {}, ""contrast_level"": 1, ""node_type"": ""io""}]}"
"Train data: diabetes_prediction_dataset_train
test data: diabetes_prediction_dataset_test
Use the training data and test data to go through all of the following tasks, taking care not to leave anything out:
1. Drop duplicate rows from the dataset.
2. Perform one-hot encoding on the ""gender"" and ""smoking_history"" columns.
3. Rank the most important features.
4. Build a random forest classifier to predict diabetes using all features. Fit the model on the training set.
5. Make predictions on the test set.
6. Save predictions.
7. Show the confusion matrix.",0.8947,13997,610,0,0,0,0,0,"{""edges"": [{""edge_id"": ""22893"", ""source_node_id"": ""29251"", ""target_node_id"": ""818""}, {""edge_id"": ""22894"", ""source_node_id"": ""29252"", ""target_node_id"": ""819""}, {""edge_id"": ""22895"", ""source_node_id"": ""818"", ""target_node_id"": ""820""}, {""edge_id"": ""22896"", ""source_node_id"": ""819"", ""target_node_id"": ""821""}, {""edge_id"": ""22897"", ""source_node_id"": ""820"", ""target_node_id"": ""822""}, {""edge_id"": ""22898"", ""source_node_id"": ""820"", ""target_node_id"": ""823""}, {""edge_id"": ""22899"", ""source_node_id"": ""821"", ""target_node_id"": ""824""}, {""edge_id"": ""22900"", ""source_node_id"": ""823"", ""target_node_id"": ""824""}, {""edge_id"": ""22901"", ""source_node_id"": ""824"", ""target_node_id"": ""825""}, {""edge_id"": ""22902"", ""source_node_id"": ""824"", ""target_node_id"": ""826""}], ""nodes"": [{""node_id"": ""29251"", ""widget_name"": ""File"", ""node_name"": ""训练数据加载"", ""node_params"": {""type"": ""sample"", ""filename"": ""diabetes_prediction_dataset_train.csv""}, ""matched"": false}, {""node_id"": ""29252"", ""widget_name"": ""File"", ""node_name"": ""测试数据加载"", ""node_params"": {""type"": ""sample"", ""filename"": ""diabetes_prediction_dataset_test.csv""}, ""matched"": false}, {""node_id"": ""818"", ""widget_name"": ""Unique"", ""node_name"": ""训练数据去重"", ""node_params"": {""selGroupByVariables"": [], ""configure"": ""Last instance""}, ""matched"": true}, {""node_id"": ""819"", ""widget_name"": ""Unique"", ""node_name"": ""测试数据去重"", ""node_params"": {""selGroupByVariables"": [], ""configure"": ""Last instance""}, ""matched"": true}, {""node_id"": ""820"", ""widget_name"": ""One Hot Encoder"", ""node_name"": ""训练数据独热编码"", ""node_params"": {""encode_vars"": [""gender"", ""smoking_history""]}, ""matched"": true}, {""node_id"": ""821"", ""widget_name"": ""One Hot Encoder"", ""node_name"": ""测试数据独热编码"", ""node_params"": {""encode_vars"": [""gender"", ""smoking_history""]}, ""matched"": true}, {""node_id"": ""822"", ""widget_name"": ""Rank"", ""node_name"": ""特征重要性排序"", ""node_params"": {}, ""matched"": true}, {""node_id"": ""823"", ""widget_name"": ""Random Forest"", ""node_name"": ""随机森林分类器"", ""node_params"": {""n_estimators"": 10, ""use_max_features"": false, ""max_features"": ""auto"", ""use_random_state"": false, ""use_max_depth"": false, ""max_depth"": 3, ""use_min_samples_split"": true, ""min_samples_split"": 2}, ""matched"": true}, {""node_id"": ""824"", ""widget_name"": ""Predictions"", ""node_name"": ""预测"", ""node_params"": {""output_attrs"": true, ""output_predictions"": true, ""output_probabilities"": true}, ""matched"": true}, {""node_id"": ""825"", ""widget_name"": ""Save Data"", ""node_name"": ""保存预测结果"", ""node_params"": {}, ""matched"": true}, {""node_id"": ""826"", ""widget_name"": ""Confusion Matrix"", ""node_name"": ""混淆矩阵"", ""node_params"": {}, ""matched"": true}]}","{""dependency_requirements"": [{""edge_id"": ""610"", ""source_node_id"": ""816"", ""target_node_id"": ""818""}, {""edge_id"": ""611"", ""source_node_id"": ""817"", ""target_node_id"": ""819""}, {""edge_id"": ""612"", ""source_node_id"": ""818"", ""target_node_id"": ""820""}, {""edge_id"": ""613"", ""source_node_id"": ""819"", ""target_node_id"": ""821""}, {""edge_id"": ""614"", ""source_node_id"": ""820"", ""target_node_id"": ""822""}, {""edge_id"": ""615"", ""source_node_id"": ""820"", ""target_node_id"": ""823""}, {""edge_id"": ""616"", ""source_node_id"": ""821"", ""target_node_id"": ""824""}, {""edge_id"": ""617"", ""source_node_id"": ""823"", ""target_node_id"": ""824""}, {""edge_id"": ""618"", ""source_node_id"": ""824"", ""target_node_id"": ""825""}, {""edge_id"": ""619"", ""source_node_id"": ""824"", ""target_node_id"": ""826""}], ""step_requirements"": [{""node_id"": ""816"", ""algorithm_step_name"": ""Tabular Dataset Loading"", ""node_name"": ""糖尿病预测训练数据"", ""node_params"": {""table_name"": ""diabetes_prediction_dataset_train"", ""target_column"": ""diabetes""}, ""contrast_level"": 2, ""node_type"": ""io""}, {""node_id"": ""817"", ""algorithm_step_name"": ""Tabular Dataset Loading"", ""node_name"": ""糖尿病预测测试数据"", ""node_params"": {""table_name"": ""diabetes_prediction_dataset_test"", ""target_column"": ""diabetes""}, ""contrast_level"": 2, ""node_type"": ""io""}, {""node_id"": ""818"", ""algorithm_step_name"": ""Unique"", ""node_name"": ""训练数据去重"", ""node_params"": {}, ""contrast_level"": 1, ""node_type"": ""preprocess""}, {""node_id"": ""819"", ""algorithm_step_name"": ""Unique"", ""node_name"": ""测试数据去重"", ""node_params"": {}, ""contrast_level"": 1, ""node_type"": ""preprocess""}, {""node_id"": ""820"", ""algorithm_step_name"": ""One Hot Encoding"", ""node_name"": ""训练数据独热编码"", ""node_params"": {""encode_vars"": [""gender"", ""smoking_history""]}, ""contrast_level"": 2, ""node_type"": ""feature engineering""}, {""node_id"": ""821"", ""algorithm_step_name"": ""One Hot Encoding"", ""node_name"": ""测试数据独热编码"", ""node_params"": {""encode_vars"": [""gender"", ""smoking_history""]}, ""contrast_level"": 2, ""node_type"": ""feature engineering""}, {""node_id"": ""822"", ""algorithm_step_name"": ""Rank"", ""node_name"": ""特征重要性排序"", ""node_params"": {}, ""contrast_level"": 1, ""node_type"": ""feature engineering""}, {""node_id"": ""823"", ""algorithm_step_name"": ""Random Forest"", ""node_name"": ""随机森林模型"", ""node_params"": {}, ""contrast_level"": 1, ""node_type"": ""model""}, {""node_id"": ""824"", ""algorithm_step_name"": ""Test Dataset Predictions"", ""node_name"": ""预测"", ""node_params"": {""output_probabilities"": true}, ""contrast_level"": 2, ""node_type"": ""predict""}, {""node_id"": ""825"", ""algorithm_step_name"": ""Save Data"", ""node_name"": ""保存预测结果"", ""node_params"": {}, ""contrast_level"": 1, ""node_type"": ""io""}, {""node_id"": ""826"", ""algorithm_step_name"": ""Confusion Matrix"", ""node_name"": ""混淆矩阵"", ""node_params"": {}, ""contrast_level"": 1, ""node_type"": ""visualize""}]}"
"Train data: disease_symptoms_and_patient_profile_dataset_train
test data: disease_symptoms_and_patient_profile_dataset_test
Use the training data and test data to go through all of the following tasks, taking care not to leave anything out:
you need build two logistic regression models to predict categorical target variable 'outcome variable'.
1. categorical features (except ""Disease"" column) into numerical features using one-hot encoding.
2. Use a feature selection technique to select the most important 5 features.
3. Build a logistic regression model1 using all features one-hot encoded.
4. Build a logistic regression model2 using only the most important 5 features.
5. Evaluate the performance of the model1 and model2 on the test set.",0.8462,15159,1152,0,0,0,0,0,"{""edges"": [{""edge_id"": ""22903"", ""source_node_id"": ""860"", ""target_node_id"": ""29264""}, {""edge_id"": ""22904"", ""source_node_id"": ""861"", ""target_node_id"": ""29265""}, {""edge_id"": ""22905"", ""source_node_id"": ""29264"", ""target_node_id"": ""864""}, {""edge_id"": ""22906"", ""source_node_id"": ""29264"", ""target_node_id"": ""865""}, {""edge_id"": ""22907"", ""source_node_id"": ""864"", ""target_node_id"": ""866""}, {""edge_id"": ""22908"", ""source_node_id"": ""29265"", ""target_node_id"": ""867""}, {""edge_id"": ""22909"", ""source_node_id"": ""865"", ""target_node_id"": ""867""}, {""edge_id"": ""22910"", ""source_node_id"": ""29265"", ""target_node_id"": ""868""}, {""edge_id"": ""22911"", ""source_node_id"": ""866"", ""target_node_id"": ""868""}], ""nodes"": [{""node_id"": ""860"", ""widget_name"": ""SQL Table"", ""node_name"": ""训练数据"", ""node_params"": {""table_name"": ""disease_symptoms_and_patient_profile_dataset_train"", ""target_column"": ""Outcome_Variable""}, ""matched"": true}, {""node_id"": ""861"", ""widget_name"": ""SQL Table"", ""node_name"": ""测试数据"", ""node_params"": {""table_name"": ""disease_symptoms_and_patient_profile_dataset_test"", ""target_column"": ""Outcome_Variable""}, ""matched"": true}, {""node_id"": ""29264"", ""widget_name"": ""One Hot Encoder"", ""node_name"": ""训练数据独热编码"", ""node_params"": {""encode_vars"": [""Sex"", ""Smoking"", ""Alcohol"", ""Diet"", ""Exercise"", ""Family_History"", ""Genetic_Marker"", ""Symptom_1"", ""Symptom_2"", ""Symptom_3"", ""Symptom_4"", ""Symptom_5""]}, ""matched"": false}, {""node_id"": ""29265"", ""widget_name"": ""One Hot Encoder"", ""node_name"": ""测试数据独热编码"", ""node_params"": {""encode_vars"": [""Sex"", ""Smoking"", ""Alcohol"", ""Diet"", ""Exercise"", ""Family_History"", ""Genetic_Marker"", ""Symptom_1"", ""Symptom_2"", ""Symptom_3"", ""Symptom_4"", ""Symptom_5""]}, ""matched"": false}, {""node_id"": ""864"", ""widget_name"": ""Select Best N Attributes"", ""node_name"": ""特征选择"", ""node_params"": {""n"": 5}, ""matched"": true}, {""node_id"": ""865"", ""widget_name"": ""Logistic Regression"", ""node_name"": ""逻辑回归模型1"", ""node_params"": {""C"": 1, ""penalty"": ""l2""}, ""matched"": true}, {""node_id"": ""866"", ""widget_name"": ""Logistic Regression"", ""node_name"": ""逻辑回归模型2"", ""node_params"": {""C"": 1, ""penalty"": ""l2""}, ""matched"": true}, {""node_id"": ""867"", ""widget_name"": ""Test & Score"", ""node_name"": ""测试评分1"", ""node_params"": {}, ""matched"": true}, {""node_id"": ""868"", ""widget_name"": ""Test & Score"", ""node_name"": ""测试评分2"", ""node_params"": {}, ""matched"": true}]}","{""dependency_requirements"": [{""edge_id"": ""661"", ""source_node_id"": ""860"", ""target_node_id"": ""862""}, {""edge_id"": ""662"", ""source_node_id"": ""861"", ""target_node_id"": ""863""}, {""edge_id"": ""663"", ""source_node_id"": ""862"", ""target_node_id"": ""864""}, {""edge_id"": ""664"", ""source_node_id"": ""862"", ""target_node_id"": ""865""}, {""edge_id"": ""665"", ""source_node_id"": ""864"", ""target_node_id"": ""866""}, {""edge_id"": ""666"", ""source_node_id"": ""862"", ""target_node_id"": ""867""}, {""edge_id"": ""667"", ""source_node_id"": ""863"", ""target_node_id"": ""867""}, {""edge_id"": ""668"", ""source_node_id"": ""865"", ""target_node_id"": ""867""}, {""edge_id"": ""669"", ""source_node_id"": ""863"", ""target_node_id"": ""868""}, {""edge_id"": ""670"", ""source_node_id"": ""866"", ""target_node_id"": ""868""}, {""edge_id"": ""671"", ""source_node_id"": ""864"", ""target_node_id"": ""868""}], ""step_requirements"": [{""node_id"": ""860"", ""algorithm_step_name"": ""Tabular Dataset Loading"", ""node_name"": ""疾病症状和患者资料训练数据"", ""node_params"": {""table_name"": ""disease_symptoms_and_patient_profile_dataset_train"", ""target_column"": ""Outcome_Variable""}, ""contrast_level"": 2, ""node_type"": ""io""}, {""node_id"": ""861"", ""algorithm_step_name"": ""Tabular Dataset Loading"", ""node_name"": ""疾病症状和患者资料测试数据"", ""node_params"": {""table_name"": ""disease_symptoms_and_patient_profile_dataset_test"", ""target_column"": ""Outcome_Variable""}, ""contrast_level"": 2, ""node_type"": ""io""}, {""node_id"": ""862"", ""algorithm_step_name"": ""One Hot Encoding"", ""node_name"": ""训练数据独热编码"", ""node_params"": {""encode_vars"": [""Fever"", ""Cough"", ""Fatigue"", ""Difficulty_Breathing"", ""Gender"", ""Blood_Pressure_Categorical"", ""Cholesterol_Categorical""]}, ""contrast_level"": 2, ""node_type"": ""feature engineering""}, {""node_id"": ""863"", ""algorithm_step_name"": ""One Hot Encoding"", ""node_name"": ""测试数据独热编码"", ""node_params"": {""encode_vars"": [""Fever"", ""Cough"", ""Fatigue"", ""Difficulty_Breathing"", ""Gender"", ""Blood_Pressure_Categorical"", ""Cholesterol_Categorical""]}, ""contrast_level"": 2, ""node_type"": ""feature engineering""}, {""node_id"": ""864"", ""algorithm_step_name"": ""Feature Selection"", ""node_name"": ""特征选择"", ""node_params"": {""n"": 5}, ""contrast_level"": 2, ""node_type"": ""feature engineering""}, {""node_id"": ""865"", ""algorithm_step_name"": ""Logistic Regression"", ""node_name"": ""逻辑回归模型"", ""node_params"": {}, ""contrast_level"": 1, ""node_type"": ""model""}, {""node_id"": ""866"", ""algorithm_step_name"": ""Logistic Regression"", ""node_name"": ""逻辑回归模型2"", ""node_params"": {}, ""contrast_level"": 1, ""node_type"": ""model""}, {""node_id"": ""867"", ""algorithm_step_name"": ""Model Evaluate"", ""node_name"": ""测试评分"", ""node_params"": {}, ""contrast_level"": 1, ""node_type"": ""evaluate""}, {""node_id"": ""868"", ""algorithm_step_name"": ""Model Evaluate"", ""node_name"": ""测试评分"", ""node_params"": {}, ""contrast_level"": 1, ""node_type"": ""evaluate""}]}"
"Train data: employee_train
test data: employee_test
Use the training data and test data to go through all of the following tasks, taking care not to leave anything out:
1. Perform feature construction to build a new feature named ""YearsInCompany"" to represent the number of years each employee has been in the company. It is calculated as 2023 minus the 'JoiningYear'.
2. Encode the categorical columns using one-hot encoding.
3. Build a random forest classifier to predict the 'LeaveOrNot' variable.
4. Make predictions on the test set.
5. Save predictions.
6. Confusion matrix showing predicted results.",0.6923,16377,1836,0,0,0,0,0,"{""edges"": [{""edge_id"": ""22912"", ""source_node_id"": ""968"", ""target_node_id"": ""29273""}, {""edge_id"": ""22913"", ""source_node_id"": ""29273"", ""target_node_id"": ""29274""}, {""edge_id"": ""22914"", ""source_node_id"": ""29273"", ""target_node_id"": ""29275""}, {""edge_id"": ""22915"", ""source_node_id"": ""29274"", ""target_node_id"": ""973""}, {""edge_id"": ""22916"", ""source_node_id"": ""29275"", ""target_node_id"": ""974""}, {""edge_id"": ""22917"", ""source_node_id"": ""973"", ""target_node_id"": ""974""}, {""edge_id"": ""22918"", ""source_node_id"": ""974"", ""target_node_id"": ""975""}, {""edge_id"": ""22919"", ""source_node_id"": ""974"", ""target_node_id"": ""976""}], ""nodes"": [{""node_id"": ""967"", ""widget_name"": ""SQL Table"", ""node_name"": ""员工训练数据"", ""node_params"": {""table_name"": ""employee_train"", ""target_column"": ""LeaveOrNot""}, ""matched"": true}, {""node_id"": ""968"", ""widget_name"": ""SQL Table"", ""node_name"": ""员工测试数据"", ""node_params"": {""table_name"": ""employee_test"", ""target_column"": ""LeaveOrNot""}, ""matched"": true}, {""node_id"": ""29273"", ""widget_name"": ""Feature Constructor"", ""node_name"": ""特征构建"", ""node_params"": {""expressions"": [{""key"": 0, ""name"": ""YearsInCompany"", ""expression"": ""2023 - JoiningYear"", ""type"": 2, ""image"": ""N"", ""categories"": ""A, B""}]}, ""matched"": false}, {""node_id"": ""29274"", ""widget_name"": ""One Hot Encoder"", ""node_name"": ""训练数据独热编码"", ""node_params"": {""encode_vars"": [""Department""]}, ""matched"": false}, {""node_id"": ""29275"", ""widget_name"": ""One Hot Encoder"", ""node_name"": ""测试数据独热编码"", ""node_params"": {""encode_vars"": [""Department""]}, ""matched"": false}, {""node_id"": ""973"", ""widget_name"": ""Random Forest"", ""node_name"": ""随机森林模型"", ""node_params"": {""n_estimators"": 10, ""use_max_features"": false, ""max_features"": ""auto"", ""use_random_state"": false, ""use_max_depth"": false, ""max_depth"": 3, ""use_min_samples_split"": true, ""min_samples_split"": 2}, ""matched"": true}, {""node_id"": ""974"", ""widget_name"": ""Predictions"", ""node_name"": ""预测"", ""node_params"": {""output_attrs"": true, ""output_predictions"": true, ""output_probabilities"": true}, ""matched"": true}, {""node_id"": ""975"", ""widget_name"": ""Save Data"", ""node_name"": ""保存预测结果"", ""node_params"": {}, ""matched"": true}, {""node_id"": ""976"", ""widget_name"": ""Confusion Matrix"", ""node_name"": ""混淆矩阵"", ""node_params"": {}, ""matched"": true}]}","{""dependency_requirements"": [{""edge_id"": ""749"", ""source_node_id"": ""967"", ""target_node_id"": ""969""}, {""edge_id"": ""750"", ""source_node_id"": ""968"", ""target_node_id"": ""970""}, {""edge_id"": ""751"", ""source_node_id"": ""969"", ""target_node_id"": ""971""}, {""edge_id"": ""752"", ""source_node_id"": ""970"", ""target_node_id"": ""972""}, {""edge_id"": ""753"", ""source_node_id"": ""971"", ""target_node_id"": ""973""}, {""edge_id"": ""754"", ""source_node_id"": ""972"", ""target_node_id"": ""974""}, {""edge_id"": ""755"", ""source_node_id"": ""973"", ""target_node_id"": ""974""}, {""edge_id"": ""756"", ""source_node_id"": ""974"", ""target_node_id"": ""975""}, {""edge_id"": ""757"", ""source_node_id"": ""974"", ""target_node_id"": ""976""}], ""step_requirements"": [{""node_id"": ""967"", ""algorithm_step_name"": ""Tabular Dataset Loading"", ""node_name"": ""员工训练数据"", ""node_params"": {""table_name"": ""employee_train"", ""target_column"": ""LeaveOrNot""}, ""contrast_level"": 2, ""node_type"": ""io""}, {""node_id"": ""968"", ""algorithm_step_name"": ""Tabular Dataset Loading"", ""node_name"": ""员工测试数据"", ""node_params"": {""table_name"": ""employee_test"", ""target_column"": ""LeaveOrNot""}, ""contrast_level"": 2, ""node_type"": ""io""}, {""node_id"": ""969"", ""algorithm_step_name"": ""Feature Construction"", ""node_name"": ""特征构造_训练数据"", ""node_params"": {""expressions"": [{""key"": 0, ""name"": ""YearsInCompany"", ""expression"": ""2023 - JoiningYear"", ""type"": ""2"", ""image"": ""N"", ""categories"": ""A, B""}]}, ""contrast_level"": 2, ""node_type"": ""feature engineering""}, {""node_id"": ""970"", ""algorithm_step_name"": ""Feature Construction"", ""node_name"": ""特征构造_测试数据"", ""node_params"": {""expressions"": [{""key"": 0, ""name"": ""YearsInCompany"", ""expression"": ""2023 - JoiningYear"", ""type"": ""2"", ""image"": ""N"", ""categories"": ""A, B""}]}, ""contrast_level"": 2, ""node_type"": ""feature engineering""}, {""node_id"": ""971"", ""algorithm_step_name"": ""One Hot Encoding"", ""node_name"": ""One Hot Encoder_训练数据"", ""node_params"": {""encode_vars"": [""Education"", ""City"", ""Gender"", ""EverBenched""]}, ""contrast_level"": 2, ""node_type"": ""feature engineering""}, {""node_id"": ""972"", ""algorithm_step_name"": ""One Hot Encoding"", ""node_name"": ""One Hot Encoder_测试数据"", ""node_params"": {""encode_vars"": [""Education"", ""City"", ""Gender"", ""EverBenched""]}, ""contrast_level"": 2, ""node_type"": ""feature engineering""}, {""node_id"": ""973"", ""algorithm_step_name"": ""Random Forest"", ""node_name"": ""随机森林分类器"", ""node_params"": {}, ""contrast_level"": 1, ""node_type"": ""model""}, {""node_id"": ""974"", ""algorithm_step_name"": ""Test Dataset Predictions"", ""node_name"": ""预测"", ""node_params"": {""output_probabilities"": true}, ""contrast_level"": 2, ""node_type"": ""predict""}, {""node_id"": ""975"", ""algorithm_step_name"": ""Save Data"", ""node_name"": ""保存预测结果"", ""node_params"": {}, ""contrast_level"": 1, ""node_type"": ""io""}, {""node_id"": ""976"", ""algorithm_step_name"": ""Confusion Matrix"", ""node_name"": ""混淆矩阵"", ""node_params"": {}, ""contrast_level"": 1, ""node_type"": ""visualize""}]}"
"Train data: global_data_on_sustainable_energy_train
test data: global_data_on_sustainable_energy__test
Use the training data and test data to go through all of the following tasks, taking care not to leave anything out:
1. The features are all other columns except 'Entity' and 'Year'.
2. The target variable is 'Renewable energy share in the total final energy consumption (%)'. Build a linear regression model to predict the outcome variable using all features. Fit the model on the training set.
3. Make predictions on the test set.
4. Save predictions.",0.2857,55037,8491,0,0,0,0,0,"{""edges"": [], ""nodes"": [{""node_id"": ""977"", ""widget_name"": ""SQL Table"", ""node_name"": ""训练数据"", ""node_params"": {""table_name"": ""global_data_on_sustainable_energy_train"", ""target_column"": ""Renewable_energy_share_total_final_energy_consumption_percentage""}, ""matched"": true}, {""node_id"": ""978"", ""widget_name"": ""SQL Table"", ""node_name"": ""测试数据"", ""node_params"": {""table_name"": ""global_data_on_sustainable_energy__test"", ""target_column"": ""Renewable_energy_share_total_final_energy_consumption_percentage""}, ""matched"": true}, {""node_id"": ""29282"", ""widget_name"": ""Select Columns"", ""node_name"": ""训练数据特征选择"", ""node_params"": {""ignores"": [], ""features"": [], ""targets"": """"}, ""matched"": false}]}","{""dependency_requirements"": [{""edge_id"": ""759"", ""source_node_id"": ""977"", ""target_node_id"": ""980""}, {""edge_id"": ""760"", ""source_node_id"": ""978"", ""target_node_id"": ""981""}, {""edge_id"": ""762"", ""source_node_id"": ""980"", ""target_node_id"": ""983""}, {""edge_id"": ""766"", ""source_node_id"": ""981"", ""target_node_id"": ""985""}, {""edge_id"": ""767"", ""source_node_id"": ""983"", ""target_node_id"": ""985""}, {""edge_id"": ""768"", ""source_node_id"": ""985"", ""target_node_id"": ""986""}], ""step_requirements"": [{""node_id"": ""977"", ""algorithm_step_name"": ""Tabular Dataset Loading"", ""node_name"": ""全球可持续能源训练数据"", ""node_params"": {""table_name"": ""global_data_on_sustainable_energy_train"", ""target_column"": ""Renewable_energy_share_total_final_energy_consumption_percentage""}, ""contrast_level"": 2, ""node_type"": ""io""}, {""node_id"": ""978"", ""algorithm_step_name"": ""Tabular Dataset Loading"", ""node_name"": ""全球可持续能源测试数据"", ""node_params"": {""table_name"": ""global_data_on_sustainable_energy__test"", ""target_column"": ""Renewable_energy_share_total_final_energy_consumption_percentage""}, ""contrast_level"": 2, ""node_type"": ""io""}, {""node_id"": ""980"", ""algorithm_step_name"": ""Select Columns"", ""node_name"": ""训练数据列选择"", ""node_params"": {""ignores"": [0], ""features"": [1, 2, 3, 4, 6, 7, 8, 9, 10, 11, 12, 13, 14, 15, 16, 17, 18, 19], ""targets"": [5]}, ""contrast_level"": 2, ""node_type"": ""preprocess""}, {""node_id"": ""981"", ""algorithm_step_name"": ""Select Columns"", ""node_name"": ""测试数据列选择"", ""node_params"": {""ignores"": [0], ""features"": [1, 2, 3, 4, 6, 7, 8, 9, 10, 11, 12, 13, 14, 15, 16, 17, 18, 19], ""targets"": [5]}, ""contrast_level"": 2, ""node_type"": ""preprocess""}, {""node_id"": ""983"", ""algorithm_step_name"": ""Linear Regression"", ""node_name"": ""线性回归模型"", ""node_params"": {}, ""contrast_level"": 1, ""node_type"": ""model""}, {""node_id"": ""985"", ""algorithm_step_name"": ""Test Dataset Predictions"", ""node_name"": ""预测"", ""node_params"": {""output_probabilities"": false}, ""contrast_level"": 2, ""node_type"": ""predict""}, {""node_id"": ""986"", ""algorithm_step_name"": ""Save Data"", ""node_name"": ""保存预测结果"", ""node_params"": {}, ""contrast_level"": 1, ""node_type"": ""io""}]}"
"Train data: heart_attack_prediction_dataset_train
test data: heart_attack_prediction_dataset_test
Use the training data and test data to go through all of the following tasks, taking care not to leave anything out:
1. Convert the values in the data for the category column 'Diet'. Use 1, 2, 3 for 'Healthy', 'Average', and 'Unhealthy' respectively.
2. Build a RandomForest model to predict the Heart Attack Risk using all features. Fit the model on the training set.
3. Make predictions on the test set.
4. Save predictions.",0.7778,15297,2026,0,0,0,0,0,"{""edges"": [{""edge_id"": ""22920"", ""source_node_id"": ""994"", ""target_node_id"": ""29285""}, {""edge_id"": ""22921"", ""source_node_id"": ""995"", ""target_node_id"": ""29286""}, {""edge_id"": ""22922"", ""source_node_id"": ""29285"", ""target_node_id"": ""1000""}, {""edge_id"": ""22923"", ""source_node_id"": ""29286"", ""target_node_id"": ""1001""}, {""edge_id"": ""22924"", ""source_node_id"": ""1000"", ""target_node_id"": ""1001""}, {""edge_id"": ""22925"", ""source_node_id"": ""1001"", ""target_node_id"": ""1002""}], ""nodes"": [{""node_id"": ""994"", ""widget_name"": ""SQL Table"", ""node_name"": ""加载训练数据"", ""node_params"": {""table_name"": ""heart_attack_prediction_dataset_train"", ""target_column"": ""Heart_Attack_Risk""}, ""matched"": true}, {""node_id"": ""995"", ""widget_name"": ""SQL Table"", ""node_name"": ""加载测试数据"", ""node_params"": {""table_name"": ""heart_attack_prediction_dataset_test"", ""target_column"": ""Heart_Attack_Risk""}, ""matched"": true}, {""node_id"": ""29285"", ""widget_name"": ""Edit Domain"", ""node_name"": ""转换训练数据Diet列"", ""node_params"": {""column_name"": ""Diet"", ""valueMappings"": [{""key"": 0, ""originValue"": ""Healthy"", ""currentValue"": ""1""}, {""key"": 1, ""originValue"": ""Average"", ""currentValue"": ""2""}, {""key"": 2, ""originValue"": ""Unhealthy"", ""currentValue"": ""3""}]}, ""matched"": false}, {""node_id"": ""29286"", ""widget_name"": ""Edit Domain"", ""node_name"": ""转换测试数据Diet列"", ""node_params"": {""column_name"": ""Diet"", ""valueMappings"": [{""key"": 0, ""originValue"": ""Healthy"", ""currentValue"": ""1""}, {""key"": 1, ""originValue"": ""Average"", ""currentValue"": ""2""}, {""key"": 2, ""originValue"": ""Unhealthy"", ""currentValue"": ""3""}]}, ""matched"": false}, {""node_id"": ""1000"", ""widget_name"": ""Random Forest"", ""node_name"": ""随机森林模型"", ""node_params"": {""n_estimators"": 10, ""use_max_features"": false, ""max_features"": ""auto"", ""use_random_state"": false, ""use_max_depth"": false, ""max_depth"": 3, ""use_min_samples_split"": true, ""min_samples_split"": 2}, ""matched"": true}, {""node_id"": ""1001"", ""widget_name"": ""Predictions"", ""node_name"": ""预测"", ""node_params"": {""output_attrs"": true, ""output_predictions"": true, ""output_probabilities"": true}, ""matched"": true}, {""node_id"": ""1002"", ""widget_name"": ""Save Data"", ""node_name"": ""保存预测结果"", ""node_params"": {}, ""matched"": true}]}","{""dependency_requirements"": [{""edge_id"": ""772"", ""source_node_id"": ""994"", ""target_node_id"": ""996""}, {""edge_id"": ""773"", ""source_node_id"": ""995"", ""target_node_id"": ""997""}, {""edge_id"": ""778"", ""source_node_id"": ""1000"", ""target_node_id"": ""1001""}, {""edge_id"": ""779"", ""source_node_id"": ""1001"", ""target_node_id"": ""1002""}, {""edge_id"": ""780"", ""source_node_id"": ""997"", ""target_node_id"": ""1001""}, {""edge_id"": ""781"", ""source_node_id"": ""996"", ""target_node_id"": ""1000""}], ""step_requirements"": [{""node_id"": ""994"", ""algorithm_step_name"": ""Tabular Dataset Loading"", ""node_name"": ""训练数据"", ""node_params"": {""table_name"": ""heart_attack_prediction_dataset_train"", ""target_column"": ""Heart_Attack_Risk""}, ""contrast_level"": 2, ""node_type"": ""io""}, {""node_id"": ""995"", ""algorithm_step_name"": ""Tabular Dataset Loading"", ""node_name"": ""测试数据"", ""node_params"": {""table_name"": ""heart_attack_prediction_dataset_test"", ""target_column"": ""Heart_Attack_Risk""}, ""contrast_level"": 2, ""node_type"": ""io""}, {""node_id"": ""996"", ""algorithm_step_name"": ""Edit Domain"", ""node_name"": ""编辑域"", ""node_params"": {""column_name"": ""Diet"", ""valueMappings"": [{""key"": 1, ""originValue"": ""Healthy"", ""currentValue"": ""1""}, {""key"": 2, ""originValue"": ""Average"", ""currentValue"": ""2""}, {""key"": 3, ""originValue"": ""Unhealthy"", ""currentValue"": ""3""}]}, ""contrast_level"": 2, ""node_type"": ""preprocess""}, {""node_id"": ""997"", ""algorithm_step_name"": ""Edit Domain"", ""node_name"": ""编辑域"", ""node_params"": {""column_name"": ""Diet"", ""valueMappings"": [{""key"": 1, ""originValue"": ""Healthy"", ""currentValue"": ""1""}, {""key"": 2, ""originValue"": ""Average"", ""currentValue"": ""2""}, {""key"": 3, ""originValue"": ""Unhealthy"", ""currentValue"": ""3""}]}, ""contrast_level"": 2, ""node_type"": ""preprocess""}, {""node_id"": ""1000"", ""algorithm_step_name"": ""Random Forest"", ""node_name"": ""随机森林模型"", ""node_params"": {}, ""contrast_level"": 1, ""node_type"": ""model""}, {""node_id"": ""1001"", ""algorithm_step_name"": ""Test Dataset Predictions"", ""node_name"": ""预测"", ""node_params"": {""output_probabilities"": true}, ""contrast_level"": 2, ""node_type"": ""predict""}, {""node_id"": ""1002"", ""algorithm_step_name"": ""Save Data"", ""node_name"": ""保存预测结果"", ""node_params"": {}, ""contrast_level"": 1, ""node_type"": ""io""}]}"
"Train data path: housing_price_prediction_train
test data path: housing_price_prediction_test
Use the training data and test data to go through all of the following tasks, taking care not to leave anything out:
1. loading 'housing_price_prediction_train' data and loading 'housing_price_prediction_test' data
2. Build a linear regression model to predict the housing price. Fit the model on the training set.
3. Make predictions on the test set.
4. Save predictions.",0.7143,13975,288,0,0,0,0,0,"{""edges"": [{""edge_id"": ""22926"", ""source_node_id"": ""29290"", ""target_node_id"": ""1009""}, {""edge_id"": ""22927"", ""source_node_id"": ""29291"", ""target_node_id"": ""1012""}, {""edge_id"": ""22928"", ""source_node_id"": ""1009"", ""target_node_id"": ""1012""}, {""edge_id"": ""22929"", ""source_node_id"": ""1012"", ""target_node_id"": ""1013""}], ""nodes"": [{""node_id"": ""29290"", ""widget_name"": ""File"", ""node_name"": ""加载训练数据"", ""node_params"": {""type"": ""sample"", ""filename"": ""housing_price_prediction_train.csv""}, ""matched"": false}, {""node_id"": ""29291"", ""widget_name"": ""File"", ""node_name"": ""加载测试数据"", ""node_params"": {""type"": ""sample"", ""filename"": ""housing_price_prediction_test.csv""}, ""matched"": false}, {""node_id"": ""1009"", ""widget_name"": ""Linear Regression"", ""node_name"": ""线性回归模型"", ""node_params"": {""regression_type"": ""0""}, ""matched"": true}, {""node_id"": ""1012"", ""widget_name"": ""Predictions"", ""node_name"": ""预测"", ""node_params"": {""output_attrs"": true, ""output_predictions"": true, ""output_probabilities"": false}, ""matched"": true}, {""node_id"": ""1013"", ""widget_name"": ""Save Data"", ""node_name"": ""保存预测结果"", ""node_params"": {}, ""matched"": true}]}","{""dependency_requirements"": [{""edge_id"": ""789"", ""source_node_id"": ""1009"", ""target_node_id"": ""1012""}, {""edge_id"": ""790"", ""source_node_id"": ""1012"", ""target_node_id"": ""1013""}, {""edge_id"": ""791"", ""source_node_id"": ""1005"", ""target_node_id"": ""1012""}, {""edge_id"": ""792"", ""source_node_id"": ""1004"", ""target_node_id"": ""1009""}], ""step_requirements"": [{""node_id"": ""1004"", ""algorithm_step_name"": ""Tabular Dataset Loading"", ""node_name"": ""房价预测训练数据"", ""node_params"": {""table_name"": ""housing_price_prediction_train"", ""target_column"": ""price""}, ""contrast_level"": 2, ""node_type"": ""io""}, {""node_id"": ""1005"", ""algorithm_step_name"": ""Tabular Dataset Loading"", ""node_name"": ""房价预测测试数据"", ""node_params"": {""table_name"": ""housing_price_prediction_test"", ""target_column"": ""price""}, ""contrast_level"": 2, ""node_type"": ""io""}, {""node_id"": ""1009"", ""algorithm_step_name"": ""Linear Regression"", ""node_name"": ""线性回归模型"", ""node_params"": {}, ""contrast_level"": 1, ""node_type"": ""model""}, {""node_id"": ""1012"", ""algorithm_step_name"": ""Test Dataset Predictions"", ""node_name"": ""预测"", ""node_params"": {""output_probabilities"": false}, ""contrast_level"": 2, ""node_type"": ""predict""}, {""node_id"": ""1013"", ""algorithm_step_name"": ""Save Data"", ""node_name"": ""保存预测结果"", ""node_params"": {}, ""contrast_level"": 1, ""node_type"": ""io""}]}"
"Train data: life_expectancy_data_train
test data: life_expectancy_data_test
Use the training data and test data to go through all of the following tasks, taking care not to leave anything out:
1. Perform feature construction to build a new feature named ""GDP_bins"" to categorize the GDP into several bins. The GDP bins are defined as follows:
  - ""Low GDP"": GDP <= 1000
  - ""Medium GDP"": 1000 < GDP <= 10000
  - ""High GDP"": GDP > 10000
2. Create a predictive model to predict life expectancy. Use Linear regression as the model. Fit the model on the training set.
3. Make predictions on the test set.
4. Save predictions.",0.5556,14043,514,0,0,0,0,0,"{""edges"": [{""edge_id"": ""22930"", ""source_node_id"": ""29295"", ""target_node_id"": ""29297""}, {""edge_id"": ""22931"", ""source_node_id"": ""29297"", ""target_node_id"": ""1022""}, {""edge_id"": ""22932"", ""source_node_id"": ""29296"", ""target_node_id"": ""29299""}, {""edge_id"": ""22933"", ""source_node_id"": ""29299"", ""target_node_id"": ""1023""}, {""edge_id"": ""22934"", ""source_node_id"": ""1022"", ""target_node_id"": ""1023""}, {""edge_id"": ""22935"", ""source_node_id"": ""1023"", ""target_node_id"": ""1024""}], ""nodes"": [{""node_id"": ""29295"", ""widget_name"": ""File"", ""node_name"": ""训练数据"", ""node_params"": {""type"": ""sample"", ""filename"": ""life_expectancy_data_train.csv""}, ""matched"": false}, {""node_id"": ""29296"", ""widget_name"": ""File"", ""node_name"": ""测试数据"", ""node_params"": {""type"": ""sample"", ""filename"": ""life_expectancy_data_test.csv""}, ""matched"": false}, {""node_id"": ""29297"", ""widget_name"": ""Feature Constructor"", ""node_name"": ""特征构建"", ""node_params"": {""expressions"": [{""key"": 0, ""name"": ""GDP_bins"", ""expression"": ""'Low GDP' if GDP<=1000 else 'Medium GDP' if GDP<=10000 else 'High GDP'"", ""type"": 1, ""image"": ""C"", ""categories"": ""Low GDP, Medium GDP, High GDP""}]}, ""matched"": false}, {""node_id"": ""1022"", ""widget_name"": ""Linear Regression"", ""node_name"": ""线性回归模型"", ""node_params"": {""regression_type"": ""0""}, ""matched"": true}, {""node_id"": ""29299"", ""widget_name"": ""Feature Constructor"", ""node_name"": ""测试数据特征构建"", ""node_params"": {""expressions"": [{""key"": 0, ""name"": ""GDP_bins"", ""expression"": ""'Low GDP' if GDP<=1000 else 'Medium GDP' if GDP<=10000 else 'High GDP'"", ""type"": 1, ""image"": ""C"", ""categories"": ""Low GDP, Medium GDP, High GDP""}]}, ""matched"": false}, {""node_id"": ""1023"", ""widget_name"": ""Predictions"", ""node_name"": ""预测"", ""node_params"": {""output_attrs"": true, ""output_predictions"": true, ""output_probabilities"": false}, ""matched"": true}, {""node_id"": ""1024"", ""widget_name"": ""Save Data"", ""node_name"": ""保存预测结果"", ""node_params"": {}, ""matched"": true}]}","{""dependency_requirements"": [{""edge_id"": ""797"", ""source_node_id"": ""1018"", ""target_node_id"": ""1020""}, {""edge_id"": ""798"", ""source_node_id"": ""1019"", ""target_node_id"": ""1021""}, {""edge_id"": ""799"", ""source_node_id"": ""1020"", ""target_node_id"": ""1022""}, {""edge_id"": ""800"", ""source_node_id"": ""1021"", ""target_node_id"": ""1023""}, {""edge_id"": ""801"", ""source_node_id"": ""1022"", ""target_node_id"": ""1023""}, {""edge_id"": ""802"", ""source_node_id"": ""1023"", ""target_node_id"": ""1024""}], ""step_requirements"": [{""node_id"": ""1018"", ""algorithm_step_name"": ""Tabular Dataset Loading"", ""node_name"": ""预期寿命训练数据"", ""node_params"": {""table_name"": ""life_expectancy_data_train"", ""target_column"": ""Life_expectancy""}, ""contrast_level"": 2, ""node_type"": ""io""}, {""node_id"": ""1019"", ""algorithm_step_name"": ""Tabular Dataset Loading"", ""node_name"": ""预期寿命测试数据"", ""node_params"": {""table_name"": ""life_expectancy_data_test"", ""target_column"": ""Life_expectancy""}, ""contrast_level"": 2, ""node_type"": ""io""}, {""node_id"": ""1020"", ""algorithm_step_name"": ""Feature Construction"", ""node_name"": ""特征构建_训练数据"", ""node_params"": {""expressions"": [{""key"": 0, ""name"": ""GDP_bins"", ""expression"": ""'Low GDP' if GDP <= 1000 else 'Medium GDP' if GDP <= 10000 else 'High GDP'"", ""type"": ""1"", ""image"": ""C"", ""categories"": ""Low GDP, Medium GDP, High GDP""}]}, ""contrast_level"": 2, ""node_type"": ""feature engineering""}, {""node_id"": ""1021"", ""algorithm_step_name"": ""Feature Construction"", ""node_name"": ""特征构建_测试数据"", ""node_params"": {""expressions"": [{""key"": 0, ""name"": ""GDP_bins"", ""expression"": ""'Low GDP' if GDP <= 1000 else 'Medium GDP' if GDP <= 10000 else 'High GDP'"", ""type"": ""1"", ""image"": ""C"", ""categories"": ""Low GDP, Medium GDP, High GDP""}]}, ""contrast_level"": 2, ""node_type"": ""feature engineering""}, {""node_id"": ""1022"", ""algorithm_step_name"": ""Linear Regression"", ""node_name"": ""线性回归模型"", ""node_params"": {}, ""contrast_level"": 1, ""node_type"": ""model""}, {""node_id"": ""1023"", ""algorithm_step_name"": ""Test Dataset Predictions"", ""node_name"": ""预测"", ""node_params"": {""output_probabilities"": false}, ""contrast_level"": 2, ""node_type"": ""predict""}, {""node_id"": ""1024"", ""algorithm_step_name"": ""Save Data"", ""node_name"": ""保存预测结果"", ""node_params"": {}, ""contrast_level"": 1, ""node_type"": ""io""}]}"
"Train data: bank_customer_churn_train
test data: bank_customer_churn_test
Use the training data and test data to go through all of the following tasks, taking care not to leave anything out:
1. Drop the columns that will not be interesting to models, such as ""CustomerId"", ""Complain"", and ""Surname"".
2. Use one-hot encoding for ""Geography"" and ""Card Type"".
3. Construct a model using XGBoost to predict categorical target variable ""Exited"".
4. Make predictions on the test set.
5. Save predictions.",0.2222,47894,5218,0,0,0,0,0,"{""edges"": [], ""nodes"": [{""node_id"": ""694"", ""widget_name"": ""SQL Table"", ""node_name"": ""银行客户流失训练数据"", ""node_params"": {""table_name"": ""bank_customer_churn_train"", ""target_column"": ""Exited""}, ""matched"": true}, {""node_id"": ""695"", ""widget_name"": ""SQL Table"", ""node_name"": ""银行客户流失测试数据"", ""node_params"": {""table_name"": ""bank_customer_churn_test"", ""target_column"": ""Exited""}, ""matched"": true}, {""node_id"": ""29304"", ""widget_name"": ""Select Columns"", ""node_name"": ""训练数据列选择"", ""node_params"": {""ignores"": [], ""features"": [], ""targets"": """"}, ""matched"": false}]}","{""dependency_requirements"": [{""edge_id"": ""503"", ""source_node_id"": ""694"", ""target_node_id"": ""696""}, {""edge_id"": ""504"", ""source_node_id"": ""695"", ""target_node_id"": ""697""}, {""edge_id"": ""505"", ""source_node_id"": ""696"", ""target_node_id"": ""698""}, {""edge_id"": ""506"", ""source_node_id"": ""697"", ""target_node_id"": ""699""}, {""edge_id"": ""507"", ""source_node_id"": ""698"", ""target_node_id"": ""700""}, {""edge_id"": ""508"", ""source_node_id"": ""699"", ""target_node_id"": ""701""}, {""edge_id"": ""509"", ""source_node_id"": ""700"", ""target_node_id"": ""701""}, {""edge_id"": ""510"", ""source_node_id"": ""701"", ""target_node_id"": ""702""}], ""step_requirements"": [{""node_id"": ""694"", ""algorithm_step_name"": ""Tabular Dataset Loading"", ""node_name"": ""银行客户流失训练数据"", ""node_params"": {""table_name"": ""bank_customer_churn_train"", ""target_column"": ""Exited""}, ""contrast_level"": 2, ""node_type"": ""io""}, {""node_id"": ""695"", ""algorithm_step_name"": ""Tabular Dataset Loading"", ""node_name"": ""银行客户流失测试数据"", ""node_params"": {""table_name"": ""bank_customer_churn_test"", ""target_column"": ""Exited""}, ""contrast_level"": 2, ""node_type"": ""io""}, {""node_id"": ""696"", ""algorithm_step_name"": ""Select Columns"", ""node_name"": ""选择训练数据列"", ""node_params"": {""ignores"": [], ""features"": [0, 1, 2, 3, 4, 5, 6, 7, 8, 9, 11, 12, 13], ""targets"": [10]}, ""contrast_level"": 2, ""node_type"": ""preprocess""}, {""node_id"": ""697"", ""algorithm_step_name"": ""Select Columns"", ""node_name"": ""选择测试数据列"", ""node_params"": {""ignores"": [], ""features"": [0, 1, 2, 3, 4, 5, 6, 7, 8, 9, 11, 12, 13], ""targets"": [10]}, ""contrast_level"": 2, ""node_type"": ""preprocess""}, {""node_id"": ""698"", ""algorithm_step_name"": ""One Hot Encoding"", ""node_name"": ""训练数据独热编码"", ""node_params"": {""encode_vars"": [""Geography"", ""CardType""]}, ""contrast_level"": 2, ""node_type"": ""feature engineering""}, {""node_id"": ""699"", ""algorithm_step_name"": ""One Hot Encoding"", ""node_name"": ""测试数据独热编码"", ""node_params"": {""encode_vars"": [""Geography"", ""CardType""]}, ""contrast_level"": 2, ""node_type"": ""feature engineering""}, {""node_id"": ""700"", ""algorithm_step_name"": ""XGBoost"", ""node_name"": ""XGBoost"", ""node_params"": {}, ""contrast_level"": 1, ""node_type"": ""model""}, {""node_id"": ""701"", ""algorithm_step_name"": ""Test Dataset Predictions"", ""node_name"": ""预测"", ""node_params"": {""output_probabilities"": true}, ""contrast_level"": 2, ""node_type"": ""predict""}, {""node_id"": ""702"", ""algorithm_step_name"": ""Save Data"", ""node_name"": ""保存预测结果"", ""node_params"": {}, ""contrast_level"": 1, ""node_type"": ""io""}]}"
"Train data: cardiovascular_diseases_risk_prediction_train
test data: cardiovascular_diseases_risk_prediction_test
Use the training data and test data to go through all of the following tasks, taking care not to leave anything out:
1. Drop all rows with missing values from the dataset. And then drop the duplicates.
2. Perform feature construction to build a new feature named ""BMI_Category"" to categorize the BMI (Body Mass Index) of each individual into one of four categories:
    - ""Underweight"" is a BMI less than 18.5,
    - ""Normal weight"" is a BMI from 18.5 to 24.9,
    - ""Overweight"" is a BMI from 25 to 29.9,
    - ""Obesity"" is a BMI of 30 or higher.
3. Try to predict Heart_Disease based on all other variables.
Construct a model to predict Heart_Disease.
Fit the model on the training set.
4. Make predictions on the test set.
5. Save predictions.",0.8824,17528,2857,0,0,0,0,0,"{""edges"": [{""edge_id"": ""22936"", ""source_node_id"": ""1034"", ""target_node_id"": ""1043""}, {""edge_id"": ""22937"", ""source_node_id"": ""1035"", ""target_node_id"": ""1044""}, {""edge_id"": ""22938"", ""source_node_id"": ""1043"", ""target_node_id"": ""1036""}, {""edge_id"": ""22939"", ""source_node_id"": ""1044"", ""target_node_id"": ""1037""}, {""edge_id"": ""22940"", ""source_node_id"": ""1036"", ""target_node_id"": ""29311""}, {""edge_id"": ""22941"", ""source_node_id"": ""1037"", ""target_node_id"": ""29312""}, {""edge_id"": ""22942"", ""source_node_id"": ""29311"", ""target_node_id"": ""29313""}, {""edge_id"": ""22943"", ""source_node_id"": ""29312"", ""target_node_id"": ""29314""}, {""edge_id"": ""22944"", ""source_node_id"": ""29313"", ""target_node_id"": ""1040""}, {""edge_id"": ""22945"", ""source_node_id"": ""29314"", ""target_node_id"": ""1041""}, {""edge_id"": ""22946"", ""source_node_id"": ""1040"", ""target_node_id"": ""1041""}, {""edge_id"": ""22947"", ""source_node_id"": ""1041"", ""target_node_id"": ""1042""}], ""nodes"": [{""node_id"": ""1034"", ""widget_name"": ""SQL Table"", ""node_name"": ""心血管疾病风险预测训练数据"", ""node_params"": {""table_name"": ""cardiovascular_diseases_risk_prediction_train"", ""target_column"": ""Heart_Disease""}, ""matched"": true}, {""node_id"": ""1035"", ""widget_name"": ""SQL Table"", ""node_name"": ""心血管疾病风险预测测试数据"", ""node_params"": {""table_name"": ""cardiovascular_diseases_risk_prediction_test"", ""target_column"": ""Heart_Disease""}, ""matched"": true}, {""node_id"": ""1043"", ""widget_name"": ""Impute"", ""node_name"": ""训练数据缺失值处理"", ""node_params"": {""method"": 5}, ""matched"": true}, {""node_id"": ""1044"", ""widget_name"": ""Impute"", ""node_name"": ""测试数据缺失值处理"", ""node_params"": {""method"": 5}, ""matched"": true}, {""node_id"": ""1036"", ""widget_name"": ""Unique"", ""node_name"": ""训练数据去重"", ""node_params"": {""selGroupByVariables"": [], ""configure"": ""Last instance""}, ""matched"": true}, {""node_id"": ""1037"", ""widget_name"": ""Unique"", ""node_name"": ""测试数据去重"", ""node_params"": {""selGroupByVariables"": [], ""configure"": ""Last instance""}, ""matched"": true}, {""node_id"": ""29311"", ""widget_name"": ""Feature Constructor"", ""node_name"": ""训练数据特征构建"", ""node_params"": {""expressions"": [{""key"": 0, ""name"": ""BMI_Category"", ""expression"": ""'Underweight' if BMI < 18.5 else 'Normal weight' if BMI <= 24.9 else 'Overweight' if BMI <= 29.9 else 'Obesity'"", ""type"": 1, ""image"": ""C"", ""categories"": ""Underweight, Normal weight, Overweight, Obesity""}]}, ""matched"": false}, {""node_id"": ""29312"", ""widget_name"": ""Feature Constructor"", ""node_name"": ""测试数据特征构建"", ""node_params"": {""expressions"": [{""key"": 0, ""name"": ""BMI_Category"", ""expression"": ""'Underweight' if BMI < 18.5 else 'Normal weight' if BMI <= 24.9 else 'Overweight' if BMI <= 29.9 else 'Obesity'"", ""type"": 1, ""image"": ""C"", ""categories"": ""Underweight, Normal weight, Overweight, Obesity""}]}, ""matched"": false}, {""node_id"": ""29313"", ""widget_name"": ""One Hot Encoder"", ""node_name"": ""训练数据独热编码"", ""node_params"": {""encode_vars"": [""BMI_Category""]}, ""matched"": false}, {""node_id"": ""29314"", ""widget_name"": ""One Hot Encoder"", ""node_name"": ""测试数据独热编码"", ""node_params"": {""encode_vars"": [""BMI_Category""]}, ""matched"": false}, {""node_id"": ""1040"", ""widget_name"": ""Random Forest"", ""node_name"": ""随机森林模型"", ""node_params"": {""n_estimators"": 10, ""use_max_features"": false, ""max_features"": ""auto"", ""use_random_state"": false, ""use_max_depth"": false, ""max_depth"": 3, ""use_min_samples_split"": true, ""min_samples_split"": 2}, ""matched"": true}, {""node_id"": ""1041"", ""widget_name"": ""Predictions"", ""node_name"": ""预测"", ""node_params"": {""output_attrs"": true, ""output_predictions"": true, ""output_probabilities"": true}, ""matched"": true}, {""node_id"": ""1042"", ""widget_name"": ""Save Data"", ""node_name"": ""保存预测结果"", ""node_params"": {}, ""matched"": true}]}","{""dependency_requirements"": [{""edge_id"": ""811"", ""source_node_id"": ""1043"", ""target_node_id"": ""1036""}, {""edge_id"": ""812"", ""source_node_id"": ""1044"", ""target_node_id"": ""1037""}, {""edge_id"": ""813"", ""source_node_id"": ""1036"", ""target_node_id"": ""1038""}, {""edge_id"": ""814"", ""source_node_id"": ""1037"", ""target_node_id"": ""1039""}, {""edge_id"": ""815"", ""source_node_id"": ""1038"", ""target_node_id"": ""1040""}, {""edge_id"": ""816"", ""source_node_id"": ""1039"", ""target_node_id"": ""1041""}, {""edge_id"": ""817"", ""source_node_id"": ""1040"", ""target_node_id"": ""1041""}, {""edge_id"": ""818"", ""source_node_id"": ""1041"", ""target_node_id"": ""1042""}, {""edge_id"": ""819"", ""source_node_id"": ""1035"", ""target_node_id"": ""1044""}, {""edge_id"": ""820"", ""source_node_id"": ""1034"", ""target_node_id"": ""1043""}], ""step_requirements"": [{""node_id"": ""1034"", ""algorithm_step_name"": ""Tabular Dataset Loading"", ""node_name"": ""心血管疾病风险预测训练数据"", ""node_params"": {""table_name"": ""cardiovascular_diseases_risk_prediction_train"", ""target_column"": ""Heart_Disease""}, ""contrast_level"": 2, ""node_type"": ""io""}, {""node_id"": ""1035"", ""algorithm_step_name"": ""Tabular Dataset Loading"", ""node_name"": ""心血管疾病风险预测测试数据"", ""node_params"": {""table_name"": ""cardiovascular_diseases_risk_prediction_test"", ""target_column"": ""Heart_Disease""}, ""contrast_level"": 2, ""node_type"": ""io""}, {""node_id"": ""1036"", ""algorithm_step_name"": ""Unique"", ""node_name"": ""训练数据去重"", ""node_params"": {}, ""contrast_level"": 1, ""node_type"": ""preprocess""}, {""node_id"": ""1037"", ""algorithm_step_name"": ""Unique"", ""node_name"": ""测试数据去重"", ""node_params"": {}, ""contrast_level"": 1, ""node_type"": ""preprocess""}, {""node_id"": ""1038"", ""algorithm_step_name"": ""Feature Construction"", ""node_name"": ""训练数据特征构建"", ""node_params"": {""expressions"": [{""key"": 0, ""name"": ""BMI_Category"", ""expression"": ""'Underweight' if BMI < 18.5 else 'Normal weight' if 18.5 <= BMI < 24.9 else 'Overweight' if 25 <= BMI < 29.9 else 'Obesity'"", ""type"": ""1"", ""image"": ""C"", ""categories"": ""Underweight, Normal weight, Overweight, Obesity""}]}, ""contrast_level"": 2, ""node_type"": ""feature engineering""}, {""node_id"": ""1039"", ""algorithm_step_name"": ""Feature Construction"", ""node_name"": ""测试数据特征构建"", ""node_params"": {""expressions"": [{""key"": 0, ""name"": ""BMI_Category"", ""expression"": ""'Underweight' if BMI < 18.5 else 'Normal weight' if 18.5 <= BMI < 24.9 else 'Overweight' if 25 <= BMI < 29.9 else 'Obesity'"", ""type"": ""1"", ""image"": ""C"", ""categories"": ""Underweight, Normal weight, Overweight, Obesity""}]}, ""contrast_level"": 2, ""node_type"": ""feature engineering""}, {""node_id"": ""1040"", ""algorithm_step_name"": ""Random Forest"", ""node_name"": ""随机森林模型"", ""node_params"": {}, ""contrast_level"": 0, ""node_type"": ""model""}, {""node_id"": ""1041"", ""algorithm_step_name"": ""Test Dataset Predictions"", ""node_name"": ""预测"", ""node_params"": {""output_probabilities"": true}, ""contrast_level"": 2, ""node_type"": ""predict""}, {""node_id"": ""1042"", ""algorithm_step_name"": ""Save Data"", ""node_name"": ""保存预测结果"", ""node_params"": {}, ""contrast_level"": 1, ""node_type"": ""io""}, {""node_id"": ""1043"", ""algorithm_step_name"": ""Missing Value Handling"", ""node_name"": ""缺失值处理"", ""node_params"": {}, ""contrast_level"": 1, ""node_type"": ""preprocess""}, {""node_id"": ""1044"", ""algorithm_step_name"": ""Missing Value Handling"", ""node_name"": ""缺失值处理"", ""node_params"": {}, ""contrast_level"": 1, ""node_type"": ""preprocess""}]}"
"Train data: coffee_quality_data_cqi_train
test data path: coffee_quality_data_cqi_test
Use the training data and test data to go through all of the following tasks, taking care not to leave anything out:
1. Drop duplicated rows from the dataset.
2. Drop the following columns from the dataset: ""ID"", ""ICO Number"", ""Owner"", ""Region"", ""Certification Contact"", ""Certification Address"", ""Farm Name"", ""Lot Number"", ""Mill"", ""ICO Number"", ""Producer"", ""Company"", ""Expiration"", ""Harvest Year"", ""Unnamed: 0"", ""Number of Bags"", ""Bag Weight"", ""In-Country Partner"", ""Country of Origin"", ""Processing Method"", ""Grading Date"", ""Variety"", ""Status"", ""Defects"", ""Uniformity"", ""Clean Cup"", ""Sweetness"", and ""Certification Body"".
3. For categorical column ""Color"", use one-hot encoding.
4. Try to predict Total Cup Points.
Build a regressor on the training set with RandomForestRegressor.
5. Make predictions on the test set.
6. Save predictions.",0.1818,45880,1961,0,0,0,0,0,"{""edges"": [{""edge_id"": ""22948"", ""source_node_id"": ""29318"", ""target_node_id"": ""807""}, {""edge_id"": ""22949"", ""source_node_id"": ""29319"", ""target_node_id"": ""808""}], ""nodes"": [{""node_id"": ""29318"", ""widget_name"": ""File"", ""node_name"": ""训练数据加载"", ""node_params"": {""type"": ""sample"", ""filename"": ""coffee_quality_data_cqi_train.csv""}, ""matched"": false}, {""node_id"": ""29319"", ""widget_name"": ""File"", ""node_name"": ""测试数据加载"", ""node_params"": {""type"": ""sample"", ""filename"": ""coffee_quality_data_cqi_test.csv""}, ""matched"": false}, {""node_id"": ""807"", ""widget_name"": ""Unique"", ""node_name"": ""训练数据去重"", ""node_params"": {""selGroupByVariables"": [], ""configure"": ""Last instance""}, ""matched"": true}, {""node_id"": ""808"", ""widget_name"": ""Unique"", ""node_name"": ""测试数据去重"", ""node_params"": {""selGroupByVariables"": [], ""configure"": ""Last instance""}, ""matched"": true}, {""node_id"": ""29322"", ""widget_name"": ""Select Columns"", ""node_name"": ""训练数据列选择"", ""node_params"": {""ignores"": [], ""features"": [], ""targets"": """"}, ""matched"": false}, {""node_id"": ""29323"", ""widget_name"": ""Select Columns"", ""node_name"": ""测试数据列选择"", ""node_params"": {""ignores"": [], ""features"": [], ""targets"": """"}, ""matched"": false}]}","{""dependency_requirements"": [{""edge_id"": ""600"", ""source_node_id"": ""805"", ""target_node_id"": ""807""}, {""edge_id"": ""601"", ""source_node_id"": ""806"", ""target_node_id"": ""808""}, {""edge_id"": ""602"", ""source_node_id"": ""807"", ""target_node_id"": ""809""}, {""edge_id"": ""603"", ""source_node_id"": ""808"", ""target_node_id"": ""810""}, {""edge_id"": ""604"", ""source_node_id"": ""809"", ""target_node_id"": ""811""}, {""edge_id"": ""605"", ""source_node_id"": ""810"", ""target_node_id"": ""812""}, {""edge_id"": ""606"", ""source_node_id"": ""811"", ""target_node_id"": ""813""}, {""edge_id"": ""607"", ""source_node_id"": ""812"", ""target_node_id"": ""814""}, {""edge_id"": ""608"", ""source_node_id"": ""813"", ""target_node_id"": ""814""}, {""edge_id"": ""609"", ""source_node_id"": ""814"", ""target_node_id"": ""815""}], ""step_requirements"": [{""node_id"": ""805"", ""algorithm_step_name"": ""Tabular Dataset Loading"", ""node_name"": ""咖啡质量训练数据"", ""node_params"": {""table_name"": ""coffee_quality_data_cqi_train"", ""target_column"": ""Total_Cup_Points""}, ""contrast_level"": 2, ""node_type"": ""io""}, {""node_id"": ""806"", ""algorithm_step_name"": ""Tabular Dataset Loading"", ""node_name"": ""咖啡质量测试数据"", ""node_params"": {""table_name"": ""coffee_quality_data_cqi_test"", ""target_column"": ""Total_Cup_Points""}, ""contrast_level"": 2, ""node_type"": ""io""}, {""node_id"": ""807"", ""algorithm_step_name"": ""Unique"", ""node_name"": ""训练数据去重"", ""node_params"": {}, ""contrast_level"": 1, ""node_type"": ""preprocess""}, {""node_id"": ""808"", ""algorithm_step_name"": ""Unique"", ""node_name"": ""测试数据去重"", ""node_params"": {}, ""contrast_level"": 1, ""node_type"": ""preprocess""}, {""node_id"": ""809"", ""algorithm_step_name"": ""Select Columns"", ""node_name"": ""训练数据列选择"", ""node_params"": {""ignores"": [], ""features"": [0, 1, 2, 3, 4, 5, 6, 7, 9, 10, 11, 12, 13], ""targets"": [8]}, ""contrast_level"": 2, ""node_type"": ""preprocess""}, {""node_id"": ""810"", ""algorithm_step_name"": ""Select Columns"", ""node_name"": ""测试数据列选择"", ""node_params"": {""ignores"": [], ""features"": [0, 1, 2, 3, 4, 5, 6, 7, 9, 10, 11, 12, 13], ""targets"": [8]}, ""contrast_level"": 2, ""node_type"": ""preprocess""}, {""node_id"": ""811"", ""algorithm_step_name"": ""One Hot Encoding"", ""node_name"": ""训练数据独热编码"", ""node_params"": {""encode_vars"": [""Color""]}, ""contrast_level"": 2, ""node_type"": ""feature engineering""}, {""node_id"": ""812"", ""algorithm_step_name"": ""One Hot Encoding"", ""node_name"": ""测试数据独热编码"", ""node_params"": {""encode_vars"": [""Color""]}, ""contrast_level"": 2, ""node_type"": ""feature engineering""}, {""node_id"": ""813"", ""algorithm_step_name"": ""Random Forest"", ""node_name"": ""随机森林回归模型"", ""node_params"": {}, ""contrast_level"": 1, ""node_type"": ""model""}, {""node_id"": ""814"", ""algorithm_step_name"": ""Test Dataset Predictions"", ""node_name"": ""预测"", ""node_params"": {""output_probabilities"": false}, ""contrast_level"": 2, ""node_type"": ""predict""}, {""node_id"": ""815"", ""algorithm_step_name"": ""Save Data"", ""node_name"": ""保存预测结果"", ""node_params"": {}, ""contrast_level"": 1, ""node_type"": ""io""}]}"
"Train data: diabetes_prediction_dataset_train
test data: diabetes_prediction_dataset_test
Use the training data and test data to go through all of the following tasks, taking care not to leave anything out:
1. Drop duplicate rows from the dataset.
2. Perform one-hot encoding on the ""gender"" and ""smoking_history"" columns.
3. Rank the most important features.
4. Build a random forest classifier to predict diabetes using all features. Fit the model on the training set.
5. Make predictions on the test set.
6. Save predictions.
7. Show the confusion matrix.",0.8947,13997,610,0,0,0,0,0,"{""edges"": [{""edge_id"": ""22950"", ""source_node_id"": ""29324"", ""target_node_id"": ""818""}, {""edge_id"": ""22951"", ""source_node_id"": ""29325"", ""target_node_id"": ""819""}, {""edge_id"": ""22952"", ""source_node_id"": ""818"", ""target_node_id"": ""820""}, {""edge_id"": ""22953"", ""source_node_id"": ""819"", ""target_node_id"": ""821""}, {""edge_id"": ""22954"", ""source_node_id"": ""820"", ""target_node_id"": ""822""}, {""edge_id"": ""22955"", ""source_node_id"": ""820"", ""target_node_id"": ""823""}, {""edge_id"": ""22956"", ""source_node_id"": ""821"", ""target_node_id"": ""824""}, {""edge_id"": ""22957"", ""source_node_id"": ""823"", ""target_node_id"": ""824""}, {""edge_id"": ""22958"", ""source_node_id"": ""824"", ""target_node_id"": ""825""}, {""edge_id"": ""22959"", ""source_node_id"": ""824"", ""target_node_id"": ""826""}], ""nodes"": [{""node_id"": ""29324"", ""widget_name"": ""File"", ""node_name"": ""训练数据加载"", ""node_params"": {""type"": ""sample"", ""filename"": ""diabetes_prediction_dataset_train.csv""}, ""matched"": false}, {""node_id"": ""29325"", ""widget_name"": ""File"", ""node_name"": ""测试数据加载"", ""node_params"": {""type"": ""sample"", ""filename"": ""diabetes_prediction_dataset_test.csv""}, ""matched"": false}, {""node_id"": ""818"", ""widget_name"": ""Unique"", ""node_name"": ""训练数据去重"", ""node_params"": {""selGroupByVariables"": [], ""configure"": ""Last instance""}, ""matched"": true}, {""node_id"": ""819"", ""widget_name"": ""Unique"", ""node_name"": ""测试数据去重"", ""node_params"": {""selGroupByVariables"": [], ""configure"": ""Last instance""}, ""matched"": true}, {""node_id"": ""820"", ""widget_name"": ""One Hot Encoder"", ""node_name"": ""训练数据独热编码"", ""node_params"": {""encode_vars"": [""gender"", ""smoking_history""]}, ""matched"": true}, {""node_id"": ""821"", ""widget_name"": ""One Hot Encoder"", ""node_name"": ""测试数据独热编码"", ""node_params"": {""encode_vars"": [""gender"", ""smoking_history""]}, ""matched"": true}, {""node_id"": ""822"", ""widget_name"": ""Rank"", ""node_name"": ""特征重要性排序"", ""node_params"": {}, ""matched"": true}, {""node_id"": ""823"", ""widget_name"": ""Random Forest"", ""node_name"": ""随机森林分类器"", ""node_params"": {""n_estimators"": 10, ""use_max_features"": false, ""max_features"": ""auto"", ""use_random_state"": false, ""use_max_depth"": false, ""max_depth"": 3, ""use_min_samples_split"": true, ""min_samples_split"": 2}, ""matched"": true}, {""node_id"": ""824"", ""widget_name"": ""Predictions"", ""node_name"": ""预测"", ""node_params"": {""output_attrs"": true, ""output_predictions"": true, ""output_probabilities"": true}, ""matched"": true}, {""node_id"": ""825"", ""widget_name"": ""Save Data"", ""node_name"": ""保存预测结果"", ""node_params"": {}, ""matched"": true}, {""node_id"": ""826"", ""widget_name"": ""Confusion Matrix"", ""node_name"": ""混淆矩阵"", ""node_params"": {}, ""matched"": true}]}","{""dependency_requirements"": [{""edge_id"": ""610"", ""source_node_id"": ""816"", ""target_node_id"": ""818""}, {""edge_id"": ""611"", ""source_node_id"": ""817"", ""target_node_id"": ""819""}, {""edge_id"": ""612"", ""source_node_id"": ""818"", ""target_node_id"": ""820""}, {""edge_id"": ""613"", ""source_node_id"": ""819"", ""target_node_id"": ""821""}, {""edge_id"": ""614"", ""source_node_id"": ""820"", ""target_node_id"": ""822""}, {""edge_id"": ""615"", ""source_node_id"": ""820"", ""target_node_id"": ""823""}, {""edge_id"": ""616"", ""source_node_id"": ""821"", ""target_node_id"": ""824""}, {""edge_id"": ""617"", ""source_node_id"": ""823"", ""target_node_id"": ""824""}, {""edge_id"": ""618"", ""source_node_id"": ""824"", ""target_node_id"": ""825""}, {""edge_id"": ""619"", ""source_node_id"": ""824"", ""target_node_id"": ""826""}], ""step_requirements"": [{""node_id"": ""816"", ""algorithm_step_name"": ""Tabular Dataset Loading"", ""node_name"": ""糖尿病预测训练数据"", ""node_params"": {""table_name"": ""diabetes_prediction_dataset_train"", ""target_column"": ""diabetes""}, ""contrast_level"": 2, ""node_type"": ""io""}, {""node_id"": ""817"", ""algorithm_step_name"": ""Tabular Dataset Loading"", ""node_name"": ""糖尿病预测测试数据"", ""node_params"": {""table_name"": ""diabetes_prediction_dataset_test"", ""target_column"": ""diabetes""}, ""contrast_level"": 2, ""node_type"": ""io""}, {""node_id"": ""818"", ""algorithm_step_name"": ""Unique"", ""node_name"": ""训练数据去重"", ""node_params"": {}, ""contrast_level"": 1, ""node_type"": ""preprocess""}, {""node_id"": ""819"", ""algorithm_step_name"": ""Unique"", ""node_name"": ""测试数据去重"", ""node_params"": {}, ""contrast_level"": 1, ""node_type"": ""preprocess""}, {""node_id"": ""820"", ""algorithm_step_name"": ""One Hot Encoding"", ""node_name"": ""训练数据独热编码"", ""node_params"": {""encode_vars"": [""gender"", ""smoking_history""]}, ""contrast_level"": 2, ""node_type"": ""feature engineering""}, {""node_id"": ""821"", ""algorithm_step_name"": ""One Hot Encoding"", ""node_name"": ""测试数据独热编码"", ""node_params"": {""encode_vars"": [""gender"", ""smoking_history""]}, ""contrast_level"": 2, ""node_type"": ""feature engineering""}, {""node_id"": ""822"", ""algorithm_step_name"": ""Rank"", ""node_name"": ""特征重要性排序"", ""node_params"": {}, ""contrast_level"": 1, ""node_type"": ""feature engineering""}, {""node_id"": ""823"", ""algorithm_step_name"": ""Random Forest"", ""node_name"": ""随机森林模型"", ""node_params"": {}, ""contrast_level"": 1, ""node_type"": ""model""}, {""node_id"": ""824"", ""algorithm_step_name"": ""Test Dataset Predictions"", ""node_name"": ""预测"", ""node_params"": {""output_probabilities"": true}, ""contrast_level"": 2, ""node_type"": ""predict""}, {""node_id"": ""825"", ""algorithm_step_name"": ""Save Data"", ""node_name"": ""保存预测结果"", ""node_params"": {}, ""contrast_level"": 1, ""node_type"": ""io""}, {""node_id"": ""826"", ""algorithm_step_name"": ""Confusion Matrix"", ""node_name"": ""混淆矩阵"", ""node_params"": {}, ""contrast_level"": 1, ""node_type"": ""visualize""}]}"
"Train data: disease_symptoms_and_patient_profile_dataset_train
test data: disease_symptoms_and_patient_profile_dataset_test
Use the training data and test data to go through all of the following tasks, taking care not to leave anything out:
you need build two logistic regression models to predict categorical target variable 'outcome variable'.
1. categorical features (except ""Disease"" column) into numerical features using one-hot encoding.
2. Use a feature selection technique to select the most important 5 features.
3. Build a logistic regression model1 using all features one-hot encoded.
4. Build a logistic regression model2 using only the most important 5 features.
5. Evaluate the performance of the model1 and model2 on the test set.",0.8462,15159,1152,0,0,0,0,0,"{""edges"": [{""edge_id"": ""22960"", ""source_node_id"": ""860"", ""target_node_id"": ""29337""}, {""edge_id"": ""22961"", ""source_node_id"": ""861"", ""target_node_id"": ""29338""}, {""edge_id"": ""22962"", ""source_node_id"": ""29337"", ""target_node_id"": ""864""}, {""edge_id"": ""22963"", ""source_node_id"": ""29337"", ""target_node_id"": ""865""}, {""edge_id"": ""22964"", ""source_node_id"": ""864"", ""target_node_id"": ""866""}, {""edge_id"": ""22965"", ""source_node_id"": ""29338"", ""target_node_id"": ""867""}, {""edge_id"": ""22966"", ""source_node_id"": ""865"", ""target_node_id"": ""867""}, {""edge_id"": ""22967"", ""source_node_id"": ""29338"", ""target_node_id"": ""868""}, {""edge_id"": ""22968"", ""source_node_id"": ""866"", ""target_node_id"": ""868""}], ""nodes"": [{""node_id"": ""860"", ""widget_name"": ""SQL Table"", ""node_name"": ""训练数据"", ""node_params"": {""table_name"": ""disease_symptoms_and_patient_profile_dataset_train"", ""target_column"": ""Outcome_Variable""}, ""matched"": true}, {""node_id"": ""861"", ""widget_name"": ""SQL Table"", ""node_name"": ""测试数据"", ""node_params"": {""table_name"": ""disease_symptoms_and_patient_profile_dataset_test"", ""target_column"": ""Outcome_Variable""}, ""matched"": true}, {""node_id"": ""29337"", ""widget_name"": ""One Hot Encoder"", ""node_name"": ""训练数据独热编码"", ""node_params"": {""encode_vars"": [""Sex"", ""Smoking"", ""Alcohol"", ""Diet"", ""Exercise"", ""Family_History"", ""Genetic_Marker"", ""Symptom_1"", ""Symptom_2"", ""Symptom_3"", ""Symptom_4"", ""Symptom_5""]}, ""matched"": false}, {""node_id"": ""29338"", ""widget_name"": ""One Hot Encoder"", ""node_name"": ""测试数据独热编码"", ""node_params"": {""encode_vars"": [""Sex"", ""Smoking"", ""Alcohol"", ""Diet"", ""Exercise"", ""Family_History"", ""Genetic_Marker"", ""Symptom_1"", ""Symptom_2"", ""Symptom_3"", ""Symptom_4"", ""Symptom_5""]}, ""matched"": false}, {""node_id"": ""864"", ""widget_name"": ""Select Best N Attributes"", ""node_name"": ""特征选择"", ""node_params"": {""n"": 5}, ""matched"": true}, {""node_id"": ""865"", ""widget_name"": ""Logistic Regression"", ""node_name"": ""逻辑回归模型1"", ""node_params"": {""C"": 1, ""penalty"": ""l2""}, ""matched"": true}, {""node_id"": ""866"", ""widget_name"": ""Logistic Regression"", ""node_name"": ""逻辑回归模型2"", ""node_params"": {""C"": 1, ""penalty"": ""l2""}, ""matched"": true}, {""node_id"": ""867"", ""widget_name"": ""Test & Score"", ""node_name"": ""测试评分1"", ""node_params"": {}, ""matched"": true}, {""node_id"": ""868"", ""widget_name"": ""Test & Score"", ""node_name"": ""测试评分2"", ""node_params"": {}, ""matched"": true}]}","{""dependency_requirements"": [{""edge_id"": ""661"", ""source_node_id"": ""860"", ""target_node_id"": ""862""}, {""edge_id"": ""662"", ""source_node_id"": ""861"", ""target_node_id"": ""863""}, {""edge_id"": ""663"", ""source_node_id"": ""862"", ""target_node_id"": ""864""}, {""edge_id"": ""664"", ""source_node_id"": ""862"", ""target_node_id"": ""865""}, {""edge_id"": ""665"", ""source_node_id"": ""864"", ""target_node_id"": ""866""}, {""edge_id"": ""666"", ""source_node_id"": ""862"", ""target_node_id"": ""867""}, {""edge_id"": ""667"", ""source_node_id"": ""863"", ""target_node_id"": ""867""}, {""edge_id"": ""668"", ""source_node_id"": ""865"", ""target_node_id"": ""867""}, {""edge_id"": ""669"", ""source_node_id"": ""863"", ""target_node_id"": ""868""}, {""edge_id"": ""670"", ""source_node_id"": ""866"", ""target_node_id"": ""868""}, {""edge_id"": ""671"", ""source_node_id"": ""864"", ""target_node_id"": ""868""}], ""step_requirements"": [{""node_id"": ""860"", ""algorithm_step_name"": ""Tabular Dataset Loading"", ""node_name"": ""疾病症状和患者资料训练数据"", ""node_params"": {""table_name"": ""disease_symptoms_and_patient_profile_dataset_train"", ""target_column"": ""Outcome_Variable""}, ""contrast_level"": 2, ""node_type"": ""io""}, {""node_id"": ""861"", ""algorithm_step_name"": ""Tabular Dataset Loading"", ""node_name"": ""疾病症状和患者资料测试数据"", ""node_params"": {""table_name"": ""disease_symptoms_and_patient_profile_dataset_test"", ""target_column"": ""Outcome_Variable""}, ""contrast_level"": 2, ""node_type"": ""io""}, {""node_id"": ""862"", ""algorithm_step_name"": ""One Hot Encoding"", ""node_name"": ""训练数据独热编码"", ""node_params"": {""encode_vars"": [""Fever"", ""Cough"", ""Fatigue"", ""Difficulty_Breathing"", ""Gender"", ""Blood_Pressure_Categorical"", ""Cholesterol_Categorical""]}, ""contrast_level"": 2, ""node_type"": ""feature engineering""}, {""node_id"": ""863"", ""algorithm_step_name"": ""One Hot Encoding"", ""node_name"": ""测试数据独热编码"", ""node_params"": {""encode_vars"": [""Fever"", ""Cough"", ""Fatigue"", ""Difficulty_Breathing"", ""Gender"", ""Blood_Pressure_Categorical"", ""Cholesterol_Categorical""]}, ""contrast_level"": 2, ""node_type"": ""feature engineering""}, {""node_id"": ""864"", ""algorithm_step_name"": ""Feature Selection"", ""node_name"": ""特征选择"", ""node_params"": {""n"": 5}, ""contrast_level"": 2, ""node_type"": ""feature engineering""}, {""node_id"": ""865"", ""algorithm_step_name"": ""Logistic Regression"", ""node_name"": ""逻辑回归模型"", ""node_params"": {}, ""contrast_level"": 1, ""node_type"": ""model""}, {""node_id"": ""866"", ""algorithm_step_name"": ""Logistic Regression"", ""node_name"": ""逻辑回归模型2"", ""node_params"": {}, ""contrast_level"": 1, ""node_type"": ""model""}, {""node_id"": ""867"", ""algorithm_step_name"": ""Model Evaluate"", ""node_name"": ""测试评分"", ""node_params"": {}, ""contrast_level"": 1, ""node_type"": ""evaluate""}, {""node_id"": ""868"", ""algorithm_step_name"": ""Model Evaluate"", ""node_name"": ""测试评分"", ""node_params"": {}, ""contrast_level"": 1, ""node_type"": ""evaluate""}]}"
"Train data: employee_train
test data: employee_test
Use the training data and test data to go through all of the following tasks, taking care not to leave anything out:
1. Perform feature construction to build a new feature named ""YearsInCompany"" to represent the number of years each employee has been in the company. It is calculated as 2023 minus the 'JoiningYear'.
2. Encode the categorical columns using one-hot encoding.
3. Build a random forest classifier to predict the 'LeaveOrNot' variable.
4. Make predictions on the test set.
5. Save predictions.
6. Confusion matrix showing predicted results.",0.6923,16377,1836,0,0,0,0,0,"{""edges"": [{""edge_id"": ""22969"", ""source_node_id"": ""968"", ""target_node_id"": ""29346""}, {""edge_id"": ""22970"", ""source_node_id"": ""29346"", ""target_node_id"": ""29347""}, {""edge_id"": ""22971"", ""source_node_id"": ""29346"", ""target_node_id"": ""29348""}, {""edge_id"": ""22972"", ""source_node_id"": ""29347"", ""target_node_id"": ""973""}, {""edge_id"": ""22973"", ""source_node_id"": ""29348"", ""target_node_id"": ""974""}, {""edge_id"": ""22974"", ""source_node_id"": ""973"", ""target_node_id"": ""974""}, {""edge_id"": ""22975"", ""source_node_id"": ""974"", ""target_node_id"": ""975""}, {""edge_id"": ""22976"", ""source_node_id"": ""974"", ""target_node_id"": ""976""}], ""nodes"": [{""node_id"": ""967"", ""widget_name"": ""SQL Table"", ""node_name"": ""员工训练数据"", ""node_params"": {""table_name"": ""employee_train"", ""target_column"": ""LeaveOrNot""}, ""matched"": true}, {""node_id"": ""968"", ""widget_name"": ""SQL Table"", ""node_name"": ""员工测试数据"", ""node_params"": {""table_name"": ""employee_test"", ""target_column"": ""LeaveOrNot""}, ""matched"": true}, {""node_id"": ""29346"", ""widget_name"": ""Feature Constructor"", ""node_name"": ""特征构建"", ""node_params"": {""expressions"": [{""key"": 0, ""name"": ""YearsInCompany"", ""expression"": ""2023 - JoiningYear"", ""type"": 2, ""image"": ""N"", ""categories"": ""A, B""}]}, ""matched"": false}, {""node_id"": ""29347"", ""widget_name"": ""One Hot Encoder"", ""node_name"": ""训练数据独热编码"", ""node_params"": {""encode_vars"": [""Department""]}, ""matched"": false}, {""node_id"": ""29348"", ""widget_name"": ""One Hot Encoder"", ""node_name"": ""测试数据独热编码"", ""node_params"": {""encode_vars"": [""Department""]}, ""matched"": false}, {""node_id"": ""973"", ""widget_name"": ""Random Forest"", ""node_name"": ""随机森林模型"", ""node_params"": {""n_estimators"": 10, ""use_max_features"": false, ""max_features"": ""auto"", ""use_random_state"": false, ""use_max_depth"": false, ""max_depth"": 3, ""use_min_samples_split"": true, ""min_samples_split"": 2}, ""matched"": true}, {""node_id"": ""974"", ""widget_name"": ""Predictions"", ""node_name"": ""预测"", ""node_params"": {""output_attrs"": true, ""output_predictions"": true, ""output_probabilities"": true}, ""matched"": true}, {""node_id"": ""975"", ""widget_name"": ""Save Data"", ""node_name"": ""保存预测结果"", ""node_params"": {}, ""matched"": true}, {""node_id"": ""976"", ""widget_name"": ""Confusion Matrix"", ""node_name"": ""混淆矩阵"", ""node_params"": {}, ""matched"": true}]}","{""dependency_requirements"": [{""edge_id"": ""749"", ""source_node_id"": ""967"", ""target_node_id"": ""969""}, {""edge_id"": ""750"", ""source_node_id"": ""968"", ""target_node_id"": ""970""}, {""edge_id"": ""751"", ""source_node_id"": ""969"", ""target_node_id"": ""971""}, {""edge_id"": ""752"", ""source_node_id"": ""970"", ""target_node_id"": ""972""}, {""edge_id"": ""753"", ""source_node_id"": ""971"", ""target_node_id"": ""973""}, {""edge_id"": ""754"", ""source_node_id"": ""972"", ""target_node_id"": ""974""}, {""edge_id"": ""755"", ""source_node_id"": ""973"", ""target_node_id"": ""974""}, {""edge_id"": ""756"", ""source_node_id"": ""974"", ""target_node_id"": ""975""}, {""edge_id"": ""757"", ""source_node_id"": ""974"", ""target_node_id"": ""976""}], ""step_requirements"": [{""node_id"": ""967"", ""algorithm_step_name"": ""Tabular Dataset Loading"", ""node_name"": ""员工训练数据"", ""node_params"": {""table_name"": ""employee_train"", ""target_column"": ""LeaveOrNot""}, ""contrast_level"": 2, ""node_type"": ""io""}, {""node_id"": ""968"", ""algorithm_step_name"": ""Tabular Dataset Loading"", ""node_name"": ""员工测试数据"", ""node_params"": {""table_name"": ""employee_test"", ""target_column"": ""LeaveOrNot""}, ""contrast_level"": 2, ""node_type"": ""io""}, {""node_id"": ""969"", ""algorithm_step_name"": ""Feature Construction"", ""node_name"": ""特征构造_训练数据"", ""node_params"": {""expressions"": [{""key"": 0, ""name"": ""YearsInCompany"", ""expression"": ""2023 - JoiningYear"", ""type"": ""2"", ""image"": ""N"", ""categories"": ""A, B""}]}, ""contrast_level"": 2, ""node_type"": ""feature engineering""}, {""node_id"": ""970"", ""algorithm_step_name"": ""Feature Construction"", ""node_name"": ""特征构造_测试数据"", ""node_params"": {""expressions"": [{""key"": 0, ""name"": ""YearsInCompany"", ""expression"": ""2023 - JoiningYear"", ""type"": ""2"", ""image"": ""N"", ""categories"": ""A, B""}]}, ""contrast_level"": 2, ""node_type"": ""feature engineering""}, {""node_id"": ""971"", ""algorithm_step_name"": ""One Hot Encoding"", ""node_name"": ""One Hot Encoder_训练数据"", ""node_params"": {""encode_vars"": [""Education"", ""City"", ""Gender"", ""EverBenched""]}, ""contrast_level"": 2, ""node_type"": ""feature engineering""}, {""node_id"": ""972"", ""algorithm_step_name"": ""One Hot Encoding"", ""node_name"": ""One Hot Encoder_测试数据"", ""node_params"": {""encode_vars"": [""Education"", ""City"", ""Gender"", ""EverBenched""]}, ""contrast_level"": 2, ""node_type"": ""feature engineering""}, {""node_id"": ""973"", ""algorithm_step_name"": ""Random Forest"", ""node_name"": ""随机森林分类器"", ""node_params"": {}, ""contrast_level"": 1, ""node_type"": ""model""}, {""node_id"": ""974"", ""algorithm_step_name"": ""Test Dataset Predictions"", ""node_name"": ""预测"", ""node_params"": {""output_probabilities"": true}, ""contrast_level"": 2, ""node_type"": ""predict""}, {""node_id"": ""975"", ""algorithm_step_name"": ""Save Data"", ""node_name"": ""保存预测结果"", ""node_params"": {}, ""contrast_level"": 1, ""node_type"": ""io""}, {""node_id"": ""976"", ""algorithm_step_name"": ""Confusion Matrix"", ""node_name"": ""混淆矩阵"", ""node_params"": {}, ""contrast_level"": 1, ""node_type"": ""visualize""}]}"
"Train data: global_data_on_sustainable_energy_train
test data: global_data_on_sustainable_energy__test
Use the training data and test data to go through all of the following tasks, taking care not to leave anything out:
1. The features are all other columns except 'Entity' and 'Year'.
2. The target variable is 'Renewable energy share in the total final energy consumption (%)'. Build a linear regression model to predict the outcome variable using all features. Fit the model on the training set.
3. Make predictions on the test set.
4. Save predictions.",0.2857,55069,8555,0,0,0,0,0,"{""edges"": [], ""nodes"": [{""node_id"": ""977"", ""widget_name"": ""SQL Table"", ""node_name"": ""训练数据"", ""node_params"": {""table_name"": ""global_data_on_sustainable_energy_train"", ""target_column"": ""Renewable_energy_share_total_final_energy_consumption_percentage""}, ""matched"": true}, {""node_id"": ""978"", ""widget_name"": ""SQL Table"", ""node_name"": ""测试数据"", ""node_params"": {""table_name"": ""global_data_on_sustainable_energy__test"", ""target_column"": ""Renewable_energy_share_total_final_energy_consumption_percentage""}, ""matched"": true}, {""node_id"": ""29355"", ""widget_name"": ""Select Columns"", ""node_name"": ""训练数据特征选择"", ""node_params"": {""ignores"": [], ""features"": [], ""targets"": """"}, ""matched"": false}]}","{""dependency_requirements"": [{""edge_id"": ""759"", ""source_node_id"": ""977"", ""target_node_id"": ""980""}, {""edge_id"": ""760"", ""source_node_id"": ""978"", ""target_node_id"": ""981""}, {""edge_id"": ""762"", ""source_node_id"": ""980"", ""target_node_id"": ""983""}, {""edge_id"": ""766"", ""source_node_id"": ""981"", ""target_node_id"": ""985""}, {""edge_id"": ""767"", ""source_node_id"": ""983"", ""target_node_id"": ""985""}, {""edge_id"": ""768"", ""source_node_id"": ""985"", ""target_node_id"": ""986""}], ""step_requirements"": [{""node_id"": ""977"", ""algorithm_step_name"": ""Tabular Dataset Loading"", ""node_name"": ""全球可持续能源训练数据"", ""node_params"": {""table_name"": ""global_data_on_sustainable_energy_train"", ""target_column"": ""Renewable_energy_share_total_final_energy_consumption_percentage""}, ""contrast_level"": 2, ""node_type"": ""io""}, {""node_id"": ""978"", ""algorithm_step_name"": ""Tabular Dataset Loading"", ""node_name"": ""全球可持续能源测试数据"", ""node_params"": {""table_name"": ""global_data_on_sustainable_energy__test"", ""target_column"": ""Renewable_energy_share_total_final_energy_consumption_percentage""}, ""contrast_level"": 2, ""node_type"": ""io""}, {""node_id"": ""980"", ""algorithm_step_name"": ""Select Columns"", ""node_name"": ""训练数据列选择"", ""node_params"": {""ignores"": [0], ""features"": [1, 2, 3, 4, 6, 7, 8, 9, 10, 11, 12, 13, 14, 15, 16, 17, 18, 19], ""targets"": [5]}, ""contrast_level"": 2, ""node_type"": ""preprocess""}, {""node_id"": ""981"", ""algorithm_step_name"": ""Select Columns"", ""node_name"": ""测试数据列选择"", ""node_params"": {""ignores"": [0], ""features"": [1, 2, 3, 4, 6, 7, 8, 9, 10, 11, 12, 13, 14, 15, 16, 17, 18, 19], ""targets"": [5]}, ""contrast_level"": 2, ""node_type"": ""preprocess""}, {""node_id"": ""983"", ""algorithm_step_name"": ""Linear Regression"", ""node_name"": ""线性回归模型"", ""node_params"": {}, ""contrast_level"": 1, ""node_type"": ""model""}, {""node_id"": ""985"", ""algorithm_step_name"": ""Test Dataset Predictions"", ""node_name"": ""预测"", ""node_params"": {""output_probabilities"": false}, ""contrast_level"": 2, ""node_type"": ""predict""}, {""node_id"": ""986"", ""algorithm_step_name"": ""Save Data"", ""node_name"": ""保存预测结果"", ""node_params"": {}, ""contrast_level"": 1, ""node_type"": ""io""}]}"
"Train data: heart_attack_prediction_dataset_train
test data: heart_attack_prediction_dataset_test
Use the training data and test data to go through all of the following tasks, taking care not to leave anything out:
1. Convert the values in the data for the category column 'Diet'. Use 1, 2, 3 for 'Healthy', 'Average', and 'Unhealthy' respectively.
2. Build a RandomForest model to predict the Heart Attack Risk using all features. Fit the model on the training set.
3. Make predictions on the test set.
4. Save predictions.",0.7778,15297,2026,0,0,0,0,0,"{""edges"": [{""edge_id"": ""22977"", ""source_node_id"": ""994"", ""target_node_id"": ""29358""}, {""edge_id"": ""22978"", ""source_node_id"": ""995"", ""target_node_id"": ""29359""}, {""edge_id"": ""22979"", ""source_node_id"": ""29358"", ""target_node_id"": ""1000""}, {""edge_id"": ""22980"", ""source_node_id"": ""29359"", ""target_node_id"": ""1001""}, {""edge_id"": ""22981"", ""source_node_id"": ""1000"", ""target_node_id"": ""1001""}, {""edge_id"": ""22982"", ""source_node_id"": ""1001"", ""target_node_id"": ""1002""}], ""nodes"": [{""node_id"": ""994"", ""widget_name"": ""SQL Table"", ""node_name"": ""加载训练数据"", ""node_params"": {""table_name"": ""heart_attack_prediction_dataset_train"", ""target_column"": ""Heart_Attack_Risk""}, ""matched"": true}, {""node_id"": ""995"", ""widget_name"": ""SQL Table"", ""node_name"": ""加载测试数据"", ""node_params"": {""table_name"": ""heart_attack_prediction_dataset_test"", ""target_column"": ""Heart_Attack_Risk""}, ""matched"": true}, {""node_id"": ""29358"", ""widget_name"": ""Edit Domain"", ""node_name"": ""转换训练数据Diet列"", ""node_params"": {""column_name"": ""Diet"", ""valueMappings"": [{""key"": 0, ""originValue"": ""Healthy"", ""currentValue"": ""1""}, {""key"": 1, ""originValue"": ""Average"", ""currentValue"": ""2""}, {""key"": 2, ""originValue"": ""Unhealthy"", ""currentValue"": ""3""}]}, ""matched"": false}, {""node_id"": ""29359"", ""widget_name"": ""Edit Domain"", ""node_name"": ""转换测试数据Diet列"", ""node_params"": {""column_name"": ""Diet"", ""valueMappings"": [{""key"": 0, ""originValue"": ""Healthy"", ""currentValue"": ""1""}, {""key"": 1, ""originValue"": ""Average"", ""currentValue"": ""2""}, {""key"": 2, ""originValue"": ""Unhealthy"", ""currentValue"": ""3""}]}, ""matched"": false}, {""node_id"": ""1000"", ""widget_name"": ""Random Forest"", ""node_name"": ""随机森林模型"", ""node_params"": {""n_estimators"": 10, ""use_max_features"": false, ""max_features"": ""auto"", ""use_random_state"": false, ""use_max_depth"": false, ""max_depth"": 3, ""use_min_samples_split"": true, ""min_samples_split"": 2}, ""matched"": true}, {""node_id"": ""1001"", ""widget_name"": ""Predictions"", ""node_name"": ""预测"", ""node_params"": {""output_attrs"": true, ""output_predictions"": true, ""output_probabilities"": true}, ""matched"": true}, {""node_id"": ""1002"", ""widget_name"": ""Save Data"", ""node_name"": ""保存预测结果"", ""node_params"": {}, ""matched"": true}]}","{""dependency_requirements"": [{""edge_id"": ""772"", ""source_node_id"": ""994"", ""target_node_id"": ""996""}, {""edge_id"": ""773"", ""source_node_id"": ""995"", ""target_node_id"": ""997""}, {""edge_id"": ""778"", ""source_node_id"": ""1000"", ""target_node_id"": ""1001""}, {""edge_id"": ""779"", ""source_node_id"": ""1001"", ""target_node_id"": ""1002""}, {""edge_id"": ""780"", ""source_node_id"": ""997"", ""target_node_id"": ""1001""}, {""edge_id"": ""781"", ""source_node_id"": ""996"", ""target_node_id"": ""1000""}], ""step_requirements"": [{""node_id"": ""994"", ""algorithm_step_name"": ""Tabular Dataset Loading"", ""node_name"": ""训练数据"", ""node_params"": {""table_name"": ""heart_attack_prediction_dataset_train"", ""target_column"": ""Heart_Attack_Risk""}, ""contrast_level"": 2, ""node_type"": ""io""}, {""node_id"": ""995"", ""algorithm_step_name"": ""Tabular Dataset Loading"", ""node_name"": ""测试数据"", ""node_params"": {""table_name"": ""heart_attack_prediction_dataset_test"", ""target_column"": ""Heart_Attack_Risk""}, ""contrast_level"": 2, ""node_type"": ""io""}, {""node_id"": ""996"", ""algorithm_step_name"": ""Edit Domain"", ""node_name"": ""编辑域"", ""node_params"": {""column_name"": ""Diet"", ""valueMappings"": [{""key"": 1, ""originValue"": ""Healthy"", ""currentValue"": ""1""}, {""key"": 2, ""originValue"": ""Average"", ""currentValue"": ""2""}, {""key"": 3, ""originValue"": ""Unhealthy"", ""currentValue"": ""3""}]}, ""contrast_level"": 2, ""node_type"": ""preprocess""}, {""node_id"": ""997"", ""algorithm_step_name"": ""Edit Domain"", ""node_name"": ""编辑域"", ""node_params"": {""column_name"": ""Diet"", ""valueMappings"": [{""key"": 1, ""originValue"": ""Healthy"", ""currentValue"": ""1""}, {""key"": 2, ""originValue"": ""Average"", ""currentValue"": ""2""}, {""key"": 3, ""originValue"": ""Unhealthy"", ""currentValue"": ""3""}]}, ""contrast_level"": 2, ""node_type"": ""preprocess""}, {""node_id"": ""1000"", ""algorithm_step_name"": ""Random Forest"", ""node_name"": ""随机森林模型"", ""node_params"": {}, ""contrast_level"": 1, ""node_type"": ""model""}, {""node_id"": ""1001"", ""algorithm_step_name"": ""Test Dataset Predictions"", ""node_name"": ""预测"", ""node_params"": {""output_probabilities"": true}, ""contrast_level"": 2, ""node_type"": ""predict""}, {""node_id"": ""1002"", ""algorithm_step_name"": ""Save Data"", ""node_name"": ""保存预测结果"", ""node_params"": {}, ""contrast_level"": 1, ""node_type"": ""io""}]}"
"Train data path: housing_price_prediction_train
test data path: housing_price_prediction_test
Use the training data and test data to go through all of the following tasks, taking care not to leave anything out:
1. loading 'housing_price_prediction_train' data and loading 'housing_price_prediction_test' data
2. Build a linear regression model to predict the housing price. Fit the model on the training set.
3. Make predictions on the test set.
4. Save predictions.",0.7143,13975,288,0,0,0,0,0,"{""edges"": [{""edge_id"": ""22983"", ""source_node_id"": ""29363"", ""target_node_id"": ""1009""}, {""edge_id"": ""22984"", ""source_node_id"": ""29364"", ""target_node_id"": ""1012""}, {""edge_id"": ""22985"", ""source_node_id"": ""1009"", ""target_node_id"": ""1012""}, {""edge_id"": ""22986"", ""source_node_id"": ""1012"", ""target_node_id"": ""1013""}], ""nodes"": [{""node_id"": ""29363"", ""widget_name"": ""File"", ""node_name"": ""加载训练数据"", ""node_params"": {""type"": ""sample"", ""filename"": ""housing_price_prediction_train.csv""}, ""matched"": false}, {""node_id"": ""29364"", ""widget_name"": ""File"", ""node_name"": ""加载测试数据"", ""node_params"": {""type"": ""sample"", ""filename"": ""housing_price_prediction_test.csv""}, ""matched"": false}, {""node_id"": ""1009"", ""widget_name"": ""Linear Regression"", ""node_name"": ""线性回归模型"", ""node_params"": {""regression_type"": ""0""}, ""matched"": true}, {""node_id"": ""1012"", ""widget_name"": ""Predictions"", ""node_name"": ""预测"", ""node_params"": {""output_attrs"": true, ""output_predictions"": true, ""output_probabilities"": false}, ""matched"": true}, {""node_id"": ""1013"", ""widget_name"": ""Save Data"", ""node_name"": ""保存预测结果"", ""node_params"": {}, ""matched"": true}]}","{""dependency_requirements"": [{""edge_id"": ""789"", ""source_node_id"": ""1009"", ""target_node_id"": ""1012""}, {""edge_id"": ""790"", ""source_node_id"": ""1012"", ""target_node_id"": ""1013""}, {""edge_id"": ""791"", ""source_node_id"": ""1005"", ""target_node_id"": ""1012""}, {""edge_id"": ""792"", ""source_node_id"": ""1004"", ""target_node_id"": ""1009""}], ""step_requirements"": [{""node_id"": ""1004"", ""algorithm_step_name"": ""Tabular Dataset Loading"", ""node_name"": ""房价预测训练数据"", ""node_params"": {""table_name"": ""housing_price_prediction_train"", ""target_column"": ""price""}, ""contrast_level"": 2, ""node_type"": ""io""}, {""node_id"": ""1005"", ""algorithm_step_name"": ""Tabular Dataset Loading"", ""node_name"": ""房价预测测试数据"", ""node_params"": {""table_name"": ""housing_price_prediction_test"", ""target_column"": ""price""}, ""contrast_level"": 2, ""node_type"": ""io""}, {""node_id"": ""1009"", ""algorithm_step_name"": ""Linear Regression"", ""node_name"": ""线性回归模型"", ""node_params"": {}, ""contrast_level"": 1, ""node_type"": ""model""}, {""node_id"": ""1012"", ""algorithm_step_name"": ""Test Dataset Predictions"", ""node_name"": ""预测"", ""node_params"": {""output_probabilities"": false}, ""contrast_level"": 2, ""node_type"": ""predict""}, {""node_id"": ""1013"", ""algorithm_step_name"": ""Save Data"", ""node_name"": ""保存预测结果"", ""node_params"": {}, ""contrast_level"": 1, ""node_type"": ""io""}]}"
"Train data: life_expectancy_data_train
test data: life_expectancy_data_test
Use the training data and test data to go through all of the following tasks, taking care not to leave anything out:
1. Perform feature construction to build a new feature named ""GDP_bins"" to categorize the GDP into several bins. The GDP bins are defined as follows:
  - ""Low GDP"": GDP <= 1000
  - ""Medium GDP"": 1000 < GDP <= 10000
  - ""High GDP"": GDP > 10000
2. Create a predictive model to predict life expectancy. Use Linear regression as the model. Fit the model on the training set.
3. Make predictions on the test set.
4. Save predictions.",0.5556,14043,514,0,0,0,0,0,"{""edges"": [{""edge_id"": ""22987"", ""source_node_id"": ""29368"", ""target_node_id"": ""29370""}, {""edge_id"": ""22988"", ""source_node_id"": ""29370"", ""target_node_id"": ""1022""}, {""edge_id"": ""22989"", ""source_node_id"": ""29369"", ""target_node_id"": ""29372""}, {""edge_id"": ""22990"", ""source_node_id"": ""29372"", ""target_node_id"": ""1023""}, {""edge_id"": ""22991"", ""source_node_id"": ""1022"", ""target_node_id"": ""1023""}, {""edge_id"": ""22992"", ""source_node_id"": ""1023"", ""target_node_id"": ""1024""}], ""nodes"": [{""node_id"": ""29368"", ""widget_name"": ""File"", ""node_name"": ""训练数据"", ""node_params"": {""type"": ""sample"", ""filename"": ""life_expectancy_data_train.csv""}, ""matched"": false}, {""node_id"": ""29369"", ""widget_name"": ""File"", ""node_name"": ""测试数据"", ""node_params"": {""type"": ""sample"", ""filename"": ""life_expectancy_data_test.csv""}, ""matched"": false}, {""node_id"": ""29370"", ""widget_name"": ""Feature Constructor"", ""node_name"": ""特征构建"", ""node_params"": {""expressions"": [{""key"": 0, ""name"": ""GDP_bins"", ""expression"": ""'Low GDP' if GDP<=1000 else 'Medium GDP' if GDP<=10000 else 'High GDP'"", ""type"": 1, ""image"": ""C"", ""categories"": ""Low GDP, Medium GDP, High GDP""}]}, ""matched"": false}, {""node_id"": ""1022"", ""widget_name"": ""Linear Regression"", ""node_name"": ""线性回归模型"", ""node_params"": {""regression_type"": ""0""}, ""matched"": true}, {""node_id"": ""29372"", ""widget_name"": ""Feature Constructor"", ""node_name"": ""测试数据特征构建"", ""node_params"": {""expressions"": [{""key"": 0, ""name"": ""GDP_bins"", ""expression"": ""'Low GDP' if GDP<=1000 else 'Medium GDP' if GDP<=10000 else 'High GDP'"", ""type"": 1, ""image"": ""C"", ""categories"": ""Low GDP, Medium GDP, High GDP""}]}, ""matched"": false}, {""node_id"": ""1023"", ""widget_name"": ""Predictions"", ""node_name"": ""预测"", ""node_params"": {""output_attrs"": true, ""output_predictions"": true, ""output_probabilities"": false}, ""matched"": true}, {""node_id"": ""1024"", ""widget_name"": ""Save Data"", ""node_name"": ""保存预测结果"", ""node_params"": {}, ""matched"": true}]}","{""dependency_requirements"": [{""edge_id"": ""797"", ""source_node_id"": ""1018"", ""target_node_id"": ""1020""}, {""edge_id"": ""798"", ""source_node_id"": ""1019"", ""target_node_id"": ""1021""}, {""edge_id"": ""799"", ""source_node_id"": ""1020"", ""target_node_id"": ""1022""}, {""edge_id"": ""800"", ""source_node_id"": ""1021"", ""target_node_id"": ""1023""}, {""edge_id"": ""801"", ""source_node_id"": ""1022"", ""target_node_id"": ""1023""}, {""edge_id"": ""802"", ""source_node_id"": ""1023"", ""target_node_id"": ""1024""}], ""step_requirements"": [{""node_id"": ""1018"", ""algorithm_step_name"": ""Tabular Dataset Loading"", ""node_name"": ""预期寿命训练数据"", ""node_params"": {""table_name"": ""life_expectancy_data_train"", ""target_column"": ""Life_expectancy""}, ""contrast_level"": 2, ""node_type"": ""io""}, {""node_id"": ""1019"", ""algorithm_step_name"": ""Tabular Dataset Loading"", ""node_name"": ""预期寿命测试数据"", ""node_params"": {""table_name"": ""life_expectancy_data_test"", ""target_column"": ""Life_expectancy""}, ""contrast_level"": 2, ""node_type"": ""io""}, {""node_id"": ""1020"", ""algorithm_step_name"": ""Feature Construction"", ""node_name"": ""特征构建_训练数据"", ""node_params"": {""expressions"": [{""key"": 0, ""name"": ""GDP_bins"", ""expression"": ""'Low GDP' if GDP <= 1000 else 'Medium GDP' if GDP <= 10000 else 'High GDP'"", ""type"": ""1"", ""image"": ""C"", ""categories"": ""Low GDP, Medium GDP, High GDP""}]}, ""contrast_level"": 2, ""node_type"": ""feature engineering""}, {""node_id"": ""1021"", ""algorithm_step_name"": ""Feature Construction"", ""node_name"": ""特征构建_测试数据"", ""node_params"": {""expressions"": [{""key"": 0, ""name"": ""GDP_bins"", ""expression"": ""'Low GDP' if GDP <= 1000 else 'Medium GDP' if GDP <= 10000 else 'High GDP'"", ""type"": ""1"", ""image"": ""C"", ""categories"": ""Low GDP, Medium GDP, High GDP""}]}, ""contrast_level"": 2, ""node_type"": ""feature engineering""}, {""node_id"": ""1022"", ""algorithm_step_name"": ""Linear Regression"", ""node_name"": ""线性回归模型"", ""node_params"": {}, ""contrast_level"": 1, ""node_type"": ""model""}, {""node_id"": ""1023"", ""algorithm_step_name"": ""Test Dataset Predictions"", ""node_name"": ""预测"", ""node_params"": {""output_probabilities"": false}, ""contrast_level"": 2, ""node_type"": ""predict""}, {""node_id"": ""1024"", ""algorithm_step_name"": ""Save Data"", ""node_name"": ""保存预测结果"", ""node_params"": {}, ""contrast_level"": 1, ""node_type"": ""io""}]}"
"Train data: bank_customer_churn_train
test data: bank_customer_churn_test
Use the training data and test data to go through all of the following tasks, taking care not to leave anything out:
1. Drop the columns that will not be interesting to models, such as ""CustomerId"", ""Complain"", and ""Surname"".
2. Use one-hot encoding for ""Geography"" and ""Card Type"".
3. Construct a model using XGBoost to predict categorical target variable ""Exited"".
4. Make predictions on the test set.
5. Save predictions.",0.2222,47894,5218,0,0,0,0,0,"{""edges"": [], ""nodes"": [{""node_id"": ""694"", ""widget_name"": ""SQL Table"", ""node_name"": ""银行客户流失训练数据"", ""node_params"": {""table_name"": ""bank_customer_churn_train"", ""target_column"": ""Exited""}, ""matched"": true}, {""node_id"": ""695"", ""widget_name"": ""SQL Table"", ""node_name"": ""银行客户流失测试数据"", ""node_params"": {""table_name"": ""bank_customer_churn_test"", ""target_column"": ""Exited""}, ""matched"": true}, {""node_id"": ""29377"", ""widget_name"": ""Select Columns"", ""node_name"": ""训练数据列选择"", ""node_params"": {""ignores"": [], ""features"": [], ""targets"": """"}, ""matched"": false}]}","{""dependency_requirements"": [{""edge_id"": ""503"", ""source_node_id"": ""694"", ""target_node_id"": ""696""}, {""edge_id"": ""504"", ""source_node_id"": ""695"", ""target_node_id"": ""697""}, {""edge_id"": ""505"", ""source_node_id"": ""696"", ""target_node_id"": ""698""}, {""edge_id"": ""506"", ""source_node_id"": ""697"", ""target_node_id"": ""699""}, {""edge_id"": ""507"", ""source_node_id"": ""698"", ""target_node_id"": ""700""}, {""edge_id"": ""508"", ""source_node_id"": ""699"", ""target_node_id"": ""701""}, {""edge_id"": ""509"", ""source_node_id"": ""700"", ""target_node_id"": ""701""}, {""edge_id"": ""510"", ""source_node_id"": ""701"", ""target_node_id"": ""702""}], ""step_requirements"": [{""node_id"": ""694"", ""algorithm_step_name"": ""Tabular Dataset Loading"", ""node_name"": ""银行客户流失训练数据"", ""node_params"": {""table_name"": ""bank_customer_churn_train"", ""target_column"": ""Exited""}, ""contrast_level"": 2, ""node_type"": ""io""}, {""node_id"": ""695"", ""algorithm_step_name"": ""Tabular Dataset Loading"", ""node_name"": ""银行客户流失测试数据"", ""node_params"": {""table_name"": ""bank_customer_churn_test"", ""target_column"": ""Exited""}, ""contrast_level"": 2, ""node_type"": ""io""}, {""node_id"": ""696"", ""algorithm_step_name"": ""Select Columns"", ""node_name"": ""选择训练数据列"", ""node_params"": {""ignores"": [], ""features"": [0, 1, 2, 3, 4, 5, 6, 7, 8, 9, 11, 12, 13], ""targets"": [10]}, ""contrast_level"": 2, ""node_type"": ""preprocess""}, {""node_id"": ""697"", ""algorithm_step_name"": ""Select Columns"", ""node_name"": ""选择测试数据列"", ""node_params"": {""ignores"": [], ""features"": [0, 1, 2, 3, 4, 5, 6, 7, 8, 9, 11, 12, 13], ""targets"": [10]}, ""contrast_level"": 2, ""node_type"": ""preprocess""}, {""node_id"": ""698"", ""algorithm_step_name"": ""One Hot Encoding"", ""node_name"": ""训练数据独热编码"", ""node_params"": {""encode_vars"": [""Geography"", ""CardType""]}, ""contrast_level"": 2, ""node_type"": ""feature engineering""}, {""node_id"": ""699"", ""algorithm_step_name"": ""One Hot Encoding"", ""node_name"": ""测试数据独热编码"", ""node_params"": {""encode_vars"": [""Geography"", ""CardType""]}, ""contrast_level"": 2, ""node_type"": ""feature engineering""}, {""node_id"": ""700"", ""algorithm_step_name"": ""XGBoost"", ""node_name"": ""XGBoost"", ""node_params"": {}, ""contrast_level"": 1, ""node_type"": ""model""}, {""node_id"": ""701"", ""algorithm_step_name"": ""Test Dataset Predictions"", ""node_name"": ""预测"", ""node_params"": {""output_probabilities"": true}, ""contrast_level"": 2, ""node_type"": ""predict""}, {""node_id"": ""702"", ""algorithm_step_name"": ""Save Data"", ""node_name"": ""保存预测结果"", ""node_params"": {}, ""contrast_level"": 1, ""node_type"": ""io""}]}"
"Train data: cardiovascular_diseases_risk_prediction_train
test data: cardiovascular_diseases_risk_prediction_test
Use the training data and test data to go through all of the following tasks, taking care not to leave anything out:
1. Drop all rows with missing values from the dataset. And then drop the duplicates.
2. Perform feature construction to build a new feature named ""BMI_Category"" to categorize the BMI (Body Mass Index) of each individual into one of four categories:
    - ""Underweight"" is a BMI less than 18.5,
    - ""Normal weight"" is a BMI from 18.5 to 24.9,
    - ""Overweight"" is a BMI from 25 to 29.9,
    - ""Obesity"" is a BMI of 30 or higher.
3. Try to predict Heart_Disease based on all other variables.
Construct a model to predict Heart_Disease.
Fit the model on the training set.
4. Make predictions on the test set.
5. Save predictions.",0.8824,17528,2857,0,0,0,0,0,"{""edges"": [{""edge_id"": ""22993"", ""source_node_id"": ""1034"", ""target_node_id"": ""1043""}, {""edge_id"": ""22994"", ""source_node_id"": ""1035"", ""target_node_id"": ""1044""}, {""edge_id"": ""22995"", ""source_node_id"": ""1043"", ""target_node_id"": ""1036""}, {""edge_id"": ""22996"", ""source_node_id"": ""1044"", ""target_node_id"": ""1037""}, {""edge_id"": ""22997"", ""source_node_id"": ""1036"", ""target_node_id"": ""29384""}, {""edge_id"": ""22998"", ""source_node_id"": ""1037"", ""target_node_id"": ""29385""}, {""edge_id"": ""22999"", ""source_node_id"": ""29384"", ""target_node_id"": ""29386""}, {""edge_id"": ""23000"", ""source_node_id"": ""29385"", ""target_node_id"": ""29387""}, {""edge_id"": ""23001"", ""source_node_id"": ""29386"", ""target_node_id"": ""1040""}, {""edge_id"": ""23002"", ""source_node_id"": ""29387"", ""target_node_id"": ""1041""}, {""edge_id"": ""23003"", ""source_node_id"": ""1040"", ""target_node_id"": ""1041""}, {""edge_id"": ""23004"", ""source_node_id"": ""1041"", ""target_node_id"": ""1042""}], ""nodes"": [{""node_id"": ""1034"", ""widget_name"": ""SQL Table"", ""node_name"": ""心血管疾病风险预测训练数据"", ""node_params"": {""table_name"": ""cardiovascular_diseases_risk_prediction_train"", ""target_column"": ""Heart_Disease""}, ""matched"": true}, {""node_id"": ""1035"", ""widget_name"": ""SQL Table"", ""node_name"": ""心血管疾病风险预测测试数据"", ""node_params"": {""table_name"": ""cardiovascular_diseases_risk_prediction_test"", ""target_column"": ""Heart_Disease""}, ""matched"": true}, {""node_id"": ""1043"", ""widget_name"": ""Impute"", ""node_name"": ""训练数据缺失值处理"", ""node_params"": {""method"": 5}, ""matched"": true}, {""node_id"": ""1044"", ""widget_name"": ""Impute"", ""node_name"": ""测试数据缺失值处理"", ""node_params"": {""method"": 5}, ""matched"": true}, {""node_id"": ""1036"", ""widget_name"": ""Unique"", ""node_name"": ""训练数据去重"", ""node_params"": {""selGroupByVariables"": [], ""configure"": ""Last instance""}, ""matched"": true}, {""node_id"": ""1037"", ""widget_name"": ""Unique"", ""node_name"": ""测试数据去重"", ""node_params"": {""selGroupByVariables"": [], ""configure"": ""Last instance""}, ""matched"": true}, {""node_id"": ""29384"", ""widget_name"": ""Feature Constructor"", ""node_name"": ""训练数据特征构建"", ""node_params"": {""expressions"": [{""key"": 0, ""name"": ""BMI_Category"", ""expression"": ""'Underweight' if BMI < 18.5 else 'Normal weight' if BMI <= 24.9 else 'Overweight' if BMI <= 29.9 else 'Obesity'"", ""type"": 1, ""image"": ""C"", ""categories"": ""Underweight, Normal weight, Overweight, Obesity""}]}, ""matched"": false}, {""node_id"": ""29385"", ""widget_name"": ""Feature Constructor"", ""node_name"": ""测试数据特征构建"", ""node_params"": {""expressions"": [{""key"": 0, ""name"": ""BMI_Category"", ""expression"": ""'Underweight' if BMI < 18.5 else 'Normal weight' if BMI <= 24.9 else 'Overweight' if BMI <= 29.9 else 'Obesity'"", ""type"": 1, ""image"": ""C"", ""categories"": ""Underweight, Normal weight, Overweight, Obesity""}]}, ""matched"": false}, {""node_id"": ""29386"", ""widget_name"": ""One Hot Encoder"", ""node_name"": ""训练数据独热编码"", ""node_params"": {""encode_vars"": [""BMI_Category""]}, ""matched"": false}, {""node_id"": ""29387"", ""widget_name"": ""One Hot Encoder"", ""node_name"": ""测试数据独热编码"", ""node_params"": {""encode_vars"": [""BMI_Category""]}, ""matched"": false}, {""node_id"": ""1040"", ""widget_name"": ""Random Forest"", ""node_name"": ""随机森林模型"", ""node_params"": {""n_estimators"": 10, ""use_max_features"": false, ""max_features"": ""auto"", ""use_random_state"": false, ""use_max_depth"": false, ""max_depth"": 3, ""use_min_samples_split"": true, ""min_samples_split"": 2}, ""matched"": true}, {""node_id"": ""1041"", ""widget_name"": ""Predictions"", ""node_name"": ""预测"", ""node_params"": {""output_attrs"": true, ""output_predictions"": true, ""output_probabilities"": true}, ""matched"": true}, {""node_id"": ""1042"", ""widget_name"": ""Save Data"", ""node_name"": ""保存预测结果"", ""node_params"": {}, ""matched"": true}]}","{""dependency_requirements"": [{""edge_id"": ""811"", ""source_node_id"": ""1043"", ""target_node_id"": ""1036""}, {""edge_id"": ""812"", ""source_node_id"": ""1044"", ""target_node_id"": ""1037""}, {""edge_id"": ""813"", ""source_node_id"": ""1036"", ""target_node_id"": ""1038""}, {""edge_id"": ""814"", ""source_node_id"": ""1037"", ""target_node_id"": ""1039""}, {""edge_id"": ""815"", ""source_node_id"": ""1038"", ""target_node_id"": ""1040""}, {""edge_id"": ""816"", ""source_node_id"": ""1039"", ""target_node_id"": ""1041""}, {""edge_id"": ""817"", ""source_node_id"": ""1040"", ""target_node_id"": ""1041""}, {""edge_id"": ""818"", ""source_node_id"": ""1041"", ""target_node_id"": ""1042""}, {""edge_id"": ""819"", ""source_node_id"": ""1035"", ""target_node_id"": ""1044""}, {""edge_id"": ""820"", ""source_node_id"": ""1034"", ""target_node_id"": ""1043""}], ""step_requirements"": [{""node_id"": ""1034"", ""algorithm_step_name"": ""Tabular Dataset Loading"", ""node_name"": ""心血管疾病风险预测训练数据"", ""node_params"": {""table_name"": ""cardiovascular_diseases_risk_prediction_train"", ""target_column"": ""Heart_Disease""}, ""contrast_level"": 2, ""node_type"": ""io""}, {""node_id"": ""1035"", ""algorithm_step_name"": ""Tabular Dataset Loading"", ""node_name"": ""心血管疾病风险预测测试数据"", ""node_params"": {""table_name"": ""cardiovascular_diseases_risk_prediction_test"", ""target_column"": ""Heart_Disease""}, ""contrast_level"": 2, ""node_type"": ""io""}, {""node_id"": ""1036"", ""algorithm_step_name"": ""Unique"", ""node_name"": ""训练数据去重"", ""node_params"": {}, ""contrast_level"": 1, ""node_type"": ""preprocess""}, {""node_id"": ""1037"", ""algorithm_step_name"": ""Unique"", ""node_name"": ""测试数据去重"", ""node_params"": {}, ""contrast_level"": 1, ""node_type"": ""preprocess""}, {""node_id"": ""1038"", ""algorithm_step_name"": ""Feature Construction"", ""node_name"": ""训练数据特征构建"", ""node_params"": {""expressions"": [{""key"": 0, ""name"": ""BMI_Category"", ""expression"": ""'Underweight' if BMI < 18.5 else 'Normal weight' if 18.5 <= BMI < 24.9 else 'Overweight' if 25 <= BMI < 29.9 else 'Obesity'"", ""type"": ""1"", ""image"": ""C"", ""categories"": ""Underweight, Normal weight, Overweight, Obesity""}]}, ""contrast_level"": 2, ""node_type"": ""feature engineering""}, {""node_id"": ""1039"", ""algorithm_step_name"": ""Feature Construction"", ""node_name"": ""测试数据特征构建"", ""node_params"": {""expressions"": [{""key"": 0, ""name"": ""BMI_Category"", ""expression"": ""'Underweight' if BMI < 18.5 else 'Normal weight' if 18.5 <= BMI < 24.9 else 'Overweight' if 25 <= BMI < 29.9 else 'Obesity'"", ""type"": ""1"", ""image"": ""C"", ""categories"": ""Underweight, Normal weight, Overweight, Obesity""}]}, ""contrast_level"": 2, ""node_type"": ""feature engineering""}, {""node_id"": ""1040"", ""algorithm_step_name"": ""Random Forest"", ""node_name"": ""随机森林模型"", ""node_params"": {}, ""contrast_level"": 0, ""node_type"": ""model""}, {""node_id"": ""1041"", ""algorithm_step_name"": ""Test Dataset Predictions"", ""node_name"": ""预测"", ""node_params"": {""output_probabilities"": true}, ""contrast_level"": 2, ""node_type"": ""predict""}, {""node_id"": ""1042"", ""algorithm_step_name"": ""Save Data"", ""node_name"": ""保存预测结果"", ""node_params"": {}, ""contrast_level"": 1, ""node_type"": ""io""}, {""node_id"": ""1043"", ""algorithm_step_name"": ""Missing Value Handling"", ""node_name"": ""缺失值处理"", ""node_params"": {}, ""contrast_level"": 1, ""node_type"": ""preprocess""}, {""node_id"": ""1044"", ""algorithm_step_name"": ""Missing Value Handling"", ""node_name"": ""缺失值处理"", ""node_params"": {}, ""contrast_level"": 1, ""node_type"": ""preprocess""}]}"
"Train data: coffee_quality_data_cqi_train
test data path: coffee_quality_data_cqi_test
Use the training data and test data to go through all of the following tasks, taking care not to leave anything out:
1. Drop duplicated rows from the dataset.
2. Drop the following columns from the dataset: ""ID"", ""ICO Number"", ""Owner"", ""Region"", ""Certification Contact"", ""Certification Address"", ""Farm Name"", ""Lot Number"", ""Mill"", ""ICO Number"", ""Producer"", ""Company"", ""Expiration"", ""Harvest Year"", ""Unnamed: 0"", ""Number of Bags"", ""Bag Weight"", ""In-Country Partner"", ""Country of Origin"", ""Processing Method"", ""Grading Date"", ""Variety"", ""Status"", ""Defects"", ""Uniformity"", ""Clean Cup"", ""Sweetness"", and ""Certification Body"".
3. For categorical column ""Color"", use one-hot encoding.
4. Try to predict Total Cup Points.
Build a regressor on the training set with RandomForestRegressor.
5. Make predictions on the test set.
6. Save predictions.",0.1818,45880,1961,0,0,0,0,0,"{""edges"": [{""edge_id"": ""23005"", ""source_node_id"": ""29391"", ""target_node_id"": ""807""}, {""edge_id"": ""23006"", ""source_node_id"": ""29392"", ""target_node_id"": ""808""}], ""nodes"": [{""node_id"": ""29391"", ""widget_name"": ""File"", ""node_name"": ""训练数据加载"", ""node_params"": {""type"": ""sample"", ""filename"": ""coffee_quality_data_cqi_train.csv""}, ""matched"": false}, {""node_id"": ""29392"", ""widget_name"": ""File"", ""node_name"": ""测试数据加载"", ""node_params"": {""type"": ""sample"", ""filename"": ""coffee_quality_data_cqi_test.csv""}, ""matched"": false}, {""node_id"": ""807"", ""widget_name"": ""Unique"", ""node_name"": ""训练数据去重"", ""node_params"": {""selGroupByVariables"": [], ""configure"": ""Last instance""}, ""matched"": true}, {""node_id"": ""808"", ""widget_name"": ""Unique"", ""node_name"": ""测试数据去重"", ""node_params"": {""selGroupByVariables"": [], ""configure"": ""Last instance""}, ""matched"": true}, {""node_id"": ""29395"", ""widget_name"": ""Select Columns"", ""node_name"": ""训练数据列选择"", ""node_params"": {""ignores"": [], ""features"": [], ""targets"": """"}, ""matched"": false}, {""node_id"": ""29396"", ""widget_name"": ""Select Columns"", ""node_name"": ""测试数据列选择"", ""node_params"": {""ignores"": [], ""features"": [], ""targets"": """"}, ""matched"": false}]}","{""dependency_requirements"": [{""edge_id"": ""600"", ""source_node_id"": ""805"", ""target_node_id"": ""807""}, {""edge_id"": ""601"", ""source_node_id"": ""806"", ""target_node_id"": ""808""}, {""edge_id"": ""602"", ""source_node_id"": ""807"", ""target_node_id"": ""809""}, {""edge_id"": ""603"", ""source_node_id"": ""808"", ""target_node_id"": ""810""}, {""edge_id"": ""604"", ""source_node_id"": ""809"", ""target_node_id"": ""811""}, {""edge_id"": ""605"", ""source_node_id"": ""810"", ""target_node_id"": ""812""}, {""edge_id"": ""606"", ""source_node_id"": ""811"", ""target_node_id"": ""813""}, {""edge_id"": ""607"", ""source_node_id"": ""812"", ""target_node_id"": ""814""}, {""edge_id"": ""608"", ""source_node_id"": ""813"", ""target_node_id"": ""814""}, {""edge_id"": ""609"", ""source_node_id"": ""814"", ""target_node_id"": ""815""}], ""step_requirements"": [{""node_id"": ""805"", ""algorithm_step_name"": ""Tabular Dataset Loading"", ""node_name"": ""咖啡质量训练数据"", ""node_params"": {""table_name"": ""coffee_quality_data_cqi_train"", ""target_column"": ""Total_Cup_Points""}, ""contrast_level"": 2, ""node_type"": ""io""}, {""node_id"": ""806"", ""algorithm_step_name"": ""Tabular Dataset Loading"", ""node_name"": ""咖啡质量测试数据"", ""node_params"": {""table_name"": ""coffee_quality_data_cqi_test"", ""target_column"": ""Total_Cup_Points""}, ""contrast_level"": 2, ""node_type"": ""io""}, {""node_id"": ""807"", ""algorithm_step_name"": ""Unique"", ""node_name"": ""训练数据去重"", ""node_params"": {}, ""contrast_level"": 1, ""node_type"": ""preprocess""}, {""node_id"": ""808"", ""algorithm_step_name"": ""Unique"", ""node_name"": ""测试数据去重"", ""node_params"": {}, ""contrast_level"": 1, ""node_type"": ""preprocess""}, {""node_id"": ""809"", ""algorithm_step_name"": ""Select Columns"", ""node_name"": ""训练数据列选择"", ""node_params"": {""ignores"": [], ""features"": [0, 1, 2, 3, 4, 5, 6, 7, 9, 10, 11, 12, 13], ""targets"": [8]}, ""contrast_level"": 2, ""node_type"": ""preprocess""}, {""node_id"": ""810"", ""algorithm_step_name"": ""Select Columns"", ""node_name"": ""测试数据列选择"", ""node_params"": {""ignores"": [], ""features"": [0, 1, 2, 3, 4, 5, 6, 7, 9, 10, 11, 12, 13], ""targets"": [8]}, ""contrast_level"": 2, ""node_type"": ""preprocess""}, {""node_id"": ""811"", ""algorithm_step_name"": ""One Hot Encoding"", ""node_name"": ""训练数据独热编码"", ""node_params"": {""encode_vars"": [""Color""]}, ""contrast_level"": 2, ""node_type"": ""feature engineering""}, {""node_id"": ""812"", ""algorithm_step_name"": ""One Hot Encoding"", ""node_name"": ""测试数据独热编码"", ""node_params"": {""encode_vars"": [""Color""]}, ""contrast_level"": 2, ""node_type"": ""feature engineering""}, {""node_id"": ""813"", ""algorithm_step_name"": ""Random Forest"", ""node_name"": ""随机森林回归模型"", ""node_params"": {}, ""contrast_level"": 1, ""node_type"": ""model""}, {""node_id"": ""814"", ""algorithm_step_name"": ""Test Dataset Predictions"", ""node_name"": ""预测"", ""node_params"": {""output_probabilities"": false}, ""contrast_level"": 2, ""node_type"": ""predict""}, {""node_id"": ""815"", ""algorithm_step_name"": ""Save Data"", ""node_name"": ""保存预测结果"", ""node_params"": {}, ""contrast_level"": 1, ""node_type"": ""io""}]}"
"Train data: diabetes_prediction_dataset_train
test data: diabetes_prediction_dataset_test
Use the training data and test data to go through all of the following tasks, taking care not to leave anything out:
1. Drop duplicate rows from the dataset.
2. Perform one-hot encoding on the ""gender"" and ""smoking_history"" columns.
3. Rank the most important features.
4. Build a random forest classifier to predict diabetes using all features. Fit the model on the training set.
5. Make predictions on the test set.
6. Save predictions.
7. Show the confusion matrix.",0.8947,13997,610,0,0,0,0,0,"{""edges"": [{""edge_id"": ""23007"", ""source_node_id"": ""29397"", ""target_node_id"": ""818""}, {""edge_id"": ""23008"", ""source_node_id"": ""29398"", ""target_node_id"": ""819""}, {""edge_id"": ""23009"", ""source_node_id"": ""818"", ""target_node_id"": ""820""}, {""edge_id"": ""23010"", ""source_node_id"": ""819"", ""target_node_id"": ""821""}, {""edge_id"": ""23011"", ""source_node_id"": ""820"", ""target_node_id"": ""822""}, {""edge_id"": ""23012"", ""source_node_id"": ""820"", ""target_node_id"": ""823""}, {""edge_id"": ""23013"", ""source_node_id"": ""821"", ""target_node_id"": ""824""}, {""edge_id"": ""23014"", ""source_node_id"": ""823"", ""target_node_id"": ""824""}, {""edge_id"": ""23015"", ""source_node_id"": ""824"", ""target_node_id"": ""825""}, {""edge_id"": ""23016"", ""source_node_id"": ""824"", ""target_node_id"": ""826""}], ""nodes"": [{""node_id"": ""29397"", ""widget_name"": ""File"", ""node_name"": ""训练数据加载"", ""node_params"": {""type"": ""sample"", ""filename"": ""diabetes_prediction_dataset_train.csv""}, ""matched"": false}, {""node_id"": ""29398"", ""widget_name"": ""File"", ""node_name"": ""测试数据加载"", ""node_params"": {""type"": ""sample"", ""filename"": ""diabetes_prediction_dataset_test.csv""}, ""matched"": false}, {""node_id"": ""818"", ""widget_name"": ""Unique"", ""node_name"": ""训练数据去重"", ""node_params"": {""selGroupByVariables"": [], ""configure"": ""Last instance""}, ""matched"": true}, {""node_id"": ""819"", ""widget_name"": ""Unique"", ""node_name"": ""测试数据去重"", ""node_params"": {""selGroupByVariables"": [], ""configure"": ""Last instance""}, ""matched"": true}, {""node_id"": ""820"", ""widget_name"": ""One Hot Encoder"", ""node_name"": ""训练数据独热编码"", ""node_params"": {""encode_vars"": [""gender"", ""smoking_history""]}, ""matched"": true}, {""node_id"": ""821"", ""widget_name"": ""One Hot Encoder"", ""node_name"": ""测试数据独热编码"", ""node_params"": {""encode_vars"": [""gender"", ""smoking_history""]}, ""matched"": true}, {""node_id"": ""822"", ""widget_name"": ""Rank"", ""node_name"": ""特征重要性排序"", ""node_params"": {}, ""matched"": true}, {""node_id"": ""823"", ""widget_name"": ""Random Forest"", ""node_name"": ""随机森林分类器"", ""node_params"": {""n_estimators"": 10, ""use_max_features"": false, ""max_features"": ""auto"", ""use_random_state"": false, ""use_max_depth"": false, ""max_depth"": 3, ""use_min_samples_split"": true, ""min_samples_split"": 2}, ""matched"": true}, {""node_id"": ""824"", ""widget_name"": ""Predictions"", ""node_name"": ""预测"", ""node_params"": {""output_attrs"": true, ""output_predictions"": true, ""output_probabilities"": true}, ""matched"": true}, {""node_id"": ""825"", ""widget_name"": ""Save Data"", ""node_name"": ""保存预测结果"", ""node_params"": {}, ""matched"": true}, {""node_id"": ""826"", ""widget_name"": ""Confusion Matrix"", ""node_name"": ""混淆矩阵"", ""node_params"": {}, ""matched"": true}]}","{""dependency_requirements"": [{""edge_id"": ""610"", ""source_node_id"": ""816"", ""target_node_id"": ""818""}, {""edge_id"": ""611"", ""source_node_id"": ""817"", ""target_node_id"": ""819""}, {""edge_id"": ""612"", ""source_node_id"": ""818"", ""target_node_id"": ""820""}, {""edge_id"": ""613"", ""source_node_id"": ""819"", ""target_node_id"": ""821""}, {""edge_id"": ""614"", ""source_node_id"": ""820"", ""target_node_id"": ""822""}, {""edge_id"": ""615"", ""source_node_id"": ""820"", ""target_node_id"": ""823""}, {""edge_id"": ""616"", ""source_node_id"": ""821"", ""target_node_id"": ""824""}, {""edge_id"": ""617"", ""source_node_id"": ""823"", ""target_node_id"": ""824""}, {""edge_id"": ""618"", ""source_node_id"": ""824"", ""target_node_id"": ""825""}, {""edge_id"": ""619"", ""source_node_id"": ""824"", ""target_node_id"": ""826""}], ""step_requirements"": [{""node_id"": ""816"", ""algorithm_step_name"": ""Tabular Dataset Loading"", ""node_name"": ""糖尿病预测训练数据"", ""node_params"": {""table_name"": ""diabetes_prediction_dataset_train"", ""target_column"": ""diabetes""}, ""contrast_level"": 2, ""node_type"": ""io""}, {""node_id"": ""817"", ""algorithm_step_name"": ""Tabular Dataset Loading"", ""node_name"": ""糖尿病预测测试数据"", ""node_params"": {""table_name"": ""diabetes_prediction_dataset_test"", ""target_column"": ""diabetes""}, ""contrast_level"": 2, ""node_type"": ""io""}, {""node_id"": ""818"", ""algorithm_step_name"": ""Unique"", ""node_name"": ""训练数据去重"", ""node_params"": {}, ""contrast_level"": 1, ""node_type"": ""preprocess""}, {""node_id"": ""819"", ""algorithm_step_name"": ""Unique"", ""node_name"": ""测试数据去重"", ""node_params"": {}, ""contrast_level"": 1, ""node_type"": ""preprocess""}, {""node_id"": ""820"", ""algorithm_step_name"": ""One Hot Encoding"", ""node_name"": ""训练数据独热编码"", ""node_params"": {""encode_vars"": [""gender"", ""smoking_history""]}, ""contrast_level"": 2, ""node_type"": ""feature engineering""}, {""node_id"": ""821"", ""algorithm_step_name"": ""One Hot Encoding"", ""node_name"": ""测试数据独热编码"", ""node_params"": {""encode_vars"": [""gender"", ""smoking_history""]}, ""contrast_level"": 2, ""node_type"": ""feature engineering""}, {""node_id"": ""822"", ""algorithm_step_name"": ""Rank"", ""node_name"": ""特征重要性排序"", ""node_params"": {}, ""contrast_level"": 1, ""node_type"": ""feature engineering""}, {""node_id"": ""823"", ""algorithm_step_name"": ""Random Forest"", ""node_name"": ""随机森林模型"", ""node_params"": {}, ""contrast_level"": 1, ""node_type"": ""model""}, {""node_id"": ""824"", ""algorithm_step_name"": ""Test Dataset Predictions"", ""node_name"": ""预测"", ""node_params"": {""output_probabilities"": true}, ""contrast_level"": 2, ""node_type"": ""predict""}, {""node_id"": ""825"", ""algorithm_step_name"": ""Save Data"", ""node_name"": ""保存预测结果"", ""node_params"": {}, ""contrast_level"": 1, ""node_type"": ""io""}, {""node_id"": ""826"", ""algorithm_step_name"": ""Confusion Matrix"", ""node_name"": ""混淆矩阵"", ""node_params"": {}, ""contrast_level"": 1, ""node_type"": ""visualize""}]}"
"Train data: disease_symptoms_and_patient_profile_dataset_train
test data: disease_symptoms_and_patient_profile_dataset_test
Use the training data and test data to go through all of the following tasks, taking care not to leave anything out:
you need build two logistic regression models to predict categorical target variable 'outcome variable'.
1. categorical features (except ""Disease"" column) into numerical features using one-hot encoding.
2. Use a feature selection technique to select the most important 5 features.
3. Build a logistic regression model1 using all features one-hot encoded.
4. Build a logistic regression model2 using only the most important 5 features.
5. Evaluate the performance of the model1 and model2 on the test set.",0.8462,15159,1152,0,0,0,0,0,"{""edges"": [{""edge_id"": ""23017"", ""source_node_id"": ""860"", ""target_node_id"": ""29410""}, {""edge_id"": ""23018"", ""source_node_id"": ""861"", ""target_node_id"": ""29411""}, {""edge_id"": ""23019"", ""source_node_id"": ""29410"", ""target_node_id"": ""864""}, {""edge_id"": ""23020"", ""source_node_id"": ""29410"", ""target_node_id"": ""865""}, {""edge_id"": ""23021"", ""source_node_id"": ""864"", ""target_node_id"": ""866""}, {""edge_id"": ""23022"", ""source_node_id"": ""29411"", ""target_node_id"": ""867""}, {""edge_id"": ""23023"", ""source_node_id"": ""865"", ""target_node_id"": ""867""}, {""edge_id"": ""23024"", ""source_node_id"": ""29411"", ""target_node_id"": ""868""}, {""edge_id"": ""23025"", ""source_node_id"": ""866"", ""target_node_id"": ""868""}], ""nodes"": [{""node_id"": ""860"", ""widget_name"": ""SQL Table"", ""node_name"": ""训练数据"", ""node_params"": {""table_name"": ""disease_symptoms_and_patient_profile_dataset_train"", ""target_column"": ""Outcome_Variable""}, ""matched"": true}, {""node_id"": ""861"", ""widget_name"": ""SQL Table"", ""node_name"": ""测试数据"", ""node_params"": {""table_name"": ""disease_symptoms_and_patient_profile_dataset_test"", ""target_column"": ""Outcome_Variable""}, ""matched"": true}, {""node_id"": ""29410"", ""widget_name"": ""One Hot Encoder"", ""node_name"": ""训练数据独热编码"", ""node_params"": {""encode_vars"": [""Sex"", ""Smoking"", ""Alcohol"", ""Diet"", ""Exercise"", ""Family_History"", ""Genetic_Marker"", ""Symptom_1"", ""Symptom_2"", ""Symptom_3"", ""Symptom_4"", ""Symptom_5""]}, ""matched"": false}, {""node_id"": ""29411"", ""widget_name"": ""One Hot Encoder"", ""node_name"": ""测试数据独热编码"", ""node_params"": {""encode_vars"": [""Sex"", ""Smoking"", ""Alcohol"", ""Diet"", ""Exercise"", ""Family_History"", ""Genetic_Marker"", ""Symptom_1"", ""Symptom_2"", ""Symptom_3"", ""Symptom_4"", ""Symptom_5""]}, ""matched"": false}, {""node_id"": ""864"", ""widget_name"": ""Select Best N Attributes"", ""node_name"": ""特征选择"", ""node_params"": {""n"": 5}, ""matched"": true}, {""node_id"": ""865"", ""widget_name"": ""Logistic Regression"", ""node_name"": ""逻辑回归模型1"", ""node_params"": {""C"": 1, ""penalty"": ""l2""}, ""matched"": true}, {""node_id"": ""866"", ""widget_name"": ""Logistic Regression"", ""node_name"": ""逻辑回归模型2"", ""node_params"": {""C"": 1, ""penalty"": ""l2""}, ""matched"": true}, {""node_id"": ""867"", ""widget_name"": ""Test & Score"", ""node_name"": ""测试评分1"", ""node_params"": {}, ""matched"": true}, {""node_id"": ""868"", ""widget_name"": ""Test & Score"", ""node_name"": ""测试评分2"", ""node_params"": {}, ""matched"": true}]}","{""dependency_requirements"": [{""edge_id"": ""661"", ""source_node_id"": ""860"", ""target_node_id"": ""862""}, {""edge_id"": ""662"", ""source_node_id"": ""861"", ""target_node_id"": ""863""}, {""edge_id"": ""663"", ""source_node_id"": ""862"", ""target_node_id"": ""864""}, {""edge_id"": ""664"", ""source_node_id"": ""862"", ""target_node_id"": ""865""}, {""edge_id"": ""665"", ""source_node_id"": ""864"", ""target_node_id"": ""866""}, {""edge_id"": ""666"", ""source_node_id"": ""862"", ""target_node_id"": ""867""}, {""edge_id"": ""667"", ""source_node_id"": ""863"", ""target_node_id"": ""867""}, {""edge_id"": ""668"", ""source_node_id"": ""865"", ""target_node_id"": ""867""}, {""edge_id"": ""669"", ""source_node_id"": ""863"", ""target_node_id"": ""868""}, {""edge_id"": ""670"", ""source_node_id"": ""866"", ""target_node_id"": ""868""}, {""edge_id"": ""671"", ""source_node_id"": ""864"", ""target_node_id"": ""868""}], ""step_requirements"": [{""node_id"": ""860"", ""algorithm_step_name"": ""Tabular Dataset Loading"", ""node_name"": ""疾病症状和患者资料训练数据"", ""node_params"": {""table_name"": ""disease_symptoms_and_patient_profile_dataset_train"", ""target_column"": ""Outcome_Variable""}, ""contrast_level"": 2, ""node_type"": ""io""}, {""node_id"": ""861"", ""algorithm_step_name"": ""Tabular Dataset Loading"", ""node_name"": ""疾病症状和患者资料测试数据"", ""node_params"": {""table_name"": ""disease_symptoms_and_patient_profile_dataset_test"", ""target_column"": ""Outcome_Variable""}, ""contrast_level"": 2, ""node_type"": ""io""}, {""node_id"": ""862"", ""algorithm_step_name"": ""One Hot Encoding"", ""node_name"": ""训练数据独热编码"", ""node_params"": {""encode_vars"": [""Fever"", ""Cough"", ""Fatigue"", ""Difficulty_Breathing"", ""Gender"", ""Blood_Pressure_Categorical"", ""Cholesterol_Categorical""]}, ""contrast_level"": 2, ""node_type"": ""feature engineering""}, {""node_id"": ""863"", ""algorithm_step_name"": ""One Hot Encoding"", ""node_name"": ""测试数据独热编码"", ""node_params"": {""encode_vars"": [""Fever"", ""Cough"", ""Fatigue"", ""Difficulty_Breathing"", ""Gender"", ""Blood_Pressure_Categorical"", ""Cholesterol_Categorical""]}, ""contrast_level"": 2, ""node_type"": ""feature engineering""}, {""node_id"": ""864"", ""algorithm_step_name"": ""Feature Selection"", ""node_name"": ""特征选择"", ""node_params"": {""n"": 5}, ""contrast_level"": 2, ""node_type"": ""feature engineering""}, {""node_id"": ""865"", ""algorithm_step_name"": ""Logistic Regression"", ""node_name"": ""逻辑回归模型"", ""node_params"": {}, ""contrast_level"": 1, ""node_type"": ""model""}, {""node_id"": ""866"", ""algorithm_step_name"": ""Logistic Regression"", ""node_name"": ""逻辑回归模型2"", ""node_params"": {}, ""contrast_level"": 1, ""node_type"": ""model""}, {""node_id"": ""867"", ""algorithm_step_name"": ""Model Evaluate"", ""node_name"": ""测试评分"", ""node_params"": {}, ""contrast_level"": 1, ""node_type"": ""evaluate""}, {""node_id"": ""868"", ""algorithm_step_name"": ""Model Evaluate"", ""node_name"": ""测试评分"", ""node_params"": {}, ""contrast_level"": 1, ""node_type"": ""evaluate""}]}"
"Train data: employee_train
test data: employee_test
Use the training data and test data to go through all of the following tasks, taking care not to leave anything out:
1. Perform feature construction to build a new feature named ""YearsInCompany"" to represent the number of years each employee has been in the company. It is calculated as 2023 minus the 'JoiningYear'.
2. Encode the categorical columns using one-hot encoding.
3. Build a random forest classifier to predict the 'LeaveOrNot' variable.
4. Make predictions on the test set.
5. Save predictions.
6. Confusion matrix showing predicted results.",0.6923,16377,1836,0,0,0,0,0,"{""edges"": [{""edge_id"": ""23026"", ""source_node_id"": ""968"", ""target_node_id"": ""29419""}, {""edge_id"": ""23027"", ""source_node_id"": ""29419"", ""target_node_id"": ""29420""}, {""edge_id"": ""23028"", ""source_node_id"": ""29419"", ""target_node_id"": ""29421""}, {""edge_id"": ""23029"", ""source_node_id"": ""29420"", ""target_node_id"": ""973""}, {""edge_id"": ""23030"", ""source_node_id"": ""29421"", ""target_node_id"": ""974""}, {""edge_id"": ""23031"", ""source_node_id"": ""973"", ""target_node_id"": ""974""}, {""edge_id"": ""23032"", ""source_node_id"": ""974"", ""target_node_id"": ""975""}, {""edge_id"": ""23033"", ""source_node_id"": ""974"", ""target_node_id"": ""976""}], ""nodes"": [{""node_id"": ""967"", ""widget_name"": ""SQL Table"", ""node_name"": ""员工训练数据"", ""node_params"": {""table_name"": ""employee_train"", ""target_column"": ""LeaveOrNot""}, ""matched"": true}, {""node_id"": ""968"", ""widget_name"": ""SQL Table"", ""node_name"": ""员工测试数据"", ""node_params"": {""table_name"": ""employee_test"", ""target_column"": ""LeaveOrNot""}, ""matched"": true}, {""node_id"": ""29419"", ""widget_name"": ""Feature Constructor"", ""node_name"": ""特征构建"", ""node_params"": {""expressions"": [{""key"": 0, ""name"": ""YearsInCompany"", ""expression"": ""2023 - JoiningYear"", ""type"": 2, ""image"": ""N"", ""categories"": ""A, B""}]}, ""matched"": false}, {""node_id"": ""29420"", ""widget_name"": ""One Hot Encoder"", ""node_name"": ""训练数据独热编码"", ""node_params"": {""encode_vars"": [""Department""]}, ""matched"": false}, {""node_id"": ""29421"", ""widget_name"": ""One Hot Encoder"", ""node_name"": ""测试数据独热编码"", ""node_params"": {""encode_vars"": [""Department""]}, ""matched"": false}, {""node_id"": ""973"", ""widget_name"": ""Random Forest"", ""node_name"": ""随机森林模型"", ""node_params"": {""n_estimators"": 10, ""use_max_features"": false, ""max_features"": ""auto"", ""use_random_state"": false, ""use_max_depth"": false, ""max_depth"": 3, ""use_min_samples_split"": true, ""min_samples_split"": 2}, ""matched"": true}, {""node_id"": ""974"", ""widget_name"": ""Predictions"", ""node_name"": ""预测"", ""node_params"": {""output_attrs"": true, ""output_predictions"": true, ""output_probabilities"": true}, ""matched"": true}, {""node_id"": ""975"", ""widget_name"": ""Save Data"", ""node_name"": ""保存预测结果"", ""node_params"": {}, ""matched"": true}, {""node_id"": ""976"", ""widget_name"": ""Confusion Matrix"", ""node_name"": ""混淆矩阵"", ""node_params"": {}, ""matched"": true}]}","{""dependency_requirements"": [{""edge_id"": ""749"", ""source_node_id"": ""967"", ""target_node_id"": ""969""}, {""edge_id"": ""750"", ""source_node_id"": ""968"", ""target_node_id"": ""970""}, {""edge_id"": ""751"", ""source_node_id"": ""969"", ""target_node_id"": ""971""}, {""edge_id"": ""752"", ""source_node_id"": ""970"", ""target_node_id"": ""972""}, {""edge_id"": ""753"", ""source_node_id"": ""971"", ""target_node_id"": ""973""}, {""edge_id"": ""754"", ""source_node_id"": ""972"", ""target_node_id"": ""974""}, {""edge_id"": ""755"", ""source_node_id"": ""973"", ""target_node_id"": ""974""}, {""edge_id"": ""756"", ""source_node_id"": ""974"", ""target_node_id"": ""975""}, {""edge_id"": ""757"", ""source_node_id"": ""974"", ""target_node_id"": ""976""}], ""step_requirements"": [{""node_id"": ""967"", ""algorithm_step_name"": ""Tabular Dataset Loading"", ""node_name"": ""员工训练数据"", ""node_params"": {""table_name"": ""employee_train"", ""target_column"": ""LeaveOrNot""}, ""contrast_level"": 2, ""node_type"": ""io""}, {""node_id"": ""968"", ""algorithm_step_name"": ""Tabular Dataset Loading"", ""node_name"": ""员工测试数据"", ""node_params"": {""table_name"": ""employee_test"", ""target_column"": ""LeaveOrNot""}, ""contrast_level"": 2, ""node_type"": ""io""}, {""node_id"": ""969"", ""algorithm_step_name"": ""Feature Construction"", ""node_name"": ""特征构造_训练数据"", ""node_params"": {""expressions"": [{""key"": 0, ""name"": ""YearsInCompany"", ""expression"": ""2023 - JoiningYear"", ""type"": ""2"", ""image"": ""N"", ""categories"": ""A, B""}]}, ""contrast_level"": 2, ""node_type"": ""feature engineering""}, {""node_id"": ""970"", ""algorithm_step_name"": ""Feature Construction"", ""node_name"": ""特征构造_测试数据"", ""node_params"": {""expressions"": [{""key"": 0, ""name"": ""YearsInCompany"", ""expression"": ""2023 - JoiningYear"", ""type"": ""2"", ""image"": ""N"", ""categories"": ""A, B""}]}, ""contrast_level"": 2, ""node_type"": ""feature engineering""}, {""node_id"": ""971"", ""algorithm_step_name"": ""One Hot Encoding"", ""node_name"": ""One Hot Encoder_训练数据"", ""node_params"": {""encode_vars"": [""Education"", ""City"", ""Gender"", ""EverBenched""]}, ""contrast_level"": 2, ""node_type"": ""feature engineering""}, {""node_id"": ""972"", ""algorithm_step_name"": ""One Hot Encoding"", ""node_name"": ""One Hot Encoder_测试数据"", ""node_params"": {""encode_vars"": [""Education"", ""City"", ""Gender"", ""EverBenched""]}, ""contrast_level"": 2, ""node_type"": ""feature engineering""}, {""node_id"": ""973"", ""algorithm_step_name"": ""Random Forest"", ""node_name"": ""随机森林分类器"", ""node_params"": {}, ""contrast_level"": 1, ""node_type"": ""model""}, {""node_id"": ""974"", ""algorithm_step_name"": ""Test Dataset Predictions"", ""node_name"": ""预测"", ""node_params"": {""output_probabilities"": true}, ""contrast_level"": 2, ""node_type"": ""predict""}, {""node_id"": ""975"", ""algorithm_step_name"": ""Save Data"", ""node_name"": ""保存预测结果"", ""node_params"": {}, ""contrast_level"": 1, ""node_type"": ""io""}, {""node_id"": ""976"", ""algorithm_step_name"": ""Confusion Matrix"", ""node_name"": ""混淆矩阵"", ""node_params"": {}, ""contrast_level"": 1, ""node_type"": ""visualize""}]}"
"Train data: global_data_on_sustainable_energy_train
test data: global_data_on_sustainable_energy__test
Use the training data and test data to go through all of the following tasks, taking care not to leave anything out:
1. The features are all other columns except 'Entity' and 'Year'.
2. The target variable is 'Renewable energy share in the total final energy consumption (%)'. Build a linear regression model to predict the outcome variable using all features. Fit the model on the training set.
3. Make predictions on the test set.
4. Save predictions.",0.2857,55037,8491,0,0,0,0,0,"{""edges"": [], ""nodes"": [{""node_id"": ""977"", ""widget_name"": ""SQL Table"", ""node_name"": ""训练数据"", ""node_params"": {""table_name"": ""global_data_on_sustainable_energy_train"", ""target_column"": ""Renewable_energy_share_total_final_energy_consumption_percentage""}, ""matched"": true}, {""node_id"": ""978"", ""widget_name"": ""SQL Table"", ""node_name"": ""测试数据"", ""node_params"": {""table_name"": ""global_data_on_sustainable_energy__test"", ""target_column"": ""Renewable_energy_share_total_final_energy_consumption_percentage""}, ""matched"": true}, {""node_id"": ""29428"", ""widget_name"": ""Select Columns"", ""node_name"": ""训练数据特征选择"", ""node_params"": {""ignores"": [], ""features"": [], ""targets"": """"}, ""matched"": false}]}","{""dependency_requirements"": [{""edge_id"": ""759"", ""source_node_id"": ""977"", ""target_node_id"": ""980""}, {""edge_id"": ""760"", ""source_node_id"": ""978"", ""target_node_id"": ""981""}, {""edge_id"": ""762"", ""source_node_id"": ""980"", ""target_node_id"": ""983""}, {""edge_id"": ""766"", ""source_node_id"": ""981"", ""target_node_id"": ""985""}, {""edge_id"": ""767"", ""source_node_id"": ""983"", ""target_node_id"": ""985""}, {""edge_id"": ""768"", ""source_node_id"": ""985"", ""target_node_id"": ""986""}], ""step_requirements"": [{""node_id"": ""977"", ""algorithm_step_name"": ""Tabular Dataset Loading"", ""node_name"": ""全球可持续能源训练数据"", ""node_params"": {""table_name"": ""global_data_on_sustainable_energy_train"", ""target_column"": ""Renewable_energy_share_total_final_energy_consumption_percentage""}, ""contrast_level"": 2, ""node_type"": ""io""}, {""node_id"": ""978"", ""algorithm_step_name"": ""Tabular Dataset Loading"", ""node_name"": ""全球可持续能源测试数据"", ""node_params"": {""table_name"": ""global_data_on_sustainable_energy__test"", ""target_column"": ""Renewable_energy_share_total_final_energy_consumption_percentage""}, ""contrast_level"": 2, ""node_type"": ""io""}, {""node_id"": ""980"", ""algorithm_step_name"": ""Select Columns"", ""node_name"": ""训练数据列选择"", ""node_params"": {""ignores"": [0], ""features"": [1, 2, 3, 4, 6, 7, 8, 9, 10, 11, 12, 13, 14, 15, 16, 17, 18, 19], ""targets"": [5]}, ""contrast_level"": 2, ""node_type"": ""preprocess""}, {""node_id"": ""981"", ""algorithm_step_name"": ""Select Columns"", ""node_name"": ""测试数据列选择"", ""node_params"": {""ignores"": [0], ""features"": [1, 2, 3, 4, 6, 7, 8, 9, 10, 11, 12, 13, 14, 15, 16, 17, 18, 19], ""targets"": [5]}, ""contrast_level"": 2, ""node_type"": ""preprocess""}, {""node_id"": ""983"", ""algorithm_step_name"": ""Linear Regression"", ""node_name"": ""线性回归模型"", ""node_params"": {}, ""contrast_level"": 1, ""node_type"": ""model""}, {""node_id"": ""985"", ""algorithm_step_name"": ""Test Dataset Predictions"", ""node_name"": ""预测"", ""node_params"": {""output_probabilities"": false}, ""contrast_level"": 2, ""node_type"": ""predict""}, {""node_id"": ""986"", ""algorithm_step_name"": ""Save Data"", ""node_name"": ""保存预测结果"", ""node_params"": {}, ""contrast_level"": 1, ""node_type"": ""io""}]}"
"Train data: heart_attack_prediction_dataset_train
test data: heart_attack_prediction_dataset_test
Use the training data and test data to go through all of the following tasks, taking care not to leave anything out:
1. Convert the values in the data for the category column 'Diet'. Use 1, 2, 3 for 'Healthy', 'Average', and 'Unhealthy' respectively.
2. Build a RandomForest model to predict the Heart Attack Risk using all features. Fit the model on the training set.
3. Make predictions on the test set.
4. Save predictions.",0.7778,15297,2026,0,0,0,0,0,"{""edges"": [{""edge_id"": ""23034"", ""source_node_id"": ""994"", ""target_node_id"": ""29431""}, {""edge_id"": ""23035"", ""source_node_id"": ""995"", ""target_node_id"": ""29432""}, {""edge_id"": ""23036"", ""source_node_id"": ""29431"", ""target_node_id"": ""1000""}, {""edge_id"": ""23037"", ""source_node_id"": ""29432"", ""target_node_id"": ""1001""}, {""edge_id"": ""23038"", ""source_node_id"": ""1000"", ""target_node_id"": ""1001""}, {""edge_id"": ""23039"", ""source_node_id"": ""1001"", ""target_node_id"": ""1002""}], ""nodes"": [{""node_id"": ""994"", ""widget_name"": ""SQL Table"", ""node_name"": ""加载训练数据"", ""node_params"": {""table_name"": ""heart_attack_prediction_dataset_train"", ""target_column"": ""Heart_Attack_Risk""}, ""matched"": true}, {""node_id"": ""995"", ""widget_name"": ""SQL Table"", ""node_name"": ""加载测试数据"", ""node_params"": {""table_name"": ""heart_attack_prediction_dataset_test"", ""target_column"": ""Heart_Attack_Risk""}, ""matched"": true}, {""node_id"": ""29431"", ""widget_name"": ""Edit Domain"", ""node_name"": ""转换训练数据Diet列"", ""node_params"": {""column_name"": ""Diet"", ""valueMappings"": [{""key"": 0, ""originValue"": ""Healthy"", ""currentValue"": ""1""}, {""key"": 1, ""originValue"": ""Average"", ""currentValue"": ""2""}, {""key"": 2, ""originValue"": ""Unhealthy"", ""currentValue"": ""3""}]}, ""matched"": false}, {""node_id"": ""29432"", ""widget_name"": ""Edit Domain"", ""node_name"": ""转换测试数据Diet列"", ""node_params"": {""column_name"": ""Diet"", ""valueMappings"": [{""key"": 0, ""originValue"": ""Healthy"", ""currentValue"": ""1""}, {""key"": 1, ""originValue"": ""Average"", ""currentValue"": ""2""}, {""key"": 2, ""originValue"": ""Unhealthy"", ""currentValue"": ""3""}]}, ""matched"": false}, {""node_id"": ""1000"", ""widget_name"": ""Random Forest"", ""node_name"": ""随机森林模型"", ""node_params"": {""n_estimators"": 10, ""use_max_features"": false, ""max_features"": ""auto"", ""use_random_state"": false, ""use_max_depth"": false, ""max_depth"": 3, ""use_min_samples_split"": true, ""min_samples_split"": 2}, ""matched"": true}, {""node_id"": ""1001"", ""widget_name"": ""Predictions"", ""node_name"": ""预测"", ""node_params"": {""output_attrs"": true, ""output_predictions"": true, ""output_probabilities"": true}, ""matched"": true}, {""node_id"": ""1002"", ""widget_name"": ""Save Data"", ""node_name"": ""保存预测结果"", ""node_params"": {}, ""matched"": true}]}","{""dependency_requirements"": [{""edge_id"": ""772"", ""source_node_id"": ""994"", ""target_node_id"": ""996""}, {""edge_id"": ""773"", ""source_node_id"": ""995"", ""target_node_id"": ""997""}, {""edge_id"": ""778"", ""source_node_id"": ""1000"", ""target_node_id"": ""1001""}, {""edge_id"": ""779"", ""source_node_id"": ""1001"", ""target_node_id"": ""1002""}, {""edge_id"": ""780"", ""source_node_id"": ""997"", ""target_node_id"": ""1001""}, {""edge_id"": ""781"", ""source_node_id"": ""996"", ""target_node_id"": ""1000""}], ""step_requirements"": [{""node_id"": ""994"", ""algorithm_step_name"": ""Tabular Dataset Loading"", ""node_name"": ""训练数据"", ""node_params"": {""table_name"": ""heart_attack_prediction_dataset_train"", ""target_column"": ""Heart_Attack_Risk""}, ""contrast_level"": 2, ""node_type"": ""io""}, {""node_id"": ""995"", ""algorithm_step_name"": ""Tabular Dataset Loading"", ""node_name"": ""测试数据"", ""node_params"": {""table_name"": ""heart_attack_prediction_dataset_test"", ""target_column"": ""Heart_Attack_Risk""}, ""contrast_level"": 2, ""node_type"": ""io""}, {""node_id"": ""996"", ""algorithm_step_name"": ""Edit Domain"", ""node_name"": ""编辑域"", ""node_params"": {""column_name"": ""Diet"", ""valueMappings"": [{""key"": 1, ""originValue"": ""Healthy"", ""currentValue"": ""1""}, {""key"": 2, ""originValue"": ""Average"", ""currentValue"": ""2""}, {""key"": 3, ""originValue"": ""Unhealthy"", ""currentValue"": ""3""}]}, ""contrast_level"": 2, ""node_type"": ""preprocess""}, {""node_id"": ""997"", ""algorithm_step_name"": ""Edit Domain"", ""node_name"": ""编辑域"", ""node_params"": {""column_name"": ""Diet"", ""valueMappings"": [{""key"": 1, ""originValue"": ""Healthy"", ""currentValue"": ""1""}, {""key"": 2, ""originValue"": ""Average"", ""currentValue"": ""2""}, {""key"": 3, ""originValue"": ""Unhealthy"", ""currentValue"": ""3""}]}, ""contrast_level"": 2, ""node_type"": ""preprocess""}, {""node_id"": ""1000"", ""algorithm_step_name"": ""Random Forest"", ""node_name"": ""随机森林模型"", ""node_params"": {}, ""contrast_level"": 1, ""node_type"": ""model""}, {""node_id"": ""1001"", ""algorithm_step_name"": ""Test Dataset Predictions"", ""node_name"": ""预测"", ""node_params"": {""output_probabilities"": true}, ""contrast_level"": 2, ""node_type"": ""predict""}, {""node_id"": ""1002"", ""algorithm_step_name"": ""Save Data"", ""node_name"": ""保存预测结果"", ""node_params"": {}, ""contrast_level"": 1, ""node_type"": ""io""}]}"
"Train data path: housing_price_prediction_train
test data path: housing_price_prediction_test
Use the training data and test data to go through all of the following tasks, taking care not to leave anything out:
1. loading 'housing_price_prediction_train' data and loading 'housing_price_prediction_test' data
2. Build a linear regression model to predict the housing price. Fit the model on the training set.
3. Make predictions on the test set.
4. Save predictions.",0.7143,13975,288,0,0,0,0,0,"{""edges"": [{""edge_id"": ""23040"", ""source_node_id"": ""29436"", ""target_node_id"": ""1009""}, {""edge_id"": ""23041"", ""source_node_id"": ""29437"", ""target_node_id"": ""1012""}, {""edge_id"": ""23042"", ""source_node_id"": ""1009"", ""target_node_id"": ""1012""}, {""edge_id"": ""23043"", ""source_node_id"": ""1012"", ""target_node_id"": ""1013""}], ""nodes"": [{""node_id"": ""29436"", ""widget_name"": ""File"", ""node_name"": ""加载训练数据"", ""node_params"": {""type"": ""sample"", ""filename"": ""housing_price_prediction_train.csv""}, ""matched"": false}, {""node_id"": ""29437"", ""widget_name"": ""File"", ""node_name"": ""加载测试数据"", ""node_params"": {""type"": ""sample"", ""filename"": ""housing_price_prediction_test.csv""}, ""matched"": false}, {""node_id"": ""1009"", ""widget_name"": ""Linear Regression"", ""node_name"": ""线性回归模型"", ""node_params"": {""regression_type"": ""0""}, ""matched"": true}, {""node_id"": ""1012"", ""widget_name"": ""Predictions"", ""node_name"": ""预测"", ""node_params"": {""output_attrs"": true, ""output_predictions"": true, ""output_probabilities"": false}, ""matched"": true}, {""node_id"": ""1013"", ""widget_name"": ""Save Data"", ""node_name"": ""保存预测结果"", ""node_params"": {}, ""matched"": true}]}","{""dependency_requirements"": [{""edge_id"": ""789"", ""source_node_id"": ""1009"", ""target_node_id"": ""1012""}, {""edge_id"": ""790"", ""source_node_id"": ""1012"", ""target_node_id"": ""1013""}, {""edge_id"": ""791"", ""source_node_id"": ""1005"", ""target_node_id"": ""1012""}, {""edge_id"": ""792"", ""source_node_id"": ""1004"", ""target_node_id"": ""1009""}], ""step_requirements"": [{""node_id"": ""1004"", ""algorithm_step_name"": ""Tabular Dataset Loading"", ""node_name"": ""房价预测训练数据"", ""node_params"": {""table_name"": ""housing_price_prediction_train"", ""target_column"": ""price""}, ""contrast_level"": 2, ""node_type"": ""io""}, {""node_id"": ""1005"", ""algorithm_step_name"": ""Tabular Dataset Loading"", ""node_name"": ""房价预测测试数据"", ""node_params"": {""table_name"": ""housing_price_prediction_test"", ""target_column"": ""price""}, ""contrast_level"": 2, ""node_type"": ""io""}, {""node_id"": ""1009"", ""algorithm_step_name"": ""Linear Regression"", ""node_name"": ""线性回归模型"", ""node_params"": {}, ""contrast_level"": 1, ""node_type"": ""model""}, {""node_id"": ""1012"", ""algorithm_step_name"": ""Test Dataset Predictions"", ""node_name"": ""预测"", ""node_params"": {""output_probabilities"": false}, ""contrast_level"": 2, ""node_type"": ""predict""}, {""node_id"": ""1013"", ""algorithm_step_name"": ""Save Data"", ""node_name"": ""保存预测结果"", ""node_params"": {}, ""contrast_level"": 1, ""node_type"": ""io""}]}"
"Train data: life_expectancy_data_train
test data: life_expectancy_data_test
Use the training data and test data to go through all of the following tasks, taking care not to leave anything out:
1. Perform feature construction to build a new feature named ""GDP_bins"" to categorize the GDP into several bins. The GDP bins are defined as follows:
  - ""Low GDP"": GDP <= 1000
  - ""Medium GDP"": 1000 < GDP <= 10000
  - ""High GDP"": GDP > 10000
2. Create a predictive model to predict life expectancy. Use Linear regression as the model. Fit the model on the training set.
3. Make predictions on the test set.
4. Save predictions.",0.5556,14043,514,0,0,0,0,0,"{""edges"": [{""edge_id"": ""23044"", ""source_node_id"": ""29441"", ""target_node_id"": ""29443""}, {""edge_id"": ""23045"", ""source_node_id"": ""29443"", ""target_node_id"": ""1022""}, {""edge_id"": ""23046"", ""source_node_id"": ""29442"", ""target_node_id"": ""29445""}, {""edge_id"": ""23047"", ""source_node_id"": ""29445"", ""target_node_id"": ""1023""}, {""edge_id"": ""23048"", ""source_node_id"": ""1022"", ""target_node_id"": ""1023""}, {""edge_id"": ""23049"", ""source_node_id"": ""1023"", ""target_node_id"": ""1024""}], ""nodes"": [{""node_id"": ""29441"", ""widget_name"": ""File"", ""node_name"": ""训练数据"", ""node_params"": {""type"": ""sample"", ""filename"": ""life_expectancy_data_train.csv""}, ""matched"": false}, {""node_id"": ""29442"", ""widget_name"": ""File"", ""node_name"": ""测试数据"", ""node_params"": {""type"": ""sample"", ""filename"": ""life_expectancy_data_test.csv""}, ""matched"": false}, {""node_id"": ""29443"", ""widget_name"": ""Feature Constructor"", ""node_name"": ""特征构建"", ""node_params"": {""expressions"": [{""key"": 0, ""name"": ""GDP_bins"", ""expression"": ""'Low GDP' if GDP<=1000 else 'Medium GDP' if GDP<=10000 else 'High GDP'"", ""type"": 1, ""image"": ""C"", ""categories"": ""Low GDP, Medium GDP, High GDP""}]}, ""matched"": false}, {""node_id"": ""1022"", ""widget_name"": ""Linear Regression"", ""node_name"": ""线性回归模型"", ""node_params"": {""regression_type"": ""0""}, ""matched"": true}, {""node_id"": ""29445"", ""widget_name"": ""Feature Constructor"", ""node_name"": ""测试数据特征构建"", ""node_params"": {""expressions"": [{""key"": 0, ""name"": ""GDP_bins"", ""expression"": ""'Low GDP' if GDP<=1000 else 'Medium GDP' if GDP<=10000 else 'High GDP'"", ""type"": 1, ""image"": ""C"", ""categories"": ""Low GDP, Medium GDP, High GDP""}]}, ""matched"": false}, {""node_id"": ""1023"", ""widget_name"": ""Predictions"", ""node_name"": ""预测"", ""node_params"": {""output_attrs"": true, ""output_predictions"": true, ""output_probabilities"": false}, ""matched"": true}, {""node_id"": ""1024"", ""widget_name"": ""Save Data"", ""node_name"": ""保存预测结果"", ""node_params"": {}, ""matched"": true}]}","{""dependency_requirements"": [{""edge_id"": ""797"", ""source_node_id"": ""1018"", ""target_node_id"": ""1020""}, {""edge_id"": ""798"", ""source_node_id"": ""1019"", ""target_node_id"": ""1021""}, {""edge_id"": ""799"", ""source_node_id"": ""1020"", ""target_node_id"": ""1022""}, {""edge_id"": ""800"", ""source_node_id"": ""1021"", ""target_node_id"": ""1023""}, {""edge_id"": ""801"", ""source_node_id"": ""1022"", ""target_node_id"": ""1023""}, {""edge_id"": ""802"", ""source_node_id"": ""1023"", ""target_node_id"": ""1024""}], ""step_requirements"": [{""node_id"": ""1018"", ""algorithm_step_name"": ""Tabular Dataset Loading"", ""node_name"": ""预期寿命训练数据"", ""node_params"": {""table_name"": ""life_expectancy_data_train"", ""target_column"": ""Life_expectancy""}, ""contrast_level"": 2, ""node_type"": ""io""}, {""node_id"": ""1019"", ""algorithm_step_name"": ""Tabular Dataset Loading"", ""node_name"": ""预期寿命测试数据"", ""node_params"": {""table_name"": ""life_expectancy_data_test"", ""target_column"": ""Life_expectancy""}, ""contrast_level"": 2, ""node_type"": ""io""}, {""node_id"": ""1020"", ""algorithm_step_name"": ""Feature Construction"", ""node_name"": ""特征构建_训练数据"", ""node_params"": {""expressions"": [{""key"": 0, ""name"": ""GDP_bins"", ""expression"": ""'Low GDP' if GDP <= 1000 else 'Medium GDP' if GDP <= 10000 else 'High GDP'"", ""type"": ""1"", ""image"": ""C"", ""categories"": ""Low GDP, Medium GDP, High GDP""}]}, ""contrast_level"": 2, ""node_type"": ""feature engineering""}, {""node_id"": ""1021"", ""algorithm_step_name"": ""Feature Construction"", ""node_name"": ""特征构建_测试数据"", ""node_params"": {""expressions"": [{""key"": 0, ""name"": ""GDP_bins"", ""expression"": ""'Low GDP' if GDP <= 1000 else 'Medium GDP' if GDP <= 10000 else 'High GDP'"", ""type"": ""1"", ""image"": ""C"", ""categories"": ""Low GDP, Medium GDP, High GDP""}]}, ""contrast_level"": 2, ""node_type"": ""feature engineering""}, {""node_id"": ""1022"", ""algorithm_step_name"": ""Linear Regression"", ""node_name"": ""线性回归模型"", ""node_params"": {}, ""contrast_level"": 1, ""node_type"": ""model""}, {""node_id"": ""1023"", ""algorithm_step_name"": ""Test Dataset Predictions"", ""node_name"": ""预测"", ""node_params"": {""output_probabilities"": false}, ""contrast_level"": 2, ""node_type"": ""predict""}, {""node_id"": ""1024"", ""algorithm_step_name"": ""Save Data"", ""node_name"": ""保存预测结果"", ""node_params"": {}, ""contrast_level"": 1, ""node_type"": ""io""}]}"
"Train data: bank_customer_churn_train
test data: bank_customer_churn_test
Use the training data and test data to go through all of the following tasks, taking care not to leave anything out:
1. Drop the columns that will not be interesting to models, such as ""CustomerId"", ""Complain"", and ""Surname"".
2. Use one-hot encoding for ""Geography"" and ""Card Type"".
3. Construct a model using XGBoost to predict categorical target variable ""Exited"".
4. Make predictions on the test set.
5. Save predictions.",0.2222,47894,5218,0,0,0,0,0,"{""edges"": [], ""nodes"": [{""node_id"": ""694"", ""widget_name"": ""SQL Table"", ""node_name"": ""银行客户流失训练数据"", ""node_params"": {""table_name"": ""bank_customer_churn_train"", ""target_column"": ""Exited""}, ""matched"": true}, {""node_id"": ""695"", ""widget_name"": ""SQL Table"", ""node_name"": ""银行客户流失测试数据"", ""node_params"": {""table_name"": ""bank_customer_churn_test"", ""target_column"": ""Exited""}, ""matched"": true}, {""node_id"": ""29450"", ""widget_name"": ""Select Columns"", ""node_name"": ""训练数据列选择"", ""node_params"": {""ignores"": [], ""features"": [], ""targets"": """"}, ""matched"": false}]}","{""dependency_requirements"": [{""edge_id"": ""503"", ""source_node_id"": ""694"", ""target_node_id"": ""696""}, {""edge_id"": ""504"", ""source_node_id"": ""695"", ""target_node_id"": ""697""}, {""edge_id"": ""505"", ""source_node_id"": ""696"", ""target_node_id"": ""698""}, {""edge_id"": ""506"", ""source_node_id"": ""697"", ""target_node_id"": ""699""}, {""edge_id"": ""507"", ""source_node_id"": ""698"", ""target_node_id"": ""700""}, {""edge_id"": ""508"", ""source_node_id"": ""699"", ""target_node_id"": ""701""}, {""edge_id"": ""509"", ""source_node_id"": ""700"", ""target_node_id"": ""701""}, {""edge_id"": ""510"", ""source_node_id"": ""701"", ""target_node_id"": ""702""}], ""step_requirements"": [{""node_id"": ""694"", ""algorithm_step_name"": ""Tabular Dataset Loading"", ""node_name"": ""银行客户流失训练数据"", ""node_params"": {""table_name"": ""bank_customer_churn_train"", ""target_column"": ""Exited""}, ""contrast_level"": 2, ""node_type"": ""io""}, {""node_id"": ""695"", ""algorithm_step_name"": ""Tabular Dataset Loading"", ""node_name"": ""银行客户流失测试数据"", ""node_params"": {""table_name"": ""bank_customer_churn_test"", ""target_column"": ""Exited""}, ""contrast_level"": 2, ""node_type"": ""io""}, {""node_id"": ""696"", ""algorithm_step_name"": ""Select Columns"", ""node_name"": ""选择训练数据列"", ""node_params"": {""ignores"": [], ""features"": [0, 1, 2, 3, 4, 5, 6, 7, 8, 9, 11, 12, 13], ""targets"": [10]}, ""contrast_level"": 2, ""node_type"": ""preprocess""}, {""node_id"": ""697"", ""algorithm_step_name"": ""Select Columns"", ""node_name"": ""选择测试数据列"", ""node_params"": {""ignores"": [], ""features"": [0, 1, 2, 3, 4, 5, 6, 7, 8, 9, 11, 12, 13], ""targets"": [10]}, ""contrast_level"": 2, ""node_type"": ""preprocess""}, {""node_id"": ""698"", ""algorithm_step_name"": ""One Hot Encoding"", ""node_name"": ""训练数据独热编码"", ""node_params"": {""encode_vars"": [""Geography"", ""CardType""]}, ""contrast_level"": 2, ""node_type"": ""feature engineering""}, {""node_id"": ""699"", ""algorithm_step_name"": ""One Hot Encoding"", ""node_name"": ""测试数据独热编码"", ""node_params"": {""encode_vars"": [""Geography"", ""CardType""]}, ""contrast_level"": 2, ""node_type"": ""feature engineering""}, {""node_id"": ""700"", ""algorithm_step_name"": ""XGBoost"", ""node_name"": ""XGBoost"", ""node_params"": {}, ""contrast_level"": 1, ""node_type"": ""model""}, {""node_id"": ""701"", ""algorithm_step_name"": ""Test Dataset Predictions"", ""node_name"": ""预测"", ""node_params"": {""output_probabilities"": true}, ""contrast_level"": 2, ""node_type"": ""predict""}, {""node_id"": ""702"", ""algorithm_step_name"": ""Save Data"", ""node_name"": ""保存预测结果"", ""node_params"": {}, ""contrast_level"": 1, ""node_type"": ""io""}]}"
"Train data: cardiovascular_diseases_risk_prediction_train
test data: cardiovascular_diseases_risk_prediction_test
Use the training data and test data to go through all of the following tasks, taking care not to leave anything out:
1. Drop all rows with missing values from the dataset. And then drop the duplicates.
2. Perform feature construction to build a new feature named ""BMI_Category"" to categorize the BMI (Body Mass Index) of each individual into one of four categories:
    - ""Underweight"" is a BMI less than 18.5,
    - ""Normal weight"" is a BMI from 18.5 to 24.9,
    - ""Overweight"" is a BMI from 25 to 29.9,
    - ""Obesity"" is a BMI of 30 or higher.
3. Try to predict Heart_Disease based on all other variables.
Construct a model to predict Heart_Disease.
Fit the model on the training set.
4. Make predictions on the test set.
5. Save predictions.",0.8824,17528,2857,0,0,0,0,0,"{""edges"": [{""edge_id"": ""23050"", ""source_node_id"": ""1034"", ""target_node_id"": ""1043""}, {""edge_id"": ""23051"", ""source_node_id"": ""1035"", ""target_node_id"": ""1044""}, {""edge_id"": ""23052"", ""source_node_id"": ""1043"", ""target_node_id"": ""1036""}, {""edge_id"": ""23053"", ""source_node_id"": ""1044"", ""target_node_id"": ""1037""}, {""edge_id"": ""23054"", ""source_node_id"": ""1036"", ""target_node_id"": ""29457""}, {""edge_id"": ""23055"", ""source_node_id"": ""1037"", ""target_node_id"": ""29458""}, {""edge_id"": ""23056"", ""source_node_id"": ""29457"", ""target_node_id"": ""29459""}, {""edge_id"": ""23057"", ""source_node_id"": ""29458"", ""target_node_id"": ""29460""}, {""edge_id"": ""23058"", ""source_node_id"": ""29459"", ""target_node_id"": ""1040""}, {""edge_id"": ""23059"", ""source_node_id"": ""29460"", ""target_node_id"": ""1041""}, {""edge_id"": ""23060"", ""source_node_id"": ""1040"", ""target_node_id"": ""1041""}, {""edge_id"": ""23061"", ""source_node_id"": ""1041"", ""target_node_id"": ""1042""}], ""nodes"": [{""node_id"": ""1034"", ""widget_name"": ""SQL Table"", ""node_name"": ""心血管疾病风险预测训练数据"", ""node_params"": {""table_name"": ""cardiovascular_diseases_risk_prediction_train"", ""target_column"": ""Heart_Disease""}, ""matched"": true}, {""node_id"": ""1035"", ""widget_name"": ""SQL Table"", ""node_name"": ""心血管疾病风险预测测试数据"", ""node_params"": {""table_name"": ""cardiovascular_diseases_risk_prediction_test"", ""target_column"": ""Heart_Disease""}, ""matched"": true}, {""node_id"": ""1043"", ""widget_name"": ""Impute"", ""node_name"": ""训练数据缺失值处理"", ""node_params"": {""method"": 5}, ""matched"": true}, {""node_id"": ""1044"", ""widget_name"": ""Impute"", ""node_name"": ""测试数据缺失值处理"", ""node_params"": {""method"": 5}, ""matched"": true}, {""node_id"": ""1036"", ""widget_name"": ""Unique"", ""node_name"": ""训练数据去重"", ""node_params"": {""selGroupByVariables"": [], ""configure"": ""Last instance""}, ""matched"": true}, {""node_id"": ""1037"", ""widget_name"": ""Unique"", ""node_name"": ""测试数据去重"", ""node_params"": {""selGroupByVariables"": [], ""configure"": ""Last instance""}, ""matched"": true}, {""node_id"": ""29457"", ""widget_name"": ""Feature Constructor"", ""node_name"": ""训练数据特征构建"", ""node_params"": {""expressions"": [{""key"": 0, ""name"": ""BMI_Category"", ""expression"": ""'Underweight' if BMI < 18.5 else 'Normal weight' if BMI <= 24.9 else 'Overweight' if BMI <= 29.9 else 'Obesity'"", ""type"": 1, ""image"": ""C"", ""categories"": ""Underweight, Normal weight, Overweight, Obesity""}]}, ""matched"": false}, {""node_id"": ""29458"", ""widget_name"": ""Feature Constructor"", ""node_name"": ""测试数据特征构建"", ""node_params"": {""expressions"": [{""key"": 0, ""name"": ""BMI_Category"", ""expression"": ""'Underweight' if BMI < 18.5 else 'Normal weight' if BMI <= 24.9 else 'Overweight' if BMI <= 29.9 else 'Obesity'"", ""type"": 1, ""image"": ""C"", ""categories"": ""Underweight, Normal weight, Overweight, Obesity""}]}, ""matched"": false}, {""node_id"": ""29459"", ""widget_name"": ""One Hot Encoder"", ""node_name"": ""训练数据独热编码"", ""node_params"": {""encode_vars"": [""BMI_Category""]}, ""matched"": false}, {""node_id"": ""29460"", ""widget_name"": ""One Hot Encoder"", ""node_name"": ""测试数据独热编码"", ""node_params"": {""encode_vars"": [""BMI_Category""]}, ""matched"": false}, {""node_id"": ""1040"", ""widget_name"": ""Random Forest"", ""node_name"": ""随机森林模型"", ""node_params"": {""n_estimators"": 10, ""use_max_features"": false, ""max_features"": ""auto"", ""use_random_state"": false, ""use_max_depth"": false, ""max_depth"": 3, ""use_min_samples_split"": true, ""min_samples_split"": 2}, ""matched"": true}, {""node_id"": ""1041"", ""widget_name"": ""Predictions"", ""node_name"": ""预测"", ""node_params"": {""output_attrs"": true, ""output_predictions"": true, ""output_probabilities"": true}, ""matched"": true}, {""node_id"": ""1042"", ""widget_name"": ""Save Data"", ""node_name"": ""保存预测结果"", ""node_params"": {}, ""matched"": true}]}","{""dependency_requirements"": [{""edge_id"": ""811"", ""source_node_id"": ""1043"", ""target_node_id"": ""1036""}, {""edge_id"": ""812"", ""source_node_id"": ""1044"", ""target_node_id"": ""1037""}, {""edge_id"": ""813"", ""source_node_id"": ""1036"", ""target_node_id"": ""1038""}, {""edge_id"": ""814"", ""source_node_id"": ""1037"", ""target_node_id"": ""1039""}, {""edge_id"": ""815"", ""source_node_id"": ""1038"", ""target_node_id"": ""1040""}, {""edge_id"": ""816"", ""source_node_id"": ""1039"", ""target_node_id"": ""1041""}, {""edge_id"": ""817"", ""source_node_id"": ""1040"", ""target_node_id"": ""1041""}, {""edge_id"": ""818"", ""source_node_id"": ""1041"", ""target_node_id"": ""1042""}, {""edge_id"": ""819"", ""source_node_id"": ""1035"", ""target_node_id"": ""1044""}, {""edge_id"": ""820"", ""source_node_id"": ""1034"", ""target_node_id"": ""1043""}], ""step_requirements"": [{""node_id"": ""1034"", ""algorithm_step_name"": ""Tabular Dataset Loading"", ""node_name"": ""心血管疾病风险预测训练数据"", ""node_params"": {""table_name"": ""cardiovascular_diseases_risk_prediction_train"", ""target_column"": ""Heart_Disease""}, ""contrast_level"": 2, ""node_type"": ""io""}, {""node_id"": ""1035"", ""algorithm_step_name"": ""Tabular Dataset Loading"", ""node_name"": ""心血管疾病风险预测测试数据"", ""node_params"": {""table_name"": ""cardiovascular_diseases_risk_prediction_test"", ""target_column"": ""Heart_Disease""}, ""contrast_level"": 2, ""node_type"": ""io""}, {""node_id"": ""1036"", ""algorithm_step_name"": ""Unique"", ""node_name"": ""训练数据去重"", ""node_params"": {}, ""contrast_level"": 1, ""node_type"": ""preprocess""}, {""node_id"": ""1037"", ""algorithm_step_name"": ""Unique"", ""node_name"": ""测试数据去重"", ""node_params"": {}, ""contrast_level"": 1, ""node_type"": ""preprocess""}, {""node_id"": ""1038"", ""algorithm_step_name"": ""Feature Construction"", ""node_name"": ""训练数据特征构建"", ""node_params"": {""expressions"": [{""key"": 0, ""name"": ""BMI_Category"", ""expression"": ""'Underweight' if BMI < 18.5 else 'Normal weight' if 18.5 <= BMI < 24.9 else 'Overweight' if 25 <= BMI < 29.9 else 'Obesity'"", ""type"": ""1"", ""image"": ""C"", ""categories"": ""Underweight, Normal weight, Overweight, Obesity""}]}, ""contrast_level"": 2, ""node_type"": ""feature engineering""}, {""node_id"": ""1039"", ""algorithm_step_name"": ""Feature Construction"", ""node_name"": ""测试数据特征构建"", ""node_params"": {""expressions"": [{""key"": 0, ""name"": ""BMI_Category"", ""expression"": ""'Underweight' if BMI < 18.5 else 'Normal weight' if 18.5 <= BMI < 24.9 else 'Overweight' if 25 <= BMI < 29.9 else 'Obesity'"", ""type"": ""1"", ""image"": ""C"", ""categories"": ""Underweight, Normal weight, Overweight, Obesity""}]}, ""contrast_level"": 2, ""node_type"": ""feature engineering""}, {""node_id"": ""1040"", ""algorithm_step_name"": ""Random Forest"", ""node_name"": ""随机森林模型"", ""node_params"": {}, ""contrast_level"": 0, ""node_type"": ""model""}, {""node_id"": ""1041"", ""algorithm_step_name"": ""Test Dataset Predictions"", ""node_name"": ""预测"", ""node_params"": {""output_probabilities"": true}, ""contrast_level"": 2, ""node_type"": ""predict""}, {""node_id"": ""1042"", ""algorithm_step_name"": ""Save Data"", ""node_name"": ""保存预测结果"", ""node_params"": {}, ""contrast_level"": 1, ""node_type"": ""io""}, {""node_id"": ""1043"", ""algorithm_step_name"": ""Missing Value Handling"", ""node_name"": ""缺失值处理"", ""node_params"": {}, ""contrast_level"": 1, ""node_type"": ""preprocess""}, {""node_id"": ""1044"", ""algorithm_step_name"": ""Missing Value Handling"", ""node_name"": ""缺失值处理"", ""node_params"": {}, ""contrast_level"": 1, ""node_type"": ""preprocess""}]}"
"Train data: coffee_quality_data_cqi_train
test data path: coffee_quality_data_cqi_test
Use the training data and test data to go through all of the following tasks, taking care not to leave anything out:
1. Drop duplicated rows from the dataset.
2. Drop the following columns from the dataset: ""ID"", ""ICO Number"", ""Owner"", ""Region"", ""Certification Contact"", ""Certification Address"", ""Farm Name"", ""Lot Number"", ""Mill"", ""ICO Number"", ""Producer"", ""Company"", ""Expiration"", ""Harvest Year"", ""Unnamed: 0"", ""Number of Bags"", ""Bag Weight"", ""In-Country Partner"", ""Country of Origin"", ""Processing Method"", ""Grading Date"", ""Variety"", ""Status"", ""Defects"", ""Uniformity"", ""Clean Cup"", ""Sweetness"", and ""Certification Body"".
3. For categorical column ""Color"", use one-hot encoding.
4. Try to predict Total Cup Points.
Build a regressor on the training set with RandomForestRegressor.
5. Make predictions on the test set.
6. Save predictions.",0.1818,45880,1961,0,0,0,0,0,"{""edges"": [{""edge_id"": ""23062"", ""source_node_id"": ""29464"", ""target_node_id"": ""807""}, {""edge_id"": ""23063"", ""source_node_id"": ""29465"", ""target_node_id"": ""808""}], ""nodes"": [{""node_id"": ""29464"", ""widget_name"": ""File"", ""node_name"": ""训练数据加载"", ""node_params"": {""type"": ""sample"", ""filename"": ""coffee_quality_data_cqi_train.csv""}, ""matched"": false}, {""node_id"": ""29465"", ""widget_name"": ""File"", ""node_name"": ""测试数据加载"", ""node_params"": {""type"": ""sample"", ""filename"": ""coffee_quality_data_cqi_test.csv""}, ""matched"": false}, {""node_id"": ""807"", ""widget_name"": ""Unique"", ""node_name"": ""训练数据去重"", ""node_params"": {""selGroupByVariables"": [], ""configure"": ""Last instance""}, ""matched"": true}, {""node_id"": ""808"", ""widget_name"": ""Unique"", ""node_name"": ""测试数据去重"", ""node_params"": {""selGroupByVariables"": [], ""configure"": ""Last instance""}, ""matched"": true}, {""node_id"": ""29468"", ""widget_name"": ""Select Columns"", ""node_name"": ""训练数据列选择"", ""node_params"": {""ignores"": [], ""features"": [], ""targets"": """"}, ""matched"": false}, {""node_id"": ""29469"", ""widget_name"": ""Select Columns"", ""node_name"": ""测试数据列选择"", ""node_params"": {""ignores"": [], ""features"": [], ""targets"": """"}, ""matched"": false}]}","{""dependency_requirements"": [{""edge_id"": ""600"", ""source_node_id"": ""805"", ""target_node_id"": ""807""}, {""edge_id"": ""601"", ""source_node_id"": ""806"", ""target_node_id"": ""808""}, {""edge_id"": ""602"", ""source_node_id"": ""807"", ""target_node_id"": ""809""}, {""edge_id"": ""603"", ""source_node_id"": ""808"", ""target_node_id"": ""810""}, {""edge_id"": ""604"", ""source_node_id"": ""809"", ""target_node_id"": ""811""}, {""edge_id"": ""605"", ""source_node_id"": ""810"", ""target_node_id"": ""812""}, {""edge_id"": ""606"", ""source_node_id"": ""811"", ""target_node_id"": ""813""}, {""edge_id"": ""607"", ""source_node_id"": ""812"", ""target_node_id"": ""814""}, {""edge_id"": ""608"", ""source_node_id"": ""813"", ""target_node_id"": ""814""}, {""edge_id"": ""609"", ""source_node_id"": ""814"", ""target_node_id"": ""815""}], ""step_requirements"": [{""node_id"": ""805"", ""algorithm_step_name"": ""Tabular Dataset Loading"", ""node_name"": ""咖啡质量训练数据"", ""node_params"": {""table_name"": ""coffee_quality_data_cqi_train"", ""target_column"": ""Total_Cup_Points""}, ""contrast_level"": 2, ""node_type"": ""io""}, {""node_id"": ""806"", ""algorithm_step_name"": ""Tabular Dataset Loading"", ""node_name"": ""咖啡质量测试数据"", ""node_params"": {""table_name"": ""coffee_quality_data_cqi_test"", ""target_column"": ""Total_Cup_Points""}, ""contrast_level"": 2, ""node_type"": ""io""}, {""node_id"": ""807"", ""algorithm_step_name"": ""Unique"", ""node_name"": ""训练数据去重"", ""node_params"": {}, ""contrast_level"": 1, ""node_type"": ""preprocess""}, {""node_id"": ""808"", ""algorithm_step_name"": ""Unique"", ""node_name"": ""测试数据去重"", ""node_params"": {}, ""contrast_level"": 1, ""node_type"": ""preprocess""}, {""node_id"": ""809"", ""algorithm_step_name"": ""Select Columns"", ""node_name"": ""训练数据列选择"", ""node_params"": {""ignores"": [], ""features"": [0, 1, 2, 3, 4, 5, 6, 7, 9, 10, 11, 12, 13], ""targets"": [8]}, ""contrast_level"": 2, ""node_type"": ""preprocess""}, {""node_id"": ""810"", ""algorithm_step_name"": ""Select Columns"", ""node_name"": ""测试数据列选择"", ""node_params"": {""ignores"": [], ""features"": [0, 1, 2, 3, 4, 5, 6, 7, 9, 10, 11, 12, 13], ""targets"": [8]}, ""contrast_level"": 2, ""node_type"": ""preprocess""}, {""node_id"": ""811"", ""algorithm_step_name"": ""One Hot Encoding"", ""node_name"": ""训练数据独热编码"", ""node_params"": {""encode_vars"": [""Color""]}, ""contrast_level"": 2, ""node_type"": ""feature engineering""}, {""node_id"": ""812"", ""algorithm_step_name"": ""One Hot Encoding"", ""node_name"": ""测试数据独热编码"", ""node_params"": {""encode_vars"": [""Color""]}, ""contrast_level"": 2, ""node_type"": ""feature engineering""}, {""node_id"": ""813"", ""algorithm_step_name"": ""Random Forest"", ""node_name"": ""随机森林回归模型"", ""node_params"": {}, ""contrast_level"": 1, ""node_type"": ""model""}, {""node_id"": ""814"", ""algorithm_step_name"": ""Test Dataset Predictions"", ""node_name"": ""预测"", ""node_params"": {""output_probabilities"": false}, ""contrast_level"": 2, ""node_type"": ""predict""}, {""node_id"": ""815"", ""algorithm_step_name"": ""Save Data"", ""node_name"": ""保存预测结果"", ""node_params"": {}, ""contrast_level"": 1, ""node_type"": ""io""}]}"
"Train data: diabetes_prediction_dataset_train
test data: diabetes_prediction_dataset_test
Use the training data and test data to go through all of the following tasks, taking care not to leave anything out:
1. Drop duplicate rows from the dataset.
2. Perform one-hot encoding on the ""gender"" and ""smoking_history"" columns.
3. Rank the most important features.
4. Build a random forest classifier to predict diabetes using all features. Fit the model on the training set.
5. Make predictions on the test set.
6. Save predictions.
7. Show the confusion matrix.",0.8947,13997,610,0,0,0,0,0,"{""edges"": [{""edge_id"": ""23064"", ""source_node_id"": ""29470"", ""target_node_id"": ""818""}, {""edge_id"": ""23065"", ""source_node_id"": ""29471"", ""target_node_id"": ""819""}, {""edge_id"": ""23066"", ""source_node_id"": ""818"", ""target_node_id"": ""820""}, {""edge_id"": ""23067"", ""source_node_id"": ""819"", ""target_node_id"": ""821""}, {""edge_id"": ""23068"", ""source_node_id"": ""820"", ""target_node_id"": ""822""}, {""edge_id"": ""23069"", ""source_node_id"": ""820"", ""target_node_id"": ""823""}, {""edge_id"": ""23070"", ""source_node_id"": ""821"", ""target_node_id"": ""824""}, {""edge_id"": ""23071"", ""source_node_id"": ""823"", ""target_node_id"": ""824""}, {""edge_id"": ""23072"", ""source_node_id"": ""824"", ""target_node_id"": ""825""}, {""edge_id"": ""23073"", ""source_node_id"": ""824"", ""target_node_id"": ""826""}], ""nodes"": [{""node_id"": ""29470"", ""widget_name"": ""File"", ""node_name"": ""训练数据加载"", ""node_params"": {""type"": ""sample"", ""filename"": ""diabetes_prediction_dataset_train.csv""}, ""matched"": false}, {""node_id"": ""29471"", ""widget_name"": ""File"", ""node_name"": ""测试数据加载"", ""node_params"": {""type"": ""sample"", ""filename"": ""diabetes_prediction_dataset_test.csv""}, ""matched"": false}, {""node_id"": ""818"", ""widget_name"": ""Unique"", ""node_name"": ""训练数据去重"", ""node_params"": {""selGroupByVariables"": [], ""configure"": ""Last instance""}, ""matched"": true}, {""node_id"": ""819"", ""widget_name"": ""Unique"", ""node_name"": ""测试数据去重"", ""node_params"": {""selGroupByVariables"": [], ""configure"": ""Last instance""}, ""matched"": true}, {""node_id"": ""820"", ""widget_name"": ""One Hot Encoder"", ""node_name"": ""训练数据独热编码"", ""node_params"": {""encode_vars"": [""gender"", ""smoking_history""]}, ""matched"": true}, {""node_id"": ""821"", ""widget_name"": ""One Hot Encoder"", ""node_name"": ""测试数据独热编码"", ""node_params"": {""encode_vars"": [""gender"", ""smoking_history""]}, ""matched"": true}, {""node_id"": ""822"", ""widget_name"": ""Rank"", ""node_name"": ""特征重要性排序"", ""node_params"": {}, ""matched"": true}, {""node_id"": ""823"", ""widget_name"": ""Random Forest"", ""node_name"": ""随机森林分类器"", ""node_params"": {""n_estimators"": 10, ""use_max_features"": false, ""max_features"": ""auto"", ""use_random_state"": false, ""use_max_depth"": false, ""max_depth"": 3, ""use_min_samples_split"": true, ""min_samples_split"": 2}, ""matched"": true}, {""node_id"": ""824"", ""widget_name"": ""Predictions"", ""node_name"": ""预测"", ""node_params"": {""output_attrs"": true, ""output_predictions"": true, ""output_probabilities"": true}, ""matched"": true}, {""node_id"": ""825"", ""widget_name"": ""Save Data"", ""node_name"": ""保存预测结果"", ""node_params"": {}, ""matched"": true}, {""node_id"": ""826"", ""widget_name"": ""Confusion Matrix"", ""node_name"": ""混淆矩阵"", ""node_params"": {}, ""matched"": true}]}","{""dependency_requirements"": [{""edge_id"": ""610"", ""source_node_id"": ""816"", ""target_node_id"": ""818""}, {""edge_id"": ""611"", ""source_node_id"": ""817"", ""target_node_id"": ""819""}, {""edge_id"": ""612"", ""source_node_id"": ""818"", ""target_node_id"": ""820""}, {""edge_id"": ""613"", ""source_node_id"": ""819"", ""target_node_id"": ""821""}, {""edge_id"": ""614"", ""source_node_id"": ""820"", ""target_node_id"": ""822""}, {""edge_id"": ""615"", ""source_node_id"": ""820"", ""target_node_id"": ""823""}, {""edge_id"": ""616"", ""source_node_id"": ""821"", ""target_node_id"": ""824""}, {""edge_id"": ""617"", ""source_node_id"": ""823"", ""target_node_id"": ""824""}, {""edge_id"": ""618"", ""source_node_id"": ""824"", ""target_node_id"": ""825""}, {""edge_id"": ""619"", ""source_node_id"": ""824"", ""target_node_id"": ""826""}], ""step_requirements"": [{""node_id"": ""816"", ""algorithm_step_name"": ""Tabular Dataset Loading"", ""node_name"": ""糖尿病预测训练数据"", ""node_params"": {""table_name"": ""diabetes_prediction_dataset_train"", ""target_column"": ""diabetes""}, ""contrast_level"": 2, ""node_type"": ""io""}, {""node_id"": ""817"", ""algorithm_step_name"": ""Tabular Dataset Loading"", ""node_name"": ""糖尿病预测测试数据"", ""node_params"": {""table_name"": ""diabetes_prediction_dataset_test"", ""target_column"": ""diabetes""}, ""contrast_level"": 2, ""node_type"": ""io""}, {""node_id"": ""818"", ""algorithm_step_name"": ""Unique"", ""node_name"": ""训练数据去重"", ""node_params"": {}, ""contrast_level"": 1, ""node_type"": ""preprocess""}, {""node_id"": ""819"", ""algorithm_step_name"": ""Unique"", ""node_name"": ""测试数据去重"", ""node_params"": {}, ""contrast_level"": 1, ""node_type"": ""preprocess""}, {""node_id"": ""820"", ""algorithm_step_name"": ""One Hot Encoding"", ""node_name"": ""训练数据独热编码"", ""node_params"": {""encode_vars"": [""gender"", ""smoking_history""]}, ""contrast_level"": 2, ""node_type"": ""feature engineering""}, {""node_id"": ""821"", ""algorithm_step_name"": ""One Hot Encoding"", ""node_name"": ""测试数据独热编码"", ""node_params"": {""encode_vars"": [""gender"", ""smoking_history""]}, ""contrast_level"": 2, ""node_type"": ""feature engineering""}, {""node_id"": ""822"", ""algorithm_step_name"": ""Rank"", ""node_name"": ""特征重要性排序"", ""node_params"": {}, ""contrast_level"": 1, ""node_type"": ""feature engineering""}, {""node_id"": ""823"", ""algorithm_step_name"": ""Random Forest"", ""node_name"": ""随机森林模型"", ""node_params"": {}, ""contrast_level"": 1, ""node_type"": ""model""}, {""node_id"": ""824"", ""algorithm_step_name"": ""Test Dataset Predictions"", ""node_name"": ""预测"", ""node_params"": {""output_probabilities"": true}, ""contrast_level"": 2, ""node_type"": ""predict""}, {""node_id"": ""825"", ""algorithm_step_name"": ""Save Data"", ""node_name"": ""保存预测结果"", ""node_params"": {}, ""contrast_level"": 1, ""node_type"": ""io""}, {""node_id"": ""826"", ""algorithm_step_name"": ""Confusion Matrix"", ""node_name"": ""混淆矩阵"", ""node_params"": {}, ""contrast_level"": 1, ""node_type"": ""visualize""}]}"
"Train data: disease_symptoms_and_patient_profile_dataset_train
test data: disease_symptoms_and_patient_profile_dataset_test
Use the training data and test data to go through all of the following tasks, taking care not to leave anything out:
you need build two logistic regression models to predict categorical target variable 'outcome variable'.
1. categorical features (except ""Disease"" column) into numerical features using one-hot encoding.
2. Use a feature selection technique to select the most important 5 features.
3. Build a logistic regression model1 using all features one-hot encoded.
4. Build a logistic regression model2 using only the most important 5 features.
5. Evaluate the performance of the model1 and model2 on the test set.",0.8462,15159,1152,0,0,0,0,0,"{""edges"": [{""edge_id"": ""23074"", ""source_node_id"": ""860"", ""target_node_id"": ""29483""}, {""edge_id"": ""23075"", ""source_node_id"": ""861"", ""target_node_id"": ""29484""}, {""edge_id"": ""23076"", ""source_node_id"": ""29483"", ""target_node_id"": ""864""}, {""edge_id"": ""23077"", ""source_node_id"": ""29483"", ""target_node_id"": ""865""}, {""edge_id"": ""23078"", ""source_node_id"": ""864"", ""target_node_id"": ""866""}, {""edge_id"": ""23079"", ""source_node_id"": ""29484"", ""target_node_id"": ""867""}, {""edge_id"": ""23080"", ""source_node_id"": ""865"", ""target_node_id"": ""867""}, {""edge_id"": ""23081"", ""source_node_id"": ""29484"", ""target_node_id"": ""868""}, {""edge_id"": ""23082"", ""source_node_id"": ""866"", ""target_node_id"": ""868""}], ""nodes"": [{""node_id"": ""860"", ""widget_name"": ""SQL Table"", ""node_name"": ""训练数据"", ""node_params"": {""table_name"": ""disease_symptoms_and_patient_profile_dataset_train"", ""target_column"": ""Outcome_Variable""}, ""matched"": true}, {""node_id"": ""861"", ""widget_name"": ""SQL Table"", ""node_name"": ""测试数据"", ""node_params"": {""table_name"": ""disease_symptoms_and_patient_profile_dataset_test"", ""target_column"": ""Outcome_Variable""}, ""matched"": true}, {""node_id"": ""29483"", ""widget_name"": ""One Hot Encoder"", ""node_name"": ""训练数据独热编码"", ""node_params"": {""encode_vars"": [""Sex"", ""Smoking"", ""Alcohol"", ""Diet"", ""Exercise"", ""Family_History"", ""Genetic_Marker"", ""Symptom_1"", ""Symptom_2"", ""Symptom_3"", ""Symptom_4"", ""Symptom_5""]}, ""matched"": false}, {""node_id"": ""29484"", ""widget_name"": ""One Hot Encoder"", ""node_name"": ""测试数据独热编码"", ""node_params"": {""encode_vars"": [""Sex"", ""Smoking"", ""Alcohol"", ""Diet"", ""Exercise"", ""Family_History"", ""Genetic_Marker"", ""Symptom_1"", ""Symptom_2"", ""Symptom_3"", ""Symptom_4"", ""Symptom_5""]}, ""matched"": false}, {""node_id"": ""864"", ""widget_name"": ""Select Best N Attributes"", ""node_name"": ""特征选择"", ""node_params"": {""n"": 5}, ""matched"": true}, {""node_id"": ""865"", ""widget_name"": ""Logistic Regression"", ""node_name"": ""逻辑回归模型1"", ""node_params"": {""C"": 1, ""penalty"": ""l2""}, ""matched"": true}, {""node_id"": ""866"", ""widget_name"": ""Logistic Regression"", ""node_name"": ""逻辑回归模型2"", ""node_params"": {""C"": 1, ""penalty"": ""l2""}, ""matched"": true}, {""node_id"": ""867"", ""widget_name"": ""Test & Score"", ""node_name"": ""测试评分1"", ""node_params"": {}, ""matched"": true}, {""node_id"": ""868"", ""widget_name"": ""Test & Score"", ""node_name"": ""测试评分2"", ""node_params"": {}, ""matched"": true}]}","{""dependency_requirements"": [{""edge_id"": ""661"", ""source_node_id"": ""860"", ""target_node_id"": ""862""}, {""edge_id"": ""662"", ""source_node_id"": ""861"", ""target_node_id"": ""863""}, {""edge_id"": ""663"", ""source_node_id"": ""862"", ""target_node_id"": ""864""}, {""edge_id"": ""664"", ""source_node_id"": ""862"", ""target_node_id"": ""865""}, {""edge_id"": ""665"", ""source_node_id"": ""864"", ""target_node_id"": ""866""}, {""edge_id"": ""666"", ""source_node_id"": ""862"", ""target_node_id"": ""867""}, {""edge_id"": ""667"", ""source_node_id"": ""863"", ""target_node_id"": ""867""}, {""edge_id"": ""668"", ""source_node_id"": ""865"", ""target_node_id"": ""867""}, {""edge_id"": ""669"", ""source_node_id"": ""863"", ""target_node_id"": ""868""}, {""edge_id"": ""670"", ""source_node_id"": ""866"", ""target_node_id"": ""868""}, {""edge_id"": ""671"", ""source_node_id"": ""864"", ""target_node_id"": ""868""}], ""step_requirements"": [{""node_id"": ""860"", ""algorithm_step_name"": ""Tabular Dataset Loading"", ""node_name"": ""疾病症状和患者资料训练数据"", ""node_params"": {""table_name"": ""disease_symptoms_and_patient_profile_dataset_train"", ""target_column"": ""Outcome_Variable""}, ""contrast_level"": 2, ""node_type"": ""io""}, {""node_id"": ""861"", ""algorithm_step_name"": ""Tabular Dataset Loading"", ""node_name"": ""疾病症状和患者资料测试数据"", ""node_params"": {""table_name"": ""disease_symptoms_and_patient_profile_dataset_test"", ""target_column"": ""Outcome_Variable""}, ""contrast_level"": 2, ""node_type"": ""io""}, {""node_id"": ""862"", ""algorithm_step_name"": ""One Hot Encoding"", ""node_name"": ""训练数据独热编码"", ""node_params"": {""encode_vars"": [""Fever"", ""Cough"", ""Fatigue"", ""Difficulty_Breathing"", ""Gender"", ""Blood_Pressure_Categorical"", ""Cholesterol_Categorical""]}, ""contrast_level"": 2, ""node_type"": ""feature engineering""}, {""node_id"": ""863"", ""algorithm_step_name"": ""One Hot Encoding"", ""node_name"": ""测试数据独热编码"", ""node_params"": {""encode_vars"": [""Fever"", ""Cough"", ""Fatigue"", ""Difficulty_Breathing"", ""Gender"", ""Blood_Pressure_Categorical"", ""Cholesterol_Categorical""]}, ""contrast_level"": 2, ""node_type"": ""feature engineering""}, {""node_id"": ""864"", ""algorithm_step_name"": ""Feature Selection"", ""node_name"": ""特征选择"", ""node_params"": {""n"": 5}, ""contrast_level"": 2, ""node_type"": ""feature engineering""}, {""node_id"": ""865"", ""algorithm_step_name"": ""Logistic Regression"", ""node_name"": ""逻辑回归模型"", ""node_params"": {}, ""contrast_level"": 1, ""node_type"": ""model""}, {""node_id"": ""866"", ""algorithm_step_name"": ""Logistic Regression"", ""node_name"": ""逻辑回归模型2"", ""node_params"": {}, ""contrast_level"": 1, ""node_type"": ""model""}, {""node_id"": ""867"", ""algorithm_step_name"": ""Model Evaluate"", ""node_name"": ""测试评分"", ""node_params"": {}, ""contrast_level"": 1, ""node_type"": ""evaluate""}, {""node_id"": ""868"", ""algorithm_step_name"": ""Model Evaluate"", ""node_name"": ""测试评分"", ""node_params"": {}, ""contrast_level"": 1, ""node_type"": ""evaluate""}]}"
"Train data: employee_train
test data: employee_test
Use the training data and test data to go through all of the following tasks, taking care not to leave anything out:
1. Perform feature construction to build a new feature named ""YearsInCompany"" to represent the number of years each employee has been in the company. It is calculated as 2023 minus the 'JoiningYear'.
2. Encode the categorical columns using one-hot encoding.
3. Build a random forest classifier to predict the 'LeaveOrNot' variable.
4. Make predictions on the test set.
5. Save predictions.
6. Confusion matrix showing predicted results.",0.6923,16377,1836,0,0,0,0,0,"{""edges"": [{""edge_id"": ""23083"", ""source_node_id"": ""968"", ""target_node_id"": ""29492""}, {""edge_id"": ""23084"", ""source_node_id"": ""29492"", ""target_node_id"": ""29493""}, {""edge_id"": ""23085"", ""source_node_id"": ""29492"", ""target_node_id"": ""29494""}, {""edge_id"": ""23086"", ""source_node_id"": ""29493"", ""target_node_id"": ""973""}, {""edge_id"": ""23087"", ""source_node_id"": ""29494"", ""target_node_id"": ""974""}, {""edge_id"": ""23088"", ""source_node_id"": ""973"", ""target_node_id"": ""974""}, {""edge_id"": ""23089"", ""source_node_id"": ""974"", ""target_node_id"": ""975""}, {""edge_id"": ""23090"", ""source_node_id"": ""974"", ""target_node_id"": ""976""}], ""nodes"": [{""node_id"": ""967"", ""widget_name"": ""SQL Table"", ""node_name"": ""员工训练数据"", ""node_params"": {""table_name"": ""employee_train"", ""target_column"": ""LeaveOrNot""}, ""matched"": true}, {""node_id"": ""968"", ""widget_name"": ""SQL Table"", ""node_name"": ""员工测试数据"", ""node_params"": {""table_name"": ""employee_test"", ""target_column"": ""LeaveOrNot""}, ""matched"": true}, {""node_id"": ""29492"", ""widget_name"": ""Feature Constructor"", ""node_name"": ""特征构建"", ""node_params"": {""expressions"": [{""key"": 0, ""name"": ""YearsInCompany"", ""expression"": ""2023 - JoiningYear"", ""type"": 2, ""image"": ""N"", ""categories"": ""A, B""}]}, ""matched"": false}, {""node_id"": ""29493"", ""widget_name"": ""One Hot Encoder"", ""node_name"": ""训练数据独热编码"", ""node_params"": {""encode_vars"": [""Department""]}, ""matched"": false}, {""node_id"": ""29494"", ""widget_name"": ""One Hot Encoder"", ""node_name"": ""测试数据独热编码"", ""node_params"": {""encode_vars"": [""Department""]}, ""matched"": false}, {""node_id"": ""973"", ""widget_name"": ""Random Forest"", ""node_name"": ""随机森林模型"", ""node_params"": {""n_estimators"": 10, ""use_max_features"": false, ""max_features"": ""auto"", ""use_random_state"": false, ""use_max_depth"": false, ""max_depth"": 3, ""use_min_samples_split"": true, ""min_samples_split"": 2}, ""matched"": true}, {""node_id"": ""974"", ""widget_name"": ""Predictions"", ""node_name"": ""预测"", ""node_params"": {""output_attrs"": true, ""output_predictions"": true, ""output_probabilities"": true}, ""matched"": true}, {""node_id"": ""975"", ""widget_name"": ""Save Data"", ""node_name"": ""保存预测结果"", ""node_params"": {}, ""matched"": true}, {""node_id"": ""976"", ""widget_name"": ""Confusion Matrix"", ""node_name"": ""混淆矩阵"", ""node_params"": {}, ""matched"": true}]}","{""dependency_requirements"": [{""edge_id"": ""749"", ""source_node_id"": ""967"", ""target_node_id"": ""969""}, {""edge_id"": ""750"", ""source_node_id"": ""968"", ""target_node_id"": ""970""}, {""edge_id"": ""751"", ""source_node_id"": ""969"", ""target_node_id"": ""971""}, {""edge_id"": ""752"", ""source_node_id"": ""970"", ""target_node_id"": ""972""}, {""edge_id"": ""753"", ""source_node_id"": ""971"", ""target_node_id"": ""973""}, {""edge_id"": ""754"", ""source_node_id"": ""972"", ""target_node_id"": ""974""}, {""edge_id"": ""755"", ""source_node_id"": ""973"", ""target_node_id"": ""974""}, {""edge_id"": ""756"", ""source_node_id"": ""974"", ""target_node_id"": ""975""}, {""edge_id"": ""757"", ""source_node_id"": ""974"", ""target_node_id"": ""976""}], ""step_requirements"": [{""node_id"": ""967"", ""algorithm_step_name"": ""Tabular Dataset Loading"", ""node_name"": ""员工训练数据"", ""node_params"": {""table_name"": ""employee_train"", ""target_column"": ""LeaveOrNot""}, ""contrast_level"": 2, ""node_type"": ""io""}, {""node_id"": ""968"", ""algorithm_step_name"": ""Tabular Dataset Loading"", ""node_name"": ""员工测试数据"", ""node_params"": {""table_name"": ""employee_test"", ""target_column"": ""LeaveOrNot""}, ""contrast_level"": 2, ""node_type"": ""io""}, {""node_id"": ""969"", ""algorithm_step_name"": ""Feature Construction"", ""node_name"": ""特征构造_训练数据"", ""node_params"": {""expressions"": [{""key"": 0, ""name"": ""YearsInCompany"", ""expression"": ""2023 - JoiningYear"", ""type"": ""2"", ""image"": ""N"", ""categories"": ""A, B""}]}, ""contrast_level"": 2, ""node_type"": ""feature engineering""}, {""node_id"": ""970"", ""algorithm_step_name"": ""Feature Construction"", ""node_name"": ""特征构造_测试数据"", ""node_params"": {""expressions"": [{""key"": 0, ""name"": ""YearsInCompany"", ""expression"": ""2023 - JoiningYear"", ""type"": ""2"", ""image"": ""N"", ""categories"": ""A, B""}]}, ""contrast_level"": 2, ""node_type"": ""feature engineering""}, {""node_id"": ""971"", ""algorithm_step_name"": ""One Hot Encoding"", ""node_name"": ""One Hot Encoder_训练数据"", ""node_params"": {""encode_vars"": [""Education"", ""City"", ""Gender"", ""EverBenched""]}, ""contrast_level"": 2, ""node_type"": ""feature engineering""}, {""node_id"": ""972"", ""algorithm_step_name"": ""One Hot Encoding"", ""node_name"": ""One Hot Encoder_测试数据"", ""node_params"": {""encode_vars"": [""Education"", ""City"", ""Gender"", ""EverBenched""]}, ""contrast_level"": 2, ""node_type"": ""feature engineering""}, {""node_id"": ""973"", ""algorithm_step_name"": ""Random Forest"", ""node_name"": ""随机森林分类器"", ""node_params"": {}, ""contrast_level"": 1, ""node_type"": ""model""}, {""node_id"": ""974"", ""algorithm_step_name"": ""Test Dataset Predictions"", ""node_name"": ""预测"", ""node_params"": {""output_probabilities"": true}, ""contrast_level"": 2, ""node_type"": ""predict""}, {""node_id"": ""975"", ""algorithm_step_name"": ""Save Data"", ""node_name"": ""保存预测结果"", ""node_params"": {}, ""contrast_level"": 1, ""node_type"": ""io""}, {""node_id"": ""976"", ""algorithm_step_name"": ""Confusion Matrix"", ""node_name"": ""混淆矩阵"", ""node_params"": {}, ""contrast_level"": 1, ""node_type"": ""visualize""}]}"
"Train data: global_data_on_sustainable_energy_train
test data: global_data_on_sustainable_energy__test
Use the training data and test data to go through all of the following tasks, taking care not to leave anything out:
1. The features are all other columns except 'Entity' and 'Year'.
2. The target variable is 'Renewable energy share in the total final energy consumption (%)'. Build a linear regression model to predict the outcome variable using all features. Fit the model on the training set.
3. Make predictions on the test set.
4. Save predictions.",0.2857,55037,8491,0,0,0,0,0,"{""edges"": [], ""nodes"": [{""node_id"": ""977"", ""widget_name"": ""SQL Table"", ""node_name"": ""训练数据"", ""node_params"": {""table_name"": ""global_data_on_sustainable_energy_train"", ""target_column"": ""Renewable_energy_share_total_final_energy_consumption_percentage""}, ""matched"": true}, {""node_id"": ""978"", ""widget_name"": ""SQL Table"", ""node_name"": ""测试数据"", ""node_params"": {""table_name"": ""global_data_on_sustainable_energy__test"", ""target_column"": ""Renewable_energy_share_total_final_energy_consumption_percentage""}, ""matched"": true}, {""node_id"": ""29501"", ""widget_name"": ""Select Columns"", ""node_name"": ""训练数据特征选择"", ""node_params"": {""ignores"": [], ""features"": [], ""targets"": """"}, ""matched"": false}]}","{""dependency_requirements"": [{""edge_id"": ""759"", ""source_node_id"": ""977"", ""target_node_id"": ""980""}, {""edge_id"": ""760"", ""source_node_id"": ""978"", ""target_node_id"": ""981""}, {""edge_id"": ""762"", ""source_node_id"": ""980"", ""target_node_id"": ""983""}, {""edge_id"": ""766"", ""source_node_id"": ""981"", ""target_node_id"": ""985""}, {""edge_id"": ""767"", ""source_node_id"": ""983"", ""target_node_id"": ""985""}, {""edge_id"": ""768"", ""source_node_id"": ""985"", ""target_node_id"": ""986""}], ""step_requirements"": [{""node_id"": ""977"", ""algorithm_step_name"": ""Tabular Dataset Loading"", ""node_name"": ""全球可持续能源训练数据"", ""node_params"": {""table_name"": ""global_data_on_sustainable_energy_train"", ""target_column"": ""Renewable_energy_share_total_final_energy_consumption_percentage""}, ""contrast_level"": 2, ""node_type"": ""io""}, {""node_id"": ""978"", ""algorithm_step_name"": ""Tabular Dataset Loading"", ""node_name"": ""全球可持续能源测试数据"", ""node_params"": {""table_name"": ""global_data_on_sustainable_energy__test"", ""target_column"": ""Renewable_energy_share_total_final_energy_consumption_percentage""}, ""contrast_level"": 2, ""node_type"": ""io""}, {""node_id"": ""980"", ""algorithm_step_name"": ""Select Columns"", ""node_name"": ""训练数据列选择"", ""node_params"": {""ignores"": [0], ""features"": [1, 2, 3, 4, 6, 7, 8, 9, 10, 11, 12, 13, 14, 15, 16, 17, 18, 19], ""targets"": [5]}, ""contrast_level"": 2, ""node_type"": ""preprocess""}, {""node_id"": ""981"", ""algorithm_step_name"": ""Select Columns"", ""node_name"": ""测试数据列选择"", ""node_params"": {""ignores"": [0], ""features"": [1, 2, 3, 4, 6, 7, 8, 9, 10, 11, 12, 13, 14, 15, 16, 17, 18, 19], ""targets"": [5]}, ""contrast_level"": 2, ""node_type"": ""preprocess""}, {""node_id"": ""983"", ""algorithm_step_name"": ""Linear Regression"", ""node_name"": ""线性回归模型"", ""node_params"": {}, ""contrast_level"": 1, ""node_type"": ""model""}, {""node_id"": ""985"", ""algorithm_step_name"": ""Test Dataset Predictions"", ""node_name"": ""预测"", ""node_params"": {""output_probabilities"": false}, ""contrast_level"": 2, ""node_type"": ""predict""}, {""node_id"": ""986"", ""algorithm_step_name"": ""Save Data"", ""node_name"": ""保存预测结果"", ""node_params"": {}, ""contrast_level"": 1, ""node_type"": ""io""}]}"
"Train data: heart_attack_prediction_dataset_train
test data: heart_attack_prediction_dataset_test
Use the training data and test data to go through all of the following tasks, taking care not to leave anything out:
1. Convert the values in the data for the category column 'Diet'. Use 1, 2, 3 for 'Healthy', 'Average', and 'Unhealthy' respectively.
2. Build a RandomForest model to predict the Heart Attack Risk using all features. Fit the model on the training set.
3. Make predictions on the test set.
4. Save predictions.",0.7778,15297,2026,0,0,0,0,0,"{""edges"": [{""edge_id"": ""23091"", ""source_node_id"": ""994"", ""target_node_id"": ""29504""}, {""edge_id"": ""23092"", ""source_node_id"": ""995"", ""target_node_id"": ""29505""}, {""edge_id"": ""23093"", ""source_node_id"": ""29504"", ""target_node_id"": ""1000""}, {""edge_id"": ""23094"", ""source_node_id"": ""29505"", ""target_node_id"": ""1001""}, {""edge_id"": ""23095"", ""source_node_id"": ""1000"", ""target_node_id"": ""1001""}, {""edge_id"": ""23096"", ""source_node_id"": ""1001"", ""target_node_id"": ""1002""}], ""nodes"": [{""node_id"": ""994"", ""widget_name"": ""SQL Table"", ""node_name"": ""加载训练数据"", ""node_params"": {""table_name"": ""heart_attack_prediction_dataset_train"", ""target_column"": ""Heart_Attack_Risk""}, ""matched"": true}, {""node_id"": ""995"", ""widget_name"": ""SQL Table"", ""node_name"": ""加载测试数据"", ""node_params"": {""table_name"": ""heart_attack_prediction_dataset_test"", ""target_column"": ""Heart_Attack_Risk""}, ""matched"": true}, {""node_id"": ""29504"", ""widget_name"": ""Edit Domain"", ""node_name"": ""转换训练数据Diet列"", ""node_params"": {""column_name"": ""Diet"", ""valueMappings"": [{""key"": 0, ""originValue"": ""Healthy"", ""currentValue"": ""1""}, {""key"": 1, ""originValue"": ""Average"", ""currentValue"": ""2""}, {""key"": 2, ""originValue"": ""Unhealthy"", ""currentValue"": ""3""}]}, ""matched"": false}, {""node_id"": ""29505"", ""widget_name"": ""Edit Domain"", ""node_name"": ""转换测试数据Diet列"", ""node_params"": {""column_name"": ""Diet"", ""valueMappings"": [{""key"": 0, ""originValue"": ""Healthy"", ""currentValue"": ""1""}, {""key"": 1, ""originValue"": ""Average"", ""currentValue"": ""2""}, {""key"": 2, ""originValue"": ""Unhealthy"", ""currentValue"": ""3""}]}, ""matched"": false}, {""node_id"": ""1000"", ""widget_name"": ""Random Forest"", ""node_name"": ""随机森林模型"", ""node_params"": {""n_estimators"": 10, ""use_max_features"": false, ""max_features"": ""auto"", ""use_random_state"": false, ""use_max_depth"": false, ""max_depth"": 3, ""use_min_samples_split"": true, ""min_samples_split"": 2}, ""matched"": true}, {""node_id"": ""1001"", ""widget_name"": ""Predictions"", ""node_name"": ""预测"", ""node_params"": {""output_attrs"": true, ""output_predictions"": true, ""output_probabilities"": true}, ""matched"": true}, {""node_id"": ""1002"", ""widget_name"": ""Save Data"", ""node_name"": ""保存预测结果"", ""node_params"": {}, ""matched"": true}]}","{""dependency_requirements"": [{""edge_id"": ""772"", ""source_node_id"": ""994"", ""target_node_id"": ""996""}, {""edge_id"": ""773"", ""source_node_id"": ""995"", ""target_node_id"": ""997""}, {""edge_id"": ""778"", ""source_node_id"": ""1000"", ""target_node_id"": ""1001""}, {""edge_id"": ""779"", ""source_node_id"": ""1001"", ""target_node_id"": ""1002""}, {""edge_id"": ""780"", ""source_node_id"": ""997"", ""target_node_id"": ""1001""}, {""edge_id"": ""781"", ""source_node_id"": ""996"", ""target_node_id"": ""1000""}], ""step_requirements"": [{""node_id"": ""994"", ""algorithm_step_name"": ""Tabular Dataset Loading"", ""node_name"": ""训练数据"", ""node_params"": {""table_name"": ""heart_attack_prediction_dataset_train"", ""target_column"": ""Heart_Attack_Risk""}, ""contrast_level"": 2, ""node_type"": ""io""}, {""node_id"": ""995"", ""algorithm_step_name"": ""Tabular Dataset Loading"", ""node_name"": ""测试数据"", ""node_params"": {""table_name"": ""heart_attack_prediction_dataset_test"", ""target_column"": ""Heart_Attack_Risk""}, ""contrast_level"": 2, ""node_type"": ""io""}, {""node_id"": ""996"", ""algorithm_step_name"": ""Edit Domain"", ""node_name"": ""编辑域"", ""node_params"": {""column_name"": ""Diet"", ""valueMappings"": [{""key"": 1, ""originValue"": ""Healthy"", ""currentValue"": ""1""}, {""key"": 2, ""originValue"": ""Average"", ""currentValue"": ""2""}, {""key"": 3, ""originValue"": ""Unhealthy"", ""currentValue"": ""3""}]}, ""contrast_level"": 2, ""node_type"": ""preprocess""}, {""node_id"": ""997"", ""algorithm_step_name"": ""Edit Domain"", ""node_name"": ""编辑域"", ""node_params"": {""column_name"": ""Diet"", ""valueMappings"": [{""key"": 1, ""originValue"": ""Healthy"", ""currentValue"": ""1""}, {""key"": 2, ""originValue"": ""Average"", ""currentValue"": ""2""}, {""key"": 3, ""originValue"": ""Unhealthy"", ""currentValue"": ""3""}]}, ""contrast_level"": 2, ""node_type"": ""preprocess""}, {""node_id"": ""1000"", ""algorithm_step_name"": ""Random Forest"", ""node_name"": ""随机森林模型"", ""node_params"": {}, ""contrast_level"": 1, ""node_type"": ""model""}, {""node_id"": ""1001"", ""algorithm_step_name"": ""Test Dataset Predictions"", ""node_name"": ""预测"", ""node_params"": {""output_probabilities"": true}, ""contrast_level"": 2, ""node_type"": ""predict""}, {""node_id"": ""1002"", ""algorithm_step_name"": ""Save Data"", ""node_name"": ""保存预测结果"", ""node_params"": {}, ""contrast_level"": 1, ""node_type"": ""io""}]}"
"Train data path: housing_price_prediction_train
test data path: housing_price_prediction_test
Use the training data and test data to go through all of the following tasks, taking care not to leave anything out:
1. loading 'housing_price_prediction_train' data and loading 'housing_price_prediction_test' data
2. Build a linear regression model to predict the housing price. Fit the model on the training set.
3. Make predictions on the test set.
4. Save predictions.",0.7143,13975,288,0,0,0,0,0,"{""edges"": [{""edge_id"": ""23097"", ""source_node_id"": ""29509"", ""target_node_id"": ""1009""}, {""edge_id"": ""23098"", ""source_node_id"": ""29510"", ""target_node_id"": ""1012""}, {""edge_id"": ""23099"", ""source_node_id"": ""1009"", ""target_node_id"": ""1012""}, {""edge_id"": ""23100"", ""source_node_id"": ""1012"", ""target_node_id"": ""1013""}], ""nodes"": [{""node_id"": ""29509"", ""widget_name"": ""File"", ""node_name"": ""加载训练数据"", ""node_params"": {""type"": ""sample"", ""filename"": ""housing_price_prediction_train.csv""}, ""matched"": false}, {""node_id"": ""29510"", ""widget_name"": ""File"", ""node_name"": ""加载测试数据"", ""node_params"": {""type"": ""sample"", ""filename"": ""housing_price_prediction_test.csv""}, ""matched"": false}, {""node_id"": ""1009"", ""widget_name"": ""Linear Regression"", ""node_name"": ""线性回归模型"", ""node_params"": {""regression_type"": ""0""}, ""matched"": true}, {""node_id"": ""1012"", ""widget_name"": ""Predictions"", ""node_name"": ""预测"", ""node_params"": {""output_attrs"": true, ""output_predictions"": true, ""output_probabilities"": false}, ""matched"": true}, {""node_id"": ""1013"", ""widget_name"": ""Save Data"", ""node_name"": ""保存预测结果"", ""node_params"": {}, ""matched"": true}]}","{""dependency_requirements"": [{""edge_id"": ""789"", ""source_node_id"": ""1009"", ""target_node_id"": ""1012""}, {""edge_id"": ""790"", ""source_node_id"": ""1012"", ""target_node_id"": ""1013""}, {""edge_id"": ""791"", ""source_node_id"": ""1005"", ""target_node_id"": ""1012""}, {""edge_id"": ""792"", ""source_node_id"": ""1004"", ""target_node_id"": ""1009""}], ""step_requirements"": [{""node_id"": ""1004"", ""algorithm_step_name"": ""Tabular Dataset Loading"", ""node_name"": ""房价预测训练数据"", ""node_params"": {""table_name"": ""housing_price_prediction_train"", ""target_column"": ""price""}, ""contrast_level"": 2, ""node_type"": ""io""}, {""node_id"": ""1005"", ""algorithm_step_name"": ""Tabular Dataset Loading"", ""node_name"": ""房价预测测试数据"", ""node_params"": {""table_name"": ""housing_price_prediction_test"", ""target_column"": ""price""}, ""contrast_level"": 2, ""node_type"": ""io""}, {""node_id"": ""1009"", ""algorithm_step_name"": ""Linear Regression"", ""node_name"": ""线性回归模型"", ""node_params"": {}, ""contrast_level"": 1, ""node_type"": ""model""}, {""node_id"": ""1012"", ""algorithm_step_name"": ""Test Dataset Predictions"", ""node_name"": ""预测"", ""node_params"": {""output_probabilities"": false}, ""contrast_level"": 2, ""node_type"": ""predict""}, {""node_id"": ""1013"", ""algorithm_step_name"": ""Save Data"", ""node_name"": ""保存预测结果"", ""node_params"": {}, ""contrast_level"": 1, ""node_type"": ""io""}]}"
"Train data: life_expectancy_data_train
test data: life_expectancy_data_test
Use the training data and test data to go through all of the following tasks, taking care not to leave anything out:
1. Perform feature construction to build a new feature named ""GDP_bins"" to categorize the GDP into several bins. The GDP bins are defined as follows:
  - ""Low GDP"": GDP <= 1000
  - ""Medium GDP"": 1000 < GDP <= 10000
  - ""High GDP"": GDP > 10000
2. Create a predictive model to predict life expectancy. Use Linear regression as the model. Fit the model on the training set.
3. Make predictions on the test set.
4. Save predictions.",0.5556,14043,514,0,0,0,0,0,"{""edges"": [{""edge_id"": ""23101"", ""source_node_id"": ""29514"", ""target_node_id"": ""29516""}, {""edge_id"": ""23102"", ""source_node_id"": ""29516"", ""target_node_id"": ""1022""}, {""edge_id"": ""23103"", ""source_node_id"": ""29515"", ""target_node_id"": ""29518""}, {""edge_id"": ""23104"", ""source_node_id"": ""29518"", ""target_node_id"": ""1023""}, {""edge_id"": ""23105"", ""source_node_id"": ""1022"", ""target_node_id"": ""1023""}, {""edge_id"": ""23106"", ""source_node_id"": ""1023"", ""target_node_id"": ""1024""}], ""nodes"": [{""node_id"": ""29514"", ""widget_name"": ""File"", ""node_name"": ""训练数据"", ""node_params"": {""type"": ""sample"", ""filename"": ""life_expectancy_data_train.csv""}, ""matched"": false}, {""node_id"": ""29515"", ""widget_name"": ""File"", ""node_name"": ""测试数据"", ""node_params"": {""type"": ""sample"", ""filename"": ""life_expectancy_data_test.csv""}, ""matched"": false}, {""node_id"": ""29516"", ""widget_name"": ""Feature Constructor"", ""node_name"": ""特征构建"", ""node_params"": {""expressions"": [{""key"": 0, ""name"": ""GDP_bins"", ""expression"": ""'Low GDP' if GDP<=1000 else 'Medium GDP' if GDP<=10000 else 'High GDP'"", ""type"": 1, ""image"": ""C"", ""categories"": ""Low GDP, Medium GDP, High GDP""}]}, ""matched"": false}, {""node_id"": ""1022"", ""widget_name"": ""Linear Regression"", ""node_name"": ""线性回归模型"", ""node_params"": {""regression_type"": ""0""}, ""matched"": true}, {""node_id"": ""29518"", ""widget_name"": ""Feature Constructor"", ""node_name"": ""测试数据特征构建"", ""node_params"": {""expressions"": [{""key"": 0, ""name"": ""GDP_bins"", ""expression"": ""'Low GDP' if GDP<=1000 else 'Medium GDP' if GDP<=10000 else 'High GDP'"", ""type"": 1, ""image"": ""C"", ""categories"": ""Low GDP, Medium GDP, High GDP""}]}, ""matched"": false}, {""node_id"": ""1023"", ""widget_name"": ""Predictions"", ""node_name"": ""预测"", ""node_params"": {""output_attrs"": true, ""output_predictions"": true, ""output_probabilities"": false}, ""matched"": true}, {""node_id"": ""1024"", ""widget_name"": ""Save Data"", ""node_name"": ""保存预测结果"", ""node_params"": {}, ""matched"": true}]}","{""dependency_requirements"": [{""edge_id"": ""797"", ""source_node_id"": ""1018"", ""target_node_id"": ""1020""}, {""edge_id"": ""798"", ""source_node_id"": ""1019"", ""target_node_id"": ""1021""}, {""edge_id"": ""799"", ""source_node_id"": ""1020"", ""target_node_id"": ""1022""}, {""edge_id"": ""800"", ""source_node_id"": ""1021"", ""target_node_id"": ""1023""}, {""edge_id"": ""801"", ""source_node_id"": ""1022"", ""target_node_id"": ""1023""}, {""edge_id"": ""802"", ""source_node_id"": ""1023"", ""target_node_id"": ""1024""}], ""step_requirements"": [{""node_id"": ""1018"", ""algorithm_step_name"": ""Tabular Dataset Loading"", ""node_name"": ""预期寿命训练数据"", ""node_params"": {""table_name"": ""life_expectancy_data_train"", ""target_column"": ""Life_expectancy""}, ""contrast_level"": 2, ""node_type"": ""io""}, {""node_id"": ""1019"", ""algorithm_step_name"": ""Tabular Dataset Loading"", ""node_name"": ""预期寿命测试数据"", ""node_params"": {""table_name"": ""life_expectancy_data_test"", ""target_column"": ""Life_expectancy""}, ""contrast_level"": 2, ""node_type"": ""io""}, {""node_id"": ""1020"", ""algorithm_step_name"": ""Feature Construction"", ""node_name"": ""特征构建_训练数据"", ""node_params"": {""expressions"": [{""key"": 0, ""name"": ""GDP_bins"", ""expression"": ""'Low GDP' if GDP <= 1000 else 'Medium GDP' if GDP <= 10000 else 'High GDP'"", ""type"": ""1"", ""image"": ""C"", ""categories"": ""Low GDP, Medium GDP, High GDP""}]}, ""contrast_level"": 2, ""node_type"": ""feature engineering""}, {""node_id"": ""1021"", ""algorithm_step_name"": ""Feature Construction"", ""node_name"": ""特征构建_测试数据"", ""node_params"": {""expressions"": [{""key"": 0, ""name"": ""GDP_bins"", ""expression"": ""'Low GDP' if GDP <= 1000 else 'Medium GDP' if GDP <= 10000 else 'High GDP'"", ""type"": ""1"", ""image"": ""C"", ""categories"": ""Low GDP, Medium GDP, High GDP""}]}, ""contrast_level"": 2, ""node_type"": ""feature engineering""}, {""node_id"": ""1022"", ""algorithm_step_name"": ""Linear Regression"", ""node_name"": ""线性回归模型"", ""node_params"": {}, ""contrast_level"": 1, ""node_type"": ""model""}, {""node_id"": ""1023"", ""algorithm_step_name"": ""Test Dataset Predictions"", ""node_name"": ""预测"", ""node_params"": {""output_probabilities"": false}, ""contrast_level"": 2, ""node_type"": ""predict""}, {""node_id"": ""1024"", ""algorithm_step_name"": ""Save Data"", ""node_name"": ""保存预测结果"", ""node_params"": {}, ""contrast_level"": 1, ""node_type"": ""io""}]}"
"Train data: bank_customer_churn_train
test data: bank_customer_churn_test
Use the training data and test data to go through all of the following tasks, taking care not to leave anything out:
1. Drop the columns that will not be interesting to models, such as ""CustomerId"", ""Complain"", and ""Surname"".
2. Use one-hot encoding for ""Geography"" and ""Card Type"".
3. Construct a model using XGBoost to predict categorical target variable ""Exited"".
4. Make predictions on the test set.
5. Save predictions.",0.2222,47894,5218,0,0,0,0,0,"{""edges"": [], ""nodes"": [{""node_id"": ""694"", ""widget_name"": ""SQL Table"", ""node_name"": ""银行客户流失训练数据"", ""node_params"": {""table_name"": ""bank_customer_churn_train"", ""target_column"": ""Exited""}, ""matched"": true}, {""node_id"": ""695"", ""widget_name"": ""SQL Table"", ""node_name"": ""银行客户流失测试数据"", ""node_params"": {""table_name"": ""bank_customer_churn_test"", ""target_column"": ""Exited""}, ""matched"": true}, {""node_id"": ""29523"", ""widget_name"": ""Select Columns"", ""node_name"": ""训练数据列选择"", ""node_params"": {""ignores"": [], ""features"": [], ""targets"": """"}, ""matched"": false}]}","{""dependency_requirements"": [{""edge_id"": ""503"", ""source_node_id"": ""694"", ""target_node_id"": ""696""}, {""edge_id"": ""504"", ""source_node_id"": ""695"", ""target_node_id"": ""697""}, {""edge_id"": ""505"", ""source_node_id"": ""696"", ""target_node_id"": ""698""}, {""edge_id"": ""506"", ""source_node_id"": ""697"", ""target_node_id"": ""699""}, {""edge_id"": ""507"", ""source_node_id"": ""698"", ""target_node_id"": ""700""}, {""edge_id"": ""508"", ""source_node_id"": ""699"", ""target_node_id"": ""701""}, {""edge_id"": ""509"", ""source_node_id"": ""700"", ""target_node_id"": ""701""}, {""edge_id"": ""510"", ""source_node_id"": ""701"", ""target_node_id"": ""702""}], ""step_requirements"": [{""node_id"": ""694"", ""algorithm_step_name"": ""Tabular Dataset Loading"", ""node_name"": ""银行客户流失训练数据"", ""node_params"": {""table_name"": ""bank_customer_churn_train"", ""target_column"": ""Exited""}, ""contrast_level"": 2, ""node_type"": ""io""}, {""node_id"": ""695"", ""algorithm_step_name"": ""Tabular Dataset Loading"", ""node_name"": ""银行客户流失测试数据"", ""node_params"": {""table_name"": ""bank_customer_churn_test"", ""target_column"": ""Exited""}, ""contrast_level"": 2, ""node_type"": ""io""}, {""node_id"": ""696"", ""algorithm_step_name"": ""Select Columns"", ""node_name"": ""选择训练数据列"", ""node_params"": {""ignores"": [], ""features"": [0, 1, 2, 3, 4, 5, 6, 7, 8, 9, 11, 12, 13], ""targets"": [10]}, ""contrast_level"": 2, ""node_type"": ""preprocess""}, {""node_id"": ""697"", ""algorithm_step_name"": ""Select Columns"", ""node_name"": ""选择测试数据列"", ""node_params"": {""ignores"": [], ""features"": [0, 1, 2, 3, 4, 5, 6, 7, 8, 9, 11, 12, 13], ""targets"": [10]}, ""contrast_level"": 2, ""node_type"": ""preprocess""}, {""node_id"": ""698"", ""algorithm_step_name"": ""One Hot Encoding"", ""node_name"": ""训练数据独热编码"", ""node_params"": {""encode_vars"": [""Geography"", ""CardType""]}, ""contrast_level"": 2, ""node_type"": ""feature engineering""}, {""node_id"": ""699"", ""algorithm_step_name"": ""One Hot Encoding"", ""node_name"": ""测试数据独热编码"", ""node_params"": {""encode_vars"": [""Geography"", ""CardType""]}, ""contrast_level"": 2, ""node_type"": ""feature engineering""}, {""node_id"": ""700"", ""algorithm_step_name"": ""XGBoost"", ""node_name"": ""XGBoost"", ""node_params"": {}, ""contrast_level"": 1, ""node_type"": ""model""}, {""node_id"": ""701"", ""algorithm_step_name"": ""Test Dataset Predictions"", ""node_name"": ""预测"", ""node_params"": {""output_probabilities"": true}, ""contrast_level"": 2, ""node_type"": ""predict""}, {""node_id"": ""702"", ""algorithm_step_name"": ""Save Data"", ""node_name"": ""保存预测结果"", ""node_params"": {}, ""contrast_level"": 1, ""node_type"": ""io""}]}"
"Train data: cardiovascular_diseases_risk_prediction_train
test data: cardiovascular_diseases_risk_prediction_test
Use the training data and test data to go through all of the following tasks, taking care not to leave anything out:
1. Drop all rows with missing values from the dataset. And then drop the duplicates.
2. Perform feature construction to build a new feature named ""BMI_Category"" to categorize the BMI (Body Mass Index) of each individual into one of four categories:
    - ""Underweight"" is a BMI less than 18.5,
    - ""Normal weight"" is a BMI from 18.5 to 24.9,
    - ""Overweight"" is a BMI from 25 to 29.9,
    - ""Obesity"" is a BMI of 30 or higher.
3. Try to predict Heart_Disease based on all other variables.
Construct a model to predict Heart_Disease.
Fit the model on the training set.
4. Make predictions on the test set.
5. Save predictions.",0.8824,17528,2857,0,0,0,0,0,"{""edges"": [{""edge_id"": ""23107"", ""source_node_id"": ""1034"", ""target_node_id"": ""1043""}, {""edge_id"": ""23108"", ""source_node_id"": ""1035"", ""target_node_id"": ""1044""}, {""edge_id"": ""23109"", ""source_node_id"": ""1043"", ""target_node_id"": ""1036""}, {""edge_id"": ""23110"", ""source_node_id"": ""1044"", ""target_node_id"": ""1037""}, {""edge_id"": ""23111"", ""source_node_id"": ""1036"", ""target_node_id"": ""29530""}, {""edge_id"": ""23112"", ""source_node_id"": ""1037"", ""target_node_id"": ""29531""}, {""edge_id"": ""23113"", ""source_node_id"": ""29530"", ""target_node_id"": ""29532""}, {""edge_id"": ""23114"", ""source_node_id"": ""29531"", ""target_node_id"": ""29533""}, {""edge_id"": ""23115"", ""source_node_id"": ""29532"", ""target_node_id"": ""1040""}, {""edge_id"": ""23116"", ""source_node_id"": ""29533"", ""target_node_id"": ""1041""}, {""edge_id"": ""23117"", ""source_node_id"": ""1040"", ""target_node_id"": ""1041""}, {""edge_id"": ""23118"", ""source_node_id"": ""1041"", ""target_node_id"": ""1042""}], ""nodes"": [{""node_id"": ""1034"", ""widget_name"": ""SQL Table"", ""node_name"": ""心血管疾病风险预测训练数据"", ""node_params"": {""table_name"": ""cardiovascular_diseases_risk_prediction_train"", ""target_column"": ""Heart_Disease""}, ""matched"": true}, {""node_id"": ""1035"", ""widget_name"": ""SQL Table"", ""node_name"": ""心血管疾病风险预测测试数据"", ""node_params"": {""table_name"": ""cardiovascular_diseases_risk_prediction_test"", ""target_column"": ""Heart_Disease""}, ""matched"": true}, {""node_id"": ""1043"", ""widget_name"": ""Impute"", ""node_name"": ""训练数据缺失值处理"", ""node_params"": {""method"": 5}, ""matched"": true}, {""node_id"": ""1044"", ""widget_name"": ""Impute"", ""node_name"": ""测试数据缺失值处理"", ""node_params"": {""method"": 5}, ""matched"": true}, {""node_id"": ""1036"", ""widget_name"": ""Unique"", ""node_name"": ""训练数据去重"", ""node_params"": {""selGroupByVariables"": [], ""configure"": ""Last instance""}, ""matched"": true}, {""node_id"": ""1037"", ""widget_name"": ""Unique"", ""node_name"": ""测试数据去重"", ""node_params"": {""selGroupByVariables"": [], ""configure"": ""Last instance""}, ""matched"": true}, {""node_id"": ""29530"", ""widget_name"": ""Feature Constructor"", ""node_name"": ""训练数据特征构建"", ""node_params"": {""expressions"": [{""key"": 0, ""name"": ""BMI_Category"", ""expression"": ""'Underweight' if BMI < 18.5 else 'Normal weight' if BMI <= 24.9 else 'Overweight' if BMI <= 29.9 else 'Obesity'"", ""type"": 1, ""image"": ""C"", ""categories"": ""Underweight, Normal weight, Overweight, Obesity""}]}, ""matched"": false}, {""node_id"": ""29531"", ""widget_name"": ""Feature Constructor"", ""node_name"": ""测试数据特征构建"", ""node_params"": {""expressions"": [{""key"": 0, ""name"": ""BMI_Category"", ""expression"": ""'Underweight' if BMI < 18.5 else 'Normal weight' if BMI <= 24.9 else 'Overweight' if BMI <= 29.9 else 'Obesity'"", ""type"": 1, ""image"": ""C"", ""categories"": ""Underweight, Normal weight, Overweight, Obesity""}]}, ""matched"": false}, {""node_id"": ""29532"", ""widget_name"": ""One Hot Encoder"", ""node_name"": ""训练数据独热编码"", ""node_params"": {""encode_vars"": [""BMI_Category""]}, ""matched"": false}, {""node_id"": ""29533"", ""widget_name"": ""One Hot Encoder"", ""node_name"": ""测试数据独热编码"", ""node_params"": {""encode_vars"": [""BMI_Category""]}, ""matched"": false}, {""node_id"": ""1040"", ""widget_name"": ""Random Forest"", ""node_name"": ""随机森林模型"", ""node_params"": {""n_estimators"": 10, ""use_max_features"": false, ""max_features"": ""auto"", ""use_random_state"": false, ""use_max_depth"": false, ""max_depth"": 3, ""use_min_samples_split"": true, ""min_samples_split"": 2}, ""matched"": true}, {""node_id"": ""1041"", ""widget_name"": ""Predictions"", ""node_name"": ""预测"", ""node_params"": {""output_attrs"": true, ""output_predictions"": true, ""output_probabilities"": true}, ""matched"": true}, {""node_id"": ""1042"", ""widget_name"": ""Save Data"", ""node_name"": ""保存预测结果"", ""node_params"": {}, ""matched"": true}]}","{""dependency_requirements"": [{""edge_id"": ""811"", ""source_node_id"": ""1043"", ""target_node_id"": ""1036""}, {""edge_id"": ""812"", ""source_node_id"": ""1044"", ""target_node_id"": ""1037""}, {""edge_id"": ""813"", ""source_node_id"": ""1036"", ""target_node_id"": ""1038""}, {""edge_id"": ""814"", ""source_node_id"": ""1037"", ""target_node_id"": ""1039""}, {""edge_id"": ""815"", ""source_node_id"": ""1038"", ""target_node_id"": ""1040""}, {""edge_id"": ""816"", ""source_node_id"": ""1039"", ""target_node_id"": ""1041""}, {""edge_id"": ""817"", ""source_node_id"": ""1040"", ""target_node_id"": ""1041""}, {""edge_id"": ""818"", ""source_node_id"": ""1041"", ""target_node_id"": ""1042""}, {""edge_id"": ""819"", ""source_node_id"": ""1035"", ""target_node_id"": ""1044""}, {""edge_id"": ""820"", ""source_node_id"": ""1034"", ""target_node_id"": ""1043""}], ""step_requirements"": [{""node_id"": ""1034"", ""algorithm_step_name"": ""Tabular Dataset Loading"", ""node_name"": ""心血管疾病风险预测训练数据"", ""node_params"": {""table_name"": ""cardiovascular_diseases_risk_prediction_train"", ""target_column"": ""Heart_Disease""}, ""contrast_level"": 2, ""node_type"": ""io""}, {""node_id"": ""1035"", ""algorithm_step_name"": ""Tabular Dataset Loading"", ""node_name"": ""心血管疾病风险预测测试数据"", ""node_params"": {""table_name"": ""cardiovascular_diseases_risk_prediction_test"", ""target_column"": ""Heart_Disease""}, ""contrast_level"": 2, ""node_type"": ""io""}, {""node_id"": ""1036"", ""algorithm_step_name"": ""Unique"", ""node_name"": ""训练数据去重"", ""node_params"": {}, ""contrast_level"": 1, ""node_type"": ""preprocess""}, {""node_id"": ""1037"", ""algorithm_step_name"": ""Unique"", ""node_name"": ""测试数据去重"", ""node_params"": {}, ""contrast_level"": 1, ""node_type"": ""preprocess""}, {""node_id"": ""1038"", ""algorithm_step_name"": ""Feature Construction"", ""node_name"": ""训练数据特征构建"", ""node_params"": {""expressions"": [{""key"": 0, ""name"": ""BMI_Category"", ""expression"": ""'Underweight' if BMI < 18.5 else 'Normal weight' if 18.5 <= BMI < 24.9 else 'Overweight' if 25 <= BMI < 29.9 else 'Obesity'"", ""type"": ""1"", ""image"": ""C"", ""categories"": ""Underweight, Normal weight, Overweight, Obesity""}]}, ""contrast_level"": 2, ""node_type"": ""feature engineering""}, {""node_id"": ""1039"", ""algorithm_step_name"": ""Feature Construction"", ""node_name"": ""测试数据特征构建"", ""node_params"": {""expressions"": [{""key"": 0, ""name"": ""BMI_Category"", ""expression"": ""'Underweight' if BMI < 18.5 else 'Normal weight' if 18.5 <= BMI < 24.9 else 'Overweight' if 25 <= BMI < 29.9 else 'Obesity'"", ""type"": ""1"", ""image"": ""C"", ""categories"": ""Underweight, Normal weight, Overweight, Obesity""}]}, ""contrast_level"": 2, ""node_type"": ""feature engineering""}, {""node_id"": ""1040"", ""algorithm_step_name"": ""Random Forest"", ""node_name"": ""随机森林模型"", ""node_params"": {}, ""contrast_level"": 0, ""node_type"": ""model""}, {""node_id"": ""1041"", ""algorithm_step_name"": ""Test Dataset Predictions"", ""node_name"": ""预测"", ""node_params"": {""output_probabilities"": true}, ""contrast_level"": 2, ""node_type"": ""predict""}, {""node_id"": ""1042"", ""algorithm_step_name"": ""Save Data"", ""node_name"": ""保存预测结果"", ""node_params"": {}, ""contrast_level"": 1, ""node_type"": ""io""}, {""node_id"": ""1043"", ""algorithm_step_name"": ""Missing Value Handling"", ""node_name"": ""缺失值处理"", ""node_params"": {}, ""contrast_level"": 1, ""node_type"": ""preprocess""}, {""node_id"": ""1044"", ""algorithm_step_name"": ""Missing Value Handling"", ""node_name"": ""缺失值处理"", ""node_params"": {}, ""contrast_level"": 1, ""node_type"": ""preprocess""}]}"
"Train data: coffee_quality_data_cqi_train
test data path: coffee_quality_data_cqi_test
Use the training data and test data to go through all of the following tasks, taking care not to leave anything out:
1. Drop duplicated rows from the dataset.
2. Drop the following columns from the dataset: ""ID"", ""ICO Number"", ""Owner"", ""Region"", ""Certification Contact"", ""Certification Address"", ""Farm Name"", ""Lot Number"", ""Mill"", ""ICO Number"", ""Producer"", ""Company"", ""Expiration"", ""Harvest Year"", ""Unnamed: 0"", ""Number of Bags"", ""Bag Weight"", ""In-Country Partner"", ""Country of Origin"", ""Processing Method"", ""Grading Date"", ""Variety"", ""Status"", ""Defects"", ""Uniformity"", ""Clean Cup"", ""Sweetness"", and ""Certification Body"".
3. For categorical column ""Color"", use one-hot encoding.
4. Try to predict Total Cup Points.
Build a regressor on the training set with RandomForestRegressor.
5. Make predictions on the test set.
6. Save predictions.",0.1818,45880,1961,0,0,0,0,0,"{""edges"": [{""edge_id"": ""23119"", ""source_node_id"": ""29537"", ""target_node_id"": ""807""}, {""edge_id"": ""23120"", ""source_node_id"": ""29538"", ""target_node_id"": ""808""}], ""nodes"": [{""node_id"": ""29537"", ""widget_name"": ""File"", ""node_name"": ""训练数据加载"", ""node_params"": {""type"": ""sample"", ""filename"": ""coffee_quality_data_cqi_train.csv""}, ""matched"": false}, {""node_id"": ""29538"", ""widget_name"": ""File"", ""node_name"": ""测试数据加载"", ""node_params"": {""type"": ""sample"", ""filename"": ""coffee_quality_data_cqi_test.csv""}, ""matched"": false}, {""node_id"": ""807"", ""widget_name"": ""Unique"", ""node_name"": ""训练数据去重"", ""node_params"": {""selGroupByVariables"": [], ""configure"": ""Last instance""}, ""matched"": true}, {""node_id"": ""808"", ""widget_name"": ""Unique"", ""node_name"": ""测试数据去重"", ""node_params"": {""selGroupByVariables"": [], ""configure"": ""Last instance""}, ""matched"": true}, {""node_id"": ""29541"", ""widget_name"": ""Select Columns"", ""node_name"": ""训练数据列选择"", ""node_params"": {""ignores"": [], ""features"": [], ""targets"": """"}, ""matched"": false}, {""node_id"": ""29542"", ""widget_name"": ""Select Columns"", ""node_name"": ""测试数据列选择"", ""node_params"": {""ignores"": [], ""features"": [], ""targets"": """"}, ""matched"": false}]}","{""dependency_requirements"": [{""edge_id"": ""600"", ""source_node_id"": ""805"", ""target_node_id"": ""807""}, {""edge_id"": ""601"", ""source_node_id"": ""806"", ""target_node_id"": ""808""}, {""edge_id"": ""602"", ""source_node_id"": ""807"", ""target_node_id"": ""809""}, {""edge_id"": ""603"", ""source_node_id"": ""808"", ""target_node_id"": ""810""}, {""edge_id"": ""604"", ""source_node_id"": ""809"", ""target_node_id"": ""811""}, {""edge_id"": ""605"", ""source_node_id"": ""810"", ""target_node_id"": ""812""}, {""edge_id"": ""606"", ""source_node_id"": ""811"", ""target_node_id"": ""813""}, {""edge_id"": ""607"", ""source_node_id"": ""812"", ""target_node_id"": ""814""}, {""edge_id"": ""608"", ""source_node_id"": ""813"", ""target_node_id"": ""814""}, {""edge_id"": ""609"", ""source_node_id"": ""814"", ""target_node_id"": ""815""}], ""step_requirements"": [{""node_id"": ""805"", ""algorithm_step_name"": ""Tabular Dataset Loading"", ""node_name"": ""咖啡质量训练数据"", ""node_params"": {""table_name"": ""coffee_quality_data_cqi_train"", ""target_column"": ""Total_Cup_Points""}, ""contrast_level"": 2, ""node_type"": ""io""}, {""node_id"": ""806"", ""algorithm_step_name"": ""Tabular Dataset Loading"", ""node_name"": ""咖啡质量测试数据"", ""node_params"": {""table_name"": ""coffee_quality_data_cqi_test"", ""target_column"": ""Total_Cup_Points""}, ""contrast_level"": 2, ""node_type"": ""io""}, {""node_id"": ""807"", ""algorithm_step_name"": ""Unique"", ""node_name"": ""训练数据去重"", ""node_params"": {}, ""contrast_level"": 1, ""node_type"": ""preprocess""}, {""node_id"": ""808"", ""algorithm_step_name"": ""Unique"", ""node_name"": ""测试数据去重"", ""node_params"": {}, ""contrast_level"": 1, ""node_type"": ""preprocess""}, {""node_id"": ""809"", ""algorithm_step_name"": ""Select Columns"", ""node_name"": ""训练数据列选择"", ""node_params"": {""ignores"": [], ""features"": [0, 1, 2, 3, 4, 5, 6, 7, 9, 10, 11, 12, 13], ""targets"": [8]}, ""contrast_level"": 2, ""node_type"": ""preprocess""}, {""node_id"": ""810"", ""algorithm_step_name"": ""Select Columns"", ""node_name"": ""测试数据列选择"", ""node_params"": {""ignores"": [], ""features"": [0, 1, 2, 3, 4, 5, 6, 7, 9, 10, 11, 12, 13], ""targets"": [8]}, ""contrast_level"": 2, ""node_type"": ""preprocess""}, {""node_id"": ""811"", ""algorithm_step_name"": ""One Hot Encoding"", ""node_name"": ""训练数据独热编码"", ""node_params"": {""encode_vars"": [""Color""]}, ""contrast_level"": 2, ""node_type"": ""feature engineering""}, {""node_id"": ""812"", ""algorithm_step_name"": ""One Hot Encoding"", ""node_name"": ""测试数据独热编码"", ""node_params"": {""encode_vars"": [""Color""]}, ""contrast_level"": 2, ""node_type"": ""feature engineering""}, {""node_id"": ""813"", ""algorithm_step_name"": ""Random Forest"", ""node_name"": ""随机森林回归模型"", ""node_params"": {}, ""contrast_level"": 1, ""node_type"": ""model""}, {""node_id"": ""814"", ""algorithm_step_name"": ""Test Dataset Predictions"", ""node_name"": ""预测"", ""node_params"": {""output_probabilities"": false}, ""contrast_level"": 2, ""node_type"": ""predict""}, {""node_id"": ""815"", ""algorithm_step_name"": ""Save Data"", ""node_name"": ""保存预测结果"", ""node_params"": {}, ""contrast_level"": 1, ""node_type"": ""io""}]}"
"Train data: diabetes_prediction_dataset_train
test data: diabetes_prediction_dataset_test
Use the training data and test data to go through all of the following tasks, taking care not to leave anything out:
1. Drop duplicate rows from the dataset.
2. Perform one-hot encoding on the ""gender"" and ""smoking_history"" columns.
3. Rank the most important features.
4. Build a random forest classifier to predict diabetes using all features. Fit the model on the training set.
5. Make predictions on the test set.
6. Save predictions.
7. Show the confusion matrix.",0.8947,13997,610,0,0,0,0,0,"{""edges"": [{""edge_id"": ""23121"", ""source_node_id"": ""29543"", ""target_node_id"": ""818""}, {""edge_id"": ""23122"", ""source_node_id"": ""29544"", ""target_node_id"": ""819""}, {""edge_id"": ""23123"", ""source_node_id"": ""818"", ""target_node_id"": ""820""}, {""edge_id"": ""23124"", ""source_node_id"": ""819"", ""target_node_id"": ""821""}, {""edge_id"": ""23125"", ""source_node_id"": ""820"", ""target_node_id"": ""822""}, {""edge_id"": ""23126"", ""source_node_id"": ""820"", ""target_node_id"": ""823""}, {""edge_id"": ""23127"", ""source_node_id"": ""821"", ""target_node_id"": ""824""}, {""edge_id"": ""23128"", ""source_node_id"": ""823"", ""target_node_id"": ""824""}, {""edge_id"": ""23129"", ""source_node_id"": ""824"", ""target_node_id"": ""825""}, {""edge_id"": ""23130"", ""source_node_id"": ""824"", ""target_node_id"": ""826""}], ""nodes"": [{""node_id"": ""29543"", ""widget_name"": ""File"", ""node_name"": ""训练数据加载"", ""node_params"": {""type"": ""sample"", ""filename"": ""diabetes_prediction_dataset_train.csv""}, ""matched"": false}, {""node_id"": ""29544"", ""widget_name"": ""File"", ""node_name"": ""测试数据加载"", ""node_params"": {""type"": ""sample"", ""filename"": ""diabetes_prediction_dataset_test.csv""}, ""matched"": false}, {""node_id"": ""818"", ""widget_name"": ""Unique"", ""node_name"": ""训练数据去重"", ""node_params"": {""selGroupByVariables"": [], ""configure"": ""Last instance""}, ""matched"": true}, {""node_id"": ""819"", ""widget_name"": ""Unique"", ""node_name"": ""测试数据去重"", ""node_params"": {""selGroupByVariables"": [], ""configure"": ""Last instance""}, ""matched"": true}, {""node_id"": ""820"", ""widget_name"": ""One Hot Encoder"", ""node_name"": ""训练数据独热编码"", ""node_params"": {""encode_vars"": [""gender"", ""smoking_history""]}, ""matched"": true}, {""node_id"": ""821"", ""widget_name"": ""One Hot Encoder"", ""node_name"": ""测试数据独热编码"", ""node_params"": {""encode_vars"": [""gender"", ""smoking_history""]}, ""matched"": true}, {""node_id"": ""822"", ""widget_name"": ""Rank"", ""node_name"": ""特征重要性排序"", ""node_params"": {}, ""matched"": true}, {""node_id"": ""823"", ""widget_name"": ""Random Forest"", ""node_name"": ""随机森林分类器"", ""node_params"": {""n_estimators"": 10, ""use_max_features"": false, ""max_features"": ""auto"", ""use_random_state"": false, ""use_max_depth"": false, ""max_depth"": 3, ""use_min_samples_split"": true, ""min_samples_split"": 2}, ""matched"": true}, {""node_id"": ""824"", ""widget_name"": ""Predictions"", ""node_name"": ""预测"", ""node_params"": {""output_attrs"": true, ""output_predictions"": true, ""output_probabilities"": true}, ""matched"": true}, {""node_id"": ""825"", ""widget_name"": ""Save Data"", ""node_name"": ""保存预测结果"", ""node_params"": {}, ""matched"": true}, {""node_id"": ""826"", ""widget_name"": ""Confusion Matrix"", ""node_name"": ""混淆矩阵"", ""node_params"": {}, ""matched"": true}]}","{""dependency_requirements"": [{""edge_id"": ""610"", ""source_node_id"": ""816"", ""target_node_id"": ""818""}, {""edge_id"": ""611"", ""source_node_id"": ""817"", ""target_node_id"": ""819""}, {""edge_id"": ""612"", ""source_node_id"": ""818"", ""target_node_id"": ""820""}, {""edge_id"": ""613"", ""source_node_id"": ""819"", ""target_node_id"": ""821""}, {""edge_id"": ""614"", ""source_node_id"": ""820"", ""target_node_id"": ""822""}, {""edge_id"": ""615"", ""source_node_id"": ""820"", ""target_node_id"": ""823""}, {""edge_id"": ""616"", ""source_node_id"": ""821"", ""target_node_id"": ""824""}, {""edge_id"": ""617"", ""source_node_id"": ""823"", ""target_node_id"": ""824""}, {""edge_id"": ""618"", ""source_node_id"": ""824"", ""target_node_id"": ""825""}, {""edge_id"": ""619"", ""source_node_id"": ""824"", ""target_node_id"": ""826""}], ""step_requirements"": [{""node_id"": ""816"", ""algorithm_step_name"": ""Tabular Dataset Loading"", ""node_name"": ""糖尿病预测训练数据"", ""node_params"": {""table_name"": ""diabetes_prediction_dataset_train"", ""target_column"": ""diabetes""}, ""contrast_level"": 2, ""node_type"": ""io""}, {""node_id"": ""817"", ""algorithm_step_name"": ""Tabular Dataset Loading"", ""node_name"": ""糖尿病预测测试数据"", ""node_params"": {""table_name"": ""diabetes_prediction_dataset_test"", ""target_column"": ""diabetes""}, ""contrast_level"": 2, ""node_type"": ""io""}, {""node_id"": ""818"", ""algorithm_step_name"": ""Unique"", ""node_name"": ""训练数据去重"", ""node_params"": {}, ""contrast_level"": 1, ""node_type"": ""preprocess""}, {""node_id"": ""819"", ""algorithm_step_name"": ""Unique"", ""node_name"": ""测试数据去重"", ""node_params"": {}, ""contrast_level"": 1, ""node_type"": ""preprocess""}, {""node_id"": ""820"", ""algorithm_step_name"": ""One Hot Encoding"", ""node_name"": ""训练数据独热编码"", ""node_params"": {""encode_vars"": [""gender"", ""smoking_history""]}, ""contrast_level"": 2, ""node_type"": ""feature engineering""}, {""node_id"": ""821"", ""algorithm_step_name"": ""One Hot Encoding"", ""node_name"": ""测试数据独热编码"", ""node_params"": {""encode_vars"": [""gender"", ""smoking_history""]}, ""contrast_level"": 2, ""node_type"": ""feature engineering""}, {""node_id"": ""822"", ""algorithm_step_name"": ""Rank"", ""node_name"": ""特征重要性排序"", ""node_params"": {}, ""contrast_level"": 1, ""node_type"": ""feature engineering""}, {""node_id"": ""823"", ""algorithm_step_name"": ""Random Forest"", ""node_name"": ""随机森林模型"", ""node_params"": {}, ""contrast_level"": 1, ""node_type"": ""model""}, {""node_id"": ""824"", ""algorithm_step_name"": ""Test Dataset Predictions"", ""node_name"": ""预测"", ""node_params"": {""output_probabilities"": true}, ""contrast_level"": 2, ""node_type"": ""predict""}, {""node_id"": ""825"", ""algorithm_step_name"": ""Save Data"", ""node_name"": ""保存预测结果"", ""node_params"": {}, ""contrast_level"": 1, ""node_type"": ""io""}, {""node_id"": ""826"", ""algorithm_step_name"": ""Confusion Matrix"", ""node_name"": ""混淆矩阵"", ""node_params"": {}, ""contrast_level"": 1, ""node_type"": ""visualize""}]}"
"Train data: disease_symptoms_and_patient_profile_dataset_train
test data: disease_symptoms_and_patient_profile_dataset_test
Use the training data and test data to go through all of the following tasks, taking care not to leave anything out:
you need build two logistic regression models to predict categorical target variable 'outcome variable'.
1. categorical features (except ""Disease"" column) into numerical features using one-hot encoding.
2. Use a feature selection technique to select the most important 5 features.
3. Build a logistic regression model1 using all features one-hot encoded.
4. Build a logistic regression model2 using only the most important 5 features.
5. Evaluate the performance of the model1 and model2 on the test set.",0.8462,15159,1152,0,0,0,0,0,"{""edges"": [{""edge_id"": ""23131"", ""source_node_id"": ""860"", ""target_node_id"": ""29556""}, {""edge_id"": ""23132"", ""source_node_id"": ""861"", ""target_node_id"": ""29557""}, {""edge_id"": ""23133"", ""source_node_id"": ""29556"", ""target_node_id"": ""864""}, {""edge_id"": ""23134"", ""source_node_id"": ""29556"", ""target_node_id"": ""865""}, {""edge_id"": ""23135"", ""source_node_id"": ""864"", ""target_node_id"": ""866""}, {""edge_id"": ""23136"", ""source_node_id"": ""29557"", ""target_node_id"": ""867""}, {""edge_id"": ""23137"", ""source_node_id"": ""865"", ""target_node_id"": ""867""}, {""edge_id"": ""23138"", ""source_node_id"": ""29557"", ""target_node_id"": ""868""}, {""edge_id"": ""23139"", ""source_node_id"": ""866"", ""target_node_id"": ""868""}], ""nodes"": [{""node_id"": ""860"", ""widget_name"": ""SQL Table"", ""node_name"": ""训练数据"", ""node_params"": {""table_name"": ""disease_symptoms_and_patient_profile_dataset_train"", ""target_column"": ""Outcome_Variable""}, ""matched"": true}, {""node_id"": ""861"", ""widget_name"": ""SQL Table"", ""node_name"": ""测试数据"", ""node_params"": {""table_name"": ""disease_symptoms_and_patient_profile_dataset_test"", ""target_column"": ""Outcome_Variable""}, ""matched"": true}, {""node_id"": ""29556"", ""widget_name"": ""One Hot Encoder"", ""node_name"": ""训练数据独热编码"", ""node_params"": {""encode_vars"": [""Sex"", ""Smoking"", ""Alcohol"", ""Diet"", ""Exercise"", ""Family_History"", ""Genetic_Marker"", ""Symptom_1"", ""Symptom_2"", ""Symptom_3"", ""Symptom_4"", ""Symptom_5""]}, ""matched"": false}, {""node_id"": ""29557"", ""widget_name"": ""One Hot Encoder"", ""node_name"": ""测试数据独热编码"", ""node_params"": {""encode_vars"": [""Sex"", ""Smoking"", ""Alcohol"", ""Diet"", ""Exercise"", ""Family_History"", ""Genetic_Marker"", ""Symptom_1"", ""Symptom_2"", ""Symptom_3"", ""Symptom_4"", ""Symptom_5""]}, ""matched"": false}, {""node_id"": ""864"", ""widget_name"": ""Select Best N Attributes"", ""node_name"": ""特征选择"", ""node_params"": {""n"": 5}, ""matched"": true}, {""node_id"": ""865"", ""widget_name"": ""Logistic Regression"", ""node_name"": ""逻辑回归模型1"", ""node_params"": {""C"": 1, ""penalty"": ""l2""}, ""matched"": true}, {""node_id"": ""866"", ""widget_name"": ""Logistic Regression"", ""node_name"": ""逻辑回归模型2"", ""node_params"": {""C"": 1, ""penalty"": ""l2""}, ""matched"": true}, {""node_id"": ""867"", ""widget_name"": ""Test & Score"", ""node_name"": ""测试评分1"", ""node_params"": {}, ""matched"": true}, {""node_id"": ""868"", ""widget_name"": ""Test & Score"", ""node_name"": ""测试评分2"", ""node_params"": {}, ""matched"": true}]}","{""dependency_requirements"": [{""edge_id"": ""661"", ""source_node_id"": ""860"", ""target_node_id"": ""862""}, {""edge_id"": ""662"", ""source_node_id"": ""861"", ""target_node_id"": ""863""}, {""edge_id"": ""663"", ""source_node_id"": ""862"", ""target_node_id"": ""864""}, {""edge_id"": ""664"", ""source_node_id"": ""862"", ""target_node_id"": ""865""}, {""edge_id"": ""665"", ""source_node_id"": ""864"", ""target_node_id"": ""866""}, {""edge_id"": ""666"", ""source_node_id"": ""862"", ""target_node_id"": ""867""}, {""edge_id"": ""667"", ""source_node_id"": ""863"", ""target_node_id"": ""867""}, {""edge_id"": ""668"", ""source_node_id"": ""865"", ""target_node_id"": ""867""}, {""edge_id"": ""669"", ""source_node_id"": ""863"", ""target_node_id"": ""868""}, {""edge_id"": ""670"", ""source_node_id"": ""866"", ""target_node_id"": ""868""}, {""edge_id"": ""671"", ""source_node_id"": ""864"", ""target_node_id"": ""868""}], ""step_requirements"": [{""node_id"": ""860"", ""algorithm_step_name"": ""Tabular Dataset Loading"", ""node_name"": ""疾病症状和患者资料训练数据"", ""node_params"": {""table_name"": ""disease_symptoms_and_patient_profile_dataset_train"", ""target_column"": ""Outcome_Variable""}, ""contrast_level"": 2, ""node_type"": ""io""}, {""node_id"": ""861"", ""algorithm_step_name"": ""Tabular Dataset Loading"", ""node_name"": ""疾病症状和患者资料测试数据"", ""node_params"": {""table_name"": ""disease_symptoms_and_patient_profile_dataset_test"", ""target_column"": ""Outcome_Variable""}, ""contrast_level"": 2, ""node_type"": ""io""}, {""node_id"": ""862"", ""algorithm_step_name"": ""One Hot Encoding"", ""node_name"": ""训练数据独热编码"", ""node_params"": {""encode_vars"": [""Fever"", ""Cough"", ""Fatigue"", ""Difficulty_Breathing"", ""Gender"", ""Blood_Pressure_Categorical"", ""Cholesterol_Categorical""]}, ""contrast_level"": 2, ""node_type"": ""feature engineering""}, {""node_id"": ""863"", ""algorithm_step_name"": ""One Hot Encoding"", ""node_name"": ""测试数据独热编码"", ""node_params"": {""encode_vars"": [""Fever"", ""Cough"", ""Fatigue"", ""Difficulty_Breathing"", ""Gender"", ""Blood_Pressure_Categorical"", ""Cholesterol_Categorical""]}, ""contrast_level"": 2, ""node_type"": ""feature engineering""}, {""node_id"": ""864"", ""algorithm_step_name"": ""Feature Selection"", ""node_name"": ""特征选择"", ""node_params"": {""n"": 5}, ""contrast_level"": 2, ""node_type"": ""feature engineering""}, {""node_id"": ""865"", ""algorithm_step_name"": ""Logistic Regression"", ""node_name"": ""逻辑回归模型"", ""node_params"": {}, ""contrast_level"": 1, ""node_type"": ""model""}, {""node_id"": ""866"", ""algorithm_step_name"": ""Logistic Regression"", ""node_name"": ""逻辑回归模型2"", ""node_params"": {}, ""contrast_level"": 1, ""node_type"": ""model""}, {""node_id"": ""867"", ""algorithm_step_name"": ""Model Evaluate"", ""node_name"": ""测试评分"", ""node_params"": {}, ""contrast_level"": 1, ""node_type"": ""evaluate""}, {""node_id"": ""868"", ""algorithm_step_name"": ""Model Evaluate"", ""node_name"": ""测试评分"", ""node_params"": {}, ""contrast_level"": 1, ""node_type"": ""evaluate""}]}"
"Train data: employee_train
test data: employee_test
Use the training data and test data to go through all of the following tasks, taking care not to leave anything out:
1. Perform feature construction to build a new feature named ""YearsInCompany"" to represent the number of years each employee has been in the company. It is calculated as 2023 minus the 'JoiningYear'.
2. Encode the categorical columns using one-hot encoding.
3. Build a random forest classifier to predict the 'LeaveOrNot' variable.
4. Make predictions on the test set.
5. Save predictions.
6. Confusion matrix showing predicted results.",0.6923,16377,1836,0,0,0,0,0,"{""edges"": [{""edge_id"": ""23140"", ""source_node_id"": ""968"", ""target_node_id"": ""29565""}, {""edge_id"": ""23141"", ""source_node_id"": ""29565"", ""target_node_id"": ""29566""}, {""edge_id"": ""23142"", ""source_node_id"": ""29565"", ""target_node_id"": ""29567""}, {""edge_id"": ""23143"", ""source_node_id"": ""29566"", ""target_node_id"": ""973""}, {""edge_id"": ""23144"", ""source_node_id"": ""29567"", ""target_node_id"": ""974""}, {""edge_id"": ""23145"", ""source_node_id"": ""973"", ""target_node_id"": ""974""}, {""edge_id"": ""23146"", ""source_node_id"": ""974"", ""target_node_id"": ""975""}, {""edge_id"": ""23147"", ""source_node_id"": ""974"", ""target_node_id"": ""976""}], ""nodes"": [{""node_id"": ""967"", ""widget_name"": ""SQL Table"", ""node_name"": ""员工训练数据"", ""node_params"": {""table_name"": ""employee_train"", ""target_column"": ""LeaveOrNot""}, ""matched"": true}, {""node_id"": ""968"", ""widget_name"": ""SQL Table"", ""node_name"": ""员工测试数据"", ""node_params"": {""table_name"": ""employee_test"", ""target_column"": ""LeaveOrNot""}, ""matched"": true}, {""node_id"": ""29565"", ""widget_name"": ""Feature Constructor"", ""node_name"": ""特征构建"", ""node_params"": {""expressions"": [{""key"": 0, ""name"": ""YearsInCompany"", ""expression"": ""2023 - JoiningYear"", ""type"": 2, ""image"": ""N"", ""categories"": ""A, B""}]}, ""matched"": false}, {""node_id"": ""29566"", ""widget_name"": ""One Hot Encoder"", ""node_name"": ""训练数据独热编码"", ""node_params"": {""encode_vars"": [""Department""]}, ""matched"": false}, {""node_id"": ""29567"", ""widget_name"": ""One Hot Encoder"", ""node_name"": ""测试数据独热编码"", ""node_params"": {""encode_vars"": [""Department""]}, ""matched"": false}, {""node_id"": ""973"", ""widget_name"": ""Random Forest"", ""node_name"": ""随机森林模型"", ""node_params"": {""n_estimators"": 10, ""use_max_features"": false, ""max_features"": ""auto"", ""use_random_state"": false, ""use_max_depth"": false, ""max_depth"": 3, ""use_min_samples_split"": true, ""min_samples_split"": 2}, ""matched"": true}, {""node_id"": ""974"", ""widget_name"": ""Predictions"", ""node_name"": ""预测"", ""node_params"": {""output_attrs"": true, ""output_predictions"": true, ""output_probabilities"": true}, ""matched"": true}, {""node_id"": ""975"", ""widget_name"": ""Save Data"", ""node_name"": ""保存预测结果"", ""node_params"": {}, ""matched"": true}, {""node_id"": ""976"", ""widget_name"": ""Confusion Matrix"", ""node_name"": ""混淆矩阵"", ""node_params"": {}, ""matched"": true}]}","{""dependency_requirements"": [{""edge_id"": ""749"", ""source_node_id"": ""967"", ""target_node_id"": ""969""}, {""edge_id"": ""750"", ""source_node_id"": ""968"", ""target_node_id"": ""970""}, {""edge_id"": ""751"", ""source_node_id"": ""969"", ""target_node_id"": ""971""}, {""edge_id"": ""752"", ""source_node_id"": ""970"", ""target_node_id"": ""972""}, {""edge_id"": ""753"", ""source_node_id"": ""971"", ""target_node_id"": ""973""}, {""edge_id"": ""754"", ""source_node_id"": ""972"", ""target_node_id"": ""974""}, {""edge_id"": ""755"", ""source_node_id"": ""973"", ""target_node_id"": ""974""}, {""edge_id"": ""756"", ""source_node_id"": ""974"", ""target_node_id"": ""975""}, {""edge_id"": ""757"", ""source_node_id"": ""974"", ""target_node_id"": ""976""}], ""step_requirements"": [{""node_id"": ""967"", ""algorithm_step_name"": ""Tabular Dataset Loading"", ""node_name"": ""员工训练数据"", ""node_params"": {""table_name"": ""employee_train"", ""target_column"": ""LeaveOrNot""}, ""contrast_level"": 2, ""node_type"": ""io""}, {""node_id"": ""968"", ""algorithm_step_name"": ""Tabular Dataset Loading"", ""node_name"": ""员工测试数据"", ""node_params"": {""table_name"": ""employee_test"", ""target_column"": ""LeaveOrNot""}, ""contrast_level"": 2, ""node_type"": ""io""}, {""node_id"": ""969"", ""algorithm_step_name"": ""Feature Construction"", ""node_name"": ""特征构造_训练数据"", ""node_params"": {""expressions"": [{""key"": 0, ""name"": ""YearsInCompany"", ""expression"": ""2023 - JoiningYear"", ""type"": ""2"", ""image"": ""N"", ""categories"": ""A, B""}]}, ""contrast_level"": 2, ""node_type"": ""feature engineering""}, {""node_id"": ""970"", ""algorithm_step_name"": ""Feature Construction"", ""node_name"": ""特征构造_测试数据"", ""node_params"": {""expressions"": [{""key"": 0, ""name"": ""YearsInCompany"", ""expression"": ""2023 - JoiningYear"", ""type"": ""2"", ""image"": ""N"", ""categories"": ""A, B""}]}, ""contrast_level"": 2, ""node_type"": ""feature engineering""}, {""node_id"": ""971"", ""algorithm_step_name"": ""One Hot Encoding"", ""node_name"": ""One Hot Encoder_训练数据"", ""node_params"": {""encode_vars"": [""Education"", ""City"", ""Gender"", ""EverBenched""]}, ""contrast_level"": 2, ""node_type"": ""feature engineering""}, {""node_id"": ""972"", ""algorithm_step_name"": ""One Hot Encoding"", ""node_name"": ""One Hot Encoder_测试数据"", ""node_params"": {""encode_vars"": [""Education"", ""City"", ""Gender"", ""EverBenched""]}, ""contrast_level"": 2, ""node_type"": ""feature engineering""}, {""node_id"": ""973"", ""algorithm_step_name"": ""Random Forest"", ""node_name"": ""随机森林分类器"", ""node_params"": {}, ""contrast_level"": 1, ""node_type"": ""model""}, {""node_id"": ""974"", ""algorithm_step_name"": ""Test Dataset Predictions"", ""node_name"": ""预测"", ""node_params"": {""output_probabilities"": true}, ""contrast_level"": 2, ""node_type"": ""predict""}, {""node_id"": ""975"", ""algorithm_step_name"": ""Save Data"", ""node_name"": ""保存预测结果"", ""node_params"": {}, ""contrast_level"": 1, ""node_type"": ""io""}, {""node_id"": ""976"", ""algorithm_step_name"": ""Confusion Matrix"", ""node_name"": ""混淆矩阵"", ""node_params"": {}, ""contrast_level"": 1, ""node_type"": ""visualize""}]}"
"Train data: global_data_on_sustainable_energy_train
test data: global_data_on_sustainable_energy__test
Use the training data and test data to go through all of the following tasks, taking care not to leave anything out:
1. The features are all other columns except 'Entity' and 'Year'.
2. The target variable is 'Renewable energy share in the total final energy consumption (%)'. Build a linear regression model to predict the outcome variable using all features. Fit the model on the training set.
3. Make predictions on the test set.
4. Save predictions.",0.2857,55037,8491,0,0,0,0,0,"{""edges"": [], ""nodes"": [{""node_id"": ""977"", ""widget_name"": ""SQL Table"", ""node_name"": ""训练数据"", ""node_params"": {""table_name"": ""global_data_on_sustainable_energy_train"", ""target_column"": ""Renewable_energy_share_total_final_energy_consumption_percentage""}, ""matched"": true}, {""node_id"": ""978"", ""widget_name"": ""SQL Table"", ""node_name"": ""测试数据"", ""node_params"": {""table_name"": ""global_data_on_sustainable_energy__test"", ""target_column"": ""Renewable_energy_share_total_final_energy_consumption_percentage""}, ""matched"": true}, {""node_id"": ""29574"", ""widget_name"": ""Select Columns"", ""node_name"": ""训练数据特征选择"", ""node_params"": {""ignores"": [], ""features"": [], ""targets"": """"}, ""matched"": false}]}","{""dependency_requirements"": [{""edge_id"": ""759"", ""source_node_id"": ""977"", ""target_node_id"": ""980""}, {""edge_id"": ""760"", ""source_node_id"": ""978"", ""target_node_id"": ""981""}, {""edge_id"": ""762"", ""source_node_id"": ""980"", ""target_node_id"": ""983""}, {""edge_id"": ""766"", ""source_node_id"": ""981"", ""target_node_id"": ""985""}, {""edge_id"": ""767"", ""source_node_id"": ""983"", ""target_node_id"": ""985""}, {""edge_id"": ""768"", ""source_node_id"": ""985"", ""target_node_id"": ""986""}], ""step_requirements"": [{""node_id"": ""977"", ""algorithm_step_name"": ""Tabular Dataset Loading"", ""node_name"": ""全球可持续能源训练数据"", ""node_params"": {""table_name"": ""global_data_on_sustainable_energy_train"", ""target_column"": ""Renewable_energy_share_total_final_energy_consumption_percentage""}, ""contrast_level"": 2, ""node_type"": ""io""}, {""node_id"": ""978"", ""algorithm_step_name"": ""Tabular Dataset Loading"", ""node_name"": ""全球可持续能源测试数据"", ""node_params"": {""table_name"": ""global_data_on_sustainable_energy__test"", ""target_column"": ""Renewable_energy_share_total_final_energy_consumption_percentage""}, ""contrast_level"": 2, ""node_type"": ""io""}, {""node_id"": ""980"", ""algorithm_step_name"": ""Select Columns"", ""node_name"": ""训练数据列选择"", ""node_params"": {""ignores"": [0], ""features"": [1, 2, 3, 4, 6, 7, 8, 9, 10, 11, 12, 13, 14, 15, 16, 17, 18, 19], ""targets"": [5]}, ""contrast_level"": 2, ""node_type"": ""preprocess""}, {""node_id"": ""981"", ""algorithm_step_name"": ""Select Columns"", ""node_name"": ""测试数据列选择"", ""node_params"": {""ignores"": [0], ""features"": [1, 2, 3, 4, 6, 7, 8, 9, 10, 11, 12, 13, 14, 15, 16, 17, 18, 19], ""targets"": [5]}, ""contrast_level"": 2, ""node_type"": ""preprocess""}, {""node_id"": ""983"", ""algorithm_step_name"": ""Linear Regression"", ""node_name"": ""线性回归模型"", ""node_params"": {}, ""contrast_level"": 1, ""node_type"": ""model""}, {""node_id"": ""985"", ""algorithm_step_name"": ""Test Dataset Predictions"", ""node_name"": ""预测"", ""node_params"": {""output_probabilities"": false}, ""contrast_level"": 2, ""node_type"": ""predict""}, {""node_id"": ""986"", ""algorithm_step_name"": ""Save Data"", ""node_name"": ""保存预测结果"", ""node_params"": {}, ""contrast_level"": 1, ""node_type"": ""io""}]}"
"Train data: heart_attack_prediction_dataset_train
test data: heart_attack_prediction_dataset_test
Use the training data and test data to go through all of the following tasks, taking care not to leave anything out:
1. Convert the values in the data for the category column 'Diet'. Use 1, 2, 3 for 'Healthy', 'Average', and 'Unhealthy' respectively.
2. Build a RandomForest model to predict the Heart Attack Risk using all features. Fit the model on the training set.
3. Make predictions on the test set.
4. Save predictions.",0.7778,15297,2026,0,0,0,0,0,"{""edges"": [{""edge_id"": ""23148"", ""source_node_id"": ""994"", ""target_node_id"": ""29577""}, {""edge_id"": ""23149"", ""source_node_id"": ""995"", ""target_node_id"": ""29578""}, {""edge_id"": ""23150"", ""source_node_id"": ""29577"", ""target_node_id"": ""1000""}, {""edge_id"": ""23151"", ""source_node_id"": ""29578"", ""target_node_id"": ""1001""}, {""edge_id"": ""23152"", ""source_node_id"": ""1000"", ""target_node_id"": ""1001""}, {""edge_id"": ""23153"", ""source_node_id"": ""1001"", ""target_node_id"": ""1002""}], ""nodes"": [{""node_id"": ""994"", ""widget_name"": ""SQL Table"", ""node_name"": ""加载训练数据"", ""node_params"": {""table_name"": ""heart_attack_prediction_dataset_train"", ""target_column"": ""Heart_Attack_Risk""}, ""matched"": true}, {""node_id"": ""995"", ""widget_name"": ""SQL Table"", ""node_name"": ""加载测试数据"", ""node_params"": {""table_name"": ""heart_attack_prediction_dataset_test"", ""target_column"": ""Heart_Attack_Risk""}, ""matched"": true}, {""node_id"": ""29577"", ""widget_name"": ""Edit Domain"", ""node_name"": ""转换训练数据Diet列"", ""node_params"": {""column_name"": ""Diet"", ""valueMappings"": [{""key"": 0, ""originValue"": ""Healthy"", ""currentValue"": ""1""}, {""key"": 1, ""originValue"": ""Average"", ""currentValue"": ""2""}, {""key"": 2, ""originValue"": ""Unhealthy"", ""currentValue"": ""3""}]}, ""matched"": false}, {""node_id"": ""29578"", ""widget_name"": ""Edit Domain"", ""node_name"": ""转换测试数据Diet列"", ""node_params"": {""column_name"": ""Diet"", ""valueMappings"": [{""key"": 0, ""originValue"": ""Healthy"", ""currentValue"": ""1""}, {""key"": 1, ""originValue"": ""Average"", ""currentValue"": ""2""}, {""key"": 2, ""originValue"": ""Unhealthy"", ""currentValue"": ""3""}]}, ""matched"": false}, {""node_id"": ""1000"", ""widget_name"": ""Random Forest"", ""node_name"": ""随机森林模型"", ""node_params"": {""n_estimators"": 10, ""use_max_features"": false, ""max_features"": ""auto"", ""use_random_state"": false, ""use_max_depth"": false, ""max_depth"": 3, ""use_min_samples_split"": true, ""min_samples_split"": 2}, ""matched"": true}, {""node_id"": ""1001"", ""widget_name"": ""Predictions"", ""node_name"": ""预测"", ""node_params"": {""output_attrs"": true, ""output_predictions"": true, ""output_probabilities"": true}, ""matched"": true}, {""node_id"": ""1002"", ""widget_name"": ""Save Data"", ""node_name"": ""保存预测结果"", ""node_params"": {}, ""matched"": true}]}","{""dependency_requirements"": [{""edge_id"": ""772"", ""source_node_id"": ""994"", ""target_node_id"": ""996""}, {""edge_id"": ""773"", ""source_node_id"": ""995"", ""target_node_id"": ""997""}, {""edge_id"": ""778"", ""source_node_id"": ""1000"", ""target_node_id"": ""1001""}, {""edge_id"": ""779"", ""source_node_id"": ""1001"", ""target_node_id"": ""1002""}, {""edge_id"": ""780"", ""source_node_id"": ""997"", ""target_node_id"": ""1001""}, {""edge_id"": ""781"", ""source_node_id"": ""996"", ""target_node_id"": ""1000""}], ""step_requirements"": [{""node_id"": ""994"", ""algorithm_step_name"": ""Tabular Dataset Loading"", ""node_name"": ""训练数据"", ""node_params"": {""table_name"": ""heart_attack_prediction_dataset_train"", ""target_column"": ""Heart_Attack_Risk""}, ""contrast_level"": 2, ""node_type"": ""io""}, {""node_id"": ""995"", ""algorithm_step_name"": ""Tabular Dataset Loading"", ""node_name"": ""测试数据"", ""node_params"": {""table_name"": ""heart_attack_prediction_dataset_test"", ""target_column"": ""Heart_Attack_Risk""}, ""contrast_level"": 2, ""node_type"": ""io""}, {""node_id"": ""996"", ""algorithm_step_name"": ""Edit Domain"", ""node_name"": ""编辑域"", ""node_params"": {""column_name"": ""Diet"", ""valueMappings"": [{""key"": 1, ""originValue"": ""Healthy"", ""currentValue"": ""1""}, {""key"": 2, ""originValue"": ""Average"", ""currentValue"": ""2""}, {""key"": 3, ""originValue"": ""Unhealthy"", ""currentValue"": ""3""}]}, ""contrast_level"": 2, ""node_type"": ""preprocess""}, {""node_id"": ""997"", ""algorithm_step_name"": ""Edit Domain"", ""node_name"": ""编辑域"", ""node_params"": {""column_name"": ""Diet"", ""valueMappings"": [{""key"": 1, ""originValue"": ""Healthy"", ""currentValue"": ""1""}, {""key"": 2, ""originValue"": ""Average"", ""currentValue"": ""2""}, {""key"": 3, ""originValue"": ""Unhealthy"", ""currentValue"": ""3""}]}, ""contrast_level"": 2, ""node_type"": ""preprocess""}, {""node_id"": ""1000"", ""algorithm_step_name"": ""Random Forest"", ""node_name"": ""随机森林模型"", ""node_params"": {}, ""contrast_level"": 1, ""node_type"": ""model""}, {""node_id"": ""1001"", ""algorithm_step_name"": ""Test Dataset Predictions"", ""node_name"": ""预测"", ""node_params"": {""output_probabilities"": true}, ""contrast_level"": 2, ""node_type"": ""predict""}, {""node_id"": ""1002"", ""algorithm_step_name"": ""Save Data"", ""node_name"": ""保存预测结果"", ""node_params"": {}, ""contrast_level"": 1, ""node_type"": ""io""}]}"
"Train data path: housing_price_prediction_train
test data path: housing_price_prediction_test
Use the training data and test data to go through all of the following tasks, taking care not to leave anything out:
1. loading 'housing_price_prediction_train' data and loading 'housing_price_prediction_test' data
2. Build a linear regression model to predict the housing price. Fit the model on the training set.
3. Make predictions on the test set.
4. Save predictions.",0.7143,13975,288,0,0,0,0,0,"{""edges"": [{""edge_id"": ""23154"", ""source_node_id"": ""29582"", ""target_node_id"": ""1009""}, {""edge_id"": ""23155"", ""source_node_id"": ""29583"", ""target_node_id"": ""1012""}, {""edge_id"": ""23156"", ""source_node_id"": ""1009"", ""target_node_id"": ""1012""}, {""edge_id"": ""23157"", ""source_node_id"": ""1012"", ""target_node_id"": ""1013""}], ""nodes"": [{""node_id"": ""29582"", ""widget_name"": ""File"", ""node_name"": ""加载训练数据"", ""node_params"": {""type"": ""sample"", ""filename"": ""housing_price_prediction_train.csv""}, ""matched"": false}, {""node_id"": ""29583"", ""widget_name"": ""File"", ""node_name"": ""加载测试数据"", ""node_params"": {""type"": ""sample"", ""filename"": ""housing_price_prediction_test.csv""}, ""matched"": false}, {""node_id"": ""1009"", ""widget_name"": ""Linear Regression"", ""node_name"": ""线性回归模型"", ""node_params"": {""regression_type"": ""0""}, ""matched"": true}, {""node_id"": ""1012"", ""widget_name"": ""Predictions"", ""node_name"": ""预测"", ""node_params"": {""output_attrs"": true, ""output_predictions"": true, ""output_probabilities"": false}, ""matched"": true}, {""node_id"": ""1013"", ""widget_name"": ""Save Data"", ""node_name"": ""保存预测结果"", ""node_params"": {}, ""matched"": true}]}","{""dependency_requirements"": [{""edge_id"": ""789"", ""source_node_id"": ""1009"", ""target_node_id"": ""1012""}, {""edge_id"": ""790"", ""source_node_id"": ""1012"", ""target_node_id"": ""1013""}, {""edge_id"": ""791"", ""source_node_id"": ""1005"", ""target_node_id"": ""1012""}, {""edge_id"": ""792"", ""source_node_id"": ""1004"", ""target_node_id"": ""1009""}], ""step_requirements"": [{""node_id"": ""1004"", ""algorithm_step_name"": ""Tabular Dataset Loading"", ""node_name"": ""房价预测训练数据"", ""node_params"": {""table_name"": ""housing_price_prediction_train"", ""target_column"": ""price""}, ""contrast_level"": 2, ""node_type"": ""io""}, {""node_id"": ""1005"", ""algorithm_step_name"": ""Tabular Dataset Loading"", ""node_name"": ""房价预测测试数据"", ""node_params"": {""table_name"": ""housing_price_prediction_test"", ""target_column"": ""price""}, ""contrast_level"": 2, ""node_type"": ""io""}, {""node_id"": ""1009"", ""algorithm_step_name"": ""Linear Regression"", ""node_name"": ""线性回归模型"", ""node_params"": {}, ""contrast_level"": 1, ""node_type"": ""model""}, {""node_id"": ""1012"", ""algorithm_step_name"": ""Test Dataset Predictions"", ""node_name"": ""预测"", ""node_params"": {""output_probabilities"": false}, ""contrast_level"": 2, ""node_type"": ""predict""}, {""node_id"": ""1013"", ""algorithm_step_name"": ""Save Data"", ""node_name"": ""保存预测结果"", ""node_params"": {}, ""contrast_level"": 1, ""node_type"": ""io""}]}"
"Train data: life_expectancy_data_train
test data: life_expectancy_data_test
Use the training data and test data to go through all of the following tasks, taking care not to leave anything out:
1. Perform feature construction to build a new feature named ""GDP_bins"" to categorize the GDP into several bins. The GDP bins are defined as follows:
  - ""Low GDP"": GDP <= 1000
  - ""Medium GDP"": 1000 < GDP <= 10000
  - ""High GDP"": GDP > 10000
2. Create a predictive model to predict life expectancy. Use Linear regression as the model. Fit the model on the training set.
3. Make predictions on the test set.
4. Save predictions.",0.5556,14043,514,0,0,0,0,0,"{""edges"": [{""edge_id"": ""23158"", ""source_node_id"": ""29587"", ""target_node_id"": ""29589""}, {""edge_id"": ""23159"", ""source_node_id"": ""29589"", ""target_node_id"": ""1022""}, {""edge_id"": ""23160"", ""source_node_id"": ""29588"", ""target_node_id"": ""29591""}, {""edge_id"": ""23161"", ""source_node_id"": ""29591"", ""target_node_id"": ""1023""}, {""edge_id"": ""23162"", ""source_node_id"": ""1022"", ""target_node_id"": ""1023""}, {""edge_id"": ""23163"", ""source_node_id"": ""1023"", ""target_node_id"": ""1024""}], ""nodes"": [{""node_id"": ""29587"", ""widget_name"": ""File"", ""node_name"": ""训练数据"", ""node_params"": {""type"": ""sample"", ""filename"": ""life_expectancy_data_train.csv""}, ""matched"": false}, {""node_id"": ""29588"", ""widget_name"": ""File"", ""node_name"": ""测试数据"", ""node_params"": {""type"": ""sample"", ""filename"": ""life_expectancy_data_test.csv""}, ""matched"": false}, {""node_id"": ""29589"", ""widget_name"": ""Feature Constructor"", ""node_name"": ""特征构建"", ""node_params"": {""expressions"": [{""key"": 0, ""name"": ""GDP_bins"", ""expression"": ""'Low GDP' if GDP<=1000 else 'Medium GDP' if GDP<=10000 else 'High GDP'"", ""type"": 1, ""image"": ""C"", ""categories"": ""Low GDP, Medium GDP, High GDP""}]}, ""matched"": false}, {""node_id"": ""1022"", ""widget_name"": ""Linear Regression"", ""node_name"": ""线性回归模型"", ""node_params"": {""regression_type"": ""0""}, ""matched"": true}, {""node_id"": ""29591"", ""widget_name"": ""Feature Constructor"", ""node_name"": ""测试数据特征构建"", ""node_params"": {""expressions"": [{""key"": 0, ""name"": ""GDP_bins"", ""expression"": ""'Low GDP' if GDP<=1000 else 'Medium GDP' if GDP<=10000 else 'High GDP'"", ""type"": 1, ""image"": ""C"", ""categories"": ""Low GDP, Medium GDP, High GDP""}]}, ""matched"": false}, {""node_id"": ""1023"", ""widget_name"": ""Predictions"", ""node_name"": ""预测"", ""node_params"": {""output_attrs"": true, ""output_predictions"": true, ""output_probabilities"": false}, ""matched"": true}, {""node_id"": ""1024"", ""widget_name"": ""Save Data"", ""node_name"": ""保存预测结果"", ""node_params"": {}, ""matched"": true}]}","{""dependency_requirements"": [{""edge_id"": ""797"", ""source_node_id"": ""1018"", ""target_node_id"": ""1020""}, {""edge_id"": ""798"", ""source_node_id"": ""1019"", ""target_node_id"": ""1021""}, {""edge_id"": ""799"", ""source_node_id"": ""1020"", ""target_node_id"": ""1022""}, {""edge_id"": ""800"", ""source_node_id"": ""1021"", ""target_node_id"": ""1023""}, {""edge_id"": ""801"", ""source_node_id"": ""1022"", ""target_node_id"": ""1023""}, {""edge_id"": ""802"", ""source_node_id"": ""1023"", ""target_node_id"": ""1024""}], ""step_requirements"": [{""node_id"": ""1018"", ""algorithm_step_name"": ""Tabular Dataset Loading"", ""node_name"": ""预期寿命训练数据"", ""node_params"": {""table_name"": ""life_expectancy_data_train"", ""target_column"": ""Life_expectancy""}, ""contrast_level"": 2, ""node_type"": ""io""}, {""node_id"": ""1019"", ""algorithm_step_name"": ""Tabular Dataset Loading"", ""node_name"": ""预期寿命测试数据"", ""node_params"": {""table_name"": ""life_expectancy_data_test"", ""target_column"": ""Life_expectancy""}, ""contrast_level"": 2, ""node_type"": ""io""}, {""node_id"": ""1020"", ""algorithm_step_name"": ""Feature Construction"", ""node_name"": ""特征构建_训练数据"", ""node_params"": {""expressions"": [{""key"": 0, ""name"": ""GDP_bins"", ""expression"": ""'Low GDP' if GDP <= 1000 else 'Medium GDP' if GDP <= 10000 else 'High GDP'"", ""type"": ""1"", ""image"": ""C"", ""categories"": ""Low GDP, Medium GDP, High GDP""}]}, ""contrast_level"": 2, ""node_type"": ""feature engineering""}, {""node_id"": ""1021"", ""algorithm_step_name"": ""Feature Construction"", ""node_name"": ""特征构建_测试数据"", ""node_params"": {""expressions"": [{""key"": 0, ""name"": ""GDP_bins"", ""expression"": ""'Low GDP' if GDP <= 1000 else 'Medium GDP' if GDP <= 10000 else 'High GDP'"", ""type"": ""1"", ""image"": ""C"", ""categories"": ""Low GDP, Medium GDP, High GDP""}]}, ""contrast_level"": 2, ""node_type"": ""feature engineering""}, {""node_id"": ""1022"", ""algorithm_step_name"": ""Linear Regression"", ""node_name"": ""线性回归模型"", ""node_params"": {}, ""contrast_level"": 1, ""node_type"": ""model""}, {""node_id"": ""1023"", ""algorithm_step_name"": ""Test Dataset Predictions"", ""node_name"": ""预测"", ""node_params"": {""output_probabilities"": false}, ""contrast_level"": 2, ""node_type"": ""predict""}, {""node_id"": ""1024"", ""algorithm_step_name"": ""Save Data"", ""node_name"": ""保存预测结果"", ""node_params"": {}, ""contrast_level"": 1, ""node_type"": ""io""}]}"
